pm25,pm10,o3,no2,so2,co
40.66250133514404,,,,,
50.14999993642172,,,,,
57.66666666666666,,,,,
76.35000101725261,,,,,
75.70416768391927,,,,,
96.9958324432373,,,,,
95.8625005086263,,,,,
69.80416584014893,,,,,
75.52500089009602,,,,,
75.10000038146973,,,,,
97.66250038146973,,,,,
114.0583324432373,,,,,
101.86666679382324,,,,,
111.15416781107584,,,,,
92.87499936421712,,,,,
84.44583320617676,,,,,
107.59166653951009,,,,,
114.71250025431316,,,,,
104.3333346048991,,,,,
48.52916590372721,,,,,
51.02916717529297,,,,,
64.79166730244954,,,,,
78.4583346048991,,,,,
74.05833371480306,,,,,
76.72083409627278,,,,,
82.9958324432373,,,,,
75.86666552225749,,,,,
78.50833320617676,,,,,
93.36249860127766,,,,,
66.14999930063884,,,,,
73.09583282470703,,,,,
74.2624994913737,,,,,
78.83749961853027,,,,,
81.12916882832845,,,,,
66.50833320617676,,,,,
56.537500063578285,,,,,
51.31666692097982,,,,,
107.21666653951009,,,,,
153.6541659037272,,,,,
126.1625010172526,,,,,
107.00833257039388,,,,,
105.96666844685872,,,,,
99.29583231608072,,,,,
72.58750089009602,,,,,
88.40833282470703,,,,,
103.67500114440918,,,,,
67.0458329518636,,,,,
107.17916679382324,,,,,
102.29583485921223,,,,,
72.32499885559082,,,,,
110.09583155314128,,,,,
105.3791669209798,,,,,
77.83750057220459,,,,,
65.71250025431316,,,,,
73.45416641235352,,,,,
48.95833269755045,,,,,
47.07500012715658,,,,,
48.27916653951009,,,,,
40.00000031789144,,,,,
26.00833304723104,,,,,
27.104166984558105,,,,,
23.166666507720947,,,,,
41.09583409627279,,,,,
60.52916717529297,,,,,
,,,,,
,,,,,
,,,,,
74.6772724498402,,,,,
73.47916666666667,,,,,
88.4375,,,,,
98.90000025431316,,,,,
99.64166768391928,,,,,
91.11249860127766,,,,,
109.08333269755046,,,,,
116.57916641235352,,,,,
106.1416670481364,,,,,
119.366668065389,,,,,
94.12916628519694,,,,,
76.06249936421712,,,,,
81.10416730244954,,,,,
87.59166717529297,,,,,
93.68749936421712,,,,,
91.70416577657063,,,,,
86.96666844685872,,,,,
64.75000063578288,,,,,
63.387499491373696,,,,,
,,,,,
,,,,,
,,,,,
,,,,,
,,,,,
,,,,,
110.28333346048991,,,,,
105.07083257039388,,,,,
105.45833333333331,,,,,
116.04166475931804,,,,,
110.8791675567627,,,,,
118.91666475931804,,,,,
141.9124984741211,,,,,
104.57916641235352,,,,,
91.89583333333331,,,,,
70.46249961853027,,,,,
72.57499885559082,,,,,
74.20833396911621,,,,,
76.1583309173584,,,,,
71.28333377838135,,,,,
54.82500044504801,,,,,
43.29583263397217,,,,,
45.6875,,,,,
91.0333309173584,,,,,
112.52916653951009,,,,,
120.42499923706056,,,,,
97.02083269755046,,,,,
103.72500038146973,,,,,
99.23333485921223,,,,,
99.4958330790202,,,,,
94.97083282470705,,,,,
101.80416679382324,,,,,
52.52916749318441,,,,,
46.479166984558105,,,,,
46.22083314259847,,,,,
44.71249993642172,,,,,
50.63750044504801,,,,,
51.34999974568685,,,,,
44.41666666666666,,,,,
47.12083307902018,,,,,
55.84583377838135,,,,,
64.65000057220459,,,,,
59.64583396911621,,,,,
84.95833333333333,,,,,
89.26249821980794,,,,,
96.60833231608072,,,,,
122.5458329518636,,,,,
66.95833396911621,,,,,
84.77916526794434,,,,,
109.82916577657063,,,,,
134.1125005086263,,,,,
123.03333346048991,,,,,
111.28333282470705,,,,,
115.52499961853027,,,,,
122.75833320617676,,,,,
110.27499834696452,,,,,
115.86250114440918,,,,,
119.81249936421712,,,,,
93.73333422342937,,,,,
82.63333384195964,,,,,
77.22083409627278,,,,,
73.51250012715657,,,,,
69.7333329518636,,,,,
69.01666768391927,,,,,
82.05416615804036,,,,,
73.04583422342937,,,,,
66.55833339691162,,,,,
61.60416634877523,,,,,
68.51666641235352,,,,,
79.40416781107585,,,,,
71.10416666666667,,,,,
101.8125,,,,,
136.31250063578287,,,,,
89.85833231608073,,,,,
79.13750076293945,,,,,
87.88333257039388,,,,,
89.53749974568684,,,,,
78.54999860127766,,,,,
64.07916514078777,,,,,
58.91250038146973,,,,,
82.17916615804036,,,,,
120.4583339691162,,,,,
102.3375021616618,,,,,
81.53750038146973,,,,,
82.55416679382324,,,,,
92.3541653951009,,,,,
83.48333104451497,,,,,
76.76666831970215,,,,,
83.79999923706055,,,,,
76.50833320617676,,,,,
59.26250012715658,,,,,
58.57083288828532,,,,,
62.662500063578285,,,,,
74.06250127156575,,,,,
91.7541669209798,,,,,
124.40833473205566,,,,,
132.73750114440918,,,,,
59.83181797374379,,,,,
75.24444580078125,,,,,
67.24583498636882,,,,,
57.41250038146973,,,,,
51.84583377838135,,,,,
55.920833905537926,,,,,
60.36666742960612,,,,,
56.48749987284342,,,,,
77.80416679382324,,,,,
75.7666670481364,,,,,
82.80416552225749,,,,,
88.46250025431316,,,,,
87.42083358764648,,,,,
105.59166653951009,,,,,
99.68333371480306,,,,,
89.86666742960612,,,,,
81.39583269755046,,,,,
97.13750076293944,,,,,
139.09166526794434,,,,,
124.32500012715656,,,,,
92.8000005086263,,,,,
87.27083333333333,,,,,
76.76250076293945,,,,,
72.65833346048991,,,,,
70.45416577657063,,,,,
64.72916634877522,,,,,
59.04166666666666,,,,,
61.05833371480306,,,,,
65.72499974568684,,,,,
63.63750044504801,,,,,
58.74166679382324,,,,,
54.22499974568685,,,,,
78.6458330154419,,,,,
80.08333269755046,,,,,
80.24166615804036,,,,,
84.20416768391927,,,,,
77.9583346048991,,,,,
79.0166670481364,,,,,
74.62916564941406,,,,,
135.60416539510092,,,,,
128.53749910990396,,,,,
76.60416793823242,,,,,
63.95000044504801,,,,,
60.19166692097982,,,,,
70.85833422342937,,,,,
68.77916622161865,,,,,
64.04999955495198,,,,,
62.61249955495199,,,,,
53.75833320617676,,,,,
56.53749974568685,,,,,
54.24583307902018,,,,,
56.57083320617676,,,,,
69.37083276112874,,,,,
76.42083231608073,,,,,
98.78749910990398,,,,,
106.39583333333331,,,,,
126.25416564941406,,,,,
117.95416514078777,,,,,
105.7958329518636,,,,,
101.14166577657063,,,,,
105.10416793823242,,,,,
121.02083269755046,,,,,
124.51250076293944,,,,,
121.67499987284344,,,,,
93.24583180745442,,,,,
82.56250127156575,,,,,
75.46250025431316,,,,,
67.62500031789143,,,,,
76.75416533152263,,,,,
73.41249942779541,,,,,
72.08750025431316,,,,,
70.55833466847737,,,,,
68.72499879201253,,,,,
71.74583307902019,,,,,
96.05416615804036,,,,,
108.11666615804036,,,,,
108.77083269755046,,,,,
99.07916514078777,,,,,
108.63333384195964,,,,,
81.04166634877522,,,,,
54.82916736602783,,,,,
49.63749980926514,,,,,
48.74166711171468,,,,,
48.23749955495199,,,,,
47.137501080830894,,,,,
51.6791664759318,,,,,
63.58333365122477,,,,,
62.69583479563395,,,,,
74.51666768391927,,,,,
74.74583180745442,,,,,
79.62083435058594,,,,,
60.52916749318441,,,,,
77.10416730244954,,,,,
77.0124994913737,,,,,
63.07916736602783,,,,,
56.06666660308838,,,,,
66.89999930063884,,,,,
67.83333206176758,,,,,
71.39583333333333,,,,,
76.9499994913737,,,,,
86.68749936421712,,,,,
93.5708351135254,,,,,
95.17916615804036,,,,,
98.97916666666669,,,,,
108.12916628519694,,,,,
115.5874989827474,,,,,
118.1208324432373,,,,,
149.8499984741211,,,,,
142.42083485921225,,,,,
106.82916768391928,,,,,
108.67499987284344,,,,,
89.52500025431316,,,,,
84.59999974568684,,,,,
63.23333295186361,,,,,
54.91249942779541,,,,,
58.72500038146973,,,,,
65.52916653951009,,,,,
63.36666711171468,,,,,
61.56250031789144,,,,,
66.37500095367432,,,,,
61.27916685740153,,,,,
70.95833269755046,,,,,
74.89583524068196,,,,,
86.09583346048991,,,,,
96.07500012715656,,,,,
88.47083346048991,,,,,
75.95833333333333,,,,,
75.53333282470703,,,,,
122.58750025431316,,,,,
152.3499984741211,,,,,
125.48749923706056,,,,,
119.94166501363118,,,,,
105.68749936421712,,,,,
111.21666590372722,,,,,
108.94583447774252,,,,,
105.76666641235352,,,,,
89.39999961853027,,,,,
67.81666660308838,,,,,
58.20416673024496,,,,,
57.21250025431315,,,,,
58.53750038146973,,,,,
55.425000508626304,,,,,
55.63333320617676,,,,,
53.35833326975504,,,,,
52.80833339691162,,,,,
53.95416673024496,,,,,
64.32916577657063,,,,,
69.35416666666667,,,,,
113.70416641235352,,,,,
98.09999910990398,,,,,
97.30833371480306,,,,,
106.5875021616618,,,,,
117.97499910990398,,,,,
79.70416482289632,,,,,
79.98333358764648,,,,,
81.92916552225749,,,,,
82.02916590372722,,,,,
83.59583409627278,,,,,
85.9541670481364,,,,,
71.08333333333333,,,,,
67.7916653951009,,,,,
62.64583269755045,,,,,
60.43333339691162,,,,,
61.754165967305504,,,,,
58.7583335240682,,,,,
59.94583384195963,,,,,
60.75416628519694,,,,,
125.8666648864746,,,,,
119.08333269755046,,,,,
126.43749872843424,,,,,
117.07500076293944,,,,,
85.0124994913737,,,,,
125.92916742960612,,,,,
116.9958330790202,,,,,
112.5249989827474,,,,,
104.1208324432373,,,,,
82.91250038146973,,,,,
80.9541670481364,,,,,
81.78333346048991,,,,,
93.35416793823242,,,,,
94.96249961853027,,,,,
86.22916730244954,,,,,
78.49166615804036,,,,,
36.69999980926514,,,,,
45.24999968210856,,,,,
53.46250025431315,,,,,
61.98750082651774,,,,,
63.11666615804037,,,,,
96.133331934611,,,,,
61.93750063578288,,,,,
53.275001207987465,,,,,
54.645833333333336,,,,,
90.3916695912679,,,,,
92.95000139872234,,,,,
97.06250063578288,,,,,
103.8583329518636,,,,,
98.2749989827474,,,,,
97.4958330790202,,,,,
94.67916615804036,,,,,
77.45000139872234,,,,,
64.63750044504802,,,,,
100.6708329518636,,,,,
86.55416615804036,,,,,
76.43750127156575,,,,,
74.37499936421712,,,,,
89.2458324432373,,,,,
82.00833511352539,,,,,
70.68749936421712,,,,,
74.38333257039388,,,,,
88.67499923706055,,,,,
100.14583333333331,,,,,
78.72083346048991,,,,,
79.41666666666667,,,,,
74.12083435058594,,,,,
87.68749872843425,,,,,
90.73749987284344,,,,,
72.58750089009602,,,,,
58.17499955495199,,,,,
60.604166984558105,,,,,
65.72500038146973,,,,,
68.96250089009602,,,,,
79.11249923706055,,,,,
92.77500025431316,,,,,
112.16666666666669,,,,,
126.06249872843424,,,,,
127.23749923706056,,,,,
132.63750012715658,,,,,
137.50416692097983,,,,,
133.24166679382324,,,,,
113.4166653951009,,,,,
116.97083409627278,,,,,
111.88333320617676,,,,,
145.4166660308838,,,,,
133.52916526794434,,,,,
108.3958314259847,,,,,
90.554168065389,,,,,
78.78333282470703,,,,,
72.72916666666667,,,,,
66.77499866485596,,,,,
62.30000146230062,,,,,
52.33750025431315,,,,,
58.91666730244955,,,,,
60.77500025431315,,,,,
57.20416673024496,,,,,
67.03750101725261,,,,,
71.5416653951009,,,,,
92.87083435058594,,,,,
102.75000063578288,,,,,
86.75833193461101,,,,,
104.34166653951009,,,,,
111.53750038146973,,,,,
120.34583282470705,,,,,
116.5208339691162,,,,,
120.53749974568684,,,,,
153.71249771118164,,,,,
128.89166641235352,,,,,
118.79583422342937,,,,,
100.4375,,,,,
90.92083358764648,,,,,
77.64583396911621,,,,,
73.22916603088379,,,,,
91.42083231608072,,,,,
93.84166653951009,,,,,
78.38750012715657,,,,,
71.49166742960612,,,,,
82.48333422342937,,,,,
76.09583536783855,,,,,
76.33333333333333,,,,,
106.70833206176758,,,,,
111.87916564941406,,,,,
,,,,,
,,,,,
,,,,,
,,,,,
,,,,,
,,,,,
,,,,,
,,,,,
,,,,,
,,,,,
,,,,,
,,,,,
,,,,,
,,,,,
,,,,,
,,,,,
,,,,,
,,,,,
,,,,,
,,,,,
,,,,,
,,,,,
,,,,,
,,,,,
,,,,,
,,,,,
,,,,,
88.09583282470703,,,,,
74.57083193461101,,,,,
69.9541670481364,,,,,
67.07499885559082,,,,,
68.79166666666667,,,,,
72.60000038146973,,,,,
68.47500006357829,,,,,
73.47500101725261,,,,,
50.49583339691162,,,,,
50.52083269755045,,,,,
47.50416692097982,,,,,
43.04583358764648,,,,,
40.18750031789144,,,,,
38.15416717529297,,,,,
37.5541664759318,,,,,
38.13333384195963,,,,,
85.47916730244954,,,,,
73.09166781107585,,,,,
79.11666806538899,,,,,
55.00416660308838,,,,,
47.40416653951009,,,,,
46.59583282470703,,,,,
46.17499955495199,,,,,
48.808332761128746,,,,,
55.52916749318441,,,,,
58.39166673024496,,,,,
58.420833905537926,,,,,
64.12499936421712,,,,,
74.00833320617676,,,,,
73.44166692097981,,,,,
99.008331934611,,,,,
115.3541653951009,,,,,
94.4250005086263,,,,,
104.96250025431316,,,,,
90.9250005086263,,,,,
79.27499961853027,,,,,
80.37083435058594,,,,,
63.14999930063883,,,,,
68.10416730244954,,,,,
86.32500139872234,,,,,
118.6541690826416,,,,,
119.77500025431316,,,,,
91.71666717529295,,,,,
60.69999980926514,,,,,
49.85000069936117,,,,,
50.50000063578288,,,,,
55.23749923706055,,,,,
58.57083320617676,,,,,
55.85000038146973,,,,,
54.48333326975504,,,,,
56.395833333333336,,,,,
54.24166679382324,,,,,
59.78333377838135,,,,,
65.67499955495198,,,,,
98.4583346048991,,,,,
81.29999923706055,,,,,
105.62916564941406,,,,,
88.37916437784831,,,,,
73.95416577657063,,,,,
63.23750019073486,,,,,
55.70000012715658,,,,,
66.17500146230061,,,,,
81.13749885559082,,,,,
80.07083320617676,,,,,
76.67499987284343,,,,,
76.63333384195964,,,,,
70.85833517710368,,,,,
63.09166717529297,,,,,
75.7458324432373,,,,,
69.77499898274739,,,,,
71.54999923706055,,,,,
75.57500139872234,,,,,
62.19583225250244,,,,,
56.287500063578285,,,,,
59.84166622161865,,,,,
63.65416653951009,,,,,
72.22499910990398,,,,,
103.01250076293944,,,,,
97.1833324432373,,,,,
108.6583309173584,,,,,
94.97499910990398,,,,,
111.0249989827474,,,,,
98.72083473205566,,,,,
94.875,,,,,
91.54999923706056,,,,,
108.0375010172526,,,,,
145.32083638509116,,,,,
111.37500127156576,,,,,
82.18333371480306,,,,,
101.0208346048991,,,,,
98.0583330790202,,,,,
86.97500038146973,,,,,
86.0625,,,,,
85.4499994913737,,,,,
71.72916475931804,,,,,
60.6875,,,,,
107.5833339691162,,,,,
83.91250038146973,,,,,
75.91250038146973,,,,,
101.94583320617676,,,,,
107.44166628519694,,,,,
85.39999961853027,,,,,
67.22916634877522,,,,,
96.68333371480306,,,,,
89.75000190734863,,,,,
99.97499910990398,,,,,
109.0749994913737,,,,,
77.52500089009602,,,,,
115.7749989827474,,,,,
92.21666653951009,,,,,
81.72499910990398,,,,,
82.26249885559082,,,,,
91.0666669209798,,,,,
94.1625010172526,,,,,
73.24583371480306,,,,,
61.62916660308838,,,,,
57.32500044504801,,,,,
65.05416679382324,,,,,
79.70000012715657,,,,,
86.40833282470703,,,,,
92.33333333333331,,,,,
87.33750025431316,,,,,
75.47083409627278,,,,,
62.64583396911621,,,,,
61.42500019073486,,,,,
79.35416666666667,,,,,
95.27916653951009,,,,,
70.8000005086263,,,,,
77.83333333333333,,,,,
73.23750178019206,,,,,
67.28749974568684,,,,,
71.91666666666667,,,,,
75.05416679382324,,,,,
75.86666615804036,,,,,
85.82500012715657,,,,,
89.4625015258789,,,,,
67.92916584014893,,,,,
60.33333365122477,,,,,
66.83750025431316,,,,,
71.48749891916911,,,,,
68.49166584014893,,,,,
48.21249993642172,,,,,
47.27916685740153,,,,,
42.98333326975504,,,,,
40.34583282470703,,,,,
41.13750012715658,,,,,
49.14583428700765,,,,,
40.933334032694496,,,,,
41.879165967305504,,,,,
45.295833905537926,,,,,
50.38333320617676,,,,,
55.29583358764648,,,,,
63.34583282470703,,,,,
61.020833333333336,,,,,
59.60416730244955,,,,,
66.59583218892415,,,,,
82.00416692097981,,,,,
84.21249961853027,,,,,
67.7624994913737,,,,,
67.37083276112874,,,,,
73.9083325068156,,,,,
69.0500005086263,,,,,
70.79999860127766,,,,,
57.145833333333336,,,,,
77.65833409627278,,,,,
69.1416670481364,,,,,
99.8625005086263,,,,,
98.09166781107584,,,,,
66.92916647593181,,,,,
54.51666673024496,,,,,
80.04166603088379,,,,,
101.52916590372722,,,,,
78.47916762034099,,,,,
76.0166670481364,,,,,
73.42499923706055,,,,,
61.04166603088379,,,,,
51.98333326975504,,,,,
43.45000044504801,,,,,
39.64999993642172,,,,,
37.54999923706055,,,,,
33.93333307902018,,,,,
36.42499987284342,,,,,
44.15000057220459,,,,,
49.18333339691162,,,,,
58.79166666666666,,,,,
79.98333358764648,,,,,
79.96250025431316,,,,,
62.379167556762695,,,,,
54.76249980926514,,,,,
50.34166685740153,,,,,
50.76666704813639,,,,,
51.07499980926514,,,,,
55.10833358764648,,,,,
88.74166679382324,,,,,
94.79166666666669,,,,,
80.04166730244954,,,,,
58.86249923706055,,,,,
43.30416742960612,,,,,
58.929165840148926,,,,,
42.59583377838135,,,,,
34.641667207082115,,,,,
35.354166666666664,,,,,
32.59999990463257,,,,,
38.35416634877523,,,,,
60.91666603088379,,,,,
47.48749987284342,,,,,
52.8125,,,,,
64.11666647593181,,,,,
82.24583371480306,,,,,
88.04166793823242,,,,,
98.26250076293944,,,,,
103.34583473205566,,,,,
63.34166622161865,,,,,
58.30833339691162,,,,,
54.08749993642172,,,,,
64.72083282470703,,,,,
63.47500069936117,,,,,
62.01666673024496,,,,,
60.59583282470703,,,,,
55.645833015441895,,,,,
65.72083346048991,,,,,
59.71666590372721,,,,,
58.27083269755045,,,,,
65.00833288828532,,,,,
69.2333329518636,,,,,
64.84583282470703,,,,,
56.94166564941406,,,,,
57.88750012715658,,,,,
50.70000076293945,,,,,
56.46666685740153,,,,,
76.29583326975505,,,,,
73.42916615804036,,,,,
38.08749993642172,,,,,
36.024999936421715,,,,,
35.045833587646484,,,,,
36.3125,,,,,
35.35416730244955,,,,,
37.19166628519694,,,,,
42.70416641235352,,,,,
47.83749993642172,,,,,
45.36250019073486,,,,,
48.10833358764648,,,,,
48.27916622161865,,,,,
46.25833257039388,,,,,
47.895833333333336,,,,,
136.38750203450522,,,,,
64.64166641235352,,,,,
74.96666653951009,,,,,
71.56666723887126,,,,,
63.16249974568685,,,,,
63.041665395100914,,,,,
74.63750076293945,,,,,
82.90833155314128,,,,,
99.17916615804036,,,,,
77.8125,,,,,
62.81250095367432,,,,,
62.12916564941406,,,,,
54.60833295186361,,,,,
51.09166685740153,,,,,
51.01666609446208,,,,,
62.56249904632568,,,,,
82.82499885559082,,,,,
76.69583320617676,,,,,
74.84166653951009,,,,,
63.9999989100865,,,,,
46.933332443237305,,,,,
50.204999923706055,,,,,
60.13750044504801,,,,,
59.170833905537926,,,,,
52.83749961853027,,,,,
63.33750057220459,,,,,
67.37499936421712,,,,,
86.61249987284343,,,,,
104.5041669209798,,,,,
89.32916514078777,,,,,
102.35416793823242,,,,,
101.58333524068196,,,,,
97.13750076293944,,,,,
88.25833193461101,,,,,
75.56666692097981,,,,,
72.37916692097981,,,,,
84.63333511352539,,,,,
97.4416669209798,,,,,
87.92916552225749,,,,,
44.96666622161865,,,,,
48.50833320617676,,,,,
68.02916717529297,,,,,
77.30833435058594,,,,,
107.22500038146973,,,,,
109.94583257039388,,,,,
110.77500025431316,,,,,
96.04999987284344,,,,,
83.12499936421712,,,,,
65.79166634877522,,,,,
49.95416673024496,,,,,
47.09166685740153,,,,,
49.84999974568685,,,,,
64.15000025431316,,,,,
71.85416666666667,,,,,
64.34999910990398,,,,,
60.72499942779541,,,,,
63.07916800181071,,,,,
76.13333193461101,,,,,
68.11666615804036,,,,,
66.65416685740153,,,,,
47.19583320617676,,,,,
51.29166634877523,,,,,
72.43750095367432,,,,,
64.0833330154419,,,,,
76.3818192915483,,,,,
54.84583250681559,,,,,
46.76666641235352,,,,,
40.82083288828532,,,,,
37.854166984558105,,,,,
39.23750019073486,,,,,
49.80833339691162,,,,,
52.5708335240682,,,,,
57.725000063578285,,,,,
63.70416609446208,,,,,
49.56666692097982,,,,,
45.21666653951009,,,,,
52.06249968210856,,,,,
79.86250114440918,,,,,
69.22916730244954,,,,,
64.68333307902019,,,,,
69.21249993642171,,,,,
66.09999974568684,,,,,
76.29583358764648,,,,,
65.58333237965901,,,,,
71.64166577657063,,,,,
73.97083346048991,,,,,
73.55833307902019,,,,,
62.36666615804037,,,,,
65.00000127156575,,,,,
73.9416659673055,,,,,
100.22083282470705,,,,,
82.85833231608073,,,,,
84.70416514078777,,,,,
85.72916666666667,,,,,
87.86666615804036,,,,,
95.58333333333331,,,,,
100.14999834696452,,,,,
92.8125,,,,,
60.50833320617676,,,,,
75.33750025431316,,,,,
87.09166781107585,,,,,
69.63333511352539,,,,,
66.2750015258789,,,,,
63.691665967305504,,,,,
70.09166685740153,,,,,
43.354166984558105,,,,,
41.14166704813639,,,,,
41.162500063578285,,,,,
47.88333384195963,,,,,
48.72083346048991,,,,,
52.95416641235352,,,,,
70.27499993642171,,,,,
110.47916666666669,,,,,
77.5,,,,,
82.37916564941406,,,,,
93.95416768391928,,,,,
105.84583346048991,,,,,
93.28749974568684,,,,,
58.32083320617676,,,,,
52.583333333333336,,,,,
49.412500063578285,,,,,
58.050000508626304,,,,,
54.82499980926514,,,,,
53.62083371480306,,,,,
48.52083365122477,,,,,
63.26250012715658,,,,,
69.55416742960612,,,,,
94.20833333333331,,,,,
96.7333329518636,,,,,
73.14999898274739,,,,,
51.26249980926514,,,,,
47.69166628519694,,,,,
44.833333015441895,,,,,
44.4916664759318,,,,,
45.16666666666666,,,,,
47.99166679382324,,,,,
73.47083346048991,,,,,
71.16250038146973,,,,,
89.58750089009602,,,,,
98.52500025431316,,,,,
74.50000031789143,,,,,
54.51666673024496,,,,,
72.64999961853027,,,,,
75.22083409627278,,,,,
70.99166742960612,,,,,
79.09166653951009,,,,,
82.77916653951009,,,,,
72.92916647593181,,,,,
67.65000089009602,,,,,
77.71250025431316,,,,,
97.7041670481364,,,,,
97.29999987284344,,,,,
73.70416577657063,,,,,
59.124999364217125,,,,,
54.94166692097982,,,,,
50.77083396911621,,,,,
44.1791664759318,,,,,
63.87083307902018,,,,,
60.34583377838135,,,,,
40.48749955495199,,,,,
43.0541664759318,,,,,
32.96250009536743,,,,,
30.33750009536743,,,,,
49.26666736602783,,,,,
25.145833492279053,,,,,
62.99999968210856,,,,,
58.38750012715658,,,,,
69.52916717529297,,,,,
83.27083396911621,,,,,
55.68333339691162,,,,,
49.22916571299235,,,,,
60.86666679382324,,,,,
55.01666704813639,,,,,
58.17499987284342,,,,,
55.92499955495199,,,,,
49.80000019073486,,,,,
44.1333335240682,,,,,
40.100000063578285,,,,,
47.18750031789144,,,,,
88.2833325068156,,,,,
82.81249809265137,,,,,
54.237500508626304,,,,,
52.51249980926514,,,,,
54.850000063578285,,,,,
67.66250069936116,,,,,
70.29583358764648,,,,,
65.97083346048991,,,,,
54.79166634877523,,,,,
46.90833377838135,,,,,
50.04999923706055,,,,,
50.47083346048991,,,,,
52.120832761128746,,,,,
56.520833333333336,,,,,
56.77499993642172,,,,,
55.41666634877523,,,,,
44.5541664759318,,,,,
39.77916622161865,,,,,
39.12916723887125,,,,,
41.91666634877523,,,,,
41.94999980926514,,,,,
43.72916634877523,,,,,
48.04583263397217,,,,,
59.94166692097982,,,,,
101.15416463216144,,,,,
75.79166603088379,,,,,
64.11666679382324,,,,,
64.50833193461101,,,,,
53.93750031789144,,,,,
49.73750019073486,,,,,
62.61666679382324,,,,,
75.59166717529297,,,,,
69.65000025431316,,,,,
69.97083218892415,,,,,
75.1833324432373,,,,,
73.89583333333333,,,,,
82.62083307902019,,,,,
86.79999987284343,,,,,
95.33749961853027,,,,,
65.77499961853027,,,,,
53.08750025431315,,,,,
54.350000063578285,,,,,
59.71666622161865,,,,,
70.15000025431316,,,,,
50.38750012715658,,,,,
46.94166660308838,,,,,
57.13750044504801,,,,,
64.76250076293945,,,,,
66.52083365122478,,,,,
55.76250012715658,,,,,
58.15833377838135,,,,,
56.50416692097982,,,,,
49.50833320617676,,,,,
46.5083335240682,,,,,
45.72499942779541,,,,,
47.12083371480306,,,,,
45.020833333333336,,,,,
47.420833905537926,,,,,
48.2583335240682,,,,,
59.074999491373696,,,,,
66.2458324432373,,,,,
52.75416660308838,,,,,
48.42083295186361,,,,,
46.01250012715658,,,,,
38.12083307902018,,,,,
38.52916622161865,,,,,
35.87083371480306,,,,,
38.91250038146973,,,,,
48.63749885559082,,,,,
47.55416711171468,,,,,
71.97916571299235,,,,,
71.2499984105428,,,,,
48.69583288828532,,,,,
45.67916679382324,,,,,
60.06666692097982,,,,,
50.34166685740153,,,,,
51.30416615804037,,,,,
48.38333320617676,,,,,
45.96666622161865,,,,,
50.00416660308838,,,,,
52.92916742960612,,,,,
48.89166736602783,,,,,
57.12500158945719,,,,,
72.00833447774251,,,,,
103.61249987284344,,,,,
61.616665840148926,,,,,
56.420833905537926,,,,,
56.34583377838135,,,,,
50.18333307902018,,,,,
50.71666653951009,,,,,
51.51250012715658,,,,,
52.245834032694496,,,,,
77.60416603088379,,,,,
87.20416514078777,,,,,
77.55833307902019,,,,,
61.20833396911621,,,,,
52.30416711171468,,,,,
51.10416666666666,,,,,
53.058334032694496,,,,,
49.44166692097982,,,,,
42.629165967305504,,,,,
39.61249987284342,,,,,
50.03750038146973,,,,,
69.17499955495198,,,,,
76.06249872843425,,,,,
89.19583352406819,,,,,
50.91666762034098,,,,,
47.50833320617676,,,,,
47.93750031789144,,,,,
46.833333333333336,,,,,
48.93749968210856,,,,,
48.16666634877523,,,,,
48.94166787465414,,,,,
63.84166685740153,,,,,
87.85833390553792,,,,,
80.9833329518636,,,,,
52.30833339691162,,,,,
52.41250038146973,,,,,
52.05416679382324,,,,,
41.60833295186361,,,,,
40.83749961853027,,,,,
38.00833320617676,,,,,
40.37916628519694,,,,,
43.56250031789144,,,,,
43.80833371480306,,,,,
38.0,,,,,
38.76666641235352,,,,,
47.65833346048991,,,,,
52.84166685740153,,,,,
56.28333282470703,,,,,
61.91666603088379,,,,,
108.09583282470705,,,,,
,,,,,
,,,,,
,,,,,
,,,,,
,,,,,
,,,,,
,,,,,
,,,,,
,,,,,
,,,,,
,,,,,
,,,,,
,,,,,
,,,,,
,,,,,
,,,,,
,,,,,
,,,,,
,,,,,
,,,,,
,,,,,
,,,,,
,,,,,
,,,,,
,,,,,
,,,,,
,,,,,
,,,,,
,,,,,
,,,,,
,,,,,
,,,,,
,,,,,
,,,,,
,,,,,
,,,,,
,,,,,
,,,,,
,,,,,
,,,,,
,,,,,
,,,,,
,,,,,
,,,,,
,,,,,
,,,,,
,,,,,
,,,,,
,,,,,
,,,,,
,,,,,
,,,,,
,,,,,
,,,,,
,,,,,
,,,,,
,,,,,
,,,,,
,,,,,
,,,,,
,,,,,
,,,,,
,,,,,
,,,,,
,,,,,
,,,,,
,,,,,
,,,,,
,,,,,
,,,,,
,,,,,
,,,,,
,,,,,
,,,,,
,,,,,
,,,,,
,,,,,
,,,,,
,,,,,
,,,,,
,,,,,
,,,,,
,,,,,
,,,,,
,,,,,
,,,,,
,,,,,
,,,,,
,,,,,
,,,,,
,,,,,
,,,,,
,,,,,
,,,,,
,,,,,
,,,,,
,,,,,
,,,,,
,,,,,
,,,,,
,,,,,
,,,,,
,,,,,
,,,,,
,,,,,
,,,,,
,,,,,
,,,,,
,,,,,
,,,,,
,,,,,
,,,,,
,,,,,
,,,,,
,,,,,
,,,,,
,,,,,
,,,,,
,,,,,
,,,,,
,,,,,
,,,,,
,,,,,
,,,,,
,,,,,
,,,,,
,,,,,
,,,,,
,,,,,
,,,,,
,,,,,
,,,,,
,,,,,
,,,,,
,,,,,
,,,,,
,,,,,
,,,,,
,,,,,
,,,,,
,,,,,
,,,,,
,,,,,
,,,,,
,,,,,
,,,,,
,,,,,
,,,,,
,,,,,
,,,,,
,,,,,
,,,,,
,,,,,
,,,,,
,,,,,
,,,,,
,,,,,
,,,,,
,,,,,
,,,,,
,,,,,
,,,,,
,,,,,
,,,,,
,,,,,
,,,,,
,,,,,
,,,,,
,,,,,
,,,,,
,,,,,
,,,,,
,,,,,
,,,,,
,,,,,
,,,,,
,,,,,
,,,,,
,,,,,
,,,,,
,,,,,
,,,,,
,,,,,
,,,,,
,,,,,
,,,,,
,,,,,
,,,,,
,,,,,
,,,,,
,,,,,
,,,,,
,,,,,
,,,,,
,,,,,
,,,,,
,,,,,
,,,,,
,,,,,
,,,,,
,,,,,
,,,,,
,,,,,
,,,,,
,,,,,
,,,,,
,,,,,
,,,,,
,,,,,
,,,,,
,,,,,
,,,,,
,,,,,
,,,,,
,,,,,
,,,,,
,,,,,
,,,,,
,,,,,
,,,,,
,,,,,
,,,,,
,,,,,
,,,,,
,,,,,
,,,,,
,,,,,
,,,,,
,,,,,
,,,,,
,,,,,
,,,,,
,,,,,
,,,,,
,,,,,
,,,,,
,,,,,
,,,,,
,,,,,
,,,,,
,,,,,
,,,,,
,,,,,
,,,,,
,,,,,
,,,,,
,,,,,
,,,,,
,,,,,
,,,,,
,,,,,
,,,,,
,,,,,
,,,,,
,,,,,
,,,,,
,,,,,
,,,,,
,,,,,
,,,,,
,,,,,
,,,,,
,,,,,
,,,,,
,,,,,
,,,,,
,,,,,
,,,,,
,,,,,
,,,,,
,,,,,
,,,,,
,,,,,
,28.40000057220459,,,,
,29.07500028610229,,,,
,34.40178541703658,,,,
,59.71413707733154,,,,
,54.14955361684164,,,,
,55.458482106526695,,,,
,53.931845347086586,,,,
,42.295833110809326,,,,
,26.323660850524902,,,,
,29.258482297261555,,,,
,45.46755917867025,,,,
,54.64404773712158,,,,
,62.03363132476807,,,,
,66.24389839172363,,,,
,64.43005816141765,,,,
,61.02619012196859,,,,
,44.7738094329834,,,,
,32.10238107045492,,,,
,40.82946427663168,,,,
,59.530357678731285,,,,
,61.00029722849528,,,,
,59.48392868041992,,,,
,67.17946529388428,,,,
,60.28898779551188,,,,
,63.52172597249349,,,,
,64.60684458414714,,,,
,66.54151725769043,,,,
,63.91041723887125,,,,
,59.21889845530192,,,,
,58.52723185221354,,,,
,72.48407745361328,,,,
,76.18541717529297,,,,
,94.40863037109376,,,,
,110.38660685221356,,,,
,111.87112998962402,,,,
,90.81056467692058,,,,
,81.93526776631673,,,,
,74.0486609141032,,,,
,68.95982106526692,,,,
,69.22485097249348,,,,
,68.4160722096761,,,,
,60.46636962890625,,,,
,57.200446128845215,,,,
,85.2293160756429,,,,
,109.12767855326337,,,,
,99.60669581095378,,,,
,78.28913720448811,,,,
,61.01026725769043,,,,
,64.15029811859131,,,,
,67.12217203776042,,,,
,64.867857615153,,,,
,65.67351214090984,,,,
,100.50863138834636,,,,
,85.05134010314941,,,,
,89.76622009277344,,,,
,76.75237973531087,,,,
,77.8194948832194,,,,
,69.3537203470866,,,,
,67.77574412027995,,,,
,62.28482087453207,,,,
,67.11383883158366,,,,
,81.74613126118977,,,,
,69.29251162211101,,,,
,60.80156230926514,,,,
,58.64623399214311,,,,
,50.294344902038574,,,,
,61.39211336771647,,,,
,65.49821535746257,,,,
,72.63229115804036,,,,
,86.70624987284343,,,,
,95.21592267354328,,,,
,105.5419642130534,,,,
,112.30193519592284,,,,
,119.14196395874023,,,,
,133.4933032989502,,,,
,107.97753016153972,,,,
,101.62633895874023,,,,
,161.65416463216147,,,,
,161.20982106526694,,,,
,134.90595245361328,,,,
,113.61562474568684,,,,
,83.04657808939616,,,,
,69.4941972096761,,,,
,79.32827377319336,,,,
,94.367857615153,,,,
,88.52842267354329,,,,
,82.6239579518636,,,,
,70.01235135396321,,,,
,67.02857271830241,,,,
,66.58958307902019,,,,
,67.8361603418986,,,,
,70.47961362202962,,,,
,78.32619031270345,,,,
,95.07455444335938,,,,
,74.95227258855647,,,,
,83.49330393473308,,,,
,152.6974998474121,,,,
,174.06392669677734,,,,
,189.4074420928955,,,,
,154.70193417867026,,,,
,90.68348121643066,,,,
,92.42053667704263,,,,
,99.08050537109376,,,,
,83.33288828531902,,,,
,86.57827313741048,,,,
,83.44568506876628,,,,
,77.13630962371826,,,,
,71.46142845153808,,,,
,61.62040819440569,,,,
,64.34940433502197,,,,
,121.94137128194173,,,,
,82.51463317871094,,,,
,109.76904741923016,,,,
,141.02157656351724,,,,
,114.9861609141032,,,,
,114.36116027832033,,,,
,114.7321434020996,,,,
,85.26756032307942,,,,
,73.78497060139973,,,,
,74.46294593811035,,,,
,72.74702390034993,,,,
,65.4705359141032,,,,
,71.08750025431316,,,,
,73.84791641235351,,,,
,66.84774988347834,,,,
,60.4619042078654,,,,
,70.02023792266846,,,,
,78.62451449307528,,,,
,63.79571342468262,,,,
,74.32619137234158,,,,
,73.65079243977864,,,,
,80.79047520955403,,,,
,81.40312512715657,,,,
,113.8867556254069,,,,
,125.53764979044595,,,,
,110.57827504475912,,,,
,118.05610275268556,,,,
,96.35357157389323,,,,
,71.48184521993001,,,,
,72.48526827494304,,,,
,75.99285697937012,,,,
,68.15416717529297,,,,
,67.30878035227458,,,,
,83.5576171875,,,,
,78.22618974958148,,,,
,73.92285614013672,,,,
,75.60505930582683,,,,
,72.59464327494304,,,,
,73.2209825515747,,,,
,60.98209381103516,,,,
,58.91404724121094,,,,
,61.58346515231662,,,,
,70.20669746398926,,,,
,82.5867551167806,,,,
,91.71741104125977,,,,
,84.65848159790039,,,,
,65.8861608505249,,,,
,62.07842222849528,,,,
,56.86137459494851,,,,
,53.29568449656168,,,,
,42.981993993123375,,,,
,45.0558032989502,,,,
,52.06071472167969,,,,
,49.6175594329834,,,,
,63.78333377838135,,,,
,73.33452415466309,,,,
,80.3715917413885,,,,
,107.14151700337727,,,,
,91.4226188659668,,,,
,74.72366078694661,,,,
,74.1788698832194,,,,
,60.74211311340332,,,,
,51.11294651031494,,,,
,56.12440554300944,,,,
,64.08779811859131,,,,
,65.8376480738322,,,,
,63.93154716491699,,,,
,64.63273843129475,,,,
,75.36830457051595,,,,
,89.39999961853027,,,,
,102.84821383158366,,,,
,115.67708206176758,,,,
,120.4834804534912,,,,
,97.92306645711264,,,,
,103.3263390858968,,,,
,120.54062461853027,,,,
,97.55416742960612,,,,
,75.65595245361328,,,,
,75.25342178344727,,,,
,104.41666793823242,,,,
,126.27157656351726,,,,
,121.97514979044595,,,,
,94.2392857869466,,,,
,79.45059585571289,,,,
,60.65297635396322,,,,
,57.60565503438314,,,,
,68.30714289347331,,,,
,68.16904703776042,,,,
,67.56860129038493,,,,
,71.41934458414714,,,,
,98.26562436421712,,,,
,115.90565617879231,,,,
,121.3550599416097,,,,
,124.42842229207356,,,,
,118.03898747762044,,,,
,106.3924109141032,,,,
,95.38229115804036,,,,
,104.31517918904622,,,,
,92.0458329518636,,,,
,75.03303527832031,,,,
,61.294493993123375,,,,
,53.46101156870524,,,,
,56.81434472401937,,,,
,74.31186943054199,,,,
,73.69999694824219,,,,
,81.75422113591975,,,,
,107.73142852783204,,,,
,67.49285380045573,,,,
,61.33165532892401,,,,
,58.62157726287842,,,,
,55.76651763916016,,,,
,57.78452364603678,,,,
,72.23332977294922,,,,
,75.54146745469835,,,,
,75.79438781738281,,,,
,76.2565975189209,,,,
,84.57548453591086,,,,
,64.99270725250244,,,,
,52.27961285909017,,,,
,43.17824693159624,,,,
,44.822767893473305,,,,
,51.06324450174967,,,,
,51.01711304982504,,,,
,58.0549103418986,,,,
,66.452530225118,,,,
,99.1257438659668,,,,
,108.40720240275066,,,,
,106.12261772155762,,,,
,71.50871207497336,,,,
,73.59136899312337,,,,
,69.02142715454102,,,,
,63.40744113922119,,,,
,65.34776878356934,,,,
,72.9898796081543,,,,
,71.38095219930013,,,,
,91.43586413065592,,,,
,78.93050575256348,,,,
,75.95357131958008,,,,
,84.64285723368327,,,,
,96.07425626118976,,,,
,97.23973274230956,,,,
,96.6485112508138,,,,
,106.97127978007,,,,
,82.39151763916016,,,,
,67.85252984364827,,,,
,84.33868980407715,,,,
,82.6569938659668,,,,
,98.68392944335938,,,,
,66.60238107045491,,,,
,45.3703867594401,,,,
,48.122172037760414,,,,
,47.99196402231852,,,,
,46.78273868560791,,,,
,53.80997053782145,,,,
,62.72857189178467,,,,
,82.8767859141032,,,,
,63.55922667185465,,,,
,60.84285640716553,,,,
,64.07008902231853,,,,
,63.55550575256348,,,,
,72.61964225769043,,,,
,75.34464327494304,,,,
,71.77812576293945,,,,
,68.48705418904622,,,,
,81.20833333333333,,,,
,87.58050600687663,,,,
,100.3345235188802,,,,
,98.26369094848631,,,,
,59.76964282989502,,,,
,61.58124987284342,,,,
,67.74657726287842,,,,
,59.75892925262451,,,,
,62.92946402231852,,,,
,57.82693449656168,,,,
,55.04136848449707,,,,
,60.03348255157471,,,,
,61.04910723368327,,,,
,50.28363132476807,,,,
,51.875594774882,,,,
,59.08735148111979,,,,
,106.33616002400716,,,,
,64.76279799143474,,,,
,73.25681559244792,,,,
,74.75342241923015,,,,
,73.17797660827637,,,,
,72.08497047424316,,,,
,81.70074399312337,,,,
,88.64002990722656,,,,
,86.71502939860027,,,,
,78.42912716335721,,,,
,56.97946389516195,,,,
,60.3400297164917,,,,
,47.37113094329834,,,,
,50.27276770273844,,,,
,46.164435068766274,,,,
,38.45223236083984,,,,
,39.41904799143473,,,,
,42.29821427663168,,,,
,38.96235116322836,,,,
,32.78690481185913,,,,
,38.712202390035,,,,
,46.90282726287842,,,,
,56.881697018941246,,,,
,75.09985160827637,,,,
,73.69434547424316,,,,
,69.4894339243571,,,,
,71.10133997599284,,,,
,72.61130905151367,,,,
,74.15907732645671,,,,
,77.50833320617676,,,,
,71.8947925567627,,,,
,66.5052080154419,,,,
,65.70580418904622,,,,
,69.28735160827637,,,,
,69.11741002400716,,,,
,76.82008934020996,,,,
,84.24107106526692,,,,
,76.56547737121582,,,,
,73.60714276631673,,,,
,73.94389788309734,,,,
,73.15014839172363,,,,
,58.21041711171468,,,,
,58.63273811340332,,,,
,62.9971726735433,,,,
,66.46205361684163,,,,
,68.74270884195964,,,,
,68.60491116841634,,,,
,81.78318468729655,,,,
,74.23898760477702,,,,
,76.69255956013997,,,,
,78.3406244913737,,,,
,78.19330406188965,,,,
,69.9200890858968,,,,
,68.08497047424316,,,,
,77.84419695536296,,,,
,82.89657783508301,,,,
,94.3608627319336,,,,
,76.37351163228352,,,,
,73.8273811340332,,,,
,72.2014872233073,,,,
,89.36384010314941,,,,
,99.41562461853027,,,,
,96.17142740885416,,,,
,91.55773671468098,,,,
,87.6447925567627,,,,
,84.65029780069987,,,,
,89.09836387634277,,,,
,83.85104242960612,,,,
,80.53258895874023,,,,
,80.95714416503907,,,,
,199.56755956014,,,,
,137.32083320617676,,,,
,111.51056543986004,,,,
,79.38065338134766,,,,
,71.67023849487305,,,,
,68.3206844329834,,,,
,67.75744120279948,,,,
,84.33852802623402,,,,
,81.5654765537807,,,,
,84.53385620117187,,,,
,104.07648849487305,,,,
,101.4580357869466,,,,
,95.09253137761895,,,,
,124.28824424743652,,,,
,105.06071472167967,,,,
,96.64999961853027,,,,
,103.40357335408528,,,,
,120.27810838487412,,,,
,91.98073250906808,,,,
,108.1607157389323,,,,
,103.0,,,,
,97.79702377319336,,,,
,100.67291641235352,,,,
,96.3684533437093,,,,
,98.53660774230956,,,,
,95.84092140197754,,,,
,90.91113959418402,,,,
,91.2254155476888,,,,
,78.91553421020508,,,,
,77.72740597195096,,,,
,85.71014251708985,,,,
,83.20639928181966,,,,
,106.61056518554688,,,,
,91.91175524393718,,,,
,77.90267944335938,,,,
,87.46607144673665,,,,
,82.3105640411377,,,,
,64.48764928181966,,,,
,56.02752939860026,,,,
,50.449851989746094,,,,
,53.0340773264567,,,,
,54.66279729207357,,,,
,61.80238119761149,,,,
,80.58407656351726,,,,
,114.35982322692873,,,,
,100.62187385559082,,,,
,77.2891362508138,,,,
,66.4486608505249,,,,
,69.13035583496094,,,,
,75.61388969421387,,,,
,79.86770884195964,,,,
,110.5403258005778,,,,
,97.89916610717772,,,,
,80.83377901713054,,,,
,84.39270846048991,,,,
,95.28139940897624,,,,
,108.59017690022786,,,,
,102.43199475606282,,,,
,100.1372013092041,,,,
,95.54300626118976,,,,
,78.90952491760254,,,,
,72.75282796223958,,,,
,67.97202428181966,,,,
,67.64122009277344,,,,
,71.51651763916016,,,,
,72.76026725769043,,,,
,139.68290155584162,,,,
,122.54910723368327,,,,
,105.12633832295737,,,,
,109.83175659179688,,,,
,81.96860122680664,,,,
,72.13809521993001,,,,
,72.92931429545085,,,,
,75.09746932983398,,,,
,75.20520846048991,,,,
,75.86562538146973,,,,
,79.42767715454102,,,,
,94.60104242960612,,,,
,83.01889991760254,,,,
,96.5930061340332,,,,
,117.91726239522298,,,,
,121.34062512715656,,,,
,122.54479281107584,,,,
,140.1513385772705,,,,
,117.49077288309734,,,,
,81.16443506876628,,,,
,82.01041666666667,,,,
,87.15505981445312,,,,
,106.69434547424316,,,,
,119.0416685740153,,,,
,154.0617561340332,,,,
,187.03080368041992,,,,
,134.58734957377115,,,,
,86.23035748799641,,,,
,77.75803629557292,,,,
,68.25580342610677,,,,
,70.86071332295735,,,,
,70.9497013092041,,,,
,74.36145846048991,,,,
,75.1687494913737,,,,
,76.25535659790039,,,,
,74.43229230244954,,,,
,78.02023887634277,,,,
,81.15133857727051,,,,
,75.0598470514471,,,,
,75.75550651550293,,,,
,85.64345169067383,,,,
,110.02113087972003,,,,
,112.9013392130534,,,,
,77.4440466562907,,,,
,67.62633895874023,,,,
,68.91131019592285,,,,
,67.51577504475911,,,,
,65.94166628519694,,,,
,72.19553470611572,,,,
,71.86294619242351,,,,
,72.50684547424316,,,,
,79.04181543986003,,,,
,83.90758959452312,,,,
,78.43750063578288,,,,
,72.04543813069661,,,,
,89.68630981445312,,,,
,103.38239097595216,,,,
,99.12471313476564,,,,
,93.36964263916016,,,,
,87.46651713053386,,,,
,50.822916984558105,,,,
,40.01294660568237,,,,
,34.61168826710094,,,,
,45.650744120279946,,,,
,40.623661041259766,,,,
,43.522023836771645,,,,
,39.19166660308838,,,,
,56.730804125467934,,,,
,57.68898804982504,,,,
,37.16592311859131,,,,
,45.77023855845133,,,,
,55.509970347086586,,,,
,65.54657808939616,,,,
,67.43616040547688,,,,
,53.4651788075765,,,,
,65.78586324055989,,,,
,78.3345235188802,,,,
,87.98779614766438,,,,
,87.48273913065593,,,,
,83.38913663228352,,,,
,76.57142893473308,,,,
,70.36681493123372,,,,
,67.40252939860027,,,,
,58.19746939341227,,,,
,16.305506030718487,,,,
,36.38333304723104,,,,
,41.44910717010498,,,,
,43.03705342610677,,,,
,42.92247009277344,,,,
,52.56360181172689,,,,
,62.4815476735433,,,,
,60.91636880238851,,,,
,62.11145814259847,,,,
,60.30044682820638,,,,
,50.978720347086586,,,,
,55.0202382405599,,,,
,55.56889947255453,,,,
,70.3891372680664,,,,
,52.45540836879185,,,,
,49.50461292266846,,,,
,48.03154722849528,,,,
,46.95476214090983,,,,
,43.307143211364746,,,,
,51.4575891494751,,,,
,44.16309547424317,,,,
,65.36071395874023,,,,
,58.54062557220459,,,,
,58.21264902750651,,,,
,55.42053540547689,,,,
,61.27812544504801,,,,
,70.87991078694661,,,,
,84.82500012715657,,,,
,105.27142842610677,,,,
,107.03779792785645,,,,
,112.16458257039388,,,,
,86.40863037109375,,,,
,74.39270846048991,,,,
,54.95595200856527,,,,
,50.24285697937012,,,,
,55.82738081614176,,,,
,61.86785729726156,,,,
,75.8086306254069,,,,
,68.5818452835083,,,,
,57.57291603088379,,,,
,58.40491040547689,,,,
,53.24523798624674,,,,
,51.145535469055176,,,,
,52.27008946736654,,,,
,58.22023836771647,,,,
,69.9208329518636,,,,
,79.51011943817139,,,,
,53.99494012196859,,,,
,72.41160583496094,,,,
,60.763243993123375,,,,
,77.08422597249348,,,,
,101.30089314778644,,,,
,71.08660729726155,,,,
,40.72842248280843,,,,
,36.80133883158366,,,,
,32.11473194758097,,,,
,29.29285717010498,,,,
,27.680208524068195,,,,
,29.2145832379659,,,,
,30.31726201375325,,,,
,38.50029722849528,,,,
,47.41577434539795,,,,
,67.22782707214355,,,,
,81.5910701751709,,,,
,67.71086311340332,,,,
,68.23020712534587,,,,
,66.66235097249348,,,,
,72.0880953470866,,,,
,70.42232131958008,,,,
,74.38526725769043,,,,
,70.05624898274739,,,,
,69.40907669067383,,,,
,76.0290174484253,,,,
,70.852232615153,,,,
,95.59077390034992,,,,
,145.7117576599121,,,,
,123.38244120279948,,,,
,85.89002863566081,,,,
,67.1202376683553,,,,
,65.64523792266846,,,,
,70.51622072855632,,,,
,75.41264915466309,,,,
,75.82529703776042,,,,
,76.84821446736653,,,,
,88.3793150583903,,,,
,103.67217191060384,,,,
,79.34166653951009,,,,
,72.30729262034099,,,,
,61.95014890034994,,,,
,59.47544733683268,,,,
,53.5616070429484,,,,
,57.25580374399821,,,,
,60.6681547164917,,,,
,66.03630987803142,,,,
,72.32559521993001,,,,
,72.87142944335938,,,,
,72.51160748799641,,,,
,82.65575345357259,,,,
,100.29419581095378,,,,
,80.3264872233073,,,,
,82.25,,,,
,85.09479268391927,,,,
,68.49553616841634,,,,
,66.24434471130371,,,,
,64.56651878356934,,,,
,68.1471741994222,,,,
,71.12961324055989,,,,
,74.58035596211751,,,,
,99.8336296081543,,,,
,111.19761912027997,,,,
,117.70610109965008,,,,
,108.24523798624676,,,,
,106.5104153951009,,,,
,78.65148798624675,,,,
,70.60550498962402,,,,
,78.84642728169759,,,,
,72.71770858764648,,,,
,67.49657758076985,,,,
,65.03005949656169,,,,
,72.7671127319336,,,,
,74.82142893473308,,,,
,88.54285748799641,,,,
,84.63928540547688,,,,
,112.41964236172764,,,,
,162.54642868041992,,,,
,124.07172584533691,,,,
,124.08809661865234,,,,
,123.22514661153156,,,,
,93.75937525431316,,,,
,109.2794640858968,,,,
,112.44345219930013,,,,
,114.73675537109376,,,,
,117.82440503438312,,,,
,129.4061018625895,,,,
,126.87336349487305,,,,
,155.01919746398926,,,,
,152.59464263916016,,,,
,106.4196434020996,,,,
,85.33080355326335,,,,
,75.02976290384929,,,,
,64.6529769897461,,,,
,66.29240957895915,,,,
,70.53169759114583,,,,
,90.50699424743652,,,,
,94.10074424743652,,,,
,97.99955304463704,,,,
,93.43125025431316,,,,
,85.61086336771648,,,,
,110.93571472167967,,,,
,141.8465773264567,,,,
,134.91502888997397,,,,
,114.89851188659668,,,,
,128.7394339243571,,,,
,129.1894334157308,,,,
,124.59717432657878,,,,
,100.58928616841634,,,,
,92.6255963643392,,,,
,85.39345296223958,,,,
,84.17023785909016,,,,
,78.55595366160075,,,,
,54.93779786427816,,,,
,62.352827390035,,,,
,54.65267848968506,,,,
,49.11711343129476,,,,
,48.91145865122477,,,,
,55.18437480926514,,,,
,62.77157783508301,,,,
,64.80089410146077,,,,
,71.50386810302734,,,,
,74.60133997599284,,,,
,76.6471716562907,,,,
,67.51369031270345,,,,
,68.32172711690266,,,,
,77.28095118204753,,,,
,74.10639826456706,,,,
,75.5675589243571,,,,
,79.05386797587077,,,,
,74.04330317179362,,,,
,77.76651827494304,,,,
,92.16875012715656,,,,
,107.73229153951009,,,,
,110.75625038146973,,,,
,118.25758870442708,,,,
,86.79434585571289,,,,
,71.96934572855632,,,,
,70.42217222849528,,,,
,69.72172546386719,,,,
,64.5675589243571,,,,
,66.0471715927124,,,,
,63.476636250813804,,,,
,62.69017918904623,,,,
,72.1160717010498,,,,
,74.43407821655273,,,,
,75.07708358764648,,,,
,66.52514870961507,,,,
,65.04017861684163,,,,
,68.63988176981609,,,,
,70.28452364603679,,,,
,68.70148785909016,,,,
,70.05134137471516,,,,
,56.4913698832194,,,,
,52.383334159851074,,,,
,52.61904716491699,,,,
,52.37500031789144,,,,
,63.6212797164917,,,,
,85.63859176635742,,,,
,63.58348242441813,,,,
,66.25089295705159,,,,
,73.41309547424316,,,,
,80.39776802062988,,,,
,73.25520896911621,,,,
,73.76205317179362,,,,
,70.52886899312337,,,,
,67.96994018554688,,,,
,67.65520858764648,,,,
,64.74136956532796,,,,
,74.57604217529297,,,,
,78.66264979044597,,,,
,82.13125101725261,,,,
,83.25684483846028,,,,
,77.53690497080485,,,,
,55.05446434020996,,,,
,45.365625063578285,,,,
,43.04166730244955,,,,
,34.876488049825035,,,,
,30.409375031789143,,,,
,34.0303570429484,,,,
,33.36279773712158,,,,
,44.98705418904623,,,,
,57.2848211924235,,,,
,50.04092216491699,,,,
,56.78139845530192,,,,
,63.90639940897624,,,,
,76.04806582132976,,,,
,79.94330342610677,,,,
,74.06726201375325,,,,
,69.58006000518799,,,,
,56.54017861684164,,,,
,53.78690433502197,,,,
,55.67321491241455,,,,
,64.22380924224854,,,,
,67.6080363591512,,,,
,65.31369050343831,,,,
,76.5074405670166,,,,
,96.19657707214355,,,,
,85.8657735188802,,,,
,98.40342267354328,,,,
,105.8903268178304,,,,
,103.41309547424316,,,,
,104.4717248280843,,,,
,92.89672597249348,,,,
,86.36696370442708,,,,
,100.24345207214355,,,,
,118.84955406188963,,,,
,109.56979052225748,,,,
,80.56488037109375,,,,
,66.438094774882,,,,
,62.60773849487305,,,,
,54.70624987284342,,,,
,60.1415179570516,,,,
,58.756398836771645,,,,
,54.40833346048991,,,,
,60.63750012715658,,,,
,65.70133972167969,,,,
,71.1132443745931,,,,
,66.32842286427815,,,,
,68.27559598286946,,,,
,69.20089149475098,,,,
,77.07604153951009,,,,
,89.42812474568684,,,,
,103.12142753601074,,,,
,89.39196459452312,,,,
,95.1349703470866,,,,
,101.56041717529295,,,,
,107.69077428181966,,,,
,103.45669619242352,,,,
,116.72485160827635,,,,
,122.40907605489096,,,,
,94.46517817179362,,,,
,98.6540184020996,,,,
,78.17380905151367,,,,
,68.07425689697266,,,,
,66.32306543986003,,,,
,71.06919606526692,,,,
,71.56919606526692,,,,
,65.92559464772542,,,,
,69.8608627319336,,,,
,73.72782707214355,,,,
,83.4761905670166,,,,
,91.74806594848631,,,,
,83.03273836771648,,,,
,77.35386848449707,,,,
,81.57172457377116,,,,
,118.24077288309734,,,,
,137.64717292785645,,,,
,111.86488151550292,,,,
,97.66904767354328,,,,
,76.99687512715657,,,,
,74.72544606526692,,,,
,80.06860097249348,,,,
,78.37172508239746,,,,
,65.01130962371826,,,,
,67.01384035746257,,,,
,66.09315554300944,,,,
,66.2708330154419,,,,
,72.13898849487305,,,,
,65.47708320617676,,,,
,67.8559528986613,,,,
,84.43586158752441,,,,
,86.39196395874023,,,,
,68.305357615153,,,,
,65.61309464772542,,,,
,76.36130841573079,,,,
,78.44732030232747,,,,
,74.47202428181966,,,,
,95.59925587972003,,,,
,73.1086311340332,,,,
,75.3706849416097,,,,
,81.69821357727051,,,,
,94.63958358764648,,,,
,84.25356992085774,,,,
,70.28735160827637,,,,
,70.13571484883626,,,,
,83.6125005086263,,,,
,115.84806442260742,,,,
,111.67901802062988,,,,
,90.5821425120036,,,,
,85.50907770792644,,,,
,81.83868980407715,,,,
,79.31369018554688,,,,
,79.69508997599284,,,,
,76.56636810302734,,,,
,84.16368993123372,,,,
,115.1544640858968,,,,
,128.68050702412924,,,,
,121.28660774230956,,,,
,102.18943405151369,,,,
,85.89196459452312,,,,
,90.6245543162028,,,,
,84.31532732645671,,,,
,110.2300599416097,,,,
,116.64970270792644,,,,
,132.9982147216797,,,,
,128.45877838134766,,,,
,125.84330304463704,,,,
,123.18764940897624,,,,
,121.61651865641277,,,,
,124.34270985921223,,,,
,131.22931543986002,,,,
,83.87871996561687,,,,
,92.05044682820638,,,,
,96.2081839243571,,,,
,80.84776751200359,,,,
,70.17738215128581,,,,
,68.5976193745931,,,,
,84.52946345011394,,,,
,73.57500012715657,,,,
,80.55342229207356,,,,
,88.38541730244954,,,,
,72.38184611002605,,,,
,76.28035672505696,,,,
,90.87901814778644,,,,
,73.09077326456706,,,,
,67.73005930582683,,,,
,72.08839225769043,,,,
,75.63556480407715,,,,
,81.59642791748047,,,,
,111.4385420481364,,,,
,149.38244120279947,,,,
,132.40848350524902,,,,
,121.50967343648274,,,,
,149.29628117879233,,,,
,145.72916666666666,,,,
,99.29583358764648,,,,
,123.35104115804036,,,,
,112.38110097249348,,,,
,99.86130905151369,,,,
,88.23690541585286,,,,
,78.40178553263347,,,,
,70.95059585571289,,,,
,61.59717305501302,,,,
,61.42068386077881,,,,
,61.1369047164917,,,,
,62.86562633514404,,,,
,71.18020884195964,,,,
,80.0226198832194,,,,
,92.03839365641277,,,,
,85.89866065979004,,,,
,84.08229192097981,,,,
,79.34092330932617,,,,
,74.87574323018391,,,,
,75.84494018554688,,,,
,73.26934496561687,,,,
,71.43065388997395,,,,
,72.78407732645671,,,,
,96.71949577331544,,,,
,109.18824450174968,,,,
,104.9154764811198,,,,
,96.34375063578288,,,,
,73.79241116841634,,,,
,70.96562576293945,,,,
,67.82232093811035,,,,
,79.62499936421712,,,,
,78.38258997599284,,,,
,78.1313985188802,,,,
,73.26756032307942,,,,
,69.95863024393718,,,,
,71.44032732645671,,,,
,70.66264979044597,,,,
,71.29493967692058,,,,
,86.87589263916016,,,,
,113.45416641235352,,,,
,113.8962796529134,,,,
,124.7349713643392,,,,
,136.94062423706055,,,,
,115.0220235188802,,,,
,112.02514902750652,,,,
,116.11800575256348,,,,
,108.85059483846028,,,,
,130.09568405151367,,,,
,131.38556671142578,,,,
,120.77128092447916,,,,
,119.17678515116374,,,,
,107.34821446736652,,,,
,101.55491065979004,,,,
,93.13571484883626,,,,
,75.01547686258952,,,,
,83.76056543986003,,,,
,77.12485122680664,,,,
,75.94761975606282,,,,
,89.21235084533691,,,,
,75.94717216491699,,,,
,76.18616104125977,,,,
,74.79523785909016,,,,
,75.89449501037598,,,,
,74.67574501037598,,,,
,87.09330368041992,,,,
,130.94493865966797,,,,
,126.39762051900227,,,,
,124.99062474568684,,,,
,128.31502978006998,,,,
,135.556396484375,,,,
,130.77619043986002,,,,
,152.97455024719238,,,,
,143.61785825093588,,,,
,93.0766372680664,,,,
,89.92321395874023,,,,
,96.72604179382324,,,,
,99.33006032307942,,,,
,85.87514940897624,,,,
,93.3297627766927,,,,
,81.70386950174968,,,,
,68.73660659790039,,,,
,70.92128117879231,,,,
,72.7060998280843,,,,
,76.36458333333333,,,,
,72.13526725769043,,,,
,83.12827364603679,,,,
,101.80699348449708,,,,
,118.88437525431316,,,,
,119.54181671142578,,,,
,103.25431442260742,,,,
,82.93467330932617,,,,
,74.6389897664388,,,,
,71.86488151550293,,,,
,94.04494094848631,,,,
,114.69434483846028,,,,
,144.0812505086263,,,,
,120.64984957377116,,,,
,77.99985122680664,,,,
,77.77857144673665,,,,
,70.5233637491862,,,,
,71.45997047424316,,,,
,71.08675575256348,,,,
,83.38184483846028,,,,
,73.76503117879231,,,,
,67.08303642272949,,,,
,66.68303553263347,,,,
,70.98556518554688,,,,
,78.33571497599284,,,,
,78.76622072855632,,,,
,87.45669682820638,,,,
,85.61889966328938,,,,
,77.25357119242351,,,,
,90.26398785909016,,,,
,92.76696459452312,,,,
,80.74568430582683,,,,
,80.70491027832031,,,,
,76.50148709615071,,,,
,75.00684483846028,,,,
8.15,99.63,7.79,7.2,0.0,11727.7
6.55,103.24,7.07,7.32,0.0,11396.4
10.45,105.75,9.63,7.12,4.98,9756.8
11.54,112.08,26.66,7.26,1.3,9187.5
8.9,117.49,21.41,7.26,0.0,11022.7
9.95,116.91,13.07,7.34,0.0,9663.5
9.27,104.2,7.76,7.28,0.0,8120.1
7.84,94.37,18.71,7.21,0.0,7606.0
7.11,86.87,8.32,7.08,2.06,6983.0
6.01,85.32,8.88,7.29,0.5,8930.4
4.85,88.3,8.26,7.4,0.0,11513.5
3.68,86.61,10.87,7.16,0.0,10051.8
3.6,84.46,27.96,7.33,0.0,9493.1
3.95,88.49,33.27,7.18,0.0,8874.5
5.98,91.11,9.7,6.98,3.39,8392.9
6.68,93.65,12.3,7.02,3.27,7281.7
5.96,96.72,10.13,6.75,5.16,8663.1
5.6,101.49,17.55,6.98,0.0,8583.7
6.08,109.81,7.73,7.08,0.0,10174.2
6.49,122.65,7.58,7.11,2.3,12452.5
6.46,133.58,9.24,7.17,2.57,14323.8
5.25,142.98,10.53,6.89,3.31,16072.2
4.19,142.51,6.42,6.94,2.18,16508.4
3.57,145.51,10.64,7.12,0.0,15796.4
9.18,147.75,24.22,7.2,0.0,14960.4
14.95,129.57,5.73,7.06,2.86,12508.2
12.01,112.28,11.08,7.07,0.0,11658.1
10.23,102.61,30.41,6.97,0.0,11116.2
8.68,93.47,7.77,6.89,4.38,13804.9
6.7,84.42,13.24,7.04,5.17,19549.2
5.76,73.59,8.5,7.13,3.54,22002.7
5.05,65.61,4.68,7.09,2.53,20331.1
4.79,62.91,12.22,7.03,0.0,17369.1
4.67,59.35,29.36,7.14,0.0,15993.2
4.59,70.68,7.4,6.97,4.22,16069.3
6.17,84.11,13.24,6.8,7.06,14218.6
11.16,81.63,14.74,6.6,12.22,12321.9
11.93,80.16,19.85,6.55,9.66,11243.8
9.16,86.02,18.87,6.67,0.0,11505.6
6.85,104.59,19.07,6.84,0.0,12959.6
4.99,133.27,14.52,6.71,5.73,17527.5
5.15,153.27,17.79,6.65,9.02,19039.9
6.77,156.26,13.46,6.7,12.66,18413.9
9.5,157.89,17.98,6.84,9.87,20516.6
10.06,159.15,16.45,6.97,0.0,20587.4
9.56,161.42,11.27,7.06,0.0,19718.4
9.28,166.08,10.05,6.74,6.04,18430.3
8.28,161.49,23.15,6.7,7.01,18280.9
9.67,165.09,12.93,6.6,10.45,17611.9
12.3,169.11,13.62,6.57,8.17,18160.9
14.77,165.05,18.86,7.01,0.0,19174.8
13.88,166.59,11.4,6.84,0.0,18765.2
8.29,72.58,8.85,6.53,17.54,21380.2
7.38,65.59,8.77,6.61,16.92,14415.9
6.11,54.41,6.84,6.57,4.52,12391.9
4.75,57.51,18.46,6.17,5.52,10926.5
4.78,53.42,14.77,6.46,6.63,8774.9
5.56,47.84,18.59,6.39,9.13,7282.2
6.39,40.31,12.39,6.47,1.43,7221.9
7.11,32.08,7.51,6.42,0.12,7804.4
9.6,34.09,9.26,6.28,1.14,12083.3
9.32,36.64,11.89,6.43,4.82,18855.1
10.67,49.8,16.87,6.42,5.78,20427.7
11.08,63.84,16.58,6.32,9.76,19968.5
9.51,72.16,9.0,6.71,1.28,22099.7
9.19,79.91,23.06,6.64,0.27,20050.6
11.16,84.84,19.17,6.19,3.6,16931.5
11.75,77.75,20.7,6.14,8.34,15543.3
10.74,69.64,19.54,6.25,10.01,16374.1
8.73,63.64,20.61,5.7,16.32,17324.5
7.9,62.2,21.22,6.24,14.55,21526.3
7.72,61.09,10.71,6.4,1.84,25518.6
8.63,57.36,11.35,6.18,4.22,23007.1
9.24,57.88,15.6,6.31,6.98,18097.8
8.69,56.96,14.49,6.24,7.18,14706.9
7.29,57.46,22.36,6.14,10.01,13496.8
6.06,48.26,12.05,6.52,1.94,14256.0
5.95,39.92,6.46,6.58,0.26,11737.9
12.45,38.71,5.17,6.4,3.49,9728.5
14.85,33.93,15.87,6.2,6.12,8194.4
12.67,31.42,13.25,6.13,8.18,6397.2
11.4,33.61,23.05,6.03,11.38,6947.6
9.41,34.51,11.72,6.38,2.67,8004.0
7.55,37.09,9.12,6.44,0.68,10085.9
10.64,42.02,10.85,6.3,1.78,12004.4
11.72,43.86,7.6,6.29,5.15,11898.5
9.79,50.65,13.53,6.39,7.08,16726.7
9.6,62.37,18.85,6.22,11.22,19063.3
8.47,71.27,10.82,6.47,4.43,20094.8
7.56,81.69,32.49,6.51,1.42,19747.4
13.49,84.21,23.4,6.19,7.86,15435.3
15.11,75.93,32.78,6.05,12.23,14978.2
12.14,68.26,40.32,6.14,8.58,15158.4
10.41,57.53,41.46,5.66,19.13,13960.5
8.36,54.05,42.59,5.93,26.46,14998.4
6.32,53.88,21.27,5.94,15.23,19498.0
7.56,52.52,15.26,6.12,8.99,18524.6
8.03,52.46,28.92,6.27,10.45,14765.0
6.71,55.03,16.95,6.2,9.55,13773.4
6.28,52.94,19.21,5.99,14.34,11824.6
6.45,55.67,23.57,6.38,13.02,11670.4
5.66,58.88,13.76,6.49,1.54,9858.3
8.37,,14.15,6.4,3.35,10831.7
9.6,,21.37,6.19,4.92,8959.8
8.39,,16.53,6.22,5.76,7678.4
9.75,,19.65,5.94,9.63,6985.0
9.1,,25.63,6.29,8.35,8696.7
6.9,,8.62,6.38,0.03,12732.5
7.88,,7.71,6.3,1.18,16964.1
9.6,,14.18,6.42,4.35,19160.6
9.59,,12.99,6.18,5.91,19414.5
8.46,,18.85,6.16,11.29,18106.6
7.67,,22.95,6.27,14.17,17329.8
7.29,,19.55,6.48,3.87,20468.8
18.7,,22.1,6.13,6.0,16266.4
22.88,,38.75,6.06,9.6,14732.2
17.69,,37.17,6.26,5.91,15286.8
13.55,,32.14,5.86,15.05,15352.7
10.47,,36.66,5.81,23.31,17240.4
9.5,,20.45,6.27,9.06,22619.1
9.23,,9.53,6.3,2.26,20289.0
8.86,,34.61,6.42,5.06,17892.7
8.56,,31.46,6.31,4.54,15137.0
8.58,,14.79,6.17,7.4,13409.3
8.66,,9.93,6.54,1.79,14483.1
7.95,,9.09,6.34,0.03,11477.8
7.91,,8.08,6.36,3.1,11038.4
8.02,,28.08,6.36,4.15,9010.4
6.76,,12.19,6.35,5.1,7551.1
6.3,,19.49,6.28,7.68,7505.3
6.01,,12.98,6.43,1.81,9694.2
6.13,,9.9,6.35,0.42,10310.4
6.25,,12.31,6.32,4.02,15222.5
5.75,,12.1,6.61,5.83,21637.1
7.79,44.57,23.61,6.64,4.91,27655.2
8.54,68.73,13.25,6.71,0.44,25381.4
7.55,62.87,25.45,6.71,0.0,22596.9
6.9,67.27,14.7,6.32,2.54,21816.9
6.39,61.01,20.57,6.23,11.94,20135.9
6.33,59.15,23.25,6.18,13.61,17889.3
6.02,60.35,18.91,5.97,15.59,17842.6
5.19,61.82,16.96,5.76,24.58,16561.0
5.22,58.29,18.75,6.06,17.55,21219.7
6.02,59.07,17.77,6.4,13.72,17653.5
7.5,61.51,29.58,6.25,15.96,14862.4
7.85,57.13,24.52,6.48,5.2,14250.5
6.5,54.0,12.51,6.38,0.72,13074.2
5.76,57.9,12.42,6.43,2.32,13971.6
6.04,63.44,13.65,6.08,9.59,10593.3
5.3,64.97,11.65,6.38,2.19,9037.8
5.45,61.69,22.87,6.28,2.16,8810.8
5.44,56.18,10.34,6.75,0.0,8138.8
4.45,49.45,5.32,6.74,0.0,7604.1
5.05,42.41,9.14,6.45,0.0,7332.1
5.25,36.53,18.51,6.43,0.0,6922.2
4.63,36.02,11.9,6.4,0.0,5674.0
8.18,35.3,20.74,6.43,0.48,6384.7
9.54,31.84,16.67,6.75,0.0,8893.8
8.14,30.78,34.39,6.77,0.0,9293.2
7.58,28.81,13.46,6.6,0.0,8510.6
6.8,31.07,22.64,6.39,0.0,8143.7
6.9,39.92,13.56,6.35,0.01,6740.8
7.27,42.14,21.42,6.27,0.72,7282.1
6.99,43.45,13.75,6.37,0.0,7198.9
6.74,44.72,17.37,6.41,0.0,7790.7
7.21,45.88,17.0,6.37,0.0,8652.7
7.68,51.68,8.72,6.5,0.0,8174.5
11.15,51.4,9.06,6.43,0.0,6821.7
11.29,47.68,9.08,6.19,0.0,6655.2
9.09,46.31,16.9,6.7,0.0,7679.7
7.64,45.64,13.04,6.77,0.0,5915.6
6.14,44.59,10.41,6.69,0.0,5274.2
7.43,14.71,9.91,6.73,0.11,5359.2
7.65,16.69,8.72,7.03,0.01,7388.5
7.74,16.21,8.19,6.77,0.03,6547.2
7.45,21.36,7.78,6.57,1.79,6995.9
6.23,27.73,21.59,6.91,0.06,6924.8
5.62,23.77,14.48,6.77,0.0,5494.0
5.32,30.06,10.69,6.59,0.05,5725.4
5.99,32.75,4.26,6.88,0.57,6232.2
9.98,36.77,0.14,6.75,0.74,6964.2
10.7,44.63,6.7,6.86,1.76,7103.9
9.4,42.48,16.59,7.2,0.0,6453.2
8.93,36.71,8.21,7.26,0.0,5241.6
8.79,36.64,7.7,7.0,0.11,4733.1
8.71,35.93,10.25,6.9,1.59,6274.1
8.1,31.28,4.36,7.05,0.16,5576.1
8.25,32.21,8.43,6.75,0.09,3936.6
7.95,30.56,15.88,7.05,0.0,5176.7
6.93,26.02,9.52,7.06,0.0,4412.5
8.73,22.41,4.08,7.04,0.0,3923.3
9.96,20.45,2.07,6.99,1.16,5575.9
8.16,19.42,1.32,7.17,0.05,4468.4
7.12,20.58,9.57,7.19,0.01,3954.5
6.63,22.12,14.29,7.33,0.0,5721.2
6.87,25.35,10.88,7.46,0.0,5563.4
9.36,30.49,12.84,7.22,0.0,5744.7
10.49,32.34,10.92,7.06,1.22,7409.4
9.29,38.07,14.18,6.91,5.05,6760.6
10.75,35.89,18.53,6.66,10.63,6179.3
10.63,30.66,17.3,6.97,2.37,8054.4
8.86,27.11,22.99,7.03,0.0,7933.2
7.72,27.74,8.87,6.97,0.05,7299.0
7.08,32.84,6.32,6.98,2.04,8928.4
5.79,40.94,7.87,6.93,4.6,9859.4
6.29,50.23,15.83,6.95,8.14,8986.9
6.4,51.09,21.33,7.33,1.16,8923.9
6.39,53.25,11.7,7.56,0.0,7452.9
6.2,57.72,6.34,7.31,0.0,7711.6
4.87,69.51,6.29,7.1,1.0,9323.5
9.08,91.49,1.9,7.17,3.17,6158.9
12.01,135.79,7.2,6.98,5.41,7167.3
10.08,173.12,22.21,7.2,0.61,8035.2
10.09,180.34,11.46,7.32,0.0,6996.8
10.46,170.05,7.08,7.12,0.0,6300.9
9.94,160.63,7.11,7.02,0.97,7827.8
9.68,167.69,3.57,7.0,1.5,7533.6
8.64,175.59,6.64,7.02,4.71,7120.1
9.3,166.19,21.42,7.47,0.54,7122.5
12.43,144.08,14.96,7.56,0.0,6387.6
12.5,116.7,8.67,7.34,0.11,5264.4
9.79,81.73,11.74,7.03,4.24,4720.9
9.0,56.88,12.63,6.73,10.37,4177.0
8.79,52.47,17.9,6.87,13.83,4737.0
8.63,45.4,17.0,6.97,6.59,5610.8
7.81,40.71,27.77,7.14,0.09,6975.1
6.72,44.03,17.18,6.95,1.46,6539.6
6.23,46.19,8.88,6.62,7.18,5413.4
9.76,47.66,10.15,6.7,11.29,5517.1
10.77,50.97,16.83,6.58,12.98,5773.1
8.73,56.3,14.53,7.32,3.94,6702.0
8.37,64.54,25.12,7.25,0.0,6919.9
7.19,70.54,19.33,7.2,0.02,6020.5
6.91,68.81,3.04,7.02,2.94,6515.9
6.36,65.81,17.97,7.06,4.84,7917.1
5.55,61.58,19.06,6.71,7.34,8178.6
5.24,60.29,5.97,6.93,1.46,8561.1
5.04,50.06,4.67,7.45,0.0,8296.2
4.2,37.96,10.96,7.09,0.0,7131.6
3.43,37.14,14.9,7.25,0.0,8321.6
3.48,43.91,7.89,7.19,0.04,7768.0
4.37,51.31,9.47,6.94,2.72,7093.2
5.42,52.37,16.5,7.19,0.67,8470.3
6.16,45.7,12.17,7.45,0.0,7934.7
6.72,39.2,11.68,7.24,0.0,8086.8
6.39,42.65,14.14,7.05,0.96,8051.0
8.72,52.38,14.47,6.87,5.09,8040.2
10.36,50.2,16.48,6.44,10.64,7600.6
9.77,42.48,25.35,6.44,19.54,8142.4
8.75,37.84,17.73,6.63,7.58,8861.0
7.13,29.43,21.5,6.59,2.48,8010.7
6.98,24.88,10.84,6.55,6.4,6579.1
7.39,26.1,9.46,6.71,7.23,8279.0
6.99,38.58,20.08,6.67,8.75,12147.2
6.73,51.95,11.68,7.08,1.9,13136.3
6.43,64.5,18.24,7.24,0.0,12771.4
6.67,71.69,21.76,7.09,0.0,11774.5
6.84,81.3,4.24,6.93,0.09,10056.8
6.7,80.76,11.2,6.79,5.11,8186.9
5.79,69.73,17.3,6.79,6.71,8059.8
4.66,66.97,15.96,7.1,1.05,8494.5
5.14,58.5,12.74,7.32,0.0,7396.4
4.91,54.64,9.21,7.16,0.0,7797.4
4.14,56.75,8.89,7.15,0.0,8431.4
4.97,59.38,0.17,7.14,0.0,8744.4
8.08,62.24,3.1,7.13,0.0,8508.2
8.42,67.79,17.86,7.13,0.0,8435.6
9.67,69.49,14.78,7.28,0.0,10501.2
12.16,70.23,14.53,6.91,0.0,11092.7
11.49,73.83,19.23,7.0,3.44,8965.3
11.7,70.78,23.13,6.61,8.9,7530.2
13.25,64.34,29.4,6.39,14.41,7120.5
13.2,58.0,26.06,5.94,24.62,7918.1
12.1,51.59,29.56,6.47,16.05,9734.9
11.1,45.56,27.73,6.47,8.99,9161.5
10.57,41.45,24.65,6.44,10.3,9489.9
10.32,38.95,21.38,6.71,8.24,8125.9
9.44,42.65,24.4,6.63,9.29,7883.1
8.75,45.34,21.71,6.81,3.75,8753.6
8.48,47.16,24.49,6.91,0.0,6760.2
7.69,47.99,32.83,6.82,0.0,6513.8
6.18,40.61,9.26,6.72,1.02,6114.1
11.17,39.55,17.04,6.62,4.56,4813.5
14.22,45.37,13.69,6.41,6.13,4508.7
11.97,46.09,8.79,6.72,1.98,4849.6
9.46,40.93,6.77,6.95,0.0,5146.5
8.14,39.09,6.29,6.93,0.0,5231.9
7.25,46.46,9.03,6.79,0.0,7236.6
7.47,52.47,9.13,6.81,0.01,7919.9
10.55,51.96,18.97,6.42,2.25,9060.2
11.79,55.26,16.87,6.73,0.83,9793.9
11.17,63.74,48.73,6.86,0.0,8607.2
10.72,66.63,21.78,6.49,0.0,9041.7
9.32,65.23,17.01,6.43,2.44,8419.5
8.92,62.89,31.63,6.24,7.52,7905.9
7.72,57.41,33.37,6.26,11.65,7117.6
9.0,49.21,29.29,5.76,23.41,8013.0
10.38,38.34,37.03,6.16,17.2,8326.2
9.87,30.26,28.5,6.03,11.22,9968.9
8.71,28.62,32.78,5.92,14.91,8738.8
7.18,32.47,24.24,6.47,11.31,9900.2
7.77,38.96,25.39,6.52,8.79,8829.3
8.61,41.53,27.9,6.46,4.52,10545.7
7.29,36.84,14.66,6.7,0.0,8924.6
5.84,33.42,34.27,6.68,0.0,8757.1
5.91,36.71,34.63,6.54,1.3,7500.2
7.15,37.02,74.84,6.53,0.79,5863.6
8.28,38.85,49.68,6.56,1.16,5615.8
7.34,40.8,16.41,6.82,0.94,6512.7
6.21,40.92,41.34,6.59,0.0,4973.3
6.23,44.88,28.93,6.64,0.0,5946.0
6.08,44.08,17.25,6.49,0.0,6241.2
7.75,39.08,22.02,6.37,0.12,6841.2
8.47,39.02,20.39,6.48,0.85,7346.9
6.97,45.9,22.67,6.44,0.97,9944.4
8.85,53.19,37.68,6.51,0.0,8883.2
9.59,52.53,24.97,6.3,0.0,10376.5
8.85,49.63,28.22,6.23,0.0,10274.8
10.59,49.07,21.21,6.47,0.02,9650.6
9.96,43.71,24.38,6.51,1.08,8619.0
9.25,44.24,31.29,5.87,8.89,9820.7
8.07,51.92,22.61,6.17,1.72,11783.8
6.73,47.88,31.63,6.11,0.0,14117.4
5.74,40.88,21.4,5.94,1.7,12082.8
4.79,41.91,24.39,6.26,3.28,12351.4
5.6,44.65,21.19,6.33,1.71,12587.0
7.02,43.36,27.77,6.26,1.2,12271.9
7.99,41.12,29.61,6.51,0.0,11032.7
7.93,36.55,32.02,6.47,0.0,9572.3
6.52,34.91,17.62,6.25,0.03,7912.6
6.05,37.45,17.56,6.38,1.2,7350.4
5.7,31.93,22.05,6.42,1.11,6206.9
4.67,31.35,22.81,6.49,1.04,6727.3
4.87,38.6,25.06,6.48,0.0,6105.0
5.26,39.44,29.41,6.35,0.0,4674.7
5.88,35.55,13.74,6.38,0.0,4466.2
5.97,33.32,14.39,6.25,0.03,3982.1
5.08,31.81,9.26,6.42,0.35,4563.6
4.65,33.06,10.42,6.76,0.67,8851.2
4.15,39.26,19.41,6.78,0.0,8024.0
4.22,46.59,22.6,6.65,0.0,8097.0
4.87,50.61,8.84,6.27,0.0,10935.7
12.18,56.66,16.99,6.21,0.33,13292.5
15.96,57.73,21.41,6.27,1.05,13274.6
13.71,49.09,35.07,5.8,10.21,12754.6
10.69,51.0,19.26,5.67,14.8,12606.8
8.71,55.78,21.66,6.18,5.67,12280.2
7.32,53.45,18.19,6.15,3.99,22693.9
13.02,61.84,28.5,6.11,7.58,31379.1
16.31,85.78,12.23,6.75,0.08,22892.3
13.12,97.65,22.19,6.54,0.0,21784.2
11.66,95.41,25.29,6.42,0.0,20184.3
10.33,102.34,59.14,6.28,0.1,19846.5
8.94,110.18,39.42,6.43,0.26,22861.9
13.43,109.63,9.32,6.52,0.05,23491.7
15.62,109.97,38.42,6.83,0.0,21958.8
12.89,104.86,21.92,6.76,0.0,18986.0
11.31,100.04,20.25,6.5,0.0,16434.1
9.61,98.99,60.24,6.31,0.63,15521.7
8.05,102.25,37.93,6.25,1.1,13963.6
7.87,106.38,10.29,6.44,0.17,12930.0
8.31,101.9,41.51,6.74,0.0,11396.3
8.43,97.56,19.05,6.86,0.0,14147.6
8.15,96.17,12.94,6.48,0.0,15020.5
7.19,93.93,9.18,6.56,0.0,14386.2
7.07,90.87,17.15,6.32,1.44,13386.8
9.13,87.36,15.58,6.26,0.0,15319.2
8.77,78.04,21.33,6.55,0.0,14693.8
9.46,60.37,19.76,5.94,0.27,15661.5
9.04,46.25,23.85,6.32,2.82,15486.3
6.89,42.78,13.08,6.07,3.96,19778.6
5.17,48.15,12.75,6.06,8.33,20763.2
4.2,54.04,17.13,6.33,0.23,21373.6
4.45,59.66,16.5,6.43,0.0,17772.9
5.31,57.8,12.75,6.27,0.0,14984.7
5.88,56.84,11.31,6.43,0.15,14778.0
6.08,60.75,7.58,6.32,0.34,13507.7
9.41,58.41,12.3,6.35,0.0,12301.1
10.91,57.82,10.86,6.63,0.0,10560.3
10.01,58.95,14.0,6.5,0.0,8800.7
9.73,66.17,11.7,6.3,0.0,9022.9
9.24,76.15,13.61,6.19,0.0,8281.0
7.52,76.67,17.58,6.32,0.0,9561.2
7.1,73.28,19.79,6.16,0.0,11088.8
7.0,67.53,23.38,6.5,0.0,14824.8
9.18,63.21,23.13,6.49,0.0,13367.3
,,5.13,,,17062.7
8.13,64.69,7.95,6.66,0.0,14001.7
11.94,61.58,20.54,6.24,0.0,15050.1
20.16,57.66,19.39,5.54,8.45,14395.9
20.19,53.48,17.44,5.48,5.44,14805.5
15.55,49.27,24.58,5.65,2.98,13763.5
12.54,42.91,29.88,5.49,13.21,12982.3
9.39,47.15,22.09,6.0,4.83,13421.7
7.78,46.72,23.22,5.97,0.68,15066.5
6.6,40.35,20.38,5.5,6.12,14823.9
6.4,39.02,21.89,5.95,0.08,16049.4
6.95,41.21,25.29,6.13,0.0,13516.4
6.59,45.08,15.93,6.13,0.0,13001.2
5.32,45.23,16.3,6.17,0.0,12405.0
3.89,45.22,14.02,6.1,0.0,10409.1
4.29,43.11,17.59,5.87,0.53,9789.7
5.15,41.51,11.4,5.97,0.0,9072.2
4.46,41.34,22.68,5.94,0.0,7989.5
3.87,41.81,16.98,6.02,0.0,7634.9
4.21,43.51,10.33,5.96,0.02,7683.3
4.21,44.46,10.08,5.88,0.06,10009.3
4.2,43.6,21.01,6.02,0.33,13498.2
4.49,47.43,7.59,6.29,0.0,17398.2
5.71,55.84,16.06,6.31,0.0,17144.4
5.44,56.17,11.09,6.03,0.0,16981.5
5.47,55.39,13.78,6.06,0.75,15702.1
5.35,56.88,18.35,5.74,3.21,14651.4
5.18,55.12,20.25,5.61,11.7,14719.9
6.14,53.17,31.3,5.72,6.84,16631.5
6.86,53.4,25.06,5.5,4.79,16970.5
6.95,54.94,28.98,5.13,18.48,14959.8
6.85,53.63,23.34,5.48,13.89,19630.4
7.0,51.9,28.92,5.87,5.02,18897.5
9.68,51.23,22.62,5.51,12.25,18630.4
10.5,49.17,30.85,5.93,3.58,19179.1
9.95,46.63,20.56,5.76,0.0,19462.5
10.01,41.33,24.18,5.78,1.56,17823.8
8.33,42.18,18.36,5.89,4.27,14747.8
6.71,45.75,13.84,6.13,4.41,12689.0
18.3,42.59,35.2,5.7,6.17,10701.1
23.41,38.18,14.89,5.83,0.11,10051.7
17.62,35.87,9.09,6.39,0.0,9230.9
12.87,37.52,9.88,6.11,0.0,8417.6
9.44,38.81,12.7,6.04,0.0,8812.7
8.51,40.83,11.45,5.89,0.0,12903.9
16.18,46.16,29.54,5.74,1.02,15692.1
18.25,50.9,16.41,6.11,0.0,30270.0
14.47,62.56,12.59,6.14,0.0,26098.6
16.54,74.12,17.16,5.92,0.0,21605.2
17.1,71.84,16.21,5.85,0.21,19607.1
13.36,64.75,22.09,5.92,0.26,20663.9
18.91,61.63,22.9,5.23,12.3,21077.7
20.96,57.02,22.14,5.04,19.64,19613.2
13.39,42.57,21.76,5.6,9.77,21669.6
10.09,46.44,27.17,5.41,2.29,23667.8
8.05,51.14,21.28,5.44,8.06,29945.6
6.09,51.09,16.9,5.49,0.13,31985.3
4.56,49.87,25.37,5.73,0.21,26545.5
5.79,51.4,21.86,5.46,9.61,22247.2
7.49,50.26,18.93,5.6,10.06,21219.2
7.77,50.5,38.57,5.98,0.03,20195.1
7.17,51.44,35.21,6.2,0.0,16965.6
5.89,45.89,24.56,5.9,3.83,10099.0
5.35,43.37,25.64,5.77,3.47,8409.9
6.39,45.9,19.6,5.71,5.26,7864.1
6.47,45.3,33.86,5.77,3.58,9480.0
6.57,48.21,26.43,5.88,0.0,10622.2
6.99,50.83,24.48,5.58,0.0,12337.8
5.9,55.63,14.47,5.7,1.02,19081.6
6.0,61.78,18.15,5.81,2.17,25225.7
5.91,63.75,17.34,5.57,4.74,21044.1
5.52,67.64,29.9,5.56,4.14,23292.6
5.24,73.08,12.92,5.61,0.0,21502.0
4.71,74.88,16.35,5.55,1.35,21197.6
5.15,74.54,31.45,5.51,1.75,18630.0
4.81,77.22,40.05,5.55,1.44,12268.7
4.8,69.5,30.59,5.07,7.34,11392.7
5.85,61.17,35.2,5.18,10.75,17372.6
5.94,63.43,51.35,5.71,0.48,21891.2
5.83,67.66,23.92,5.48,0.79,26770.5
6.27,69.37,26.27,5.64,3.07,24425.6
6.02,63.86,27.11,5.69,5.31,19817.9
4.81,61.02,21.36,5.53,8.17,19060.1
3.78,63.16,32.72,5.41,5.22,20298.3
4.54,64.92,15.3,6.0,0.0,20856.3
6.13,63.79,21.38,5.78,0.0,15782.2
7.55,57.72,22.38,5.86,2.5,11017.3
7.62,53.66,23.51,5.93,2.28,9700.9
11.57,53.52,16.9,5.51,5.27,8302.5
12.86,49.44,38.61,5.66,2.95,9354.1
11.11,47.3,12.76,5.84,0.0,11650.4
9.96,50.61,11.42,5.7,0.0,15807.9
9.44,56.36,9.21,5.77,0.38,22719.6
7.85,62.99,12.22,5.84,1.38,33842.3
6.84,68.56,13.14,5.55,4.76,25507.3
7.48,74.89,36.46,5.81,3.42,26662.5
7.45,74.43,11.16,5.96,0.0,23553.7
6.32,71.38,17.92,5.44,3.64,22341.8
16.71,73.91,18.27,5.12,22.5,18655.0
21.42,74.39,16.15,5.35,19.67,16230.9
17.35,69.18,38.75,5.07,21.44,11001.2
14.12,64.66,34.28,5.03,30.64,9897.2
11.93,60.78,34.15,5.44,14.97,19001.9
10.39,58.79,21.91,5.35,9.9,23922.1
8.64,58.73,14.49,5.59,10.69,26767.4
6.56,60.22,12.7,5.82,3.05,24217.5
5.69,61.6,12.4,5.55,7.88,20429.8
5.3,58.24,25.56,5.64,7.67,19887.1
4.8,57.69,37.97,5.91,0.0,18358.4
3.9,55.54,18.33,5.75,1.12,15894.6
3.32,48.59,13.92,5.77,0.0,11115.4
4.52,44.92,12.11,5.77,0.07,9236.0
5.41,44.57,12.71,5.53,1.6,8278.1
5.92,46.62,34.22,5.66,1.69,8932.0
6.48,47.7,18.35,5.95,0.0,11437.8
5.96,44.42,7.56,5.78,0.0,14322.7
6.37,39.37,12.14,6.02,0.0,20241.0
6.09,35.61,10.93,6.16,0.0,23912.1
6.26,39.17,13.77,5.84,0.75,25930.6
6.61,48.81,33.01,6.02,0.95,24170.1
6.7,48.97,7.36,6.07,0.0,22075.8
5.81,47.36,15.46,5.95,0.0,22059.1
6.19,47.87,16.98,6.01,0.0,21433.0
8.46,49.3,15.94,5.97,0.0,18448.9
9.25,49.65,11.87,5.51,2.62,19258.5
7.9,45.17,28.18,5.33,5.27,19386.7
5.99,42.88,30.19,5.62,0.0,22491.2
5.02,42.47,8.62,5.38,0.53,28943.9
4.62,36.81,8.67,5.69,3.03,28099.6
4.47,31.91,14.0,5.99,0.01,20614.9
4.8,32.87,10.12,5.76,1.49,18232.0
4.28,28.04,31.1,5.78,1.54,19221.6
3.21,24.6,9.79,6.19,0.0,17947.3
3.8,27.34,14.27,6.15,0.0,14231.9
5.24,27.54,8.93,6.01,2.87,9834.2
5.93,29.09,15.2,6.18,2.14,7907.0
7.06,31.18,23.65,5.93,3.19,7973.9
8.22,30.99,20.6,6.32,0.16,6795.2
8.51,32.12,8.57,6.47,0.0,9828.8
7.39,31.76,11.92,6.26,0.0,16080.2
6.27,37.28,7.26,6.17,0.17,18325.1
6.76,46.33,9.29,6.25,0.74,19135.6
6.68,49.78,23.72,6.06,2.82,19933.1
7.15,53.36,11.35,6.51,0.18,12890.1
6.89,55.37,3.9,6.59,0.0,9535.7
7.07,52.5,7.73,6.6,0.0,7539.1
7.87,49.56,7.95,6.2,0.0,6553.8
7.15,41.97,10.05,6.32,0.0,5593.0
6.37,37.57,23.94,6.15,0.47,5437.9
6.85,33.93,17.87,6.46,0.0,5827.4
6.68,33.04,7.84,6.57,0.0,6034.4
6.38,33.89,10.51,6.45,0.0,6579.1
8.47,33.06,7.63,6.31,0.0,5922.0
8.88,38.34,17.52,6.3,0.0,5426.9
6.88,37.44,29.67,6.33,0.0,5160.0
5.52,33.72,15.77,6.76,0.0,5409.0
4.88,30.94,21.34,6.69,0.0,5002.3
5.29,24.58,18.85,6.75,0.0,4448.8
6.39,18.63,6.34,6.56,3.96,4598.9
6.98,17.49,4.22,6.68,4.28,4587.7
5.95,19.29,12.16,6.5,5.69,4573.9
5.54,17.16,15.11,6.65,0.23,5069.9
5.05,13.59,20.77,6.81,0.0,5291.9
4.18,11.8,17.89,6.81,0.0,5016.9
4.69,9.61,7.08,6.71,0.63,4058.6
5.29,7.69,5.52,6.74,1.73,4331.3
5.4,8.25,8.96,6.75,3.14,4855.9
5.27,9.08,16.6,7.14,0.01,6677.3
6.08,8.76,17.05,7.11,0.0,6611.0
6.65,8.47,5.37,6.92,0.0,6129.2
7.19,9.64,15.43,6.8,0.08,5337.0
7.71,10.15,22.01,6.92,0.08,4826.5
8.38,13.39,21.67,6.88,0.52,5074.9
8.79,14.74,16.91,6.86,0.0,6092.7
8.61,10.6,16.29,7.2,0.0,6260.9
7.41,8.34,4.34,6.94,0.0,6112.1
6.75,8.5,8.96,6.85,0.02,6398.5
6.35,8.19,4.1,6.73,0.0,5824.7
5.3,6.47,6.05,6.83,0.0,6080.9
5.81,4.97,18.55,7.14,0.0,6661.4
6.67,3.57,11.39,7.13,0.0,5486.6
7.13,2.74,7.96,7.06,0.0,5749.8
7.09,3.12,9.14,6.88,2.54,2183.3
5.92,7.14,4.7,6.76,0.48,1950.7
4.39,8.98,6.48,6.87,0.09,3271.0
4.84,6.54,22.56,6.99,0.0,4304.2
6.03,4.87,11.83,7.14,0.0,4433.6
7.15,7.54,8.53,7.0,0.0,4432.7
6.68,9.05,7.47,6.65,0.76,4185.1
5.5,11.34,5.24,6.88,0.04,3702.7
4.52,13.49,4.92,6.91,0.02,3899.3
4.3,10.21,21.34,7.22,0.0,4410.2
5.04,7.22,8.44,7.15,0.0,4459.7
6.01,5.42,8.13,7.11,0.0,3862.2
7.32,6.07,13.54,6.73,1.3,4173.3
7.16,8.83,10.1,6.82,1.91,3950.6
6.45,8.86,27.06,6.63,2.64,3865.7
6.43,6.84,17.81,6.93,0.24,4971.0
5.67,5.97,14.79,7.03,0.0,5420.9
5.16,6.59,7.12,6.94,0.0,4603.6
4.69,14.21,7.64,6.66,1.36,4627.5
5.5,19.39,5.78,6.79,1.46,4258.3
6.16,20.42,7.62,6.64,1.6,4649.3
6.37,19.25,14.97,6.99,0.1,5446.3
5.67,17.89,10.97,6.95,0.0,4749.7
5.39,19.0,7.91,7.0,0.0,4187.6
5.74,21.91,7.32,6.67,4.8,1685.1
5.31,23.35,4.82,6.86,3.43,1273.0
4.8,31.63,4.9,6.6,2.72,1577.2
4.17,41.72,17.31,6.96,0.3,2575.7
3.7,36.14,12.27,7.07,0.0,2234.4
4.46,27.46,8.0,7.08,0.0,1821.4
5.36,21.49,9.25,6.75,2.47,3283.3
5.62,19.29,11.51,6.84,3.5,5028.8
6.53,19.57,12.84,7.05,3.3,5227.2
7.8,17.57,16.28,7.17,0.52,5422.4
8.43,15.06,8.85,7.07,0.0,4416.2
8.94,16.2,7.13,7.04,0.01,3842.4
8.98,21.29,8.16,6.76,4.07,3638.7
7.51,23.71,10.67,6.71,6.5,2925.7
7.02,23.86,19.03,6.4,9.87,3332.8
7.03,22.63,14.86,6.85,4.28,3791.9
6.95,20.35,16.28,6.83,0.0,4459.1
6.23,21.62,14.32,6.97,0.05,4440.6
5.69,27.51,12.97,6.71,3.95,3980.7
6.12,29.71,5.26,6.68,5.34,3244.3
6.99,31.08,6.02,6.7,6.24,3092.9
6.68,28.95,16.63,7.05,1.46,4204.8
5.44,21.2,16.73,7.15,0.0,3745.2
4.55,18.64,8.65,7.1,0.0,3095.8
4.02,16.96,6.04,6.94,5.73,1589.4
3.4,12.98,1.2,6.89,4.48,975.8
3.43,9.67,4.4,6.85,3.55,1215.1
4.57,7.51,19.3,7.21,0.72,2473.0
5.16,6.02,12.8,7.12,0.0,2414.9
6.18,6.39,10.52,7.23,0.0,2264.9
7.0,7.24,8.3,6.88,3.76,2269.1
6.71,11.4,1.88,6.98,3.64,2740.4
7.05,14.62,4.92,7.05,2.4,4399.1
6.73,12.44,12.0,8.98,,8833.0
4.84,13.17,10.84,8.83,0.0,7905.8
9.23,15.78,8.07,7.34,1.06,5523.7
11.98,15.58,8.71,7.23,7.32,5031.9
9.47,15.13,23.9,6.9,15.91,4269.8
7.22,13.31,14.59,6.93,17.71,4303.2
6.79,13.46,18.31,7.7,22.0,6821.3
6.83,19.51,12.13,7.91,41.08,6971.5
7.83,26.9,8.21,6.97,53.19,6984.2
8.47,30.1,8.62,6.98,57.53,6900.0
8.1,30.64,8.88,7.12,55.8,6272.9
8.27,27.29,8.41,6.93,55.09,5218.3
8.89,23.87,9.24,7.18,50.41,4538.7
8.65,28.57,10.52,7.15,49.94,3691.9
8.2,33.13,9.78,6.76,17.5,4277.7
14.15,33.03,7.24,6.93,17.46,3769.6
16.03,36.94,6.98,7.06,15.48,3897.5
12.97,38.38,19.56,6.86,13.32,4850.9
10.88,39.41,19.5,6.97,6.78,4814.4
10.28,37.33,7.07,7.03,4.34,4172.1
10.02,32.36,9.53,6.78,13.62,4248.7
8.49,34.03,5.88,7.04,17.84,4515.3
6.58,33.99,1.81,6.79,15.66,5518.5
6.67,28.06,14.05,6.8,14.33,6315.1
6.78,23.7,19.43,6.95,6.3,6155.2
7.0,25.92,8.1,6.93,5.69,6166.3
7.26,23.89,10.85,6.61,14.73,5650.7
7.54,20.3,12.74,6.56,19.76,5517.0
6.97,25.81,9.37,6.37,23.2,5410.2
5.81,41.45,29.82,6.37,23.91,5773.3
4.91,44.86,15.0,6.59,10.93,6348.5
4.38,38.81,16.96,6.84,5.81,6143.6
8.54,39.85,9.45,6.5,14.14,7286.5
9.6,44.25,2.97,6.67,18.59,7093.0
7.32,46.99,14.86,6.56,20.21,7029.0
6.52,42.91,12.75,6.61,20.03,6958.3
5.79,40.77,14.6,6.9,7.21,6928.0
5.31,38.14,8.77,6.91,5.49,6698.3
4.68,34.58,10.66,6.72,19.3,5349.6
4.3,33.62,3.8,6.74,20.3,4542.6
5.48,31.45,2.24,6.66,20.0,4332.9
6.24,27.14,10.46,6.62,18.95,5329.2
6.07,25.9,18.21,6.87,7.87,5831.6
5.72,24.35,7.82,6.93,6.39,5551.4
12.93,22.07,9.26,6.59,15.93,5781.7
15.37,19.7,9.78,6.71,22.26,6891.3
11.19,17.56,14.87,6.75,22.58,6862.3
8.08,15.78,17.32,6.89,21.83,6507.6
7.62,11.79,21.07,7.05,12.48,6767.8
7.93,10.47,22.69,7.4,11.28,6723.0
7.77,9.59,10.21,6.81,17.14,5660.2
8.12,9.14,5.14,6.88,21.83,6005.1
7.89,10.71,40.95,6.73,24.9,5954.9
7.43,11.12,14.12,6.63,26.48,6329.9
7.97,9.55,18.75,6.86,13.92,6741.3
8.19,7.38,21.02,6.99,10.7,7392.0
15.91,9.93,11.83,6.85,16.76,5947.4
19.13,11.9,0.95,6.8,21.14,5364.3
14.4,9.08,5.59,6.71,22.62,5247.7
11.68,6.87,10.48,6.65,22.22,5045.7
10.71,8.07,21.53,6.95,11.08,5580.1
10.23,9.31,8.17,6.98,8.92,5183.8
10.07,9.06,10.78,6.87,15.81,2773.4
8.53,9.18,2.99,6.89,17.24,2370.0
7.75,8.5,0.96,6.75,17.02,2512.2
7.5,7.55,10.07,6.74,17.03,3383.9
6.54,8.77,18.98,7.09,8.64,4200.2
5.12,9.99,11.38,7.15,6.72,4333.9
4.57,10.76,11.67,6.93,12.97,3594.6
4.31,12.21,5.62,7.2,16.21,3998.0
5.29,15.47,2.97,7.24,15.21,4510.7
5.38,20.2,11.72,7.15,16.58,4852.8
5.58,19.17,28.81,7.26,9.77,5425.2
6.15,15.92,13.49,7.18,8.95,5440.1
6.68,18.04,12.31,6.93,14.82,4599.0
7.46,17.74,4.75,6.78,20.31,4439.8
7.1,17.67,16.39,6.72,26.86,4317.1
5.97,17.63,27.3,6.48,28.66,4705.3
5.65,12.92,16.8,6.81,15.28,4303.7
5.7,12.34,23.96,6.9,9.92,5790.8
6.9,13.74,15.09,6.95,13.95,5074.5
8.22,17.23,2.46,6.97,18.03,4696.6
8.58,20.18,2.99,6.98,19.2,5042.4
8.21,18.81,11.99,6.97,19.2,5351.0
8.34,25.35,14.1,7.23,8.35,6192.2
7.72,29.13,7.14,7.27,5.42,5408.3
11.88,31.41,8.73,6.84,13.73,3337.1
13.32,36.13,2.82,7.05,16.62,2890.4
10.52,34.73,2.88,6.99,15.25,2439.4
8.97,29.72,11.57,6.94,14.02,2597.5
7.21,25.38,19.35,7.21,6.24,3446.2
6.27,23.02,6.2,7.14,5.44,3399.5
6.06,25.02,11.13,6.96,11.15,2578.0
6.59,27.38,3.75,7.17,16.79,2526.9
6.71,27.29,1.8,7.15,15.17,2732.5
6.1,29.33,13.61,7.05,14.07,3584.9
4.96,26.41,22.81,7.25,7.24,4588.5
4.32,32.24,9.84,7.17,5.48,4858.9
9.65,38.2,13.41,6.89,12.7,5603.6
11.37,39.18,10.51,6.75,21.5,5708.2
8.6,41.34,10.5,6.68,27.31,5319.8
7.48,38.85,19.61,6.51,28.08,6240.9
7.94,38.18,16.26,6.79,14.49,6149.6
7.29,41.13,22.81,6.83,9.49,6539.5
7.13,44.98,13.43,6.77,12.49,6282.2
7.51,51.29,7.8,6.8,19.42,10226.1
7.87,66.79,8.21,6.7,22.91,12427.3
8.17,77.87,14.77,6.65,24.54,12007.3
7.87,78.01,17.6,7.08,10.71,12310.1
6.93,86.6,12.95,6.87,6.14,12007.0
8.77,99.46,11.86,6.83,15.33,8445.1
9.77,98.15,4.36,6.8,19.9,7030.4
9.18,92.06,9.05,6.73,21.84,6454.4
8.92,90.0,14.81,6.56,23.58,6656.7
7.86,84.25,19.26,6.94,13.12,6289.1
7.64,79.2,18.34,6.98,8.07,7878.2
8.18,76.69,11.26,6.84,11.98,7766.7
8.2,73.53,5.77,6.74,19.77,10498.3
6.82,71.05,9.8,6.76,21.46,10370.3
6.65,72.9,12.87,6.54,25.53,9780.7
7.47,73.81,8.59,6.69,17.7,11120.5
7.69,68.41,11.83,6.59,15.81,11354.2
8.1,63.37,10.52,6.41,21.13,11847.6
8.26,63.57,13.82,6.14,30.02,
7.93,56.14,22.54,6.01,32.5,11659.0
7.23,48.0,28.52,6.02,35.14,12747.4
7.07,45.57,14.45,6.44,23.68,16454.4
6.8,52.26,7.36,6.47,16.6,17293.8
7.47,60.72,6.7,6.21,21.26,18318.2
7.76,63.14,18.55,6.39,29.77,17346.3
7.25,69.19,11.21,6.02,34.3,14556.1
8.06,68.79,26.11,5.9,35.2,16055.0
8.61,69.93,11.7,6.4,21.41,15555.1
8.91,69.75,23.58,6.47,14.94,11901.5
8.58,65.18,11.85,6.33,14.31,11935.5
6.83,60.78,10.29,6.24,20.35,11492.0
5.2,52.35,14.93,6.12,24.68,9430.7
4.46,54.25,12.28,6.07,27.5,10433.9
4.39,65.44,10.48,6.45,12.25,12998.0
5.19,71.05,20.18,6.51,5.27,16787.1
5.43,75.19,9.16,6.46,7.02,21368.1
5.47,73.65,6.88,6.34,17.22,26621.2
6.27,73.81,20.79,6.15,20.52,26569.3
6.61,81.72,14.72,6.01,23.47,21142.4
7.02,82.02,11.1,6.4,11.33,18161.7
6.54,79.99,16.47,6.54,6.23,15831.2
10.46,81.93,8.29,6.22,10.49,14251.4
13.23,84.15,11.57,6.02,21.34,13454.7
12.51,86.93,9.82,5.85,28.42,11853.8
11.39,99.2,10.7,5.67,30.53,14055.7
9.69,110.97,13.54,6.18,18.61,15576.7
8.84,115.73,15.27,6.1,10.86,15429.7
12.23,124.14,12.77,6.04,14.5,18312.0
15.58,129.18,12.06,6.0,24.75,19874.8
15.14,142.53,9.25,5.92,29.4,20471.9
12.61,161.36,10.77,5.78,30.37,23134.2
9.77,163.01,12.79,6.15,17.36,24277.6
10.04,160.13,25.33,6.2,10.33,21514.8
18.77,157.15,15.45,6.09,15.24,23088.2
20.13,157.46,13.6,6.03,22.94,19181.2
16.14,165.19,7.18,5.83,27.98,16551.7
13.93,164.49,10.8,5.72,29.02,15103.5
10.87,156.38,13.57,6.3,15.17,17859.1
8.5,151.16,7.46,6.12,8.54,20592.5
16.33,159.79,7.29,6.14,10.75,24959.7
19.13,166.98,9.05,6.03,20.25,37644.5
15.18,164.97,7.09,6.04,26.08,29902.0
13.38,159.94,10.62,5.84,28.86,23420.5
12.85,142.21,15.61,6.09,17.83,20895.0
13.08,132.43,24.33,6.17,8.99,17411.5
12.94,121.66,20.91,5.88,15.83,18945.3
16.5,107.12,28.55,4.92,48.37,16715.8
46.22,227.94,8.05,4.61,93.88,
39.45,334.01,9.12,5.0,89.4,
32.46,311.37,10.99,4.91,87.65,
26.94,312.58,20.3,4.71,90.8,
20.31,291.74,14.0,5.11,81.69,65280.6
15.06,221.88,21.76,5.12,69.23,42409.1
14.02,184.98,14.1,5.06,7.84,77684.8
13.94,162.07,15.44,4.91,10.42,60443.5
12.89,133.88,17.13,4.95,11.07,44827.1
14.49,131.84,26.72,4.92,8.72,32802.9
15.11,127.74,18.35,5.13,0.1,28327.8
13.78,126.94,9.54,5.34,0.0,28504.4
12.5,132.83,12.55,5.05,1.71,21038.5
12.15,138.04,10.2,5.11,7.2,20028.9
11.35,142.63,14.15,5.11,8.68,16346.4
23.3,143.83,32.5,4.82,14.21,13028.5
26.8,132.28,37.05,5.01,11.84,3984.7
20.27,120.46,35.9,4.93,11.68,2293.9
15.98,104.33,34.7,4.33,26.86,1903.7
11.85,74.91,35.96,4.34,47.16,619.1
9.64,64.03,34.0,3.71,67.26,0.0
64.31,39.58,79.75,,,
63.53,36.88,38.4,4.97,67.1,0.0
51.03,44.55,15.4,4.17,79.54,0.0
43.62,75.78,44.76,4.95,27.88,52274.7
33.47,106.98,18.38,5.12,25.07,33752.5
24.19,102.15,19.2,4.85,25.09,24815.8
17.81,76.94,17.25,5.02,24.69,20611.0
14.17,70.11,21.8,5.12,23.24,16010.9
12.61,69.99,18.22,5.16,4.01,17361.9
10.77,63.05,30.48,5.32,0.07,17692.2
8.73,58.0,22.58,5.31,0.0,12938.4
8.74,53.3,16.84,5.48,0.0,13903.8
9.0,53.02,12.54,5.32,0.0,12852.8
7.78,55.83,16.53,5.56,0.0,9904.1
7.09,50.71,33.81,5.05,0.0,8375.0
6.69,47.93,14.28,5.5,0.0,8432.9
7.32,49.53,15.59,5.47,0.0,6477.6
7.02,60.69,18.67,6.06,4.16,7452.7
6.89,59.07,18.55,5.63,8.47,7396.9
7.85,51.58,18.33,5.35,17.54,6750.0
12.2,56.91,36.34,5.19,22.02,7258.8
12.93,54.98,16.86,4.91,18.31,7927.8
11.13,55.3,21.01,5.47,11.49,9106.7
11.16,64.58,15.46,5.06,16.18,8311.5
10.83,72.9,17.74,5.51,22.99,19625.6
9.64,80.56,16.56,5.2,23.72,32608.8
8.84,95.67,29.79,4.88,26.77,29833.4
8.88,105.17,19.11,5.15,21.42,36481.1
13.42,111.76,10.28,5.53,9.3,30468.8
13.71,114.79,16.83,5.44,14.19,27259.4
10.54,108.91,10.69,5.32,19.48,22725.9
9.21,102.66,15.15,5.3,20.85,19483.6
11.66,91.15,23.68,5.11,4.56,16483.9
11.64,84.31,10.3,5.52,0.0,14775.3
8.93,83.68,16.28,5.56,0.0,11060.6
8.01,82.25,7.82,5.56,0.0,10234.7
9.03,74.42,9.6,5.37,0.36,9656.0
12.7,74.04,9.21,5.32,0.97,13220.9
14.48,79.21,24.74,5.53,0.92,15992.3
13.44,76.71,7.24,5.73,,24525.1
11.21,78.88,17.16,5.71,0.0,24729.5
9.46,80.08,5.91,5.43,0.0,23736.4
7.95,83.14,10.22,7.53,0.23,19199.9
14.62,87.36,9.15,9.61,1.17,16120.8
26.45,84.85,21.58,9.86,2.36,16244.6
27.73,90.19,11.14,9.98,0.0,20230.2
21.61,96.22,22.83,9.92,0.0,24128.4
21.25,97.41,7.49,9.58,0.0,18121.4
19.61,96.58,12.91,9.68,0.72,15949.6
16.3,103.3,14.21,9.49,2.28,23777.2
15.2,124.46,22.41,9.43,1.62,26273.8
21.54,136.63,9.15,10.16,0.0,29728.4
22.09,139.08,24.49,10.06,0.0,27818.9
16.41,140.8,6.52,9.77,0.0,26961.3
13.65,138.34,13.01,9.5,0.46,23243.3
12.14,132.26,12.79,9.64,2.92,21325.9
9.57,126.54,18.66,9.32,4.23,13723.0
7.17,119.95,14.0,9.87,0.0,11144.3
7.76,109.92,18.84,10.02,0.0,8624.8
8.03,98.66,9.3,9.84,0.0,6937.1
9.27,89.38,14.84,9.71,0.0,5466.4
10.76,88.36,10.27,9.68,0.61,6617.3
10.46,90.4,12.32,9.46,0.98,6152.2
9.97,88.07,12.63,10.21,0.0,7278.3
8.59,87.09,27.65,10.28,0.0,6702.4
6.47,87.32,7.18,10.19,0.0,5263.6
5.28,86.87,15.46,10.03,0.0,4069.7
4.49,86.85,10.6,9.59,0.57,6021.5
5.69,83.59,21.02,9.93,1.47,6190.0
7.42,79.37,12.39,10.07,0.0,6574.9
7.44,72.74,14.09,10.15,0.0,6586.0
7.02,64.09,7.76,9.87,0.0,4988.7
5.93,58.39,11.09,9.95,0.01,4796.3
4.46,54.15,7.67,10.13,1.9,6335.3
3.76,52.64,11.65,9.38,1.94,6453.4
3.97,47.11,10.86,10.31,0.0,6608.0
4.76,51.08,23.05,10.4,0.0,6494.3
8.82,52.89,7.98,10.15,0.0,5711.8
9.72,48.03,5.8,10.01,0.0,4888.7
8.77,46.78,8.68,10.06,0.31,6889.2
7.9,39.35,13.14,9.84,1.59,6545.1
9.58,30.61,12.28,10.29,0.0,6321.4
10.09,23.46,14.04,10.39,0.0,5767.3
6.42,28.09,9.77,9.98,0.05,5607.4
14.27,31.17,15.62,9.98,2.66,5058.5
18.82,32.72,14.4,10.73,,5367.2
15.65,30.86,21.94,10.28,,6409.9
13.66,27.52,13.35,10.33,,5377.0
11.55,20.86,2.74,10.23,,4972.9
10.46,16.51,17.26,,0.07,5616.8
10.37,17.26,17.73,,0.55,6787.3
9.58,21.4,17.59,8.16,0.0,9154.4
8.84,24.99,19.41,8.09,0.0,11213.1
7.26,30.16,12.01,8.19,5.93,22160.4
6.22,36.06,15.12,7.9,14.89,21751.9
8.71,38.21,11.11,7.8,21.54,18155.4
6.35,39.1,35.68,8.01,5.12,22731.0
6.85,40.26,15.1,7.49,21.75,33310.0
7.45,37.92,9.66,8.09,11.86,30872.6
8.01,35.27,15.48,8.37,7.44,28764.6
8.7,32.74,17.89,7.94,13.95,25625.6
9.87,28.54,18.74,8.13,7.79,24238.2
10.13,25.91,15.67,8.48,0.41,17243.5
10.77,24.84,9.0,8.41,3.27,14303.5
12.18,22.92,14.18,8.34,4.27,12018.3
12.26,20.4,18.7,8.38,4.81,10628.1
10.98,17.47,19.87,8.1,6.61,11859.7
10.69,16.86,40.4,8.51,0.38,14278.1
9.64,19.06,70.6,8.6,0.0,23029.0
8.05,19.08,9.34,8.42,2.23,28721.3
8.45,27.12,8.16,8.42,4.59,34615.2
9.48,34.05,8.48,8.53,5.94,36112.1
10.36,32.44,7.9,8.15,12.29,31673.3
10.58,38.61,22.46,8.04,10.16,29991.4
10.02,38.56,44.33,8.1,7.42,29806.7
9.35,33.89,14.62,7.37,19.35,29341.5
7.63,34.83,21.01,6.97,33.59,26876.6
6.24,35.7,15.76,7.62,18.04,23193.0
7.26,29.93,20.84,7.38,21.46,26265.7
9.02,24.06,18.82,7.69,19.04,25433.0
8.67,26.48,15.13,8.08,7.0,32559.9
8.2,26.37,10.6,7.83,12.74,30496.5
7.67,26.62,22.94,8.05,9.48,32580.8
7.23,29.28,10.68,8.42,6.76,33069.5
8.21,34.66,11.27,7.86,14.12,30070.9
9.57,35.38,19.28,8.04,10.83,28771.8
10.45,28.07,5.87,8.26,3.5,23967.8
10.73,26.73,10.98,8.17,6.47,14005.8
11.4,26.57,25.88,8.39,4.09,10886.8
10.82,23.5,22.41,8.26,6.28,9294.1
10.03,25.95,18.31,7.81,11.39,7973.1
10.29,25.38,13.87,8.11,7.06,10308.9
10.63,22.7,62.96,8.35,0.57,18692.9
11.38,27.08,10.4,8.37,2.8,24505.9
10.48,27.02,9.36,8.38,4.04,25334.0
10.41,26.94,8.8,8.38,7.69,18720.8
10.11,32.07,12.09,7.88,15.2,25284.8
9.13,34.86,18.69,8.05,13.09,22938.0
8.64,35.35,41.84,8.28,4.25,23754.5
9.55,34.57,11.84,7.54,16.39,23138.1
9.39,30.84,17.84,6.47,40.26,22099.7
9.45,27.65,11.72,6.49,49.56,22447.9
8.44,27.81,21.52,6.79,48.64,20932.5
6.18,27.09,12.96,6.99,33.8,24943.0
6.12,26.3,10.74,6.72,44.15,24661.0
13.91,27.71,15.24,6.4,58.16,25082.1
15.99,31.94,15.23,6.96,43.26,25133.0
11.71,34.32,21.05,7.62,22.74,24558.3
14.61,30.3,12.58,7.11,27.27,24605.3
14.94,27.96,11.45,6.81,38.26,23080.6
11.16,24.73,22.75,7.22,30.51,20282.1
18.25,21.81,17.84,8.1,12.19,16844.1
21.48,23.47,11.75,7.35,16.42,14335.8
17.18,22.36,14.11,7.81,16.04,11781.2
14.83,17.95,22.58,8.14,7.35,9196.3
12.4,14.67,13.84,7.57,15.94,12784.1
10.72,12.02,24.83,7.89,13.74,15756.6
9.45,11.76,7.81,8.06,5.09,25204.0
15.18,15.61,9.22,7.62,12.26,31467.0
18.11,19.6,11.61,7.83,16.93,31234.1
15.05,18.89,22.54,8.28,6.3,27035.1
11.66,20.33,15.85,7.82,14.19,25322.7
9.71,24.55,19.64,7.84,16.26,25044.3
13.07,26.39,13.77,7.75,14.22,24673.8
13.64,24.86,13.44,7.4,22.05,23560.7
11.32,21.73,20.56,6.88,35.27,28790.0
,,5.57,6.94,41.91,26266.7
,,12.49,7.05,37.26,36253.5
,0.0,17.51,7.56,25.88,45955.6
,0.0,17.05,6.73,29.41,42706.8
,0.24,17.37,7.43,22.79,39283.7
,6.0,18.98,8.05,10.19,34427.5
,6.89,12.15,7.69,23.43,26333.0
,5.43,19.88,8.22,16.94,22946.2
,4.54,5.54,8.24,12.63,16464.0
13.78,8.48,10.95,7.88,12.82,12330.7
14.45,11.74,3.92,8.22,5.55,9076.7
12.63,9.12,5.88,8.05,8.03,10351.3
12.5,7.58,17.42,7.75,23.9,8699.5
10.64,15.04,6.67,8.02,16.89,7678.4
9.52,17.52,15.54,8.66,10.29,4430.8
9.09,13.35,10.06,8.24,5.88,3801.9
8.48,9.39,,8.51,0.74,4184.4
7.72,6.76,,8.56,2.86,3894.2
6.74,5.11,,8.36,7.97,4618.7
6.76,3.62,,8.83,1.21,4870.9
6.96,2.74,,,0.31,4824.2
6.75,3.75,,,1.03,3628.9
6.05,4.9,,,1.0,
4.86,4.53,,,1.9,
5.52,6.16,,,,
5.69,5.25,,,,
,7.5,,,,
,6.89,,,,
,5.02,,,,
,3.52,,,,
,3.49,,,,
,7.81,,,,
,7.04,,,,
,5.1,,,,
,3.6,,,,
,7.74,,,,
,6.21,,,,
,9.6,,,,
,10.16,,,,
,9.17,,,,
,7.64,,,,
,9.71,,,,
,14.89,,,,
,12.5,,,,
,18.07,,,,
,14.08,,,,
,14.27,,,,
,15.48,,,,
,16.91,,,,
,20.9,,,,
,16.16,,,,
8.0,17.0,30.0,72.0,8.0,
9.0,17.0,29.0,90.0,11.0,
9.0,18.0,28.0,94.0,9.0,
9.0,18.0,27.0,75.0,9.0,
8.0,17.0,26.0,73.0,6.0,
8.0,18.0,27.0,66.0,7.0,
8.0,18.0,26.0,80.0,8.0,
8.0,19.0,25.0,96.0,10.0,
8.0,20.0,23.0,94.0,11.0,
9.0,20.0,21.0,102.0,11.0,
9.0,20.0,19.0,99.0,12.0,
9.0,20.0,17.0,65.0,10.0,
9.0,19.0,18.0,66.0,8.0,
8.0,19.0,17.0,62.0,6.0,
8.0,19.0,17.0,77.0,7.0,
8.0,19.0,17.0,104.0,12.0,
9.0,19.0,17.0,117.0,13.0,
8.0,18.0,19.0,59.0,10.0,
8.0,18.0,22.0,52.0,8.0,
8.0,18.0,24.0,34.0,5.0,
8.0,18.0,25.0,42.0,3.0,
8.0,17.0,27.0,40.0,3.0,
7.0,17.0,29.0,53.0,3.0,
7.0,16.0,32.0,47.0,3.0,
7.0,16.0,34.0,44.0,3.0,
7.0,16.0,35.0,35.0,3.0,
7.0,17.0,30.0,64.0,6.0,
8.0,17.0,22.0,87.0,13.0,
8.0,18.0,18.0,103.0,16.0,
8.0,18.0,15.0,103.0,16.0,
8.0,18.0,15.0,116.0,15.0,
8.0,18.0,10.0,108.0,13.0,
8.0,18.0,7.0,108.0,11.0,
8.0,19.0,7.0,96.0,12.0,
8.0,19.0,8.0,100.0,14.0,
9.0,20.0,8.0,112.0,15.0,
9.0,22.0,9.0,112.0,15.0,
10.0,23.0,10.0,72.0,13.0,
10.0,25.0,23.0,32.0,5.0,
10.0,25.0,32.0,28.0,3.0,
10.0,25.0,43.0,18.0,2.0,
10.0,25.0,51.0,31.0,3.0,
10.0,24.0,50.0,70.0,7.0,
10.0,24.0,48.0,62.0,7.0,
10.0,23.0,44.0,87.0,9.0,
10.0,23.0,42.0,70.0,8.0,
10.0,23.0,37.0,64.0,5.0,
9.0,24.0,37.0,67.0,7.0,
9.0,24.0,30.0,55.0,6.0,
9.0,25.0,29.0,50.0,4.0,
10.0,26.0,27.0,86.0,6.0,
10.0,27.0,25.0,98.0,9.0,
10.0,27.0,24.0,104.0,10.0,
10.0,26.0,22.0,99.0,11.0,
10.0,26.0,21.0,89.0,11.0,
10.0,28.0,18.0,85.0,9.0,
,31.0,15.0,82.0,11.0,
,32.0,16.0,68.0,8.0,
,32.0,18.0,56.0,8.0,
,31.0,24.0,41.0,5.0,
,31.0,26.0,47.0,5.0,
14.0,31.0,26.0,70.0,7.0,
13.0,30.0,23.0,118.0,17.0,
13.0,30.0,20.0,110.0,22.0,
13.0,30.0,16.0,128.0,22.0,
13.0,30.0,12.0,115.0,21.0,
13.0,30.0,10.0,99.0,17.0,
13.0,30.0,11.0,80.0,16.0,
13.0,30.0,12.0,82.0,11.0,
11.0,26.0,19.0,100.0,13.0,
10.0,25.0,19.0,102.0,13.0,
10.0,24.0,18.0,90.0,12.0,
10.0,22.0,17.0,95.0,11.0,
9.0,21.0,16.0,85.0,11.0,
9.0,20.0,15.0,85.0,11.0,
9.0,20.0,15.0,56.0,8.0,
9.0,20.0,18.0,45.0,7.0,
9.0,20.0,20.0,50.0,6.0,
9.0,20.0,22.0,49.0,6.0,
9.0,20.0,23.0,63.0,7.0,
10.0,20.0,23.0,103.0,11.0,
10.0,21.0,22.0,125.0,15.0,
10.0,21.0,21.0,129.0,17.0,
10.0,21.0,20.0,120.0,16.0,
9.0,22.0,17.0,128.0,19.0,
10.0,21.0,15.0,124.0,19.0,
9.0,21.0,13.0,133.0,18.0,
9.0,21.0,12.0,112.0,18.0,
9.0,20.0,12.0,118.0,17.0,
10.0,20.0,12.0,139.0,19.0,
10.0,21.0,12.0,96.0,17.0,
10.0,22.0,12.0,132.0,19.0,
10.0,22.0,11.0,128.0,18.0,
11.0,23.0,10.0,117.0,19.0,
11.0,24.0,9.0,123.0,19.0,
12.0,24.0,8.0,104.0,15.0,
12.0,24.0,7.0,96.0,13.0,
12.0,25.0,7.0,106.0,13.0,
13.0,26.0,6.0,90.0,11.0,
14.0,28.0,6.0,71.0,9.0,
15.0,29.0,6.0,67.0,7.0,
15.0,29.0,6.0,64.0,6.0,
16.0,30.0,6.0,54.0,5.0,
16.0,30.0,6.0,38.0,2.0,
17.0,30.0,6.0,39.0,2.0,
17.0,30.0,6.0,43.0,3.0,
17.0,30.0,7.0,41.0,2.0,
18.0,30.0,8.0,43.0,2.0,
18.0,30.0,10.0,37.0,2.0,
18.0,30.0,12.0,36.0,2.0,
18.0,30.0,14.0,37.0,2.0,
19.0,29.0,16.0,33.0,1.0,
18.0,29.0,17.0,35.0,1.0,
18.0,28.0,19.0,26.0,0.0,
18.0,27.0,20.0,26.0,0.0,
18.0,26.0,21.0,30.0,1.0,
17.0,25.0,22.0,27.0,1.0,
17.0,24.0,24.0,24.0,1.0,
16.0,23.0,25.0,23.0,,
16.0,22.0,27.0,23.0,,
15.0,21.0,30.0,21.0,,
13.0,20.0,36.0,12.0,,
11.0,18.0,45.0,4.0,,
11.0,17.0,47.0,11.0,,
10.0,16.0,47.0,7.0,,
9.0,15.0,46.0,14.0,,
7.0,13.0,43.0,14.0,,
7.0,13.0,42.0,15.0,,
6.0,12.0,41.0,17.0,,
6.0,12.0,40.0,21.0,,
5.0,12.0,39.0,29.0,,
5.0,12.0,39.0,18.0,,
4.0,11.0,41.0,24.0,,
4.0,12.0,44.0,24.0,,
4.0,12.0,46.0,30.0,,
4.0,12.0,47.0,28.0,,
4.0,12.0,47.0,29.0,,
4.0,12.0,47.0,30.0,,
4.0,12.0,48.0,25.0,,
4.0,12.0,46.0,25.0,,
4.0,13.0,46.0,23.0,,
4.0,14.0,42.0,18.0,,
4.0,14.0,42.0,15.0,,
4.0,14.0,41.0,19.0,,
5.0,16.0,36.0,49.0,3.0,
6.0,17.0,28.0,68.0,8.0,
7.0,18.0,24.0,91.0,13.0,
7.0,18.0,20.0,63.0,12.0,
8.0,20.0,12.0,77.0,13.0,
9.0,21.0,9.0,82.0,14.0,
9.0,21.0,8.0,77.0,13.0,
10.0,22.0,7.0,77.0,12.0,
11.0,22.0,7.0,71.0,14.0,
11.0,23.0,7.0,88.0,13.0,
12.0,23.0,7.0,85.0,11.0,
13.0,25.0,7.0,53.0,9.0,
14.0,26.0,7.0,52.0,8.0,
14.0,27.0,7.0,47.0,7.0,
15.0,26.0,7.0,49.0,7.0,
16.0,26.0,7.0,41.0,5.0,
17.0,28.0,7.0,42.0,5.0,
18.0,28.0,6.0,37.0,4.0,
19.0,29.0,6.0,40.0,3.0,
19.0,29.0,6.0,39.0,3.0,
20.0,30.0,6.0,56.0,8.0,
20.0,30.0,6.0,86.0,15.0,
21.0,31.0,6.0,86.0,15.0,
21.0,31.0,5.0,,,
21.0,31.0,5.0,,,
21.0,31.0,,,,
21.0,31.0,,,,
24.0,31.0,,99.0,22.0,
25.0,31.0,,129.0,24.0,
26.0,,,138.0,25.0,
26.0,,,131.0,21.0,
27.0,,,101.0,17.0,
28.0,,,141.0,15.0,
28.0,,5.0,46.0,7.0,
28.0,,6.0,46.0,6.0,
28.0,,6.0,41.0,5.0,
27.0,,7.0,30.0,2.0,
26.0,,10.0,42.0,3.0,
25.0,,13.0,45.0,5.0,
24.0,,13.0,102.0,13.0,
23.0,,12.0,126.0,17.0,
23.0,,12.0,130.0,22.0,
22.0,29.0,11.0,128.0,22.0,
22.0,29.0,11.0,105.0,21.0,
21.0,29.0,11.0,118.0,23.0,
21.0,30.0,9.0,118.0,23.0,
20.0,30.0,7.0,152.0,26.0,
19.0,31.0,6.0,128.0,25.0,
18.0,30.0,6.0,152.0,24.0,
18.0,30.0,6.0,134.0,25.0,
18.0,30.0,5.0,112.0,22.0,
18.0,31.0,5.0,109.0,20.0,
18.0,32.0,5.0,118.0,20.0,
19.0,32.0,4.0,93.0,16.0,
19.0,32.0,4.0,76.0,15.0,
19.0,33.0,4.0,71.0,11.0,
19.0,33.0,4.0,64.0,8.0,
19.0,33.0,4.0,55.0,6.0,
20.0,34.0,4.0,42.0,5.0,
21.0,35.0,4.0,43.0,4.0,
22.0,36.0,4.0,50.0,5.0,
22.0,36.0,4.0,50.0,7.0,
22.0,36.0,4.0,61.0,10.0,
23.0,36.0,4.0,66.0,10.0,
23.0,35.0,4.0,61.0,10.0,
23.0,35.0,4.0,50.0,10.0,
22.0,34.0,4.0,67.0,9.0,
22.0,33.0,5.0,73.0,9.0,
22.0,32.0,5.0,55.0,9.0,
23.0,31.0,5.0,67.0,8.0,
23.0,31.0,4.0,55.0,9.0,
23.0,31.0,4.0,62.0,7.0,
22.0,30.0,4.0,75.0,8.0,
23.0,29.0,4.0,58.0,8.0,
22.0,28.0,4.0,41.0,5.0,
21.0,27.0,5.0,39.0,5.0,
21.0,27.0,6.0,33.0,5.0,
21.0,26.0,7.0,28.0,3.0,
22.0,27.0,8.0,28.0,2.0,
22.0,26.0,8.0,31.0,3.0,
22.0,26.0,9.0,27.0,3.0,
22.0,26.0,9.0,29.0,3.0,
22.0,26.0,8.0,35.0,5.0,
22.0,26.0,8.0,48.0,7.0,
22.0,27.0,6.0,121.0,16.0,
23.0,28.0,6.0,126.0,18.0,
23.0,28.0,6.0,134.0,15.0,
24.0,29.0,5.0,114.0,18.0,
24.0,30.0,6.0,116.0,18.0,
24.0,31.0,6.0,119.0,18.0,
24.0,31.0,6.0,137.0,16.0,
24.0,31.0,6.0,133.0,16.0,
24.0,31.0,7.0,106.0,16.0,
24.0,32.0,8.0,100.0,13.0,
24.0,32.0,9.0,86.0,11.0,
24.0,32.0,10.0,72.0,7.0,
24.0,33.0,12.0,80.0,6.0,
24.0,33.0,12.0,78.0,6.0,
24.0,32.0,13.0,72.0,5.0,
24.0,33.0,15.0,48.0,3.0,
24.0,32.0,18.0,32.0,3.0,
24.0,32.0,20.0,36.0,2.0,
23.0,32.0,22.0,32.0,2.0,
23.0,32.0,22.0,38.0,2.0,
23.0,33.0,22.0,72.0,6.0,
23.0,33.0,22.0,73.0,7.0,
23.0,33.0,21.0,66.0,7.0,
23.0,33.0,19.0,73.0,9.0,
23.0,34.0,17.0,70.0,9.0,
23.0,34.0,14.0,79.0,10.0,
23.0,33.0,12.0,94.0,10.0,
23.0,33.0,12.0,87.0,8.0,
22.0,32.0,12.0,77.0,7.0,
22.0,32.0,13.0,83.0,8.0,
22.0,31.0,14.0,90.0,7.0,
22.0,31.0,15.0,64.0,6.0,
22.0,31.0,16.0,47.0,4.0,
22.0,32.0,16.0,51.0,4.0,
23.0,32.0,16.0,41.0,3.0,
23.0,32.0,17.0,63.0,4.0,
23.0,31.0,18.0,51.0,4.0,
23.0,32.0,19.0,52.0,3.0,
23.0,32.0,19.0,54.0,5.0,
24.0,33.0,19.0,41.0,4.0,
24.0,33.0,20.0,41.0,4.0,
24.0,33.0,21.0,38.0,4.0,
24.0,34.0,21.0,25.0,2.0,
24.0,34.0,21.0,43.0,3.0,
24.0,33.0,21.0,40.0,2.0,
24.0,33.0,20.0,53.0,4.0,
24.0,33.0,19.0,45.0,4.0,
24.0,32.0,19.0,55.0,4.0,
23.0,32.0,18.0,54.0,4.0,
23.0,32.0,17.0,60.0,7.0,
23.0,32.0,15.0,96.0,11.0,
24.0,33.0,11.0,126.0,18.0,
25.0,34.0,10.0,129.0,18.0,
25.0,34.0,9.0,116.0,19.0,
26.0,35.0,8.0,103.0,16.0,
26.0,35.0,8.0,76.0,12.0,
26.0,35.0,7.0,73.0,10.0,
26.0,36.0,8.0,64.0,10.0,
26.0,36.0,8.0,105.0,11.0,
26.0,36.0,9.0,60.0,8.0,
26.0,36.0,11.0,35.0,5.0,
25.0,35.0,14.0,30.0,5.0,
25.0,35.0,18.0,29.0,4.0,
23.0,32.0,24.0,118.0,16.0,
22.0,32.0,24.0,119.0,17.0,
22.0,31.0,22.0,139.0,19.0,
21.0,30.0,19.0,148.0,20.0,
21.0,30.0,16.0,162.0,22.0,
20.0,29.0,10.0,116.0,19.0,
18.0,28.0,9.0,131.0,23.0,
17.0,26.0,8.0,132.0,20.0,
16.0,24.0,8.0,142.0,18.0,
15.0,23.0,9.0,114.0,16.0,
14.0,22.0,9.0,124.0,18.0,
13.0,20.0,9.0,97.0,17.0,
12.0,19.0,9.0,79.0,14.0,
11.0,18.0,10.0,103.0,18.0,
11.0,18.0,10.0,109.0,17.0,
11.0,17.0,11.0,59.0,11.0,
10.0,17.0,13.0,43.0,8.0,
9.0,16.0,23.0,48.0,6.0,
9.0,15.0,24.0,48.0,7.0,
9.0,15.0,25.0,,10.0,
9.0,15.0,25.0,,13.0,
9.0,16.0,24.0,140.0,18.0,
9.0,16.0,21.0,176.0,27.0,
9.0,17.0,19.0,127.0,24.0,
9.0,16.0,19.0,127.0,24.0,
9.0,15.0,16.0,127.0,24.0,
9.0,15.0,14.0,,,
9.0,15.0,14.0,,,
9.0,15.0,,,,
8.0,15.0,,,,
8.0,14.0,,181.0,31.0,
7.0,13.0,,185.0,32.0,
7.0,12.0,,158.0,28.0,
7.0,12.0,8.0,146.0,24.0,
6.0,11.0,8.0,129.0,22.0,
6.0,10.0,9.0,107.0,20.0,
6.0,9.0,10.0,84.0,16.0,
5.0,7.0,17.0,42.0,7.0,
4.0,7.0,27.0,36.0,5.0,
4.0,6.0,32.0,32.0,4.0,
4.0,6.0,35.0,56.0,6.0,
4.0,5.0,35.0,132.0,13.0,
3.0,5.0,35.0,100.0,11.0,
3.0,3.0,33.0,106.0,13.0,
3.0,2.0,29.0,138.0,15.0,
3.0,1.0,25.0,89.0,14.0,
,1.0,22.0,65.0,11.0,
,1.0,20.0,73.0,7.0,
2.0,1.0,19.0,128.0,11.0,
2.0,1.0,19.0,87.0,11.0,
2.0,1.0,19.0,155.0,18.0,
2.0,1.0,19.0,148.0,23.0,
2.0,1.0,17.0,176.0,27.0,
2.0,1.0,15.0,178.0,24.0,
,1.0,13.0,141.0,22.0,
,1.0,12.0,97.0,17.0,
,1.0,12.0,103.0,14.0,
,1.0,12.0,112.0,13.0,
2.0,,11.0,75.0,11.0,
1.0,,12.0,82.0,10.0,
1.0,,14.0,68.0,7.0,
1.0,,14.0,69.0,7.0,
1.0,,14.0,85.0,10.0,
1.0,,13.0,136.0,22.0,
1.0,,12.0,131.0,26.0,
1.0,,12.0,148.0,28.0,
1.0,,9.0,139.0,24.0,
1.0,,8.0,107.0,22.0,
1.0,,8.0,143.0,21.0,
1.0,,8.0,127.0,23.0,
2.0,,8.0,173.0,27.0,
3.0,,8.0,151.0,27.0,
5.0,,8.0,179.0,27.0,
6.0,,8.0,130.0,22.0,
7.0,,7.0,123.0,20.0,
8.0,,7.0,117.0,18.0,
9.0,,8.0,102.0,14.0,
9.0,,8.0,92.0,11.0,
10.0,,10.0,89.0,10.0,
11.0,,12.0,64.0,7.0,
11.0,,13.0,68.0,7.0,
11.0,,16.0,79.0,7.0,
11.0,26.0,15.0,89.0,11.0,
12.0,27.0,15.0,115.0,13.0,
12.0,26.0,15.0,103.0,13.0,
13.0,27.0,15.0,81.0,13.0,
13.0,28.0,15.0,92.0,8.0,
13.0,27.0,15.0,96.0,10.0,
13.0,26.0,14.0,100.0,11.0,
13.0,26.0,13.0,125.0,11.0,
13.0,25.0,14.0,85.0,11.0,
13.0,24.0,17.0,64.0,5.0,
12.0,22.0,20.0,63.0,4.0,
12.0,21.0,21.0,61.0,4.0,
11.0,20.0,22.0,54.0,4.0,
11.0,18.0,25.0,53.0,4.0,
10.0,17.0,28.0,56.0,4.0,
10.0,16.0,31.0,35.0,3.0,
10.0,15.0,30.0,67.0,5.0,
10.0,15.0,30.0,55.0,5.0,
10.0,15.0,29.0,45.0,3.0,
11.0,15.0,29.0,49.0,4.0,
11.0,15.0,28.0,45.0,4.0,
11.0,15.0,26.0,34.0,3.0,
12.0,16.0,25.0,46.0,5.0,
13.0,16.0,21.0,67.0,6.0,
13.0,17.0,19.0,66.0,8.0,
14.0,18.0,16.0,80.0,13.0,
14.0,19.0,15.0,81.0,12.0,
15.0,19.0,14.0,78.0,10.0,
15.0,18.0,14.0,78.0,9.0,
15.0,18.0,13.0,115.0,10.0,
14.0,18.0,13.0,108.0,10.0,
15.0,18.0,13.0,95.0,10.0,
15.0,19.0,13.0,127.0,11.0,
15.0,19.0,13.0,129.0,13.0,
16.0,20.0,11.0,128.0,17.0,
16.0,21.0,9.0,137.0,19.0,
17.0,22.0,7.0,114.0,16.0,
17.0,22.0,6.0,100.0,16.0,
17.0,22.0,6.0,76.0,14.0,
17.0,22.0,6.0,77.0,11.0,
16.0,21.0,7.0,58.0,8.0,
16.0,21.0,8.0,56.0,8.0,
15.0,20.0,10.0,50.0,7.0,
15.0,20.0,12.0,54.0,7.0,
14.0,19.0,12.0,61.0,7.0,
14.0,19.0,13.0,70.0,7.0,
14.0,18.0,13.0,94.0,12.0,
13.0,18.0,12.0,101.0,13.0,
13.0,18.0,11.0,99.0,16.0,
13.0,17.0,10.0,89.0,14.0,
13.0,18.0,9.0,100.0,12.0,
13.0,19.0,9.0,80.0,10.0,
13.0,20.0,10.0,78.0,10.0,
13.0,20.0,11.0,110.0,10.0,
13.0,20.0,13.0,93.0,9.0,
13.0,20.0,14.0,77.0,9.0,
13.0,20.0,16.0,96.0,9.0,
13.0,21.0,16.0,103.0,11.0,
12.0,20.0,16.0,115.0,13.0,
12.0,20.0,15.0,131.0,16.0,
12.0,21.0,13.0,109.0,15.0,
12.0,21.0,12.0,89.0,13.0,
12.0,22.0,11.0,81.0,11.0,
12.0,22.0,12.0,72.0,10.0,
12.0,23.0,13.0,80.0,11.0,
12.0,23.0,16.0,46.0,5.0,
12.0,23.0,24.0,45.0,4.0,
12.0,23.0,29.0,48.0,4.0,
12.0,23.0,31.0,62.0,5.0,
12.0,23.0,32.0,107.0,11.0,
12.0,23.0,30.0,132.0,17.0,
11.0,22.0,28.0,127.0,18.0,
11.0,22.0,24.0,119.0,17.0,
11.0,21.0,20.0,135.0,20.0,
11.0,21.0,16.0,118.0,19.0,
11.0,21.0,12.0,110.0,18.0,
11.0,21.0,9.0,103.0,15.0,
11.0,21.0,8.0,118.0,16.0,
11.0,21.0,9.0,160.0,17.0,
12.0,21.0,9.0,101.0,16.0,
12.0,22.0,9.0,143.0,17.0,
12.0,21.0,10.0,95.0,14.0,
11.0,21.0,10.0,139.0,18.0,
11.0,20.0,11.0,80.0,13.0,
11.0,20.0,12.0,80.0,10.0,
11.0,20.0,15.0,56.0,8.0,
11.0,20.0,19.0,48.0,5.0,
11.0,21.0,24.0,31.0,5.0,
11.0,21.0,29.0,22.0,4.0,
12.0,21.0,35.0,18.0,3.0,
11.0,20.0,44.0,37.0,4.0,
11.0,19.0,45.0,60.0,5.0,
11.0,19.0,45.0,81.0,7.0,
11.0,18.0,42.0,85.0,10.0,
11.0,18.0,38.0,90.0,14.0,
10.0,18.0,33.0,84.0,14.0,
10.0,18.0,29.0,92.0,14.0,
10.0,17.0,26.0,92.0,14.0,
10.0,17.0,21.0,155.0,16.0,
10.0,17.0,18.0,130.0,17.0,
10.0,16.0,13.0,186.0,25.0,
10.0,16.0,12.0,220.0,26.0,
10.0,16.0,9.0,145.0,27.0,
10.0,16.0,10.0,137.0,19.0,
10.0,17.0,11.0,129.0,14.0,
11.0,17.0,11.0,108.0,13.0,
11.0,17.0,12.0,113.0,14.0,
11.0,17.0,17.0,42.0,8.0,
11.0,17.0,21.0,46.0,6.0,
11.0,18.0,24.0,51.0,6.0,
11.0,19.0,27.0,50.0,5.0,
11.0,19.0,28.0,61.0,6.0,
11.0,20.0,28.0,98.0,13.0,
12.0,21.0,27.0,124.0,13.0,
12.0,22.0,25.0,137.0,13.0,
12.0,22.0,23.0,132.0,14.0,
13.0,24.0,16.0,115.0,13.0,
14.0,26.0,12.0,144.0,12.0,
14.0,27.0,10.0,138.0,13.0,
14.0,28.0,11.0,116.0,11.0,
14.0,28.0,11.0,144.0,14.0,
14.0,29.0,10.0,146.0,14.0,
14.0,30.0,10.0,116.0,14.0,
14.0,30.0,10.0,118.0,10.0,
14.0,30.0,10.0,106.0,10.0,
14.0,30.0,10.0,124.0,10.0,
14.0,30.0,9.0,92.0,9.0,
14.0,29.0,10.0,77.0,8.0,
14.0,29.0,11.0,75.0,5.0,
14.0,29.0,12.0,67.0,3.0,
14.0,29.0,11.0,60.0,3.0,
14.0,28.0,11.0,69.0,2.0,
14.0,28.0,11.0,53.0,3.0,
14.0,27.0,11.0,67.0,2.0,
14.0,26.0,11.0,65.0,2.0,
13.0,24.0,15.0,46.0,0.0,
13.0,24.0,17.0,64.0,2.0,
13.0,23.0,18.0,90.0,2.0,
12.0,23.0,18.0,96.0,3.0,
13.0,22.0,18.0,61.0,2.0,
12.0,22.0,15.0,74.0,2.0,
12.0,21.0,14.0,90.0,2.0,
13.0,21.0,11.0,65.0,2.0,
13.0,22.0,9.0,80.0,5.0,
13.0,22.0,7.0,91.0,7.0,
14.0,23.0,6.0,85.0,8.0,
15.0,24.0,6.0,70.0,5.0,
17.0,26.0,7.0,59.0,2.0,
17.0,26.0,7.0,74.0,5.0,
17.0,27.0,7.0,86.0,8.0,
18.0,27.0,7.0,91.0,9.0,
18.0,28.0,8.0,80.0,9.0,
18.0,28.0,10.0,83.0,8.0,
18.0,28.0,11.0,84.0,6.0,
18.0,29.0,12.0,87.0,7.0,
18.0,29.0,12.0,88.0,7.0,
18.0,29.0,13.0,96.0,8.0,
17.0,28.0,11.0,75.0,5.0,
17.0,28.0,10.0,91.0,6.0,
17.0,27.0,9.0,91.0,6.0,
16.0,26.0,9.0,102.0,6.0,
16.0,25.0,9.0,98.0,5.0,
14.0,23.0,10.0,67.0,3.0,
14.0,22.0,12.0,58.0,2.0,
13.0,21.0,14.0,51.0,2.0,
12.0,20.0,16.0,73.0,3.0,
12.0,19.0,16.0,72.0,4.0,
11.0,18.0,16.0,72.0,4.0,
11.0,18.0,15.0,76.0,6.0,
11.0,17.0,14.0,89.0,6.0,
10.0,17.0,13.0,91.0,6.0,
10.0,17.0,12.0,83.0,6.0,
10.0,17.0,12.0,81.0,6.0,
10.0,17.0,13.0,72.0,5.0,
10.0,16.0,13.0,83.0,5.0,
10.0,16.0,13.0,90.0,6.0,
9.0,16.0,14.0,88.0,6.0,
9.0,16.0,15.0,67.0,4.0,
8.0,16.0,19.0,57.0,2.0,
8.0,16.0,28.0,27.0,1.0,
8.0,14.0,41.0,34.0,,
7.0,14.0,42.0,46.0,,
7.0,14.0,40.0,91.0,6.0,
7.0,14.0,38.0,99.0,9.0,
7.0,14.0,35.0,109.0,10.0,
8.0,15.0,25.0,132.0,14.0,
8.0,15.0,25.0,98.0,13.0,
8.0,15.0,15.0,110.0,14.0,
9.0,15.0,10.0,120.0,13.0,
9.0,16.0,9.0,119.0,15.0,
9.0,15.0,14.0,39.0,10.0,
8.0,15.0,23.0,62.0,1.0,
8.0,14.0,22.0,71.0,1.0,
8.0,14.0,23.0,71.0,,
8.0,14.0,24.0,62.0,,
8.0,14.0,25.0,63.0,,
8.0,15.0,18.0,82.0,3.0,
9.0,17.0,12.0,76.0,3.0,
9.0,17.0,11.0,72.0,3.0,
9.0,18.0,10.0,77.0,4.0,
9.0,19.0,8.0,87.0,7.0,
10.0,19.0,6.0,105.0,15.0,
10.0,20.0,5.0,105.0,18.0,
11.0,21.0,5.0,159.0,27.0,
12.0,24.0,5.0,154.0,28.0,
13.0,26.0,5.0,161.0,24.0,
15.0,30.0,6.0,139.0,20.0,
16.0,32.0,6.0,136.0,18.0,
16.0,33.0,6.0,133.0,17.0,
17.0,35.0,6.0,125.0,14.0,
17.0,35.0,7.0,105.0,12.0,
18.0,35.0,7.0,76.0,8.0,
18.0,35.0,7.0,83.0,7.0,
18.0,34.0,12.0,50.0,3.0,
17.0,33.0,17.0,30.0,0.0,
17.0,32.0,23.0,29.0,1.0,
17.0,32.0,28.0,38.0,1.0,
17.0,32.0,30.0,38.0,,
16.0,29.0,33.0,103.0,11.0,
15.0,28.0,31.0,117.0,15.0,
13.0,23.0,18.0,81.0,6.0,
13.0,22.0,15.0,116.0,15.0,
13.0,21.0,11.0,118.0,18.0,
12.0,20.0,10.0,157.0,20.0,
12.0,20.0,10.0,121.0,14.0,
11.0,19.0,10.0,175.0,26.0,
11.0,18.0,9.0,146.0,22.0,
11.0,19.0,8.0,139.0,19.0,
11.0,19.0,8.0,99.0,14.0,
11.0,20.0,8.0,125.0,14.0,
11.0,20.0,9.0,79.0,10.0,
11.0,21.0,9.0,78.0,8.0,
11.0,21.0,12.0,50.0,5.0,
11.0,21.0,15.0,41.0,6.0,
11.0,22.0,18.0,50.0,4.0,
11.0,22.0,18.0,52.0,4.0,
11.0,22.0,25.0,26.0,3.0,
11.0,22.0,27.0,26.0,2.0,
10.0,22.0,26.0,88.0,6.0,
10.0,22.0,24.0,131.0,12.0,
10.0,22.0,23.0,68.0,10.0,
10.0,23.0,27.0,32.0,3.0,
9.0,22.0,30.0,32.0,3.0,
9.0,22.0,28.0,44.0,,
9.0,22.0,31.0,47.0,,
9.0,21.0,33.0,81.0,,
9.0,21.0,35.0,84.0,2.0,
8.0,20.0,34.0,78.0,4.0,
8.0,19.0,33.0,63.0,2.0,
7.0,18.0,29.0,62.0,2.0,
6.0,17.0,24.0,49.0,0.0,
6.0,16.0,23.0,50.0,0.0,
6.0,16.0,23.0,37.0,0.0,
6.0,15.0,24.0,38.0,0.0,
6.0,15.0,27.0,25.0,,
6.0,15.0,30.0,20.0,,
6.0,15.0,33.0,25.0,,
6.0,15.0,36.0,17.0,,
6.0,15.0,40.0,18.0,,
6.0,15.0,41.0,36.0,,
7.0,15.0,38.0,62.0,0.0,
6.0,15.0,37.0,64.0,1.0,
7.0,15.0,34.0,37.0,3.0,
7.0,14.0,33.0,25.0,4.0,
7.0,14.0,30.0,38.0,4.0,
7.0,14.0,27.0,59.0,3.0,
7.0,14.0,30.0,44.0,3.0,
7.0,14.0,29.0,60.0,5.0,
8.0,16.0,16.0,73.0,9.0,
8.0,17.0,13.0,87.0,11.0,
9.0,17.0,10.0,73.0,11.0,
9.0,18.0,7.0,68.0,11.0,
10.0,19.0,7.0,72.0,11.0,
10.0,19.0,7.0,73.0,10.0,
11.0,21.0,7.0,61.0,8.0,
12.0,22.0,7.0,72.0,10.0,
13.0,22.0,7.0,64.0,10.0,
13.0,22.0,8.0,94.0,11.0,
13.0,23.0,8.0,116.0,21.0,
14.0,24.0,8.0,139.0,22.0,
15.0,24.0,9.0,121.0,21.0,
15.0,25.0,9.0,99.0,16.0,
15.0,23.0,11.0,73.0,4.0,
15.0,23.0,11.0,63.0,4.0,
15.0,23.0,12.0,50.0,3.0,
15.0,22.0,15.0,33.0,2.0,
15.0,21.0,17.0,30.0,2.0,
14.0,20.0,21.0,21.0,0.0,
14.0,19.0,24.0,17.0,0.0,
13.0,18.0,29.0,12.0,0.0,
12.0,17.0,41.0,16.0,,
12.0,16.0,44.0,18.0,,
11.0,15.0,48.0,22.0,0.0,
10.0,13.0,49.0,19.0,,
9.0,13.0,48.0,35.0,0.0,
8.0,11.0,45.0,42.0,0.0,
8.0,11.0,44.0,37.0,1.0,
8.0,11.0,39.0,44.0,1.0,
8.0,11.0,37.0,42.0,1.0,
7.0,11.0,35.0,39.0,1.0,
7.0,11.0,33.0,26.0,0.0,
6.0,11.0,32.0,27.0,0.0,
6.0,10.0,33.0,21.0,,
6.0,10.0,35.0,16.0,,
6.0,10.0,38.0,11.0,,
5.0,10.0,42.0,11.0,,
5.0,10.0,45.0,12.0,,
6.0,10.0,47.0,20.0,,
6.0,10.0,45.0,50.0,1.0,
6.0,11.0,42.0,64.0,2.0,
6.0,11.0,36.0,50.0,2.0,
6.0,11.0,33.0,41.0,2.0,
6.0,12.0,30.0,47.0,3.0,
7.0,12.0,28.0,38.0,2.0,
7.0,12.0,31.0,46.0,1.0,
7.0,13.0,30.0,62.0,2.0,
7.0,13.0,29.0,44.0,2.0,
8.0,13.0,29.0,45.0,2.0,
8.0,14.0,28.0,40.0,2.0,
9.0,14.0,28.0,39.0,1.0,
10.0,15.0,31.0,21.0,1.0,
10.0,16.0,32.0,20.0,0.0,
11.0,16.0,33.0,22.0,1.0,
11.0,17.0,33.0,29.0,1.0,
12.0,17.0,32.0,49.0,3.0,
12.0,18.0,30.0,57.0,3.0,
12.0,18.0,28.0,58.0,4.0,
13.0,19.0,24.0,47.0,4.0,
13.0,19.0,23.0,57.0,4.0,
13.0,19.0,24.0,57.0,4.0,
13.0,19.0,26.0,80.0,5.0,
13.0,19.0,29.0,65.0,5.0,
14.0,20.0,29.0,94.0,7.0,
14.0,20.0,27.0,66.0,5.0,
15.0,21.0,24.0,104.0,6.0,
15.0,21.0,20.0,87.0,6.0,
16.0,22.0,17.0,60.0,6.0,
16.0,23.0,13.0,55.0,5.0,
17.0,23.0,12.0,46.0,5.0,
17.0,23.0,13.0,31.0,3.0,
17.0,23.0,15.0,25.0,2.0,
17.0,23.0,19.0,20.0,2.0,
17.0,22.0,24.0,17.0,1.0,
16.0,22.0,28.0,29.0,1.0,
16.0,22.0,31.0,44.0,3.0,
15.0,21.0,33.0,52.0,3.0,
15.0,21.0,35.0,49.0,4.0,
15.0,20.0,34.0,72.0,6.0,
14.0,20.0,33.0,70.0,5.0,
14.0,20.0,31.0,62.0,5.0,
14.0,21.0,28.0,47.0,4.0,
14.0,21.0,29.0,49.0,4.0,
14.0,21.0,30.0,71.0,6.0,
13.0,21.0,25.0,107.0,7.0,
13.0,20.0,22.0,90.0,6.0,
12.0,20.0,10.0,153.0,23.0,
12.0,20.0,10.0,130.0,21.0,
12.0,21.0,8.0,120.0,19.0,
12.0,22.0,7.0,85.0,13.0,
12.0,23.0,7.0,83.0,11.0,
12.0,24.0,7.0,72.0,8.0,
13.0,25.0,7.0,76.0,7.0,
13.0,26.0,7.0,93.0,8.0,
14.0,27.0,7.0,131.0,20.0,
14.0,28.0,7.0,139.0,26.0,
15.0,29.0,7.0,164.0,28.0,
15.0,31.0,7.0,150.0,29.0,
15.0,32.0,8.0,171.0,28.0,
16.0,32.0,8.0,140.0,24.0,
16.0,33.0,8.0,155.0,21.0,
16.0,34.0,8.0,134.0,19.0,
17.0,35.0,9.0,143.0,20.0,
17.0,36.0,9.0,168.0,21.0,
18.0,37.0,10.0,176.0,20.0,
18.0,37.0,10.0,131.0,16.0,
15.0,34.0,20.0,50.0,5.0,
14.0,33.0,24.0,46.0,5.0,
13.0,31.0,31.0,53.0,5.0,
13.0,30.0,29.0,112.0,12.0,
12.0,28.0,30.0,114.0,13.0,
12.0,27.0,28.0,92.0,10.0,
11.0,26.0,27.0,79.0,10.0,
11.0,23.0,24.0,78.0,7.0,
10.0,22.0,24.0,55.0,5.0,
10.0,21.0,24.0,67.0,4.0,
7.0,16.0,38.0,56.0,2.0,
7.0,16.0,35.0,68.0,4.0,
7.0,15.0,33.0,70.0,4.0,
7.0,15.0,29.0,92.0,6.0,
7.0,16.0,17.0,95.0,9.0,
8.0,18.0,12.0,85.0,9.0,
8.0,18.0,10.0,72.0,7.0,
8.0,19.0,9.0,81.0,8.0,
8.0,19.0,9.0,94.0,11.0,
8.0,20.0,8.0,108.0,13.0,
8.0,21.0,8.0,112.0,15.0,
8.0,22.0,9.0,113.0,15.0,
9.0,23.0,9.0,107.0,14.0,
9.0,24.0,10.0,121.0,15.0,
9.0,25.0,10.0,102.0,14.0,
9.0,25.0,11.0,119.0,14.0,
10.0,25.0,12.0,114.0,14.0,
10.0,26.0,12.0,125.0,13.0,
10.0,26.0,14.0,109.0,13.0,
11.0,25.0,18.0,88.0,8.0,
11.0,25.0,19.0,80.0,9.0,
11.0,24.0,21.0,66.0,7.0,
11.0,23.0,23.0,66.0,7.0,
10.0,22.0,25.0,45.0,5.0,
10.0,21.0,28.0,51.0,5.0,
9.0,20.0,32.0,33.0,4.0,
9.0,19.0,35.0,55.0,4.0,
9.0,18.0,38.0,50.0,4.0,
8.0,18.0,41.0,40.0,4.0,
8.0,17.0,43.0,45.0,4.0,
8.0,16.0,43.0,63.0,5.0,
7.0,14.0,41.0,63.0,7.0,
7.0,13.0,38.0,69.0,6.0,
7.0,12.0,37.0,61.0,6.0,
6.0,12.0,37.0,53.0,5.0,
6.0,11.0,35.0,56.0,6.0,
4.0,10.0,31.0,77.0,6.0,
4.0,10.0,29.0,73.0,6.0,
4.0,10.0,24.0,60.0,5.0,
5.0,10.0,28.0,57.0,3.0,
5.0,11.0,27.0,82.0,7.0,
6.0,13.0,21.0,179.0,26.0,
8.0,17.0,10.0,146.0,16.0,
12.0,27.0,12.0,85.0,10.0,
12.0,27.0,19.0,67.0,5.0,
12.0,27.0,31.0,39.0,3.0,
12.0,27.0,34.0,45.0,3.0,
12.0,27.0,35.0,96.0,7.0,
11.0,23.0,14.0,107.0,14.0,
10.0,21.0,14.0,123.0,14.0,
9.0,19.0,15.0,119.0,12.0,
9.0,18.0,14.0,90.0,13.0,
9.0,17.0,14.0,79.0,8.0,
9.0,17.0,13.0,77.0,7.0,
9.0,16.0,13.0,62.0,6.0,
9.0,17.0,13.0,52.0,6.0,
10.0,17.0,14.0,44.0,5.0,
11.0,17.0,16.0,46.0,3.0,
11.0,18.0,16.0,62.0,5.0,
11.0,18.0,15.0,73.0,6.0,
12.0,19.0,15.0,79.0,8.0,
12.0,19.0,14.0,111.0,15.0,
12.0,19.0,13.0,107.0,18.0,
13.0,20.0,11.0,129.0,21.0,
13.0,20.0,9.0,136.0,18.0,
13.0,20.0,8.0,114.0,14.0,
13.0,21.0,9.0,133.0,14.0,
13.0,22.0,10.0,125.0,14.0,
13.0,21.0,11.0,135.0,13.0,
14.0,22.0,11.0,129.0,12.0,
14.0,22.0,12.0,145.0,15.0,
14.0,23.0,12.0,151.0,16.0,
14.0,22.0,14.0,92.0,9.0,
14.0,22.0,14.0,81.0,8.0,
13.0,22.0,15.0,77.0,8.0,
13.0,22.0,15.0,70.0,8.0,
13.0,21.0,16.0,55.0,5.0,
12.0,21.0,17.0,44.0,6.0,
12.0,21.0,18.0,52.0,6.0,
11.0,20.0,18.0,54.0,6.0,
11.0,20.0,19.0,67.0,7.0,
11.0,20.0,17.0,128.0,14.0,
11.0,20.0,16.0,131.0,18.0,
11.0,20.0,15.0,134.0,19.0,
10.0,20.0,15.0,145.0,19.0,
10.0,19.0,15.0,100.0,14.0,
10.0,18.0,14.0,117.0,17.0,
11.0,19.0,14.0,128.0,14.0,
13.0,27.0,10.0,119.0,18.0,
13.0,28.0,9.0,103.0,16.0,
14.0,29.0,9.0,99.0,13.0,
14.0,30.0,9.0,73.0,8.0,
14.0,30.0,10.0,68.0,8.0,
14.0,30.0,12.0,59.0,6.0,
14.0,30.0,13.0,122.0,16.0,
14.0,30.0,13.0,155.0,22.0,
14.0,31.0,13.0,156.0,24.0,
14.0,31.0,12.0,147.0,25.0,
15.0,32.0,11.0,120.0,24.0,
15.0,34.0,10.0,183.0,21.0,
15.0,35.0,10.0,146.0,21.0,
15.0,35.0,10.0,189.0,26.0,
15.0,35.0,10.0,187.0,24.0,
15.0,35.0,10.0,186.0,25.0,
15.0,35.0,10.0,189.0,24.0,
15.0,35.0,9.0,148.0,19.0,
15.0,35.0,9.0,124.0,18.0,
15.0,35.0,9.0,111.0,12.0,
15.0,35.0,9.0,152.0,12.0,
20.0,39.0,9.0,119.0,11.0,
20.0,39.0,10.0,82.0,8.0,
20.0,39.0,10.0,82.0,7.0,
20.0,39.0,10.0,70.0,6.0,
20.0,39.0,10.0,70.0,6.0,
19.0,38.0,12.0,93.0,9.0,
19.0,38.0,12.0,94.0,9.0,
19.0,37.0,13.0,103.0,10.0,
18.0,36.0,13.0,108.0,10.0,
18.0,36.0,13.0,116.0,10.0,
18.0,36.0,12.0,135.0,13.0,
18.0,36.0,12.0,119.0,13.0,
18.0,35.0,12.0,141.0,14.0,
18.0,35.0,12.0,120.0,16.0,
18.0,34.0,12.0,139.0,14.0,
18.0,34.0,12.0,119.0,14.0,
18.0,33.0,11.0,119.0,10.0,
18.0,32.0,11.0,121.0,11.0,
18.0,32.0,11.0,112.0,11.0,
18.0,32.0,12.0,70.0,8.0,
18.0,32.0,14.0,53.0,5.0,
19.0,31.0,17.0,46.0,5.0,
19.0,31.0,18.0,46.0,5.0,
19.0,31.0,20.0,66.0,7.0,
19.0,31.0,19.0,119.0,15.0,
20.0,31.0,18.0,111.0,18.0,
20.0,31.0,17.0,142.0,23.0,
20.0,31.0,15.0,141.0,27.0,
20.0,31.0,12.0,138.0,27.0,
20.0,31.0,10.0,97.0,22.0,
21.0,30.0,8.0,93.0,21.0,
21.0,30.0,6.0,80.0,18.0,
21.0,30.0,6.0,73.0,14.0,
21.0,29.0,7.0,58.0,9.0,
20.0,28.0,7.0,60.0,7.0,
20.0,27.0,9.0,67.0,6.0,
20.0,26.0,11.0,50.0,4.0,
19.0,26.0,14.0,44.0,3.0,
19.0,25.0,17.0,47.0,3.0,
18.0,25.0,19.0,54.0,4.0,
17.0,24.0,20.0,35.0,4.0,
16.0,22.0,20.0,35.0,4.0,
16.0,21.0,21.0,25.0,4.0,
15.0,20.0,22.0,27.0,4.0,
14.0,19.0,19.0,38.0,4.0,
13.0,18.0,18.0,54.0,5.0,
13.0,17.0,20.0,45.0,4.0,
11.0,16.0,22.0,46.0,3.0,
11.0,15.0,23.0,46.0,3.0,
11.0,15.0,26.0,61.0,4.0,
10.0,14.0,30.0,55.0,4.0,
9.0,13.0,33.0,78.0,5.0,
9.0,13.0,35.0,64.0,4.0,
9.0,12.0,38.0,56.0,5.0,
8.0,12.0,39.0,87.0,6.0,
8.0,12.0,40.0,84.0,7.0,
8.0,12.0,41.0,65.0,5.0,
7.0,11.0,41.0,50.0,2.0,
7.0,10.0,39.0,32.0,1.0,
7.0,10.0,37.0,35.0,0.0,
8.0,11.0,38.0,32.0,0.0,
8.0,12.0,40.0,19.0,0.0,
9.0,13.0,41.0,20.0,0.0,
10.0,14.0,41.0,22.0,0.0,
12.0,15.0,41.0,28.0,0.0,
14.0,19.0,38.0,55.0,3.0,
16.0,20.0,34.0,61.0,5.0,
18.0,20.0,34.0,76.0,5.0,
23.0,27.0,20.0,59.0,4.0,
24.0,29.0,19.0,49.0,3.0,
26.0,32.0,22.0,65.0,9.0,
27.0,33.0,24.0,98.0,6.0,
28.0,34.0,24.0,60.0,3.0,
32.0,38.0,24.0,57.0,1.0,
33.0,40.0,26.0,39.0,1.0,
33.0,40.0,27.0,35.0,,
26.0,33.0,22.0,138.0,11.0,
26.0,33.0,22.0,107.0,12.0,
25.0,32.0,22.0,123.0,9.0,
24.0,32.0,22.0,97.0,7.0,
24.0,31.0,22.0,97.0,4.0,
23.0,31.0,21.0,97.0,2.0,
22.0,31.0,22.0,,0.0,
22.0,31.0,22.0,,1.0,
22.0,32.0,23.0,,0.0,
22.0,32.0,24.0,,0.0,
22.0,31.0,25.0,,0.0,
22.0,31.0,26.0,,0.0,
22.0,31.0,27.0,,0.0,
22.0,31.0,27.0,,0.0,
21.0,31.0,26.0,,1.0,
21.0,30.0,24.0,54.0,7.0,
19.0,29.0,20.0,112.0,11.0,
19.0,28.0,18.0,98.0,12.0,
18.0,28.0,16.0,93.0,9.0,
18.0,28.0,16.0,123.0,9.0,
18.0,28.0,19.0,96.0,6.0,
20.0,30.0,21.0,75.0,6.0,
19.0,30.0,21.0,80.0,4.0,
20.0,31.0,19.0,78.0,5.0,
20.0,31.0,18.0,75.0,5.0,
20.0,31.0,17.0,59.0,3.0,
21.0,32.0,18.0,48.0,1.0,
21.0,32.0,19.0,40.0,1.0,
21.0,33.0,19.0,55.0,1.0,
22.0,33.0,20.0,74.0,5.0,
22.0,34.0,20.0,71.0,6.0,
23.0,34.0,21.0,69.0,7.0,
23.0,35.0,22.0,58.0,6.0,
23.0,35.0,24.0,68.0,5.0,
23.0,35.0,25.0,89.0,6.0,
23.0,35.0,26.0,77.0,5.0,
23.0,35.0,27.0,96.0,6.0,
23.0,35.0,28.0,108.0,7.0,
23.0,35.0,28.0,102.0,7.0,
23.0,35.0,28.0,79.0,5.0,
22.0,35.0,26.0,82.0,3.0,
22.0,35.0,24.0,85.0,4.0,
22.0,35.0,23.0,85.0,4.0,
20.0,33.0,27.0,46.0,1.0,
20.0,32.0,30.0,31.0,0.0,
19.0,32.0,33.0,31.0,1.0,
19.0,31.0,35.0,34.0,1.0,
18.0,30.0,36.0,40.0,,
17.0,29.0,37.0,51.0,1.0,
16.0,28.0,38.0,65.0,3.0,
15.0,27.0,38.0,71.0,3.0,
14.0,26.0,40.0,44.0,1.0,
14.0,25.0,40.0,67.0,2.0,
13.0,25.0,40.0,62.0,2.0,
13.0,24.0,40.0,93.0,5.0,
13.0,24.0,39.0,72.0,4.0,
12.0,23.0,40.0,64.0,3.0,
12.0,22.0,39.0,63.0,3.0,
11.0,20.0,40.0,32.0,1.0,
10.0,18.0,46.0,31.0,,
8.0,16.0,61.0,34.0,,
7.0,15.0,49.0,50.0,2.0,
7.0,15.0,43.0,63.0,3.0,
6.0,16.0,45.0,39.0,,
6.0,16.0,48.0,27.0,,
6.0,,56.0,24.0,,
6.0,,57.0,32.0,,
6.0,,48.0,86.0,2.0,
,,46.0,51.0,0.0,
,,44.0,38.0,0.0,
,,,69.0,3.0,
,,,99.0,3.0,
,,,47.0,0.0,
,,,87.0,10.0,
,,,37.0,0.0,
,,,26.0,,
,,,,0.0,
,,,,0.0,
,34.0,,,3.0,
,41.0,,,6.0,
,43.0,,,3.0,
,43.0,,,2.0,
,42.0,,,0.0,
,42.0,,,1.0,
,46.0,,,9.0,
,48.0,,,11.0,
,48.0,,,9.0,
,49.0,,,9.0,
,50.0,,,7.0,
,51.0,,,7.0,
,,,,4.0,
,58.0,,,7.0,
,59.0,,,8.0,
,60.0,,,9.0,
,61.0,,,8.0,
,71.0,,,6.0,
,73.0,,,7.0,
,74.0,,,6.0,
,75.0,,,6.0,
,72.0,,,9.0,
,71.0,,,6.0,
,60.0,,,7.0,
,58.0,,,7.0,
,56.0,,,6.0,
,55.0,,,7.0,
,52.0,,,6.0,
,50.0,,,6.0,
,47.0,,,6.0,
,,,,6.0,
,,,,6.0,
,,,,7.0,
,,,,7.0,
,,,,6.0,
,,,,6.0,
,,,,6.0,
,,,,3.0,
,,,,5.0,
,,,,3.0,
,,,,3.0,
,,,,3.0,
,,,,5.0,
,,,,11.0,
,,,,12.0,
,,,,13.0,
,,,,,300.0
,,,,,300.0
,,,,,300.0
,,,,,300.0
,,,,,300.0
,,,,,300.0
,,,,,300.0
,,,,,300.0
,,,,,300.0
,,,,,400.0
,,,,,400.0
,,,,,500.0
,,,,,300.0
,,,,,300.0
,,,,,500.0
,,,,,300.0
,,,,,300.0
,,,,,300.0
,,,,,300.0
,,,,,300.0
,,,,,300.0
,,,,,200.0
,,,,,200.0
,,,,,300.0
,,,,,300.0
,,,,,400.0
,,,,,400.0
,,,,,400.0
,,,,,400.0
,,,,,300.0
,,,,,300.0
,,,,,200.0
,,,,,200.0
,,,,,100.0
,,,,,0.0
,,,,,0.0
,,,,,0.0
,,,,,0.0
,,,,,100.0
,,,,,100.0
,,,,,200.0
,,,,,400.0
,,,,,300.0
,,,,,200.0
,,,,,300.0
,,,,,400.0
,,,,,300.0
,,,,,300.0
,,,,,500.0
,,,,,700.0
,,,,,700.0
,,,,,800.0
,,,,,800.0
,,,,,800.0
,,,,,600.0
,,,,,300.0
,,,,,300.0
,,,,,900.0
,,,,,800.0
,,,,,600.0
,,,,,600.0
,,,,,800.0
,,,,,600.0
,,,,,500.0
,,,,,600.0
,,,,,900.0
,,,,,800.0
,,,,,700.0
,,,,,400.0
,,,,,700.0
,,,,,500.0
,,,,,400.0
,,,,,800.0
,,,,,600.0
,,,,,600.0
,,,,,500.0
,,,,,500.0
,,,,,300.0
,,,,,300.0
,,,,,300.0
,,,,,300.0
,,,,,400.0
,,,,,600.0
,,,,,700.0
,,,,,700.0
,,,,,700.0
,,,,,600.0
,,,,,600.0
,,,,,700.0
,,,,,400.0
,,,,,500.0
,,,,,800.0
,,,,,800.0
,,,,,1100.0
,,,,,600.0
,,,,,400.0
,,,,,400.0
,,,,,600.0
,,,,,600.0
,,,,,800.0
,,,,,1000.0
,,,,,600.0
,,,,,900.0
,,,,,700.0
,,,,,700.0
,,,,,500.0
,,,,,500.0
,,,,,500.0
,,,,,300.0
,,,,,200.0
,,,,,300.0
,,,,,100.0
,,,,,100.0
,,,,,100.0
,,,,,0.0
,,,,,0.0
,,,,,0.0
,,,,,0.0
,,,,,0.0
,,,,,0.0
,,,,,100.0
,,,,,200.0
,,,,,100.0
,,,,,100.0
,,,,,100.0
,,,,,100.0
,,,,,100.0
,,,,,100.0
,,,,,100.0
,,,,,100.0
,,,,,0.0
,,,,,0.0
,,,,,0.0
,,,,,100.0
,,,,,200.0
,,,,,400.0
,,,,,300.0
,,,,,200.0
,,,,,300.0
,,,,,400.0
,,,,,300.0
,,,,,400.0
,,,,,400.0
,,,,,500.0
,,,,,500.0
,,,,,500.0
,,,,,400.0
,,,,,100.0
,,,,,100.0
,,,,,100.0
,,,,,100.0
,,,,,100.0
,,,,,200.0
,,,,,300.0
,,,,,200.0
,,,,,100.0
,,,,,100.0
,,,,,100.0
,,,,,100.0
,,,,,100.0
,,,,,100.0
,,,,,100.0
,,,,,100.0
,,,,,200.0
,,,,,200.0
,,,,,0.0
,,,,,0.0
,,,,,0.0
,,,,,0.0
,,,,,0.0
,,,,,0.0
,,,,,0.0
,,,,,0.0
,,,,,0.0
,,,,,100.0
,,,,,100.0
,,,,,0.0
,,,,,100.0
,,,,,300.0
,,,,,600.0
,,,,,500.0
,,,,,200.0
,,,,,300.0
,,,,,200.0
,,,,,300.0
,,,,,300.0
,,,,,300.0
,,,,,200.0
,,,,,100.0
,,,,,100.0
,,,,,0.0
,,,,,0.0
,,,,,100.0
,,,,,100.0
,,,,,200.0
,,,,,100.0
,,,,,100.0
,,,,,200.0
,,,,,200.0
,,,,,100.0
,,,,,200.0
,,,,,400.0
,,,,,300.0
,,,,,200.0
,,,,,100.0
,,,,,0.0
,,,,,100.0
,,,,,0.0
,,,,,0.0
,,,,,100.0
,,,,,0.0
,,,,,100.0
,,,,,100.0
,,,,,100.0
,,,,,100.0
,,,,,100.0
,,,,,100.0
,,,,,100.0
,,,,,200.0
,,,,,100.0
,,,,,100.0
,,,,,100.0
,,,,,100.0
,,,,,100.0
,,,,,100.0
,,,,,400.0
,,,,,400.0
,,,,,100.0
,,,,,100.0
,,,,,800.0
,,,,,300.0
,,,,,600.0
,,,,,700.0
,,,,,600.0
,,,,,600.0
,,,,,800.0
,,,,,700.0
,,,,,500.0
,,,,,400.0
,,,,,200.0
,,,,,100.0
,,,,,100.0
,,,,,200.0
,,,,,400.0
,,,,,400.0
,,,,,100.0
,,,,,100.0
,,,,,0.0
,,,,,100.0
,,,,,100.0
,,,,,300.0
,,,,,200.0
,,,,,600.0
,,,,,400.0
,,,,,500.0
,,,,,600.0
,,,,,800.0
,,,,,500.0
,,,,,400.0
,,,,,600.0
,,,,,500.0
,,,,,600.0
,,,,,600.0
,,,,,800.0
,,,,,500.0
,,,,,300.0
,,,,,500.0
,,,,,800.0
,,,,,800.0
,,,,,800.0
,,,,,200.0
,,,,,200.0
,,,,,200.0
,,,,,200.0
,,,,,200.0
,,,,,300.0
,,,,,500.0
,,,,,400.0
,,,,,200.0
,,,,,200.0
,,,,,100.0
,,,,,200.0
,,,,,200.0
,,,,,300.0
,,,,,300.0
,,,,,200.0
,,,,,200.0
,,,,,200.0
,,,,,100.0
,,,,,100.0
,,,,,0.0
,,,,,100.0
,,,,,0.0
,,,,,0.0
,,,,,0.0
,,,,,0.0
,,,,,500.0
,,,,,400.0
,,,,,300.0
,,,,,700.0
,,,,,800.0
,,,,,600.0
,,,,,400.0
,,,,,400.0
,,,,,300.0
,,,,,500.0
,,,,,0.0
,,,,,0.0
,,,,,100.0
,,,,,100.0
,,,,,100.0
,,,,,300.0
,,,,,400.0
,,,,,400.0
,,,,,200.0
,,,,,200.0
,,,,,200.0
,,,,,400.0
,,,,,400.0
,,,,,400.0
,,,,,500.0
,,,,,300.0
,,,,,500.0
,,,,,400.0
,,,,,300.0
,,,,,200.0
,,,,,200.0
,,,,,300.0
,,,,,100.0
,,,,,200.0
,,,,,100.0
,,,,,100.0
,,,,,100.0
,,,,,0.0
,,,,,200.0
,,,,,200.0
,,,,,500.0
,,,,,300.0
,,,,,200.0
,,,,,200.0
,,,,,200.0
,,,,,200.0
,,,,,300.0
,,,,,300.0
,,,,,200.0
,,,,,100.0
,,,,,0.0
,,,,,0.0
,,,,,100.0
,,,,,300.0
,,,,,100.0
,,,,,300.0
,,,,,100.0
,,,,,0.0
,,,,,0.0
,,,,,0.0
,,,,,0.0
,,,,,0.0
,,,,,100.0
,,,,,100.0
,,,,,0.0
,,,,,0.0
,,,,,100.0
,,,,,100.0
,,,,,200.0
,,,,,200.0
,,,,,200.0
,,,,,200.0
,,,,,300.0
,,,,,200.0
,,,,,200.0
,,,,,200.0
,,,,,100.0
,,,,,0.0
,,,,,0.0
,,,,,0.0
,,,,,0.0
,,,,,0.0
,,,,,0.0
,,,,,0.0
,,,,,0.0
,,,,,0.0
,,,,,0.0
,,,,,0.0
,,,,,0.0
,,,,,0.0
,,,,,0.0
,,,,,100.0
,,,,,100.0
,,,,,100.0
,,,,,200.0
,,,,,100.0
,,,,,100.0
,,,,,200.0
,,,,,0.0
,,,,,0.0
,,,,,0.0
,,,,,0.0
,,,,,0.0
,,,,,100.0
,,,,,100.0
,,,,,0.0
,,,,,0.0
,,,,,0.0
,,,,,0.0
,,,,,100.0
,,,,,100.0
,,,,,0.0
,,,,,100.0
,,,,,200.0
,,,,,200.0
,,,,,300.0
,,,,,500.0
,,,,,400.0
,,,,,200.0
,,,,,100.0
,,,,,0.0
,,,,,100.0
,,,,,0.0
,,,,,0.0
,,,,,0.0
,,,,,0.0
,,,,,0.0
,,,,,0.0
,,,,,0.0
,,,,,0.0
,,,,,0.0
,,,,,0.0
,,,,,0.0
,,,,,100.0
,,,,,0.0
,,,,,0.0
,,,,,0.0
,,,,,0.0
,,,,,0.0
,,,,,0.0
,,,,,0.0
,,,,,0.0
,,,,,100.0
,,,,,0.0
,,,,,0.0
,,,,,0.0
,,,,,0.0
,,,,,0.0
,,,,,0.0
,,,,,0.0
,,,,,100.0
,,,,,100.0
,,,,,0.0
,,,,,0.0
,,,,,0.0
,,,,,0.0
,,,,,0.0
,,,,,100.0
,,,,,0.0
,,,,,0.0
,,,,,0.0
,,,,,0.0
,,,,,0.0
,,,,,100.0
,,,,,0.0
,,,,,100.0
,,,,,100.0
,,,,,100.0
,,,,,200.0
,,,,,100.0
,,,,,200.0
,,,,,100.0
,,,,,0.0
,,,,,0.0
,,,,,0.0
,,,,,0.0
,,,,,0.0
,,,,,0.0
,,,,,100.0
,,,,,100.0
,,,,,0.0
,,,,,0.0
,,,,,200.0
,,,,,100.0
,,,,,0.0
,,,,,0.0
,,,,,0.0
,,,,,0.0
,,,,,0.0
,,,,,0.0
,,,,,0.0
,,,,,0.0
,,,,,0.0
,,,,,0.0
,,,,,100.0
,,,,,0.0
,,,,,0.0
,,,,,0.0
,,,,,0.0
,,,,,0.0
,,,,,0.0
,,,,,0.0
,,,,,0.0
,,,,,0.0
,,,,,0.0
,,,,,0.0
,,,,,0.0
,,,,,0.0
,,,,,0.0
,,,,,0.0
,,,,,0.0
,,,,,0.0
,,,,,0.0
,,,,,0.0
,,,,,0.0
,,,,,0.0
,,,,,0.0
,,,,,0.0
,,,,,0.0
,,,,,0.0
,,,,,0.0
,,,,,0.0
,,,,,0.0
,,,,,0.0
,,,,,0.0
,,,,,0.0
,,,,,0.0
,,,,,0.0
,,,,,0.0
,,,,,0.0
,,,,,0.0
,,,,,0.0
,,,,,0.0
,,,,,0.0
,,,,,0.0
,,,,,100.0
,,,,,100.0
,,,,,100.0
,,,,,0.0
,,,,,0.0
,,,,,0.0
,,,,,0.0
,,,,,0.0
,,,,,100.0
,,,,,100.0
,,,,,0.0
,,,,,0.0
,,,,,0.0
,,,,,0.0
,,,,,0.0
,,,,,0.0
,,,,,0.0
,,,,,0.0
,,,,,0.0
,,,,,0.0
,,,,,0.0
,,,,,0.0
,,,,,0.0
,,,,,0.0
,,,,,0.0
,,,,,0.0
,,,,,0.0
,,,,,0.0
,,,,,0.0
,,,,,0.0
,,,,,0.0
,,,,,0.0
,,,,,0.0
,,,,,0.0
,,,,,0.0
,,,,,0.0
,,,,,0.0
,,,,,0.0
,,,,,100.0
,,,,,0.0
,,,,,700.0
,,,,,600.0
,,,,,600.0
,,,,,500.0
,,,,,600.0
,,,,,800.0
,,,,,1000.0
,,,,,1000.0
,,,,,800.0
,,,,,800.0
,,,,,800.0
,,,,,800.0
,,,,,900.0
,,,,,900.0
,,,,,700.0
,,,,,600.0
,,,,,600.0
,,,,,600.0
,,,,,600.0
,,,,,900.0
,,,,,1100.0
,,,,,1000.0
,,,,,900.0
,,,,,800.0
,,,,,900.0
,,,,,700.0
,,,,,900.0
,,,,,1000.0
,,,,,900.0
,,,,,900.0
,,,,,1100.0
,,,,,1000.0
,,,,,1100.0
,,,,,900.0
,,,,,500.0
,,,,,400.0
,,,,,400.0
,,,,,400.0
,,,,,400.0
,,,,,400.0
,,,,,500.0
,,,,,500.0
,,,,,500.0
,,,,,500.0
,,,,,500.0
,,,,,500.0
,,,,,500.0
,,,,,500.0
,,,,,500.0
,,,,,500.0
,,,,,500.0
,,,,,500.0
,,,,,500.0
,,,,,500.0
,,,,,500.0
,,,,,500.0
,,,,,500.0
,,,,,500.0
,,,,,500.0
,,,,,500.0
,,,,,500.0
,,,,,500.0
,,,,,500.0
,,,,,500.0
,,,,,500.0
,,,,,500.0
,,,,,500.0
,,,,,500.0
,,,,,500.0
,,,,,500.0
,,,,,500.0
,,,,,500.0
,,,,,500.0
,,,,,500.0
,,,,,500.0
,,,,,500.0
,,,,,500.0
,,,,,500.0
,,,,,500.0
,,,,,500.0
,,,,,600.0
,,,,,500.0
,,,,,500.0
,,,,,500.0
,,,,,500.0
,,,,,500.0
,,,,,500.0
,,,,,500.0
,,,,,500.0
,,,,,500.0
,,,,,500.0
,,,,,500.0
,,,,,500.0
,,,,,500.0
,,,,,500.0
,,,,,600.0
,,,,,600.0
,,,,,600.0
,,,,,500.0
,,,,,500.0
,,,,,500.0
,,,,,600.0
,,,,,600.0
,,,,,500.0
,,,,,500.0
,,,,,600.0
,,,,,500.0
,,,,,500.0
,,,,,500.0
,,,,,600.0
,,,,,500.0
,,,,,600.0
,,,,,600.0
,,,,,500.0
,,,,,600.0
,,,,,600.0
,,,,,500.0
,,,,,500.0
,,,,,500.0
,,,,,500.0
,,,,,500.0
,,,,,500.0
,,,,,500.0
,,,,,500.0
,,,,,500.0
,,,,,500.0
,,,,,500.0
,,,,,500.0
,,,,,500.0
,,,,,700.0
,,,,,700.0
,,,,,700.0
,,,,,800.0
,,,,,800.0
,,,,,800.0
,,,,,800.0
,,,,,900.0
,,,,,900.0
,,,,,700.0
,,,,,600.0
,,,,,500.0
,,,,,500.0
,,,,,600.0
,,,,,500.0
,,,,,500.0
,,,,,500.0
,,,,,500.0
,,,,,500.0
,,,,,600.0
,,,,,600.0
,,,,,600.0
,,,,,600.0
,,,,,800.0
,,,,,700.0
,,,,,700.0
,,,,,600.0
,,,,,600.0
,,,,,600.0
,,,,,700.0
,,,,,600.0
,,,,,700.0
,,,,,700.0
,,,,,600.0
,,,,,500.0
,,,,,500.0
,,,,,500.0
,,,,,500.0
,,,,,500.0
,,,,,600.0
,,,,,600.0
,,,,,600.0
,,,,,600.0
,,,,,500.0
,,,,,500.0
,,,,,500.0
,,,,,500.0
,,,,,500.0
,,,,,700.0
,,,,,700.0
,,,,,700.0
,,,,,800.0
,,,,,700.0
,,,,,600.0
,,,,,600.0
,,,,,700.0
,,,,,600.0
,,,,,700.0
,,,,,600.0
,,,,,600.0
,,,,,700.0
,,,,,500.0
,,,,,500.0
,,,,,400.0
,,,,,500.0
,,,,,500.0
,,,,,500.0
,,,,,500.0
,,,,,500.0
,,,,,600.0
,,,,,500.0
,,,,,600.0
,,,,,500.0
,,,,,500.0
,,,,,500.0
,,,,,500.0
,,,,,600.0
,,,,,600.0
,,,,,700.0
,,,,,800.0
,,,,,700.0
,,,,,700.0
,,,,,700.0
,,,,,500.0
,,,,,500.0
,,,,,500.0
,,,,,400.0
,,,,,500.0
,,,,,500.0
,,,,,500.0
,,,,,600.0
,,,,,500.0
,,,,,400.0
,,,,,400.0
,,,,,400.0
,,,,,500.0
,,,,,500.0
,,,,,500.0
,,,,,500.0
,,,,,400.0
,,,,,400.0
,,,,,400.0
,,,,,400.0
,,,,,400.0
,,,,,400.0
,,,,,300.0
,,,,,300.0
,,,,,300.0
,,,,,300.0
,,,,,300.0
,,,,,300.0
,,,,,300.0
,,,,,200.0
,,,,,200.0
,,,,,300.0
,,,,,400.0
,,,,,300.0
,,,,,300.0
,,,,,300.0
,,,,,400.0
,,,,,400.0
,,,,,300.0
,,,,,300.0
,,,,,400.0
,,,,,400.0
,,,,,400.0
,,,,,400.0
,,,,,300.0
,,,,,400.0
,,,,,400.0
,,,,,400.0
,,,,,300.0
,,,,,300.0
,,,,,600.0
,,,,,600.0
,,,,,600.0
,,,,,600.0
,,,,,700.0
,,,,,800.0
,,,,,800.0
,,,,,900.0
,,,,,700.0
,,,,,600.0
,,,,,800.0
,,,,,700.0
,,,,,700.0
,,,,,700.0
,,,,,800.0
,,,,,800.0
,,,,,800.0
,,,,,700.0
,,,,,800.0
,,,,,700.0
,,,,,600.0
,,,,,600.0
,,,,,600.0
,,,,,600.0
,,,,,600.0
,,,,,700.0
,,,,,700.0
,,,,,700.0
,,,,,700.0
,,,,,700.0
,,,,,900.0
,,,,,800.0
,,,,,800.0
,,,,,800.0
,,,,,700.0
,,,,,800.0
,,,,,800.0
,,,,,800.0
,,,,,800.0
,,,,,800.0
,,,,,900.0
,,,,,900.0
,,,,,800.0
,,,,,900.0
,,,,,800.0
,,,,,900.0
,,,,,900.0
,,,,,900.0
,,,,,900.0
,,,,,800.0
,,,,,800.0
,,,,,700.0
,,,,,800.0
,,,,,600.0
,,,,,600.0
,,,,,700.0
,,,,,600.0
,,,,,600.0
,,,,,700.0
,,,,,800.0
,,,,,800.0
,,,,,800.0
,,,,,800.0
,,,,,800.0
,,,,,800.0
,,,,,800.0
,,,,,900.0
,,,,,900.0
,,,,,800.0
,,,,,1000.0
,,,,,1100.0
,,,,,900.0
,,,,,900.0
,,,,,900.0
,,,,,800.0
,,,,,700.0
,,,,,700.0
,,,,,700.0
,,,,,700.0
,,,,,700.0
,,,,,700.0
,,,,,800.0
,,,,,700.0
,,,,,700.0
,,,,,800.0
,,,,,700.0
,,,,,700.0
,,,,,800.0
,,,,,800.0
,,,,,900.0
,,,,,800.0
,,,,,900.0
,,,,,900.0
,,,,,800.0
,,,,,800.0
,,,,,800.0
,,,,,700.0
,,,,,700.0
,,,,,700.0
,,,,,700.0
,,,,,700.0
,,,,,800.0
,,,,,700.0
,,,,,700.0
,,,,,600.0
,,,,,700.0
,,,,,800.0
,,,,,900.0
,,,,,900.0
,,,,,800.0
,,,,,700.0
,,,,,800.0
,,,,,800.0
,,,,,800.0
,,,,,800.0
,,,,,800.0
,,,,,800.0
,,,,,900.0
,,,,,900.0
,,,,,800.0
,,,,,600.0
,,,,,600.0
,,,,,600.0
,,,,,600.0
,,,,,700.0
,,,,,800.0
,,,,,900.0
,,,,,900.0
,,,,,800.0
,,,,,800.0
,,,,,800.0
,,,,,800.0
,,,,,800.0
,,,,,800.0
,,,,,900.0
,,,,,900.0
,,,,,1000.0
,,,,,1000.0
,,,,,1100.0
,,,,,1000.0
,,,,,900.0
,,,,,800.0
,,,,,800.0
,,,,,800.0
,,,,,700.0
,,,,,800.0
,,,,,800.0
,,,,,900.0
,,,,,900.0
,,,,,900.0
,,,,,900.0
,,,,,900.0
,,,,,900.0
,,,,,900.0
,,,,,900.0
,,,,,900.0
,,,,,900.0
,,,,,900.0
,,,,,900.0
,,,,,900.0
,,,,,1000.0
,,,,,900.0
,,,,,700.0
,,,,,600.0
,,,,,600.0
,,,,,600.0
,,,,,600.0
4.0,9.0,32.42,64.0,3.0,300.0
1.0,7.0,39.77,51.0,2.0,300.0
2.0,6.0,33.15,57.0,2.0,300.0
3.0,6.0,36.2,45.0,2.0,300.0
5.0,8.0,30.39,51.0,2.0,300.0
5.0,9.0,23.76,58.0,2.0,300.0
6.0,9.0,23.13,53.0,2.0,300.0
,,,,2.0,
5.0,8.0,37.64,40.0,3.0,300.0
5.0,10.0,42.84,39.0,4.0,300.0
1.0,6.0,50.26,35.0,3.0,300.0
3.0,7.0,52.06,33.0,3.0,300.0
7.0,12.0,55.91,31.0,3.0,300.0
11.0,15.0,54.01,31.0,3.0,300.0
10.0,14.0,47.53,38.0,3.0,300.0
4.0,8.0,39.6,46.0,3.0,300.0
5.0,10.0,36.16,47.0,2.0,300.0
7.0,13.0,31.4,56.0,2.0,300.0
6.0,11.0,27.51,64.0,3.0,400.0
4.0,9.0,27.52,60.0,3.0,400.0
10.0,14.0,32.5,54.0,3.0,400.0
4.0,6.0,46.38,34.0,2.0,300.0
3.0,5.0,32.57,31.0,2.0,300.0
7.0,9.0,38.86,22.0,2.0,200.0
7.0,9.0,27.15,28.0,2.0,200.0
1.0,2.0,24.99,28.0,2.0,300.0
5.0,7.0,37.16,17.0,2.0,200.0
4.0,6.0,31.59,26.0,2.0,200.0
6.0,5.0,5.82,66.0,3.0,300.0
2.0,4.0,4.37,71.0,3.0,400.0
7.0,8.0,6.36,64.0,3.0,400.0
6.0,9.0,5.84,73.0,3.0,600.0
2.0,4.0,13.76,59.0,3.0,500.0
5.0,6.0,18.23,50.0,2.0,400.0
10.0,13.0,19.36,55.0,3.0,400.0
17.0,21.0,21.4,53.0,3.0,500.0
4.0,9.0,24.09,47.0,3.0,400.0
8.0,11.0,28.4,39.0,3.0,300.0
3.0,5.0,22.11,46.0,3.0,300.0
5.0,9.0,13.48,60.0,3.0,500.0
3.0,6.0,5.7,68.0,3.0,400.0
9.0,12.0,4.57,71.0,3.0,500.0
13.0,16.0,5.01,76.0,3.0,600.0
10.0,13.0,5.13,77.0,3.0,600.0
9.0,12.0,3.97,67.0,3.0,500.0
11.0,14.0,3.64,63.0,3.0,500.0
10.0,13.0,3.4,60.0,3.0,500.0
6.0,9.0,5.33,54.0,3.0,400.0
7.0,8.0,16.15,35.0,2.0,300.0
4.0,5.0,10.26,34.0,2.0,300.0
5.0,6.0,20.39,22.0,2.0,300.0
3.0,4.0,25.99,24.0,2.0,200.0
8.0,9.0,21.53,34.0,2.0,200.0
7.0,8.0,14.49,47.0,2.0,300.0
5.0,8.0,11.59,53.0,2.0,400.0
6.0,9.0,11.31,56.0,2.0,400.0
10.0,12.0,12.47,58.0,3.0,400.0
9.0,13.0,16.37,51.0,2.0,400.0
7.0,11.0,21.76,50.0,3.0,400.0
5.0,5.0,30.35,56.0,3.0,300.0
3.0,4.0,26.69,59.0,3.0,300.0
2.0,3.0,39.32,46.0,3.0,300.0
1.0,2.0,56.71,26.0,3.0,200.0
1.0,1.0,57.01,24.0,3.0,200.0
1.0,1.0,55.49,25.0,3.0,200.0
3.0,3.0,55.03,26.0,3.0,200.0
4.0,4.0,51.51,31.0,3.0,300.0
7.0,7.0,50.37,34.0,4.0,300.0
4.0,4.0,45.01,39.0,4.0,400.0
5.0,4.0,38.91,45.0,5.0,300.0
5.0,5.0,29.0,55.0,4.0,300.0
3.0,4.0,34.31,49.0,4.0,400.0
3.0,4.0,38.87,46.0,3.0,300.0
2.0,3.0,41.59,43.0,4.0,300.0
4.0,5.0,44.29,38.0,3.0,300.0
7.0,8.0,35.7,43.0,3.0,300.0
7.0,8.0,30.32,45.0,3.0,300.0
6.0,7.0,27.92,46.0,3.0,300.0
7.0,8.0,12.67,69.0,3.0,400.0
7.0,9.0,7.92,75.0,4.0,400.0
9.0,10.0,13.56,71.0,4.0,400.0
11.0,12.0,9.26,75.0,4.0,400.0
9.0,11.0,9.84,71.0,6.0,500.0
6.0,7.0,20.35,53.0,5.0,400.0
7.0,8.0,28.22,39.0,4.0,300.0
6.0,7.0,36.43,26.0,4.0,300.0
6.0,7.0,36.47,24.0,4.0,300.0
5.0,5.0,42.51,21.0,4.0,300.0
6.0,6.0,42.27,25.0,4.0,300.0
9.0,10.0,30.56,41.0,4.0,300.0
4.0,6.0,9.7,78.0,4.0,400.0
10.0,13.0,4.19,94.0,6.0,600.0
14.0,18.0,8.39,91.0,7.0,600.0
9.0,14.0,16.06,79.0,9.0,500.0
6.0,11.0,25.4,69.0,10.0,400.0
8.0,13.0,29.87,64.0,13.0,400.0
9.0,13.0,33.37,63.0,12.0,400.0
5.0,8.0,40.94,56.0,8.0,400.0
9.0,12.0,41.82,58.0,10.0,400.0
5.0,9.0,37.32,63.0,7.0,400.0
,8.0,,,,
7.0,11.0,11.53,99.0,10.0,500.0
12.0,21.0,3.17,129.0,7.0,700.0
14.0,26.0,2.74,140.0,7.0,1000.0
17.0,27.0,2.95,102.0,5.0,800.0
13.0,17.0,7.67,84.0,4.0,500.0
9.0,13.0,12.65,75.0,4.0,400.0
10.0,12.0,23.35,50.0,3.0,300.0
16.0,18.0,3.28,69.0,3.0,400.0
2.0,5.0,48.1,40.0,3.0,300.0
2.0,3.0,30.59,52.0,3.0,300.0
10.0,13.0,30.83,47.0,3.0,300.0
9.0,11.0,34.88,40.0,3.0,300.0
2.0,4.0,37.54,35.0,3.0,300.0
2.0,4.0,33.77,38.0,3.0,300.0
2.0,3.0,33.04,39.0,6.0,300.0
,5.0,,,,
,1.0,,,,
13.0,,2.74,90.0,10.0,600.0
4.0,8.0,15.47,66.0,4.0,500.0
5.0,,,74.0,,400.0
5.0,,,67.0,,400.0
2.0,,,35.0,,300.0
2.0,,,24.0,,200.0
1.0,,,43.0,,300.0
5.0,,,79.0,,700.0
11.0,,,56.0,,900.0
6.0,,,40.0,,300.0
13.0,,,71.0,,1000.0
19.0,,,49.0,,600.0
18.0,,,40.0,,400.0
13.0,,,52.0,,400.0
22.0,,,53.0,,400.0
14.0,,,44.0,,400.0
3.0,,,41.0,,400.0
9.0,,,52.0,,300.0
4.0,,,91.0,,500.0
5.0,6.0,22.94,30.0,5.0,300.0
1.0,,29.93,17.0,5.0,200.0
8.0,10.0,17.22,38.0,6.0,300.0
6.0,8.0,8.74,50.0,7.0,400.0
6.0,,,40.0,,300.0
27.0,,,93.0,,900.0
1.0,1.0,66.67,14.0,4.0,200.0
8.0,9.0,26.08,55.0,6.0,300.0
4.0,5.0,35.17,43.0,6.0,300.0
,3.0,,,,
,4.0,,,,
12.0,18.0,3.15,91.0,2.0,500.0
12.0,,3.95,83.0,5.0,500.0
2.0,2.0,52.39,28.0,3.0,300.0
3.0,,39.83,29.0,3.0,300.0
1.0,3.0,34.8,40.0,3.0,300.0
,11.0,,,,300.0
,10.0,,,,300.0
,7.0,,,,300.0
,6.0,,,,300.0
,4.0,,,,400.0
13.0,19.0,2.66,109.0,3.0,600.0
,15.0,2.84,,3.0,
,,59.01,30.0,4.0,300.0
15.0,20.0,4.76,94.0,3.0,500.0
13.0,,4.17,93.0,3.0,500.0
11.0,,3.27,88.0,2.0,400.0
13.0,,2.6,87.0,3.0,500.0
10.0,,3.21,85.0,3.0,500.0
11.0,,2.92,81.0,3.0,600.0
5.0,,50.41,21.0,,200.0
2.0,,47.38,22.0,2.0,200.0
6.0,,53.98,18.0,2.0,200.0
3.0,,47.89,29.0,2.0,200.0
10.0,12.0,5.43,73.0,4.0,400.0
1.0,1.0,75.24,20.0,3.0,200.0
11.0,11.0,85.1,17.0,3.0,200.0
,3.0,79.9,13.0,3.0,200.0
,1.0,74.3,15.0,3.0,200.0
,5.0,69.53,19.0,3.0,200.0
,4.0,61.55,32.0,3.0,200.0
,11.0,39.02,66.0,3.0,300.0
,8.0,26.94,83.0,3.0,400.0
1.0,1.0,59.74,25.0,3.0,300.0
10.0,11.0,50.62,38.0,4.0,300.0
4.0,,,20.0,,200.0
2.0,,,16.0,,200.0
10.0,,,22.0,,200.0
4.0,,,22.0,,200.0
14.0,,4.88,81.0,,500.0
12.0,13.0,61.1,31.0,3.0,200.0
2.0,3.0,63.24,30.0,3.0,300.0
1.0,1.0,70.13,24.0,3.0,200.0
1.0,2.0,71.03,21.0,3.0,200.0
1.0,1.0,74.97,18.0,3.0,200.0
4.0,4.0,,,3.0,200.0
2.0,,,,,200.0
1.0,,,,,200.0
4.0,,,,,200.0
2.0,,,,,200.0
4.0,,,,,300.0
12.0,,,,,300.0
13.0,,,,,300.0
5.0,,,,,300.0
4.0,,,,,300.0
7.0,,,,,300.0
4.0,,,,,300.0
1.0,,,,,300.0
3.0,,,,,300.0
2.0,,,,,300.0
5.0,6.0,71.71,17.0,3.0,200.0
1.0,2.0,74.89,12.0,3.0,200.0
4.0,8.0,57.33,23.0,3.0,300.0
,5.0,,,,
7.0,8.0,83.34,21.0,3.0,200.0
6.0,,54.66,31.0,3.0,300.0
1.0,2.0,32.11,67.0,4.0,400.0
9.0,11.0,32.83,64.0,4.0,300.0
2.0,3.0,45.25,48.0,4.0,300.0
7.0,8.0,40.4,51.0,4.0,300.0
3.0,5.0,40.77,46.0,4.0,300.0
3.0,6.0,47.87,,,300.0
,,,,4.0,
2.0,3.0,63.55,32.0,4.0,300.0
4.0,5.0,70.97,17.0,4.0,300.0
,,65.45,,,
,,73.75,,,
,,76.23,,,
,,73.46,,,
,,65.4,,,
,,33.83,,,
,,5.26,,,
,,15.1,,,
,,29.15,,,
,,29.51,,,
,,46.63,,,
,,45.81,,,
,,52.24,,,
,,62.78,,,
,,66.19,,,
,,74.96,,,
,,63.28,,,
,,49.1,,,
,,24.36,,,
,,19.69,,,
,,22.55,,,
,,23.84,,,
,,9.67,,,
,,6.26,,,
,,6.44,,,
,,5.27,,,
,,5.83,,,
,,21.78,,,
,,49.39,,,
,,42.11,,,
,,13.83,,,
,,7.48,,,
,,7.22,,,
,,15.77,,,
11.0,18.0,27.54,77.0,6.0,500.0
,16.0,,,,500.0
,14.0,,51.0,,500.0
,9.0,,67.0,,600.0
,14.0,,62.0,,500.0
,15.0,,53.0,,400.0
,2.0,,53.0,,400.0
,2.0,,52.0,,400.0
,2.0,,57.0,,400.0
,3.0,,48.0,,400.0
12.0,,,29.0,,200.0
,,,21.0,,
,,,20.0,,
,,,18.0,,
,,,24.0,,
,,,24.0,,
3.0,6.0,55.65,42.0,6.0,300.0
3.0,5.0,58.73,41.0,6.0,300.0
1.0,3.0,54.56,45.0,6.0,300.0
2.0,5.0,31.88,54.0,6.0,300.0
2.0,5.0,58.44,33.0,6.0,300.0
2.0,3.0,43.24,19.0,6.0,200.0
2.0,,47.72,42.0,,300.0
5.0,7.0,52.82,38.0,7.0,300.0
4.0,6.0,70.77,11.0,1.0,200.0
1.0,1.0,88.35,12.0,1.0,200.0
5.0,19.0,41.01,44.0,1.0,300.0
14.0,,,,,
9.0,,,,,
11.0,,,,,
5.0,,,,,
8.0,,,,,
7.0,,,,,
2.0,2.0,45.27,44.0,1.0,300.0
1.0,1.0,,,1.0,
3.0,3.0,73.13,23.0,1.0,200.0
8.0,8.0,70.62,16.0,1.0,200.0
2.0,4.0,21.71,51.0,1.0,300.0
8.0,21.0,75.41,20.0,1.0,200.0
10.0,19.0,26.54,60.0,1.0,300.0
2.0,11.0,56.08,17.0,1.0,200.0
1.0,2.0,60.74,40.0,1.0,300.0
10.0,19.0,49.95,42.0,1.0,300.0
10.0,14.0,48.67,25.0,,200.0
5.0,8.0,67.03,26.0,1.0,200.0
3.0,3.0,65.06,15.0,1.0,200.0
5.0,6.0,46.65,46.0,4.0,300.0
8.0,14.0,43.27,47.0,4.0,300.0
7.0,,81.18,17.0,4.0,200.0
,,,,4.0,
1.0,1.0,65.33,33.0,4.0,200.0
6.0,7.0,33.18,38.0,4.0,300.0
7.0,10.0,64.41,22.0,4.0,300.0
8.0,11.0,64.13,24.0,4.0,300.0
10.0,14.0,52.07,34.0,4.0,300.0
4.0,8.0,50.22,52.0,4.0,300.0
3.0,4.0,72.45,26.0,4.0,200.0
14.0,18.0,47.11,52.0,4.0,300.0
2.0,3.0,67.55,22.0,4.0,200.0
10.0,12.0,61.7,31.0,4.0,200.0
12.0,15.0,29.81,68.0,4.0,400.0
12.0,15.0,63.51,26.0,4.0,200.0
16.0,18.0,12.24,62.0,4.0,300.0
19.0,25.0,10.53,101.0,4.0,700.0
8.0,11.0,59.57,22.0,4.0,200.0
,5.0,37.08,37.0,4.0,
,,70.9,,4.0,200.0
9.0,10.0,57.02,30.0,4.0,200.0
6.0,8.0,20.11,65.0,4.0,400.0
1.0,1.0,77.33,23.0,4.0,200.0
2.0,3.0,14.3,74.0,4.0,300.0
,,,,,200.0
15.0,17.0,65.96,11.0,3.0,200.0
1.0,1.0,20.41,65.0,4.0,300.0
6.0,13.0,68.31,19.0,4.0,200.0
,,23.32,,,
3.0,12.0,15.93,67.0,4.0,300.0
5.0,8.0,66.72,18.0,4.0,200.0
2.0,4.0,36.44,42.0,4.0,200.0
6.0,9.0,83.64,14.0,4.0,200.0
2.0,6.0,70.52,15.0,4.0,200.0
15.0,23.0,58.76,30.0,4.0,200.0
12.0,19.0,28.67,20.0,4.0,200.0
3.0,7.0,75.74,12.0,4.0,200.0
8.0,15.0,76.64,12.0,4.0,200.0
15.0,31.0,78.16,24.0,4.0,200.0
,26.0,70.98,24.0,4.0,
,23.0,61.46,27.0,4.0,
,20.0,66.4,26.0,4.0,
10.0,27.0,85.35,16.0,4.0,200.0
13.0,28.0,32.03,81.0,4.0,400.0
16.0,25.0,62.31,24.0,4.0,200.0
19.0,29.0,62.7,22.0,4.0,200.0
19.0,29.0,59.21,23.0,4.0,200.0
17.0,28.0,60.38,20.0,4.0,200.0
13.0,22.0,56.79,24.0,4.0,200.0
15.0,23.0,51.17,31.0,4.0,200.0
13.0,22.0,47.37,43.0,4.0,200.0
16.0,27.0,60.0,46.0,4.0,300.0
18.0,31.0,75.25,44.0,4.0,300.0
16.0,32.0,94.78,43.0,4.0,300.0
12.0,27.0,116.8,36.0,4.0,200.0
10.0,24.0,139.2,33.0,4.0,200.0
23.0,38.0,141.6,32.0,4.0,200.0
17.0,32.0,141.6,29.0,4.0,200.0
14.0,31.0,151.3,19.0,4.0,200.0
14.0,34.0,143.9,33.0,4.0,200.0
13.0,41.0,149.0,32.0,4.0,200.0
27.0,55.0,152.3,36.0,4.0,200.0
28.0,57.0,125.7,74.0,4.0,300.0
28.0,59.0,64.58,128.0,4.0,400.0
25.0,48.0,67.36,77.0,4.0,400.0
14.0,21.0,73.79,53.0,4.0,300.0
15.0,25.0,76.96,39.0,4.0,300.0
15.0,26.0,65.5,46.0,4.0,200.0
13.0,24.0,59.62,45.0,4.0,200.0
14.0,25.0,52.07,50.0,4.0,300.0
15.0,26.0,64.84,35.0,4.0,200.0
15.0,25.0,71.37,25.0,4.0,200.0
9.0,19.0,65.81,28.0,4.0,200.0
9.0,18.0,65.38,28.0,4.0,200.0
10.0,20.0,61.91,29.0,4.0,200.0
13.0,25.0,59.84,38.0,4.0,200.0
13.0,28.0,85.16,28.0,4.0,200.0
14.0,29.0,94.14,28.0,4.0,200.0
11.0,28.0,110.5,28.0,4.0,200.0
17.0,33.0,125.3,33.0,4.0,300.0
16.0,33.0,140.1,35.0,4.0,300.0
23.0,55.0,147.4,31.0,4.0,200.0
26.0,67.0,145.6,29.0,4.0,200.0
29.0,70.0,125.4,31.0,4.0,200.0
33.0,92.0,123.7,28.0,4.0,200.0
40.0,110.0,119.6,33.0,4.0,200.0
40.0,117.0,97.66,61.0,4.0,300.0
13.0,27.0,83.0,15.0,4.0,200.0
22.0,52.0,70.18,35.0,4.0,200.0
23.0,42.0,63.5,37.0,4.0,300.0
18.0,29.0,62.64,24.0,4.0,200.0
23.0,34.0,58.03,38.0,4.0,200.0
7.0,18.0,47.01,42.0,4.0,200.0
4.0,10.0,83.34,19.0,4.0,200.0
9.0,16.0,72.95,19.0,4.0,200.0
15.0,29.0,7.94,98.0,4.0,400.0
9.0,17.0,68.7,25.0,4.0,200.0
6.0,13.0,75.06,23.0,4.0,200.0
12.0,19.0,98.6,19.0,4.0,200.0
11.0,26.0,87.12,17.0,4.0,200.0
14.0,24.0,93.1,17.0,4.0,200.0
13.0,26.0,67.72,42.0,4.0,300.0
10.0,18.0,70.93,18.0,4.0,200.0
9.0,40.0,95.86,15.0,4.0,200.0
10.0,22.0,50.83,58.0,4.0,400.0
8.0,13.0,67.1,31.0,4.0,200.0
7.0,12.0,73.44,21.0,4.0,200.0
12.0,19.0,59.38,24.0,4.0,200.0
12.0,21.0,54.88,53.0,4.0,300.0
12.0,21.0,57.43,44.0,4.0,300.0
25.0,35.0,47.99,41.0,4.0,300.0
22.0,35.0,14.1,79.0,4.0,400.0
22.0,39.0,32.09,79.0,5.0,500.0
27.0,51.0,36.07,90.0,5.0,500.0
23.0,43.0,90.44,21.0,4.0,200.0
17.0,37.0,93.28,20.0,4.0,200.0
15.0,28.0,93.37,22.0,4.0,200.0
33.0,95.0,99.68,17.0,4.0,200.0
9.0,23.0,79.03,21.0,4.0,200.0
,,48.67,20.0,,
,,49.68,22.0,,
,,55.25,21.0,,
,,64.23,20.0,,
,,78.16,18.0,,
,,99.42,15.0,,
,,113.3,16.0,,
,,,24.0,,
,,,21.0,,
,,,23.0,,
,,,27.0,,
,,,35.0,,
,,,40.0,,
,,,52.0,,
,,,65.0,,
,,65.12,71.0,,
,,64.18,43.0,,
,,61.18,37.0,,
,,59.41,32.0,4.0,
,,63.93,23.0,4.0,
,,67.18,19.0,4.0,
,,54.59,26.0,4.0,
,,39.33,35.0,4.0,
15.0,32.0,25.62,54.0,4.0,200.0
21.0,37.0,16.6,71.0,4.0,300.0
19.0,38.0,28.31,60.0,4.0,300.0
29.0,50.0,42.88,50.0,4.0,300.0
,,,49.0,4.0,300.0
,,68.83,48.0,4.0,300.0
13.0,28.0,81.63,37.0,4.0,200.0
21.0,38.0,70.45,33.0,4.0,200.0
16.0,24.0,63.41,15.0,4.0,200.0
1.0,5.0,63.66,13.0,4.0,200.0
16.0,30.0,77.62,18.0,4.0,200.0
6.0,,46.2,11.0,4.0,200.0
11.0,18.0,,,4.0,200.0
14.0,21.0,64.94,23.0,4.0,200.0
14.0,24.0,70.49,27.0,4.0,200.0
21.0,30.0,81.76,23.0,4.0,200.0
15.0,,,29.0,,200.0
18.0,,,28.0,,200.0
18.0,25.0,60.3,21.0,4.0,200.0
14.0,23.0,59.06,21.0,4.0,200.0
30.0,42.0,72.09,35.0,4.0,300.0
25.0,39.0,51.81,63.0,5.0,400.0
14.0,30.0,82.19,35.0,4.0,300.0
27.0,40.0,80.13,11.0,4.0,200.0
26.0,37.0,65.3,22.0,4.0,200.0
21.0,28.0,52.14,22.0,4.0,200.0
38.0,65.0,74.41,24.0,4.0,200.0
38.0,63.0,70.08,29.0,4.0,300.0
37.0,58.0,78.07,23.0,4.0,300.0
45.0,62.0,52.78,36.0,4.0,300.0
8.0,12.0,82.81,12.0,4.0,200.0
17.0,32.0,7.08,87.0,5.0,600.0
3.0,7.0,72.27,20.0,4.0,200.0
6.0,10.0,49.47,36.0,4.0,200.0
7.0,12.0,50.96,30.0,4.0,200.0
8.0,14.0,47.62,30.0,4.0,200.0
4.0,9.0,55.84,25.0,4.0,200.0
2.0,7.0,59.29,22.0,4.0,200.0
5.0,9.0,47.59,33.0,4.0,200.0
3.0,7.0,46.53,31.0,4.0,200.0
5.0,12.0,51.29,29.0,4.0,200.0
3.0,14.0,51.67,34.0,4.0,200.0
6.0,17.0,63.81,28.0,4.0,200.0
8.0,17.0,67.23,30.0,4.0,200.0
9.0,19.0,73.39,31.0,4.0,200.0
7.0,19.0,89.3,26.0,4.0,200.0
6.0,17.0,104.0,24.0,4.0,200.0
13.0,22.0,115.2,20.0,5.0,200.0
9.0,18.0,119.8,15.0,5.0,200.0
7.0,16.0,118.0,17.0,4.0,200.0
9.0,19.0,115.6,23.0,4.0,200.0
9.0,32.0,93.3,43.0,4.0,300.0
16.0,101.0,46.83,98.0,4.0,400.0
13.0,68.0,23.72,112.0,5.0,500.0
16.0,46.0,5.8,142.0,5.0,700.0
22.0,42.0,4.21,140.0,5.0,700.0
23.0,43.0,4.63,151.0,6.0,900.0
15.0,31.0,19.5,103.0,5.0,600.0
17.0,28.0,19.98,84.0,4.0,400.0
11.0,21.0,34.71,52.0,4.0,300.0
6.0,13.0,50.51,25.0,4.0,200.0
6.0,13.0,52.97,25.0,4.0,200.0
6.0,13.0,44.06,36.0,4.0,200.0
8.0,15.0,25.66,63.0,4.0,200.0
8.0,19.0,13.24,86.0,5.0,400.0
12.0,27.0,21.11,78.0,5.0,400.0
10.0,25.0,28.91,75.0,4.0,400.0
10.0,22.0,51.0,58.0,4.0,300.0
14.0,26.0,71.29,42.0,4.0,200.0
10.0,23.0,84.71,35.0,4.0,200.0
12.0,28.0,91.51,33.0,4.0,200.0
7.0,11.0,74.36,18.0,4.0,200.0
11.0,16.0,40.81,43.0,4.0,300.0
10.0,19.0,37.55,65.0,5.0,400.0
12.0,23.0,53.51,45.0,4.0,400.0
15.0,30.0,126.2,41.0,5.0,300.0
9.0,22.0,126.3,33.0,4.0,300.0
14.0,27.0,122.2,39.0,4.0,300.0
11.0,28.0,108.3,43.0,4.0,300.0
12.0,50.0,66.45,84.0,4.0,400.0
15.0,94.0,29.34,124.0,5.0,500.0
17.0,91.0,11.99,145.0,5.0,600.0
28.0,62.0,5.18,164.0,6.0,900.0
32.0,55.0,7.41,140.0,5.0,1000.0
16.0,32.0,35.88,86.0,5.0,600.0
12.0,22.0,51.52,56.0,4.0,300.0
11.0,19.0,56.62,40.0,4.0,300.0
8.0,15.0,59.43,30.0,4.0,200.0
6.0,12.0,59.15,28.0,4.0,200.0
6.0,12.0,59.45,28.0,4.0,200.0
6.0,12.0,61.56,25.0,4.0,200.0
6.0,12.0,58.29,27.0,4.0,200.0
6.0,13.0,50.84,32.0,4.0,200.0
10.0,17.0,50.16,34.0,4.0,200.0
10.0,18.0,56.23,34.0,4.0,200.0
5.0,17.0,61.69,48.0,4.0,300.0
8.0,24.0,78.38,51.0,4.0,300.0
13.0,28.0,102.6,48.0,5.0,300.0
11.0,27.0,123.0,42.0,5.0,300.0
5.0,17.0,140.5,27.0,5.0,200.0
14.0,25.0,148.7,30.0,4.0,200.0
16.0,28.0,141.3,37.0,4.0,300.0
17.0,36.0,135.9,39.0,4.0,200.0
11.0,43.0,86.32,82.0,4.0,300.0
19.0,98.0,20.99,145.0,5.0,500.0
21.0,102.0,43.77,97.0,4.0,500.0
5.0,16.0,46.57,76.0,5.0,400.0
9.0,17.0,58.29,54.0,4.0,300.0
8.0,16.0,50.46,55.0,5.0,300.0
12.0,20.0,65.66,22.0,4.0,200.0
6.0,15.0,63.71,14.0,4.0,200.0
2.0,9.0,61.53,12.0,4.0,200.0
2.0,9.0,59.41,12.0,4.0,200.0
7.0,12.0,59.13,12.0,4.0,200.0
9.0,13.0,49.53,21.0,4.0,200.0
5.0,11.0,27.46,49.0,4.0,200.0
4.0,12.0,17.63,61.0,5.0,300.0
7.0,18.0,,56.0,5.0,400.0
5.0,17.0,,47.0,5.0,300.0
5.0,17.0,,42.0,4.0,300.0
5.0,9.0,46.39,17.0,4.0,200.0
1.0,3.0,51.01,17.0,4.0,200.0
1.0,3.0,56.11,15.0,4.0,200.0
3.0,8.0,59.14,15.0,4.0,200.0
4.0,10.0,51.73,26.0,4.0,200.0
2.0,12.0,29.83,58.0,4.0,200.0
1.0,2.0,20.42,81.0,5.0,300.0
5.0,14.0,60.63,13.0,4.0,200.0
5.0,12.0,72.27,17.0,4.0,200.0
13.0,31.0,52.94,38.0,4.0,300.0
17.0,31.0,12.09,82.0,5.0,500.0
10.0,22.0,38.98,57.0,4.0,400.0
1.0,8.0,76.62,15.0,4.0,200.0
2.0,11.0,73.09,14.0,4.0,200.0
2.0,7.0,53.98,26.0,4.0,200.0
1.0,8.0,48.86,25.0,4.0,300.0
12.0,30.0,7.91,90.0,5.0,400.0
10.0,26.0,50.01,27.0,4.0,200.0
2.0,6.0,56.88,19.0,4.0,200.0
1.0,6.0,50.87,17.0,4.0,200.0
6.0,9.0,67.97,17.0,4.0,200.0
11.0,21.0,28.65,36.0,4.0,300.0
10.0,15.0,26.73,32.0,4.0,200.0
,21.0,,,,
7.0,16.0,44.46,21.0,4.0,200.0
15.0,22.0,26.16,35.0,4.0,200.0
5.0,10.0,19.26,53.0,5.0,300.0
15.0,23.0,22.35,64.0,5.0,400.0
4.0,6.0,57.38,12.0,5.0,200.0
3.0,4.0,54.89,26.0,5.0,200.0
3.0,6.0,50.85,25.0,5.0,200.0
3.0,6.0,43.38,30.0,5.0,200.0
2.0,5.0,43.15,30.0,5.0,200.0
4.0,7.0,39.25,34.0,5.0,200.0
5.0,8.0,30.51,42.0,5.0,200.0
6.0,10.0,33.15,40.0,5.0,300.0
8.0,13.0,34.93,41.0,5.0,300.0
3.0,10.0,40.56,42.0,5.0,300.0
7.0,14.0,46.15,41.0,5.0,300.0
1.0,8.0,54.56,36.0,5.0,300.0
6.0,13.0,57.58,37.0,5.0,300.0
8.0,17.0,64.68,35.0,5.0,300.0
13.0,22.0,62.53,34.0,5.0,300.0
12.0,,,37.0,5.0,
10.0,18.0,39.4,34.0,5.0,300.0
9.0,23.0,17.31,64.0,5.0,400.0
7.0,11.0,78.88,14.0,5.0,200.0
17.0,34.0,40.16,36.0,5.0,300.0
14.0,29.0,21.89,59.0,6.0,400.0
20.0,35.0,10.99,89.0,6.0,600.0
13.0,18.0,10.94,63.0,5.0,400.0
5.0,7.0,33.75,47.0,5.0,300.0
1.0,3.0,47.56,28.0,5.0,300.0
,7.0,,,,
3.0,9.0,60.73,19.0,5.0,200.0
4.0,6.0,37.63,37.0,4.0,200.0
7.0,8.0,46.23,31.0,4.0,200.0
12.0,21.0,3.5,74.0,5.0,700.0
8.0,13.0,35.47,39.0,5.0,300.0
3.0,6.0,19.37,65.0,6.0,300.0
9.0,11.0,30.95,24.0,5.0,200.0
14.0,17.0,29.01,22.0,,200.0
5.0,9.0,57.15,19.0,5.0,200.0
1.0,3.0,58.46,18.0,5.0,200.0
6.0,13.0,58.08,22.0,5.0,200.0
4.0,10.0,53.75,21.0,5.0,
11.0,21.0,3.28,71.0,5.0,500.0
1.0,4.0,40.22,41.0,5.0,300.0
5.0,14.0,50.14,34.0,5.0,300.0
7.0,12.0,38.2,27.0,5.0,200.0
3.0,6.0,43.85,19.0,5.0,200.0
3.0,5.0,40.72,19.0,5.0,200.0
3.0,5.0,44.79,22.0,5.0,200.0
5.0,9.0,49.82,22.0,5.0,200.0
4.0,8.0,51.75,19.0,5.0,200.0
4.0,7.0,53.83,22.0,5.0,200.0
2.0,6.0,51.93,25.0,5.0,200.0
6.0,13.0,53.33,26.0,5.0,200.0
8.0,16.0,53.57,31.0,5.0,300.0
7.0,15.0,67.64,21.0,5.0,200.0
10.0,18.0,64.21,21.0,5.0,200.0
11.0,18.0,58.92,31.0,5.0,300.0
4.0,10.0,69.79,24.0,5.0,300.0
9.0,14.0,64.57,26.0,5.0,200.0
5.0,12.0,61.62,27.0,5.0,200.0
4.0,10.0,46.72,37.0,5.0,300.0
4.0,8.0,37.66,46.0,5.0,300.0
8.0,13.0,33.23,51.0,5.0,300.0
9.0,14.0,20.19,65.0,5.0,300.0
13.0,19.0,21.04,61.0,5.0,300.0
11.0,16.0,29.46,45.0,5.0,300.0
8.0,12.0,36.87,33.0,5.0,200.0
1.0,3.0,36.34,34.0,5.0,200.0
1.0,5.0,53.66,20.0,5.0,200.0
2.0,5.0,60.79,16.0,5.0,200.0
1.0,3.0,65.05,13.0,5.0,200.0
1.0,2.0,59.68,16.0,5.0,200.0
1.0,3.0,52.02,29.0,5.0,200.0
2.0,5.0,21.69,64.0,5.0,200.0
5.0,11.0,8.34,92.0,5.0,300.0
9.0,15.0,7.59,91.0,6.0,500.0
8.0,17.0,11.88,77.0,5.0,500.0
11.0,19.0,22.12,62.0,5.0,400.0
7.0,12.0,22.03,38.0,8.0,300.0
7.0,19.0,37.32,39.0,6.0,300.0
8.0,19.0,54.19,22.0,6.0,200.0
10.0,18.0,25.35,35.0,6.0,300.0
12.0,17.0,33.66,23.0,6.0,200.0
10.0,16.0,21.58,58.0,6.0,400.0
4.0,7.0,42.73,34.0,7.0,300.0
3.0,7.0,45.4,32.0,6.0,300.0
22.0,34.0,31.51,54.0,8.0,500.0
14.0,22.0,43.65,43.0,7.0,400.0
5.0,12.0,37.09,49.0,7.0,400.0
8.0,16.0,26.96,57.0,7.0,400.0
11.0,20.0,11.58,75.0,7.0,500.0
13.0,24.0,9.02,84.0,7.0,500.0
13.0,25.0,6.56,91.0,8.0,600.0
12.0,23.0,6.75,88.0,8.0,600.0
15.0,27.0,9.3,75.0,7.0,600.0
16.0,26.0,6.74,84.0,7.0,600.0
17.0,29.0,6.56,80.0,7.0,600.0
20.0,32.0,6.65,72.0,7.0,600.0
16.0,26.0,7.19,60.0,7.0,500.0
15.0,23.0,8.11,55.0,7.0,400.0
11.0,20.0,7.33,52.0,6.0,400.0
12.0,21.0,6.56,53.0,7.0,400.0
15.0,24.0,6.48,52.0,7.0,500.0
17.0,26.0,8.58,47.0,6.0,400.0
20.0,28.0,15.55,42.0,6.0,300.0
24.0,32.0,13.67,48.0,7.0,400.0
25.0,32.0,16.68,46.0,6.0,400.0
25.0,32.0,16.76,50.0,7.0,400.0
25.0,34.0,19.87,52.0,7.0,400.0
23.0,30.0,24.77,51.0,7.0,400.0
20.0,26.0,25.15,53.0,7.0,400.0
23.0,31.0,16.98,61.0,7.0,500.0
25.0,34.0,9.15,71.0,7.0,500.0
21.0,31.0,6.72,75.0,7.0,600.0
20.0,31.0,6.47,80.0,8.0,600.0
23.0,35.0,6.66,84.0,8.0,800.0
26.0,38.0,6.72,75.0,8.0,700.0
25.0,34.0,6.87,67.0,7.0,500.0
17.0,24.0,6.48,69.0,8.0,600.0
27.0,37.0,6.81,68.0,8.0,700.0
27.0,35.0,6.92,65.0,7.0,600.0
26.0,33.0,7.37,59.0,7.0,400.0
19.0,26.0,18.44,41.0,6.0,300.0
21.0,26.0,9.85,52.0,6.0,400.0
24.0,30.0,6.49,56.0,7.0,400.0
26.0,33.0,7.11,58.0,7.0,400.0
22.0,30.0,6.83,62.0,7.0,400.0
26.0,35.0,6.87,67.0,7.0,600.0
31.0,42.0,7.52,66.0,8.0,600.0
25.0,36.0,7.97,65.0,8.0,600.0
26.0,38.0,8.29,66.0,8.0,600.0
31.0,46.0,8.8,68.0,9.0,700.0
31.0,47.0,9.81,67.0,9.0,600.0
37.0,51.0,9.94,70.0,10.0,700.0
41.0,55.0,10.06,71.0,10.0,700.0
42.0,60.0,8.25,79.0,9.0,700.0
1.0,2.0,60.61,28.0,7.0,200.0
1.0,3.0,57.03,28.0,6.0,300.0
1.0,4.0,62.88,22.0,6.0,200.0
3.0,8.0,55.66,28.0,7.0,200.0
12.0,20.0,16.04,61.0,8.0,400.0
18.0,29.0,4.41,78.0,8.0,600.0
18.0,27.0,4.78,70.0,7.0,500.0
,26.0,,,,
22.0,30.0,4.56,78.0,9.0,1000.0
19.0,26.0,4.25,62.0,8.0,900.0
,,4.06,63.0,8.0,500.0
,,4.24,54.0,8.0,500.0
21.0,30.0,4.34,62.0,9.0,600.0
16.0,22.0,5.24,51.0,8.0,400.0
4.0,9.0,39.87,33.0,10.0,300.0
4.0,9.0,48.9,24.0,9.0,300.0
,21.0,,,,
,36.0,,,13.0,
24.0,47.0,18.23,100.0,13.0,500.0
15.0,30.0,27.2,85.0,12.0,400.0
10.0,24.0,40.84,66.0,12.0,200.0
7.0,24.0,42.99,61.0,13.0,200.0
4.0,18.0,30.81,71.0,16.0,200.0
3.0,10.0,21.16,85.0,14.0,200.0
6.0,12.0,16.23,93.0,19.0,300.0
7.0,13.0,12.63,94.0,16.0,300.0
7.0,18.0,7.07,112.0,18.0,500.0
8.0,22.0,12.66,101.0,11.0,500.0
6.0,15.0,42.65,44.0,10.0,100.0
3.0,8.0,39.8,43.0,9.0,100.0
3.0,7.0,48.73,30.0,9.0,100.0
1.0,4.0,49.67,27.0,9.0,100.0
4.0,7.0,52.18,26.0,8.0,100.0
3.0,9.0,57.47,20.0,8.0,100.0
2.0,9.0,27.39,41.0,8.0,100.0
4.0,10.0,10.32,73.0,9.0,100.0
9.0,21.0,6.22,101.0,10.0,300.0
10.0,21.0,14.8,91.0,12.0,300.0
7.0,17.0,18.46,89.0,13.0,300.0
7.0,19.0,28.65,75.0,12.0,200.0
7.0,15.0,40.33,62.0,13.0,200.0
6.0,7.0,46.76,54.0,11.0,200.0
3.0,9.0,51.39,51.0,11.0,200.0
6.0,12.0,53.47,50.0,11.0,200.0
7.0,12.0,59.11,46.0,9.0,100.0
5.0,12.0,50.34,59.0,13.0,200.0
5.0,14.0,34.69,76.0,15.0,200.0
5.0,13.0,26.63,82.0,14.0,200.0
7.0,15.0,25.26,81.0,13.0,200.0
7.0,13.0,20.8,84.0,14.0,300.0
6.0,14.0,29.86,65.0,12.0,200.0
5.0,10.0,34.41,56.0,11.0,200.0
8.0,11.0,40.47,51.0,10.0,200.0
3.0,7.0,53.74,32.0,9.0,100.0
3.0,8.0,47.74,36.0,10.0,100.0
5.0,7.0,63.06,18.0,10.0,100.0
3.0,8.0,48.85,31.0,9.0,100.0
4.0,15.0,55.12,27.0,9.0,100.0
3.0,9.0,35.76,43.0,8.0,100.0
4.0,13.0,7.34,79.0,8.0,100.0
4.0,17.0,5.43,111.0,10.0,300.0
9.0,34.0,5.27,139.0,11.0,500.0
16.0,47.0,11.58,127.0,12.0,500.0
9.0,,21.71,97.0,13.0,300.0
9.0,,,92.0,,200.0
11.0,,,89.0,,300.0
25.0,34.0,5.69,112.0,12.0,600.0
25.0,36.0,5.63,85.0,11.0,500.0
23.0,33.0,5.17,71.0,10.0,300.0
20.0,28.0,5.18,65.0,9.0,300.0
20.0,28.0,5.61,77.0,9.0,300.0
24.0,33.0,5.41,86.0,12.0,400.0
24.0,37.0,5.78,108.0,13.0,500.0
21.0,43.0,5.77,137.0,13.0,800.0
3.0,6.0,69.96,14.0,7.0,100.0
2.0,5.0,65.13,17.0,7.0,100.0
3.0,6.0,68.34,15.0,7.0,100.0
4.0,7.0,65.63,19.0,7.0,100.0
2.0,6.0,70.71,15.0,8.0,100.0
3.0,7.0,62.95,23.0,7.0,100.0
4.0,9.0,53.8,38.0,8.0,100.0
10.0,17.0,22.93,81.0,8.0,200.0
5.0,17.0,8.7,107.0,9.0,400.0
10.0,26.0,18.23,94.0,9.0,400.0
5.0,23.0,18.37,95.0,10.0,300.0
6.0,22.0,42.08,68.0,8.0,200.0
7.0,20.0,,53.0,9.0,
3.0,16.0,56.74,46.0,8.0,200.0
4.0,19.0,58.63,43.0,8.0,200.0
2.0,13.0,59.93,42.0,8.0,200.0
2.0,12.0,57.05,48.0,8.0,200.0
4.0,15.0,49.04,58.0,8.0,200.0
5.0,14.0,34.81,75.0,8.0,200.0
6.0,14.0,35.94,72.0,8.0,300.0
8.0,16.0,42.16,61.0,8.0,200.0
5.0,11.0,47.22,51.0,8.0,200.0
7.0,13.0,57.16,38.0,8.0,100.0
,7.0,60.81,,7.0,
6.0,10.0,64.49,17.0,7.0,100.0
7.0,10.0,68.19,12.0,7.0,100.0
4.0,8.0,66.83,13.0,7.0,100.0
4.0,8.0,70.54,13.0,8.0,100.0
2.0,9.0,70.11,16.0,7.0,100.0
2.0,9.0,49.23,46.0,8.0,100.0
7.0,15.0,31.55,72.0,8.0,200.0
6.0,18.0,15.7,99.0,9.0,300.0
9.0,26.0,19.53,96.0,9.0,500.0
8.0,22.0,27.1,82.0,8.0,300.0
9.0,21.0,30.02,72.0,8.0,200.0
6.0,19.0,30.93,70.0,9.0,200.0
13.0,25.0,36.23,64.0,8.0,200.0
15.0,26.0,40.95,64.0,8.0,300.0
10.0,22.0,43.96,53.0,8.0,200.0
10.0,18.0,42.18,57.0,8.0,200.0
9.0,20.0,36.23,62.0,8.0,200.0
4.0,17.0,29.91,70.0,8.0,300.0
7.0,20.0,27.37,67.0,8.0,300.0
6.0,17.0,37.04,67.0,8.0,200.0
6.0,12.0,57.34,41.0,8.0,100.0
4.0,9.0,68.87,25.0,8.0,100.0
3.0,6.0,64.84,30.0,7.0,100.0
6.0,7.0,71.95,18.0,7.0,100.0
2.0,3.0,77.93,11.0,7.0,100.0
3.0,5.0,75.86,11.0,7.0,100.0
1.0,6.0,79.88,8.0,7.0,100.0
2.0,4.0,75.08,11.0,7.0,100.0
3.0,6.0,57.08,34.0,8.0,100.0
3.0,4.0,26.94,79.0,8.0,200.0
5.0,7.0,12.74,106.0,9.0,400.0
11.0,14.0,23.93,90.0,9.0,400.0
6.0,9.0,43.29,68.0,9.0,200.0
9.0,12.0,50.23,61.0,8.0,200.0
5.0,9.0,57.31,56.0,8.0,200.0
7.0,10.0,59.29,55.0,8.0,200.0
12.0,15.0,61.31,55.0,8.0,300.0
11.0,14.0,61.23,50.0,8.0,200.0
11.0,15.0,54.97,57.0,8.0,200.0
9.0,12.0,43.04,71.0,8.0,200.0
9.0,12.0,45.24,63.0,8.0,200.0
6.0,34.0,40.29,65.0,7.0,200.0
5.0,12.0,37.8,61.0,7.0,200.0
8.0,26.0,35.69,56.0,7.0,200.0
5.0,28.0,43.92,39.0,7.0,100.0
,9.0,,,,
8.0,24.0,49.8,17.0,7.0,100.0
4.0,5.0,52.49,13.0,7.0,100.0
1.0,4.0,54.6,9.0,7.0,100.0
2.0,35.0,52.24,10.0,7.0,100.0
2.0,15.0,52.14,15.0,7.0,100.0
3.0,16.0,43.67,30.0,7.0,100.0
5.0,12.0,37.01,51.0,7.0,100.0
4.0,6.0,32.88,61.0,7.0,200.0
3.0,7.0,32.83,61.0,7.0,200.0
2.0,8.0,33.35,61.0,7.0,200.0
7.0,11.0,41.57,50.0,7.0,100.0
11.0,18.0,46.77,45.0,8.0,100.0
10.0,12.0,48.84,43.0,8.0,100.0
7.0,9.0,49.82,41.0,8.0,100.0
9.0,11.0,48.91,40.0,7.0,100.0
4.0,5.0,45.17,43.0,7.0,100.0
3.0,4.0,43.36,45.0,7.0,100.0
4.0,5.0,46.3,44.0,7.0,100.0
5.0,6.0,42.66,48.0,7.0,200.0
5.0,6.0,48.05,39.0,7.0,100.0
4.0,6.0,52.24,36.0,7.0,100.0
4.0,10.0,43.01,36.0,7.0,100.0
6.0,11.0,45.66,27.0,7.0,100.0
1.0,1.0,61.68,28.0,7.0,100.0
1.0,3.0,40.42,64.0,7.0,100.0
5.0,16.0,33.04,82.0,7.0,200.0
4.0,8.0,36.79,75.0,8.0,300.0
,10.0,,,,
8.0,,57.34,51.0,,200.0
7.0,9.0,60.7,43.0,7.0,100.0
8.0,9.0,55.84,48.0,7.0,100.0
6.0,,,44.0,,200.0
9.0,13.0,52.48,47.0,7.0,100.0
7.0,,45.62,57.0,,200.0
3.0,5.0,52.76,64.0,7.0,
,9.0,,45.0,7.0,100.0
1.0,5.0,72.0,31.0,7.0,100.0
1.0,5.0,67.3,32.0,7.0,100.0
1.0,2.0,71.2,16.0,7.0,100.0
2.0,5.0,72.17,18.0,7.0,100.0
3.0,9.0,51.61,48.0,10.0,100.0
2.0,8.0,60.01,37.0,8.0,100.0
7.0,11.0,60.5,36.0,8.0,100.0
5.0,10.0,63.65,32.0,8.0,100.0
2.0,6.0,64.67,31.0,10.0,100.0
6.0,9.0,70.04,25.0,12.0,100.0
10.0,13.0,68.81,25.0,11.0,100.0
,8.0,,,11.0,
5.0,7.0,49.74,48.0,13.0,100.0
2.0,5.0,45.97,53.0,9.0,100.0
,3.0,,,9.0,
4.0,8.0,27.48,,8.0,200.0
8.0,13.0,24.76,74.0,8.0,200.0
7.0,13.0,30.65,64.0,8.0,200.0
1.0,3.0,65.74,19.0,7.0,100.0
4.0,8.0,56.22,25.0,7.0,100.0
1.0,4.0,41.17,38.0,7.0,100.0
3.0,7.0,27.75,59.0,8.0,100.0
4.0,9.0,27.19,61.0,9.0,100.0
6.0,12.0,48.4,47.0,9.0,100.0
9.0,13.0,64.2,34.0,8.0,100.0
4.0,6.0,67.26,30.0,8.0,100.0
1.0,3.0,69.37,28.0,8.0,100.0
1.0,5.0,67.13,31.0,10.0,100.0
4.0,6.0,67.76,27.0,13.0,100.0
5.0,8.0,64.42,28.0,13.0,100.0
5.0,8.0,58.89,35.0,12.0,100.0
5.0,8.0,42.4,53.0,14.0,100.0
3.0,6.0,32.85,66.0,13.0,200.0
1.0,5.0,23.35,76.0,14.0,200.0
2.0,6.0,26.74,69.0,11.0,200.0
3.0,7.0,23.25,69.0,14.0,200.0
8.0,11.0,16.56,74.0,10.0,300.0
7.0,12.0,9.3,77.0,8.0,100.0
10.0,20.0,3.7,106.0,10.0,
15.0,37.0,6.09,129.0,13.0,800.0
17.0,33.0,23.21,76.0,10.0,300.0
19.0,35.0,21.99,91.0,11.0,300.0
21.0,36.0,22.46,95.0,11.0,
15.0,28.0,26.38,96.0,11.0,400.0
18.0,30.0,22.89,103.0,10.0,300.0
23.0,38.0,13.8,109.0,10.0,300.0
21.0,34.0,14.47,99.0,9.0,400.0
14.0,25.0,12.32,98.0,9.0,400.0
13.0,26.0,7.35,102.0,10.0,400.0
12.0,28.0,5.26,122.0,11.0,500.0
14.0,30.0,5.11,128.0,11.0,600.0
21.0,38.0,5.51,131.0,12.0,500.0
22.0,35.0,5.18,91.0,11.0,300.0
22.0,39.0,4.89,108.0,11.0,500.0
19.0,40.0,5.29,142.0,12.0,700.0
19.0,47.0,5.7,163.0,16.0,1100.0
9.0,21.0,14.63,98.0,11.0,400.0
,23.0,,,,
,,,,,200.0
4.0,10.0,63.03,51.0,11.0,100.0
,14.0,,,,
7.0,16.0,23.08,94.0,11.0,200.0
6.0,13.0,15.01,93.0,13.0,300.0
3.0,9.0,33.16,63.0,10.0,200.0
6.0,12.0,20.5,58.0,9.0,100.0
12.0,19.0,4.33,100.0,11.0,200.0
9.0,25.0,3.76,126.0,13.0,500.0
13.0,34.0,8.4,113.0,12.0,500.0
11.0,28.0,15.71,95.0,15.0,400.0
13.0,27.0,28.48,82.0,13.0,200.0
9.0,22.0,51.03,63.0,10.0,200.0
11.0,23.0,55.09,63.0,11.0,200.0
11.0,24.0,61.34,63.0,10.0,200.0
12.0,23.0,62.47,57.0,9.0,100.0
12.0,27.0,58.26,63.0,8.0,100.0
6.0,21.0,34.02,91.0,9.0,200.0
,45.0,,,11.0,
21.0,78.0,4.14,170.0,17.0,900.0
,57.0,4.15,,,
17.0,37.0,3.84,150.0,19.0,800.0
18.0,34.0,3.75,128.0,13.0,500.0
,41.0,,,,
9.0,24.0,27.53,84.0,10.0,200.0
12.0,27.0,32.94,83.0,9.0,200.0
12.0,25.0,43.85,67.0,9.0,200.0
11.0,23.0,57.39,48.0,8.0,100.0
9.0,22.0,60.63,46.0,8.0,100.0
12.0,26.0,63.34,48.0,8.0,100.0
12.0,24.0,65.13,46.0,8.0,100.0
12.0,33.0,40.17,82.0,8.0,200.0
7.0,38.0,18.13,107.0,9.0,300.0
11.0,47.0,4.44,144.0,20.0,600.0
20.0,40.0,4.05,142.0,16.0,700.0
19.0,35.0,9.03,109.0,10.0,300.0
,,,,,100.0
,24.0,,,,
,30.0,,,,
,32.0,,,,
,31.0,,,,
,31.0,,,,
,31.0,,,,
15.0,28.0,58.32,64.0,11.0,200.0
14.0,26.0,59.94,70.0,11.0,200.0
,24.0,,,,
14.0,29.0,51.87,75.0,9.0,200.0
,32.0,,,,
16.0,58.0,4.13,143.0,11.0,400.0
21.0,74.0,4.02,163.0,14.0,700.0
27.0,72.0,4.45,179.0,18.0,1000.0
30.0,62.0,4.11,146.0,14.0,800.0
28.0,54.0,3.68,134.0,15.0,700.0
23.0,48.0,3.69,122.0,13.0,600.0
12.0,17.0,35.12,49.0,11.0,
9.0,14.0,41.99,45.0,14.0,100.0
6.0,14.0,77.29,27.0,8.0,100.0
6.0,17.0,80.87,22.0,8.0,100.0
6.0,16.0,86.43,28.0,8.0,100.0
5.0,22.0,77.33,40.0,7.0,100.0
,,44.58,77.0,8.0,
9.0,49.0,14.55,112.0,10.0,300.0
,37.0,,,,
7.0,28.0,30.91,82.0,10.0,300.0
8.0,,,,9.0,100.0
9.0,22.0,40.71,42.0,8.0,100.0
12.0,20.0,49.55,32.0,8.0,100.0
12.0,17.0,44.22,36.0,8.0,100.0
10.0,17.0,48.96,28.0,8.0,100.0
14.0,19.0,45.52,33.0,8.0,100.0
12.0,18.0,24.8,55.0,8.0,100.0
8.0,17.0,9.45,88.0,9.0,200.0
14.0,24.0,7.97,105.0,10.0,300.0
12.0,31.0,13.67,98.0,11.0,400.0
15.0,34.0,21.99,86.0,11.0,300.0
19.0,34.0,30.64,76.0,12.0,200.0
16.0,31.0,41.02,69.0,10.0,200.0
12.0,28.0,51.55,55.0,9.0,200.0
,,57.37,46.0,9.0,100.0
,,56.75,52.0,9.0,100.0
11.0,33.0,59.41,51.0,9.0,200.0
12.0,39.0,56.28,52.0,8.0,100.0
9.0,40.0,40.09,74.0,8.0,200.0
8.0,49.0,12.96,113.0,11.0,300.0
14.0,50.0,7.43,120.0,17.0,500.0
15.0,39.0,5.06,125.0,15.0,500.0
16.0,42.0,6.71,106.0,10.0,300.0
13.0,35.0,38.65,55.0,9.0,100.0
12.0,34.0,44.46,45.0,8.0,100.0
12.0,,,71.0,,
11.0,,,100.0,,
21.0,47.0,4.81,118.0,15.0,500.0
26.0,54.0,9.13,124.0,16.0,600.0
12.0,35.0,51.94,67.0,10.0,200.0
,36.0,,57.0,,100.0
16.0,,60.67,,,
,,,,8.0,
20.0,,,56.0,8.0,
,,49.17,,8.0,200.0
,,,,8.0,
16.0,78.0,,98.0,,300.0
22.0,53.0,19.95,92.0,9.0,300.0
20.0,44.0,19.03,87.0,9.0,300.0
17.0,39.0,16.46,92.0,9.0,300.0
21.0,,4.55,113.0,9.0,500.0
19.0,43.0,5.98,87.0,8.0,100.0
16.0,44.0,,101.0,,300.0
,50.0,,113.0,10.0,400.0
26.0,56.0,11.14,110.0,12.0,500.0
22.0,47.0,23.89,97.0,11.0,300.0
19.0,40.0,41.82,69.0,10.0,100.0
17.0,40.0,48.09,63.0,10.0,100.0
22.0,46.0,50.84,61.0,11.0,100.0
22.0,50.0,57.33,55.0,9.0,200.0
,,59.1,,8.0,
21.0,58.0,62.62,50.0,8.0,200.0
18.0,54.0,56.33,57.0,,200.0
15.0,56.0,39.6,79.0,8.0,300.0
11.0,59.0,33.08,85.0,8.0,300.0
16.0,75.0,12.58,117.0,9.0,400.0
22.0,83.0,4.3,147.0,11.0,500.0
27.0,78.0,4.92,145.0,12.0,800.0
27.0,69.0,5.83,135.0,11.0,700.0
25.0,62.0,6.03,129.0,12.0,600.0
22.0,54.0,10.78,84.0,10.0,300.0
17.0,43.0,27.28,50.0,9.0,100.0
19.0,47.0,14.26,65.0,9.0,100.0
,,,,,200.0
24.0,54.0,5.86,102.0,11.0,400.0
22.0,60.0,21.71,81.0,12.0,300.0
23.0,58.0,37.36,66.0,11.0,200.0
,,48.78,,,200.0
19.0,,76.27,38.0,8.0,
20.0,51.0,72.01,,,
14.0,45.0,66.2,54.0,,
17.0,56.0,41.02,87.0,8.0,200.0
12.0,71.0,17.24,129.0,8.0,300.0
18.0,108.0,4.2,173.0,12.0,600.0
28.0,69.0,4.44,140.0,14.0,800.0
24.0,57.0,15.81,96.0,10.0,500.0
17.0,45.0,24.28,75.0,9.0,200.0
15.0,42.0,28.82,66.0,9.0,200.0
13.0,38.0,36.47,49.0,9.0,100.0
10.0,29.0,25.34,61.0,9.0,100.0
20.0,46.0,4.93,124.0,13.0,400.0
21.0,55.0,10.14,113.0,13.0,500.0
17.0,50.0,23.99,86.0,12.0,300.0
16.0,46.0,35.95,79.0,11.0,200.0
19.0,51.0,45.0,77.0,13.0,200.0
21.0,53.0,53.86,,11.0,200.0
19.0,,57.39,,8.0,200.0
15.0,,49.95,,,200.0
12.0,35.0,42.79,,8.0,200.0
8.0,,,,,300.0
12.0,64.0,3.47,,17.0,600.0
20.0,64.0,3.9,,24.0,1000.0
31.0,72.0,3.35,,23.0,1300.0
34.0,71.0,3.04,,18.0,1400.0
21.0,45.0,6.24,,10.0,500.0
14.0,33.0,6.26,,9.0,300.0
13.0,31.0,23.75,,8.0,100.0
13.0,34.0,13.58,,9.0,100.0
15.0,38.0,24.96,,11.0,
13.0,,17.78,,15.0,
28.0,,,,14.0,
23.0,53.0,30.69,,13.0,
,57.0,44.32,,10.0,
22.0,49.0,51.15,,9.0,
18.0,42.0,57.7,,8.0,
15.0,47.0,,,8.0,
13.0,,,,9.0,
25.0,61.0,,,22.0,
29.0,63.0,,,17.0,
26.0,54.0,,,12.0,
19.0,42.0,,,9.0,
18.0,40.0,,,10.0,
19.0,40.0,,,9.0,
12.0,29.0,,,8.0,
8.0,23.0,,,8.0,
,27.0,,,11.0,
,25.0,,,13.0,
,26.0,,,12.0,
,23.0,,,13.0,
,22.0,,,10.0,
,39.0,,,8.0,
,37.0,,,8.0,
,38.0,,,8.0,
,,,,8.0,
,54.0,,,8.0,
,87.0,,,9.0,
,92.0,,,12.0,
,58.0,,,11.0,
,44.0,,,10.0,
,41.0,,,11.0,
,36.0,,,10.0,
,37.0,,,11.0,
,,,,10.0,
,33.0,,,12.0,
,42.0,,,12.0,
,46.0,,,14.0,
,,,,12.0,
,45.0,,,14.0,
,,,,8.0,
,31.0,,,,
,,,,8.0,
,33.0,,,8.0,
,,,,8.0,
,76.0,,,,
,100.0,,,,
,109.0,,,,
,,,,,
,,,,,
,,,,,
,,,,,
,,,,,
,,,,,
,,,,,
,,,,,
,,,,,
,,,,,
,,,,,
,,,,,
,,,,,
,,,,,
,,,,,
,,,,,
,,,,,
,,,,,
,,,,,
,,,,,
,,,,,
,,,,,
,,,,,
,,,,,
,,,,,
,,,,,
,,,,,
,,,,,
,,,,,
,,,,,
,,,,,
,,,,,
,,,,,
,,,,,
,,,,,
,,,,,
,,,,,
,,,,,
,,,,,
,,,,,
,,,,,
,,,,,
,,,,,
,,,,,
,,,,,
,,,,,
,,,,,
,,,,,
,,,,,
,,,,,
,,,,,
,,,,,
,,,,,
,,,,,
,,,,,
,,,,,
,,,,,
,,,,,
,,,,,
,,,,,
,,,,,
,,,,,
,,,,,
,,,,,
,,,,,
,,,,,
,,,,,
,,,,,
,,,,,
,,,,,
,,,,,
,,,,,
,,,,,
,,,,,
,,,,,
,,,,,
,,,,,
,,,,,
,,,,,
,,,,,
,,,,,
,,,,,
,,,,,
,,,,,
,,,,,
,,,,,
,,,,,
,,,,,
,,,,,
,,,,,
,,,,,
,,,,,
,,,,,
,,,,,
,,,,,
,,,,,
,,,,,
,,,,,
,,,,,
,,,,,
,,,,,
,,,,,
,,,,,
,,,,,
,,,,,
,,,,,
,,,,,
,,,,,
,,,,,
,,,,,
,,,,,
,,,,,
,,,,,
,,,,,
,,,,,
,,,,,
,,,,,
,,,,,
,,,,,
,,,,,
,,,,,
,,,,,
,,,,,
,,,,,
,,,,,
,,,,,
,,,,,
,,,,,
,,,,,
,,,,,
,,,,,
,,,,,
,,,,,
,,,,,
,,,,,
,,,,,
,,,,,
,,,,,
,,,,,
,,,,,
,,,,,
,,,,,
,,,,,
,,,,,
,,,,,
,,,,,
,,,,,
,,,,,
,,,,,
,,,,,
,,,,,
,,,,,
,,,,,
,,,,,
,,,,,
,,,,,
,,,,,
,,,,,
,,,,,
,,,,,
,,,,,
,,,,,
,,,,,
,,,,,
,,,,,
,,,,,
,,,,,
,,,,,
,,,,,
,,,,,
,,,,,
,,,,,
,,,,,
,,,,,
,,,,,
,,,,,
,,,,,
,,,,,
,,,,,
,,,,,
,,,,,
,,,,,
,,,,,
,,,,,
,,,,,
,,,,,
,,,,,
,,,,,
,,,,,
,,,,,
,,,,,
,,,,,
,,,,,
,,,,,
,,,,,
,,,,,
,,,,,
,,,,,
,,,,,
,,,,,
,,,,,
,,,,,
,,,,,
,,,,,
,,,,,
,,,,,
,,,,,
,,,,,
,,,,,
,,,,,
,,,,,
,,,,,
,,,,,
,,,,,
,,,,,
,,,,,
,,,,,
,,,,,
,,,,,
,,,,,
,,,,,
,,,,,
,,,,,
,,,,,
,,,,,
,,,,,
,,,,,
,,,,,
,,,,,
,,,,,
,,,,,
,,,,,
,,,,,
,,,,,
,,,,,
,,,,,
,,,,,
,,,,,
,,,,,
,,,,,
,,,,,
,,,,,
,,,,,
,,,,,
,,,,,
,,,,,
,,,,,
,,,,,
,,,,,
,,,,,
,,,,,
,,,,,
,,,,,
,,,,,
,,,,,
,,,,,
,,,,,
,,,,,
,,,,,
,,,,,
,,,,,
,,,,,
,,,,,
,,,,,
,,,,,
,,,,,
,,,,,
,,,,,
,,,,,
,,,,,
,,,,,
,,,,,
,,,,,
,,,,,
,,,,,
,,,,,
,,,,,
,,,,,
,,,,,
,,,,,
,,,,,
,,,,,
,,,,,
,,,,,
,,,,,
,,,,,
,,,,,
,,,,,
,,,,,
,,,,,
,,,,,
,,,,,
,,,,,
,,,,,
,,,,,
,,,,,
,,,,,
,,,,,
,,,,,
,,,,,
,,,,,
,,,,,
,,,,,
,,,,,
,,,,,
,,,,,
,,,,,
,,,,,
,,,,,
,,,,,
,,,,,
,,,,,
,,,,,
,,,,,
,,,,,
,,,,,
,,,,,
,,,,,
,,,,,
,,,,,
,,,,,
,,,,,
,,,,,
,,,,,
,,,,,
,,,,,
,,,,,
,,,,,
,,,,,
,,,,,
,,,,,
,,,,,
,,,,,
,,,,,
,,,,,
,,,,,
,,,,,
,,,,,
,,,,,
,,,,,
,,,,,
,,,,,
,,,,,
,,,,,
,,,,,
,,,,,
,,,,,
,,,,,
,,,,,
,,,,,
,,,,,
,,,,,
,,,,,
,,,,,
,,,,,
,,,,,
,,,,,
,,,,,
,,,,,
,,,,,
,,,,,
,,,,,
,,,,,
,,,,,
,,,,,
,,,,,
,,,,,
,,,,,
,,,,,
,,,,,
,,,,,
,,,,,
,,,,,
,,,,,
,,,,,
,,,,,
,,,,,
,,,,,
,,,,,
,,,,,
,,,,,
,,,,,
,,,,,
,,,,,
,,,,,
,,,,,
,,,,,
,,,,,
,,,,,
,,,,,
,,,,,
,,,,,
,,,,,
,,,,,
,,,,,
,,,,,
,,,,,
,,,,,
,,,,,
,,,,,
,,,,,
,,,,,
,,,,,
,,,,,
,,,,,
,,,,,
,,,,,
,,,,,
,,,,,
,,,,,
,,,,,
,,,,,
,,,,,
,,,,,
,,,,,
,,,,,
,,,,,
,,,,,
,,,,,
,,,,,
,,,,,
,,,,,
,,,,,
,,,,,
,,,,,
,,,,,
,,,,,
,,,,,
,,,,,
,,,,,
,,,,,
,,,,,
,,,,,
,,,,,
,,,,,
,,,,,
,,,,,
,,,,,
,,,,,
,,,,,
,,,,,
,,,,,
,,,,,
,,,,,
,,,,,
,,,,,
,,,,,
,,,,,
,,,,,
,,,,,
,,,,,
,,,,,
,,,,,
,,,,,
,,,,,
,,,,,
,,,,,
,,,,,
,,,,,
,,,,,
,,,,,
,,,,,
,,,,,
,,,,,
,,,,,
,,,,,
,,,,,
,,,,,
,,,,,
,,,,,
,,,,,
,,,,,
,,,,,
,,,,,
,,,,,
,,,,,
,,,,,
,,,,,
,,,,,
,,,,,
,,,,,
,,,,,
,,,,,
,,,,,
,,,,,
,,,,,
,,,,,
,,,,,
,,,,,
,,,,,
,,,,,
,,,,,
,,,,,
,,,,,
,,,,,
,,,,,
,,,,,
,,,,,
,,,,,
,,,,,
,,,,,
,,,,,
,,,,,
,,,,,
,,,,,
,,,,,
,,,,,
,,,,,
,,,,,
,,,,,
,,,,,
,,,,,
,,,,,
,,,,,
,,,,,
,,,,,
,,,,,
,,,,,
,,,,,
,,,,,
,,,,,
,,,,,
,,,,,
,,,,,
,,,,,
,,,,,
,,,,,
,,,,,
,,,,,
,,,,,
,,,,,
,,,,,
,,,,,
,,,,,
,,,,,
,,,,,
,,,,,
,,,,,
,,,,,
,,,,,
,,,,,
,,,,,
,,,,,
,,,,,
,,,,,
,,,,,
,,,,,
,,,,,
,,,,,
,,,,,
,,,,,
,,,,,
,,,,,
,,,,,
,,,,,
,,,,,
,,,,,
,,,,,
,,,,,
,,,,,
,,,,,
,,,,,
,,,,,
,,,,,
,,,,,
,,,,,
,,,,,
,,,,,
,,,,,
,,,,,
,,,,,
,,,,,
,,,,,
,,,,,
,,,,,
,,,,,
,,,,,
,,,,,
,,,,,
,,,,,
,,,,,
,,,,,
,,,,,
,,,,,
,,,,,
,,,,,
,,,,,
,,,,,
,,,,,
,,,,,
,,,,,
,,,,,
,,,,,
,,,,,
,,,,,
,,,,,
,,,,,
,,,,,
,,,,,
,,,,,
,,,,,
,,,,,
,,,,,
,,,,,
,,,,,
,,,,,
,,,,,
,,,,,
,,,,,
,,,,,
,,,,,
,,,,,
,,,,,
,,,,,
,,,,,
,,,,,
,,,,,
,,,,,
,,,,,
,,,,,
,,,,,
,,,,,
,,,,,
,,,,,
,,,,,
,,,,,
,,,,,
,,,,,
,,,,,
,,,,,
,,,,,
,,,,,
,,,,,
,,,,,
,,,,,
,,,,,
,,,,,
,,,,,
,,,,,
,,,,,
,,,,,
,,,,,
,,,,,
,,,,,
,,,,,
,,,,,
,,,,,
,,,,,
,,,,,
,,,,,
,,,,,
,,,,,
,,,,,
,,,,,
,,,,,
,,,,,
,,,,,
,,,,,
,,,,,
,,,,,
,,,,,
,,,,,
,,,,,
,,,,,
,,,,,
,,,,,
,,,,,
,,,,,
,,,,,
,,,,,
,,,,,
,,,,,
,,,,,
,,,,,
,,,,,
,,,,,
,,,,,
,,,,,
,,,,,
,,,,,
,,,,,
,,,,,
,,,,,
,,,,,
,,,,,
,,,,,
,,,,,
,,,,,
,,,,,
,,,,,
,,,,,
,,,,,
,,,,,
,,,,,
,,,,,
,,,,,
,,,,,
,,,,,
,,,,,
,,,,,
,,,,,
,,,,,
,,,,,
,,,,,
,,,,,
,,,,,
,,,,,
,,,,,
,,,,,
,,,,,
,,,,,
,,,,,
,,,,,
,,,,,
,,,,,
,,,,,
,,,,,
,,,,,
,,,,,
,,,,,
,,,,,
,,,,,
,,,,,
,,,,,
,,,,,
,,,,,
,,,,,
,,,,,
,,,,,
,,,,,
,,,,,
,,,,,
,,,,,
,,,,,
,,,,,
,,,,,
,,,,,
,,,,,
,,,,,
,,,,,
,,,,,
,,,,,
,,,,,
,,,,,
,,,,,
,,,,,
,,,,,
,,,,,
,,,,,
,,,,,
,,,,,
,,,,,
,,,,,
,,,,,
,,,,,
,,,,,
,,,,,
,,,,,
,,,,,
,,,,,
,,,,,
,,,,,
,,,,,
,,,,,
,,,,,
,,,,,
,,,,,
,,,,,
,,,,,
,,,,,
,,,,,
,,,,,
,,,,,
,,,,,
,,,,,
,,,,,
,,,,,
,,,,,
,,,,,
,,,,,
,,,,,
,,,,,
,,,,,
,,,,,
,,,,,
,,,,,
,,,,,
,,,,,
,,,,,
,,,,,
,,,,,
,,,,,
,,,,,
,,,,,
,,,,,
,,,,,
,,,,,
,,,,,
,,,,,
,,,,,
,,,,,
,,,,,
,,,,,
,,,,,
,,,,,
,,,,,
,,,,,
,,,,,
,,,,,
,,,,,
,,,,,
,,,,,
,,,,,
,,,,,
,,,,,
,,,,,
,,,,,
,,,,,
,,,,,
,,,,,
,,,,,
,,,,,
,,,,,
,,,,,
,,,,,
,,,,,
,,,,,
,,,,,
,,,,,
,,,,,
,,,,,
,,,,,
,,,,,
,,,,,
,,,,,
,,,,,
,,,,,
,,,,,
,,,,,
,,,,,
,,,,,
,,,,,
,,,,,
,,,,,
,,,,,
,,,,,
,,,,,
,,,,,
,,,,,
,,,,,
,,,,,
,,,,,
,,,,,
,,,,,
,,,,,
,,,,,
,,,,,
,,,,,
,,,,,
,,,,,
,,,,,
,,,,,
,,,,,
,,,,,
,,,,,
,,,,,
,,,,,
,,,,,
,,,,,
,,,,,
,,,,,
,,,,,
,,,,,
,,,,,
,,,,,
,,,,,
,,,,,
,,,,,
,,,,,
,,,,,
,,,,,
,,,,,
,,,,,
,,,,,
,,,,,
,,,,,
,,,,,
,,,,,
,,,,,
,,,,,
,,,,,
,,,,,
,,,,,
,,,,,
,,,,,
,,,,,
,,,,,
,,,,,
,,,,,
,,,,,
,,,,,
,,,,,
,,,,,
,,,,,
,,,,,
,,,,,
,,,,,
,,,,,
,,,,,
,,,,,
,,,,,
,,,,,
,,,,,
,,,,,
,,,,,
,,,,,
,,,,,
,,,,,
,,,,,
,,,,,
,,,,,
,,,,,
,,,,,
,,,,,
,,,,,
,,,,,
,,,,,
,,,,,
,,,,,
,,,,,
,,,,,
,,,,,
,,,,,
,,,,,
,,,,,
,,,,,
,,,,,
,,,,,
,,,,,
,,,,,
,,,,,
,,,,,
,,,,,
,,,,,
,,,,,
,,,,,
,,,,,
,,,,,
,,,,,
,,,,,
,,,,,
,,,,,
,,,,,
,,,,,
,,,,,
,,,,,
,,,,,
,,,,,
,,,,,
,,,,,
,,,,,
,,,,,
,,,,,
,,,,,
,,,,,
,,,,,
,,,,,
,,,,,
,,,,,
,,,,,
,,,,,
,,,,,
,,,,,
,,,,,
,,,,,
,,,,,
,,,,,
,,,,,
,,,,,
,,,,,
,,,,,
,,,,,
,,,,,
,,,,,
,,,,,
,,,,,
,,,,,
,,,,,
,,,,,
,,,,,
,,,,,
,,,,,
,,,,,
,,,,,
,,,,,
,,,,,
,,,,,
,,,,,
,,,,,
,,,,,
4.27,8.69,,6.18,0.57,0.0
8.34,6.48,,4.12,0.29,0.0
4.27,15.38,,2.53,0.42,0.0
0.44,8.53,,2.13,0.22,0.0
0.29,6.78,,8.45,0.5,0.0
7.15,5.98,,8.14,0.29,0.0
9.15,11.75,,14.21,0.38,0.0
12.27,14.47,,30.02,0.47,0.0
9.14,12.35,,49.1,0.31,70.0
11.61,30.78,,50.7,0.07,260.0
13.67,45.9,,51.39,0.65,
15.17,51.01,,,0.55,20.0
10.16,30.07,,8.74,,80.0
7.89,17.76,,6.45,,160.0
8.43,20.87,,5.97,0.39,160.0
5.52,22.08,,7.87,0.46,180.0
5.66,29.69,,7.81,0.41,180.0
3.06,22.37,,14.23,0.29,190.0
9.53,29.86,,24.88,0.48,230.0
17.98,39.75,,35.91,0.25,260.0
15.83,39.76,,32.91,0.58,260.0
10.35,34.95,,19.57,0.61,240.0
7.3,24.41,,50.06,0.51,760.0
28.15,46.89,,37.56,1.1,580.0
40.31,63.21,,44.65,0.28,810.0
41.44,69.29,,27.35,0.63,500.0
22.63,50.83,,21.34,0.3,460.0
11.25,31.56,,20.57,0.22,580.0
40.71,101.83,,16.47,0.47,510.0
39.26,78.31,,16.24,0.66,510.0
31.39,54.54,,17.32,0.11,420.0
12.69,24.39,,36.38,0.0,430.0
16.99,23.27,,43.17,0.16,530.0
19.83,35.41,,49.59,0.12,
18.3,59.7,,,0.09,550.0
20.54,65.9,,37.46,0.53,350.0
18.32,47.67,,24.49,,300.0
16.43,30.32,,16.02,0.32,240.0
9.17,13.38,,13.12,0.11,210.0
4.02,4.55,,28.48,0.03,240.0
5.36,28.71,,40.87,0.34,270.0
22.51,53.79,,38.52,0.42,290.0
18.21,22.07,,38.91,0.94,340.0
24.49,26.91,,49.69,0.69,400.0
16.14,34.72,,57.54,0.14,590.0
32.04,62.09,,55.67,1.79,920.0
44.7,86.43,,42.65,1.21,860.0
45.57,100.16,,38.11,0.55,1300.0
61.15,118.67,,38.1,0.51,1580.0
82.08,137.26,,35.43,2.3,1620.0
90.25,148.8,,29.46,1.01,1490.0
81.84,135.43,,24.07,1.32,1330.0
71.89,122.37,,23.06,1.04,1220.0
68.63,107.7,,23.71,0.0,1160.0
67.12,94.21,,23.12,0.7,1030.0
59.51,80.03,,23.98,0.82,900.0
46.57,66.66,,22.21,0.46,
45.09,83.75,,,0.93,1020.0
52.86,100.18,,50.96,1.27,710.0
44.9,91.88,,44.46,,440.0
24.05,64.04,,23.9,0.46,310.0
12.08,38.77,,27.13,0.04,290.0
6.78,47.66,,19.56,0.68,310.0
8.71,40.41,,14.47,0.36,280.0
13.99,30.76,,14.19,0.26,250.0
16.69,33.03,,21.18,0.18,280.0
24.69,40.71,,33.12,0.08,400.0
31.07,53.74,,49.0,0.47,630.0
43.77,72.61,,62.99,1.11,1140.0
52.72,106.0,,67.42,0.67,1450.0
87.8,151.64,,58.7,0.32,1210.0
93.35,146.36,,44.69,0.97,860.0
71.39,108.48,,51.4,1.42,1280.0
28.91,87.9,,58.97,0.82,730.0
39.43,87.41,,55.12,1.59,1030.0
53.67,93.89,,45.32,1.75,1200.0
55.77,63.19,,35.15,2.58,1280.0
64.02,90.35,,37.21,0.44,1570.0
118.36,171.6,,28.41,1.73,1330.0
125.32,200.0,,28.99,1.81,1410.0
143.86,200.0,,23.2,1.4,1370.0
97.12,75.46,,22.34,2.12,1200.0
65.98,65.61,,21.37,2.22,1010.0
25.63,81.15,,21.28,1.76,
42.53,89.87,,,1.1,740.0
38.85,37.76,,31.46,1.83,820.0
51.33,11.67,,48.37,,340.0
24.68,20.45,,30.04,0.65,280.0
20.54,51.67,,15.19,1.12,250.0
25.1,62.87,,11.59,0.39,250.0
8.05,36.83,,10.48,1.04,240.0
5.2,21.14,,10.83,0.76,240.0
3.31,8.04,,9.42,0.95,210.0
8.99,23.65,,10.99,0.52,200.0
12.98,41.18,,13.02,0.8,210.0
13.83,35.84,,19.0,0.44,220.0
9.56,28.08,,22.44,0.26,250.0
8.21,18.85,,20.18,0.49,260.0
10.77,18.6,,14.22,0.68,250.0
12.18,22.57,,15.02,1.59,250.0
12.57,26.08,,18.57,0.47,270.0
11.14,21.46,,35.7,1.24,460.0
17.45,32.31,,42.77,1.15,670.0
26.53,43.15,,40.83,0.11,700.0
30.36,49.18,,36.19,0.21,700.0
29.66,51.78,,34.07,0.56,680.0
29.53,57.01,,38.31,0.19,
20.05,106.58,,,0.6,620.0
22.65,98.06,,34.83,0.7,730.0
32.9,38.86,,31.73,,760.0
55.37,34.43,,34.27,3.2,640.0
73.92,60.75,,41.6,0.33,630.0
77.43,111.33,,41.33,1.48,570.0
47.42,93.85,,30.3,1.22,390.0
11.62,26.96,,22.52,0.82,340.0
0.07,0.31,,20.48,0.44,320.0
14.54,73.85,,27.82,0.32,330.0
25.38,75.43,,21.03,0.47,310.0
9.81,121.15,,15.06,1.13,300.0
6.79,75.95,,22.11,1.24,380.0
17.23,38.1,,44.05,1.81,470.0
25.7,63.36,,53.83,1.78,720.0
30.36,70.72,,51.68,1.53,1000.0
44.51,82.09,,53.12,1.03,1040.0
65.51,101.83,,59.16,0.86,1510.0
94.45,133.67,,52.55,1.29,1690.0
105.92,150.35,,52.16,1.56,1430.0
97.14,146.7,,36.37,0.9,830.0
65.68,104.39,,21.95,0.84,540.0
32.58,58.78,,19.39,1.51,
30.31,48.21,,,0.91,430.0
25.89,33.06,,16.76,1.08,360.0
15.44,24.83,,16.39,,360.0
10.61,19.26,,20.77,0.97,400.0
16.85,24.63,,23.94,1.05,450.0
23.49,49.8,,31.12,0.36,480.0
27.39,42.8,,25.02,1.59,480.0
24.55,38.2,,22.78,0.09,410.0
17.94,39.14,,16.23,0.74,340.0
10.92,37.04,,8.97,1.24,260.0
7.22,24.4,,6.68,0.09,220.0
5.67,6.13,,5.51,1.22,210.0
6.0,7.75,,6.26,0.95,210.0
3.64,18.13,,11.62,1.04,290.0
8.02,21.2,,29.21,1.2,450.0
17.38,29.0,,38.83,1.21,590.0
31.72,48.72,,44.75,0.68,710.0
35.22,52.55,,42.64,0.62,800.0
33.22,60.08,,39.16,1.34,1190.0
40.29,76.14,,30.35,0.6,1260.0
50.13,83.46,,27.35,0.98,1390.0
58.67,86.13,,20.48,2.41,1580.0
58.83,92.39,,16.64,1.89,
62.61,84.44,,,1.14,1440.0
63.54,89.57,,15.68,1.3,1200.0
55.23,87.02,,17.58,,1060.0
47.15,69.35,,25.05,0.9,810.0
37.83,60.82,,21.22,1.18,810.0
34.32,59.8,,20.55,0.59,850.0
33.67,69.89,,38.57,0.36,930.0
41.41,94.0,,48.39,1.22,890.0
47.78,110.65,,53.48,1.61,940.0
47.29,98.17,,52.46,0.78,680.0
36.23,74.65,,50.08,0.92,610.0
29.78,66.02,,49.4,1.31,520.0
29.78,66.02,,22.93,0.83,330.0
29.78,66.02,,15.78,0.91,300.0
29.78,66.02,,25.26,0.44,370.0
29.78,66.02,,37.28,1.06,510.0
29.78,66.02,,57.37,1.12,850.0
29.78,66.02,,51.97,1.61,770.0
29.78,66.02,,50.36,0.01,870.0
29.78,66.02,,45.87,0.79,640.0
29.78,66.02,,44.52,1.47,610.0
29.78,66.02,,37.17,1.03,770.0
29.78,66.02,,39.56,1.52,
29.78,66.02,,,0.54,790.0
29.78,66.02,,27.59,0.98,550.0
29.78,66.02,,30.99,,830.0
29.78,66.02,,33.02,0.67,900.0
29.78,66.02,,30.76,1.56,810.0
29.78,66.02,,28.68,1.34,790.0
,,,35.57,1.41,710.0
29.78,66.02,,22.84,0.31,320.0
29.78,66.02,,10.57,1.0,250.0
29.78,66.02,,8.15,0.35,230.0
29.78,66.02,,6.43,0.17,220.0
11.62,26.88,,5.99,1.41,220.0
0.09,0.34,,6.16,1.02,220.0
0.09,0.34,,7.88,1.48,220.0
6.98,24.21,,11.28,1.18,240.0
11.9,27.79,,15.55,0.99,260.0
14.59,38.03,,31.54,0.88,350.0
11.48,17.14,,25.46,0.49,400.0
10.21,25.57,,29.38,0.41,450.0
23.93,76.73,,33.44,2.25,520.0
28.66,68.81,,33.07,1.24,580.0
27.17,56.68,,31.18,1.96,1020.0
28.46,36.81,,37.03,1.2,
54.85,84.36,,,1.94,910.0
59.59,95.46,,26.34,1.59,640.0
44.87,74.52,,24.43,,610.0
41.3,64.27,,16.65,1.97,490.0
31.95,55.6,,17.27,1.7,410.0
19.7,39.61,,28.65,1.47,430.0
18.22,35.04,,33.5,1.38,530.0
12.96,37.39,,36.62,1.98,810.0
22.64,52.25,,44.41,1.09,640.0
21.27,56.65,,31.31,0.99,390.0
16.83,53.25,,17.96,2.06,320.0
11.52,44.8,,14.66,2.47,290.0
9.89,32.06,,9.49,1.63,260.0
4.15,14.37,,8.12,1.99,250.0
0.07,12.41,,7.92,1.24,250.0
3.41,25.48,,12.16,1.83,280.0
5.78,28.56,,23.24,2.38,350.0
12.8,33.21,,32.53,2.16,490.0
19.41,48.16,,60.79,1.85,630.0
28.44,63.21,,52.73,2.82,700.0
38.41,69.19,,33.89,2.63,620.0
33.37,52.01,,43.3,2.59,790.0
38.89,59.24,,38.94,1.71,
43.7,80.11,,,2.82,1040.0
54.13,98.7,,33.61,3.01,920.0
52.45,85.73,,29.81,,960.0
48.4,68.31,,28.28,2.6,640.0
36.12,51.4,,16.04,1.9,380.0
19.66,38.22,,18.25,2.15,290.0
11.25,31.86,,17.54,2.05,290.0
8.1,37.75,,27.96,2.89,560.0
13.29,49.31,,32.39,2.48,690.0
20.77,60.24,,41.44,2.86,500.0
12.62,43.6,,15.96,2.3,310.0
7.73,29.25,,8.49,1.49,270.0
3.18,27.14,,6.67,1.05,250.0
6.55,22.29,,6.22,0.84,240.0
3.98,7.67,,8.12,2.81,240.0
0.07,9.98,,9.29,2.94,240.0
1.41,14.33,,11.31,2.05,240.0
12.08,22.48,,17.12,2.79,290.0
17.39,35.75,,30.68,3.15,410.0
19.62,46.9,,43.01,2.0,550.0
18.8,47.52,,44.68,0.82,720.0
24.4,51.32,,42.65,3.05,740.0
31.38,64.21,,40.67,2.91,
37.23,74.06,,,1.46,1000.0
50.92,88.48,,38.65,1.94,1040.0
60.75,91.78,,36.51,,950.0
54.49,84.1,,25.92,0.88,860.0
48.07,73.03,,20.49,3.45,750.0
42.45,59.93,,18.12,2.75,610.0
34.19,47.99,,16.45,2.64,400.0
18.87,33.4,,27.38,3.41,370.0
12.94,44.8,,48.4,0.24,500.0
12.24,46.16,,33.87,1.0,410.0
7.05,42.46,,14.6,2.55,310.0
6.9,36.63,,12.74,0.42,320.0
5.42,34.53,,11.12,1.74,300.0
4.44,30.3,,9.14,3.62,280.0
6.36,28.82,,22.61,3.18,310.0
7.76,27.02,,19.8,3.46,290.0
6.54,34.92,,32.29,3.26,330.0
16.12,57.79,,28.82,3.6,350.0
20.26,56.06,,21.07,4.59,350.0
20.18,40.54,,37.37,4.23,440.0
21.2,54.25,,53.09,3.64,560.0
23.45,66.38,,55.3,4.06,
30.57,84.39,,,3.13,820.0
37.99,83.03,,42.87,3.36,820.0
50.02,87.13,,12.14,,330.0
26.7,50.51,,12.62,3.63,310.0
16.9,36.24,,5.84,4.09,240.0
14.28,48.32,,4.42,3.71,220.0
10.48,56.71,,4.27,3.81,220.0
11.49,76.31,,5.05,3.32,220.0
16.89,96.99,,5.54,2.17,220.0
25.12,127.21,,6.78,3.83,230.0
30.21,109.31,,7.94,4.27,230.0
27.47,85.39,,7.22,2.67,230.0
19.8,61.1,,11.25,4.19,250.0
12.86,46.57,,5.64,3.67,230.0
10.11,28.06,,6.74,3.28,250.0
11.02,28.71,,6.11,4.38,260.0
16.81,32.66,,5.67,3.46,270.0
16.71,23.27,,4.91,4.15,260.0
12.29,22.32,,6.72,3.28,280.0
12.08,25.35,,10.16,5.38,330.0
14.96,29.9,,9.39,3.05,320.0
13.66,20.45,,6.18,3.75,280.0
10.02,17.37,,5.99,4.28,
6.42,16.0,,,3.31,280.0
5.38,13.99,,4.36,5.05,270.0
2.03,13.37,,4.24,,270.0
9.46,44.64,,3.84,4.53,270.0
13.4,53.4,,3.8,5.74,260.0
13.73,48.82,,3.41,5.27,260.0
17.04,48.24,,3.53,3.8,260.0
10.66,36.17,,3.36,4.05,260.0
2.3,15.66,,3.33,4.7,260.0
0.07,6.71,,4.07,5.7,260.0
0.07,11.7,,5.38,2.87,270.0
3.38,20.41,,7.08,5.33,290.0
1.93,8.69,,10.58,4.31,310.0
0.07,4.1,,11.92,3.7,320.0
2.26,16.32,,11.08,3.29,320.0
6.74,21.49,,11.64,5.02,320.0
5.84,21.09,,8.75,4.25,310.0
4.92,13.03,,6.01,2.64,300.0
2.1,21.26,,4.85,5.6,290.0
1.03,35.24,,5.27,1.2,300.0
2.42,17.77,,11.65,2.15,340.0
9.15,16.38,,13.8,3.22,370.0
7.5,24.53,,11.73,3.42,
4.75,16.56,,,3.32,400.0
9.4,14.85,,17.42,3.02,410.0
10.81,19.42,,19.55,,400.0
11.08,22.39,,12.28,3.49,360.0
5.01,19.14,,9.24,3.36,340.0
1.22,8.28,,13.72,2.98,410.0
5.97,10.17,,13.33,4.39,370.0
5.88,6.48,,11.71,3.81,380.0
1.56,11.07,,13.23,2.37,370.0
0.07,7.81,,14.37,3.84,350.0
1.61,11.29,,24.79,4.34,390.0
5.25,15.68,,43.82,3.26,510.0
9.46,19.7,,44.51,2.35,480.0
13.82,27.42,,33.24,3.68,400.0
8.43,21.51,,29.7,2.61,410.0
1.7,14.73,,14.07,1.37,340.0
1.75,18.33,,7.85,3.83,310.0
1.09,16.27,,6.86,3.75,300.0
4.41,16.5,,5.57,3.68,280.0
2.74,7.89,,7.16,3.69,290.0
1.59,11.11,,6.76,3.36,290.0
1.02,21.09,,18.28,3.54,340.0
6.73,32.14,,32.36,2.59,
13.33,46.26,,,2.89,650.0
23.95,54.4,,54.1,3.92,850.0
32.3,60.23,,49.95,,1000.0
38.27,69.63,,40.16,3.3,1090.0
36.67,70.82,,35.33,2.61,1330.0
38.32,76.49,,36.0,2.71,1370.0
51.7,82.2,,30.97,4.02,1400.0
51.27,85.16,,26.2,3.14,1220.0
47.4,78.85,,24.91,1.69,840.0
35.62,66.86,,20.5,2.76,930.0
33.46,52.53,,20.16,3.23,600.0
26.5,39.96,,22.45,3.97,660.0
16.47,31.62,,22.29,3.72,700.0
14.64,30.47,,26.8,3.63,730.0
11.54,33.83,,33.76,2.41,510.0
11.65,28.01,,34.29,2.78,450.0
5.43,50.9,,18.07,3.03,370.0
7.22,37.73,,13.34,3.09,350.0
4.07,19.68,,9.26,2.54,310.0
2.8,7.35,,9.0,3.08,310.0
1.78,2.23,,15.07,2.39,330.0
8.95,1.46,,16.55,3.44,330.0
12.24,22.62,,16.72,2.92,
10.19,31.58,,,2.21,380.0
5.88,19.41,,39.54,2.51,420.0
8.47,18.4,,33.2,,460.0
11.71,21.48,,33.87,1.32,500.0
13.36,28.24,,36.75,1.55,590.0
13.52,31.17,,36.06,3.5,630.0
14.96,31.18,,37.41,2.09,740.0
25.6,40.87,,37.07,1.13,730.0
33.0,48.39,,30.12,1.5,710.0
31.74,43.83,,29.38,2.55,580.0
18.5,28.51,,31.16,2.55,560.0
15.45,24.34,,28.23,2.04,560.0
12.48,23.3,,32.99,3.17,620.0
17.47,27.28,,41.73,2.05,640.0
15.47,42.89,,44.81,1.03,630.0
9.97,48.83,,21.32,2.33,380.0
5.62,34.68,,8.75,1.67,320.0
4.59,14.0,,7.7,1.72,300.0
4.11,7.98,,6.95,1.45,290.0
2.98,4.61,,6.75,1.41,280.0
1.1,1.71,,9.0,1.95,290.0
0.96,0.75,,8.97,2.12,290.0
4.42,8.32,,14.91,1.69,
5.2,19.98,,,0.85,370.0
8.29,40.44,,32.95,3.44,440.0
11.13,38.65,,47.37,,600.0
20.94,36.49,,49.27,3.31,920.0
29.31,50.78,,43.76,3.21,1540.0
52.04,82.73,,35.46,3.74,1830.0
77.75,115.07,,28.45,4.19,1780.0
81.83,155.88,,27.41,3.48,1840.0
80.44,136.16,,27.47,3.36,1680.0
69.96,106.61,,35.0,3.24,1170.0
47.79,43.58,,30.46,4.15,1040.0
34.23,36.9,,25.64,3.88,1000.0
32.76,46.74,,22.74,1.38,1080.0
36.95,53.72,,20.67,2.25,1110.0
42.8,59.69,,28.61,3.5,1310.0
57.35,149.83,,37.45,3.6,1100.0
50.87,120.26,,57.3,3.24,870.0
35.48,67.69,,59.61,3.64,940.0
33.67,66.17,,42.34,3.26,540.0
21.26,38.9,,24.65,3.09,400.0
5.77,12.19,,15.3,3.71,320.0
0.49,2.43,,11.55,3.22,300.0
0.07,0.32,,11.48,2.79,
0.07,6.14,,,2.91,310.0
6.35,13.34,,35.74,2.73,370.0
13.19,13.28,,58.06,,560.0
23.89,30.54,,53.88,3.23,590.0
32.81,49.0,,55.47,3.14,760.0
41.02,70.21,,52.63,4.01,820.0
40.96,80.99,,49.58,3.23,800.0
36.93,75.41,,44.32,3.57,870.0
37.83,71.21,,35.28,2.97,1010.0
41.34,67.68,,31.79,4.44,1360.0
59.68,88.1,,28.61,3.58,1340.0
62.46,99.02,,33.1,4.8,1450.0
64.9,106.73,,22.26,4.51,1480.0
65.22,103.63,,23.74,4.15,1320.0
64.55,92.95,,28.12,4.75,1100.0
49.33,73.49,,18.09,4.51,1430.0
55.35,87.26,,40.62,2.31,1220.0
61.47,97.7,,47.06,0.98,830.0
40.81,74.35,,34.27,4.29,580.0
23.75,48.23,,30.43,4.3,480.0
9.92,19.3,,14.2,152.35,140.0
10.57,19.35,,19.16,465.52,
9.76,19.73,,,,70.0
10.08,22.04,,14.16,128.06,
11.2,22.14,,20.43,38.15,
13.04,26.67,,,43.63,290.0
16.98,46.98,,48.78,44.43,380.0
22.81,61.86,,60.93,,670.0
37.71,88.47,,53.89,47.24,850.0
47.16,82.64,,42.97,48.34,1250.0
66.31,95.04,,32.75,47.92,1090.0
63.87,95.65,,27.26,49.1,1640.0
85.07,122.01,,23.41,49.06,1560.0
92.13,126.08,,20.44,48.98,1510.0
84.71,116.51,,22.32,48.19,1430.0
82.88,119.09,,19.49,48.66,1470.0
81.21,117.3,,18.81,48.69,1270.0
79.43,109.56,,18.15,49.34,1230.0
74.47,124.02,,14.92,48.67,1220.0
65.05,136.77,,25.16,48.56,1000.0
56.76,101.03,,48.88,49.93,540.0
48.71,70.85,,42.33,47.66,440.0
37.15,58.25,,27.64,49.11,290.0
23.97,43.24,,30.88,48.21,360.0
24.12,38.93,,31.49,48.91,350.0
26.27,39.55,,26.79,50.19,290.0
25.21,43.68,,22.69,49.18,270.0
26.84,52.31,,22.63,48.97,
27.62,39.72,,,48.65,300.0
31.46,44.2,,27.15,48.94,290.0
37.78,52.44,,46.39,,490.0
47.98,69.31,,62.89,49.51,770.0
58.41,83.51,,50.43,48.6,1170.0
71.85,106.28,,48.4,48.09,1470.0
80.62,117.25,,33.07,48.81,1560.0
86.26,114.11,,32.71,48.86,1730.0
93.41,126.22,,25.6,49.36,1710.0
92.47,137.49,,32.15,48.63,1340.0
77.74,126.71,,21.55,49.71,1440.0
78.23,115.1,,18.81,48.57,1430.0
82.45,116.64,,22.88,50.17,1440.0
83.63,100.53,,16.76,48.05,1360.0
84.11,106.68,,16.55,49.2,1270.0
73.68,97.07,,34.31,48.84,970.0
60.99,76.46,,37.58,49.15,420.0
34.86,49.76,,28.74,47.98,450.0
30.5,57.28,,26.92,49.38,400.0
32.76,74.97,,26.87,47.74,340.0
27.85,56.7,,18.96,47.56,290.0
22.93,33.31,,10.93,48.99,200.0
10.61,12.67,,7.45,49.34,
10.45,19.25,,,49.25,170.0
15.16,31.26,,10.5,48.2,210.0
21.3,35.02,,18.2,,290.0
29.8,39.86,,35.49,48.51,460.0
35.63,51.76,,55.65,47.72,800.0
53.55,78.84,,50.9,48.23,1520.0
92.49,128.79,,43.63,49.88,1460.0
115.21,154.62,,45.94,50.25,1240.0
97.4,131.46,,44.39,49.93,1040.0
80.13,110.97,,26.71,48.52,620.0
60.79,77.94,,19.94,50.1,440.0
48.81,58.15,,17.9,48.87,360.0
36.99,49.69,,17.06,49.7,380.0
34.71,50.19,,18.13,49.2,350.0
31.11,49.95,,36.68,49.96,380.0
26.85,42.59,,36.33,49.76,370.0
30.29,46.53,,43.84,50.36,470.0
31.34,54.9,,54.14,48.71,510.0
27.2,56.3,,50.46,50.05,390.0
32.49,68.39,,40.04,49.18,310.0
30.08,59.65,,22.25,50.03,260.0
22.59,45.97,,25.06,47.95,210.0
12.86,26.45,,12.06,49.15,
9.18,13.59,,,49.6,190.0
12.53,18.43,,14.13,49.49,180.0
14.6,27.17,,23.42,,270.0
15.1,34.74,,32.68,48.81,350.0
15.51,39.13,,40.11,49.76,390.0
22.08,45.37,,52.37,49.42,520.0
19.69,48.34,,44.87,49.55,970.0
37.69,67.0,,36.82,50.47,1270.0
64.52,100.84,,30.97,50.88,1290.0
79.42,110.44,,31.17,50.39,1400.0
76.12,108.19,,24.19,48.56,1430.0
78.66,109.31,,24.69,51.31,1250.0
71.88,105.26,,27.26,50.69,1040.0
63.34,94.73,,24.44,51.65,930.0
56.71,84.79,,25.68,50.72,890.0
53.85,77.45,,21.5,50.43,820.0
54.96,75.64,,26.72,49.65,620.0
46.31,71.27,,46.24,49.6,320.0
32.26,52.31,,26.91,49.51,190.0
13.91,24.74,,13.17,50.08,160.0
14.83,33.29,,8.23,51.06,150.0
16.17,34.69,,8.23,49.39,150.0
11.52,26.96,,11.59,50.48,
11.0,19.58,,,50.12,130.0
11.21,21.56,,8.1,49.73,110.0
16.7,43.86,,11.2,,120.0
29.95,76.15,,14.11,50.3,150.0
24.89,60.85,,13.29,49.29,160.0
12.5,29.12,,11.24,51.25,160.0
12.39,17.56,,9.82,49.68,150.0
14.55,17.22,,7.93,49.41,150.0
10.35,15.85,,7.3,45.96,140.0
6.59,14.93,,4.88,49.12,130.0
2.25,11.0,,5.22,49.21,120.0
0.14,5.18,,4.93,49.72,120.0
1.45,7.2,,5.45,49.58,120.0
3.26,11.81,,7.56,50.1,110.0
7.06,16.56,,7.96,46.46,110.0
5.04,10.22,,11.34,48.78,130.0
0.99,6.58,,26.68,49.43,140.0
2.65,6.95,,40.98,50.64,180.0
19.62,45.21,,31.57,49.13,190.0
83.05,152.45,,12.97,,140.0
54.01,109.77,,11.99,48.51,140.0
15.08,35.77,,19.19,50.31,130.0
8.95,17.09,,8.91,49.6,
9.84,18.04,,,47.84,110.0
6.56,13.51,,11.98,,100.0
6.15,22.02,,6.79,,100.0
11.1,27.42,,11.3,0.68,110.0
9.63,15.57,,38.08,0.77,190.0
18.24,23.12,,32.97,0.65,220.0
20.89,41.63,,45.69,0.84,390.0
29.6,56.71,,56.64,1.45,510.0
34.88,65.31,,50.13,0.39,530.0
34.75,60.29,,52.93,0.92,1110.0
57.44,90.43,,40.96,0.21,990.0
70.49,105.67,,36.72,0.9,880.0
58.01,85.62,,34.93,1.85,920.0
46.85,80.73,,31.89,1.12,860.0
49.44,76.76,,25.37,0.82,740.0
49.88,68.24,,25.06,0.57,660.0
44.87,55.82,,22.89,1.52,660.0
34.13,53.67,,24.63,1.73,650.0
33.09,55.65,,21.69,2.26,650.0
35.76,77.51,,37.94,1.69,700.0
43.32,87.29,,53.42,1.89,600.0
41.07,75.04,,28.09,0.41,340.0
21.93,43.27,,10.05,1.31,
8.3,14.93,,,1.76,160.0
5.1,10.61,,7.07,2.06,140.0
1.85,10.13,,6.33,,130.0
0.07,3.49,,9.48,1.94,140.0
5.81,11.57,,11.35,1.88,150.0
10.54,18.19,,15.14,2.17,170.0
11.1,27.32,,33.83,1.77,320.0
13.74,26.66,,47.67,1.58,430.0
20.1,32.42,,35.29,2.37,410.0
23.96,32.75,,21.05,2.05,320.0
18.77,22.2,,13.32,1.41,250.0
13.21,20.83,,8.21,1.43,190.0
10.33,15.89,,6.96,1.79,170.0
6.73,18.23,,5.63,1.3,160.0
7.37,16.74,,4.95,2.58,150.0
8.51,13.34,,4.81,3.57,160.0
9.5,14.77,,5.14,1.99,160.0
8.52,10.89,,5.77,2.58,170.0
10.87,18.08,,7.53,3.07,170.0
13.1,15.39,,10.51,2.72,200.0
12.11,21.52,,10.97,2.99,200.0
13.13,27.28,,8.58,2.94,190.0
19.52,34.69,,6.59,4.38,
40.12,66.19,,,2.59,160.0
34.15,57.92,,5.21,2.65,150.0
20.48,34.25,,5.97,,160.0
22.04,30.22,,6.21,3.08,160.0
19.15,23.68,,7.09,3.2,170.0
11.85,26.76,,7.98,3.54,180.0
14.26,27.09,,8.26,3.5,180.0
17.36,27.05,,8.06,4.09,180.0
11.65,23.91,,7.38,2.97,190.0
7.59,22.63,,7.32,4.38,200.0
12.57,24.35,,6.51,3.28,200.0
10.54,24.28,,5.68,3.97,190.0
8.82,27.65,,5.01,2.59,180.0
5.79,24.7,,4.56,4.68,170.0
7.08,14.99,,7.21,3.01,170.0
7.13,12.04,,8.51,3.29,180.0
5.54,12.03,,8.25,2.92,190.0
4.17,11.31,,8.09,3.4,190.0
3.09,7.27,,11.74,3.26,210.0
2.71,3.8,,19.88,2.7,240.0
1.06,4.64,,14.25,3.78,260.0
0.07,6.92,,28.45,2.22,280.0
0.1,12.29,,17.26,0.63,
5.75,13.88,,,1.07,220.0
10.69,19.61,,10.87,2.33,200.0
11.13,16.83,,6.44,,170.0
4.05,8.25,,4.86,3.02,150.0
1.73,2.14,,4.87,3.62,150.0
1.41,0.97,,5.0,3.81,160.0
6.64,5.63,,5.76,3.38,160.0
6.32,14.7,,9.29,3.28,200.0
8.26,6.73,,22.7,3.17,280.0
11.6,18.27,,25.11,3.03,380.0
15.1,25.58,,47.12,2.98,570.0
23.05,43.78,,45.73,4.09,760.0
34.38,54.96,,41.09,3.39,1150.0
57.86,86.23,,36.44,3.49,1100.0
63.32,87.95,,40.27,3.84,1100.0
53.35,91.61,,39.11,3.97,1190.0
58.93,83.77,,33.17,4.08,1080.0
56.6,79.97,,33.02,4.87,890.0
52.15,63.03,,24.17,4.54,640.0
41.01,49.39,,13.37,4.33,390.0
22.5,27.28,,12.41,2.42,350.0
8.66,15.23,,14.48,4.65,320.0
1.75,15.36,,13.02,4.08,
3.44,12.67,,,4.22,270.0
7.82,7.53,,11.31,3.82,250.0
9.64,4.9,,8.22,,230.0
3.54,5.02,,6.3,5.23,200.0
0.07,5.18,,4.51,4.29,170.0
0.07,2.09,,4.76,4.25,180.0
0.08,0.32,,4.02,4.66,170.0
1.32,1.61,,8.06,4.27,170.0
1.89,6.06,,9.06,4.42,210.0
8.97,20.29,,11.01,4.21,240.0
11.66,26.52,,28.56,4.19,500.0
19.32,35.87,,25.0,4.65,440.0
24.25,40.13,,44.1,3.98,540.0
20.63,33.34,,39.59,4.6,540.0
21.94,39.31,,36.95,5.33,480.0
20.88,38.57,,36.69,5.14,570.0
24.31,47.25,,30.46,4.6,650.0
26.43,43.34,,24.15,5.06,730.0
28.74,48.42,,26.24,5.17,730.0
31.61,48.69,,23.04,5.03,670.0
33.38,45.33,,26.06,5.11,550.0
24.25,38.48,,23.97,4.97,520.0
17.76,31.07,,24.94,5.03,
17.21,38.45,,,5.76,580.0
19.48,41.19,,47.69,4.48,580.0
22.44,41.72,,38.24,,470.0
20.31,35.88,,22.57,4.88,320.0
11.43,18.64,,9.27,3.76,230.0
2.83,7.1,,8.17,3.95,210.0
0.07,2.05,,6.88,4.26,200.0
0.07,4.02,,8.18,4.98,190.0
3.66,14.52,,10.55,4.33,200.0
5.62,13.34,,12.19,3.72,210.0
3.24,13.02,,17.56,4.54,270.0
1.9,12.54,,16.55,4.75,260.0
4.24,14.56,,19.15,4.61,320.0
10.78,17.35,,14.9,4.24,310.0
13.55,19.03,,23.48,3.7,390.0
14.16,24.88,,12.43,3.7,280.0
11.45,22.09,,12.56,4.22,280.0
8.6,16.93,,21.58,4.95,370.0
11.89,19.74,,7.3,4.44,230.0
9.11,14.43,,7.07,4.48,230.0
3.35,7.47,,20.64,4.52,340.0
7.92,12.51,,24.46,5.04,360.0
12.84,22.75,,21.83,4.63,
18.81,31.43,,,5.43,460.0
23.27,46.6,,38.66,5.34,390.0
16.03,37.76,,33.43,,320.0
12.58,27.55,,18.89,4.28,250.0
9.23,14.05,,12.34,3.72,210.0
8.31,10.71,,7.47,3.95,190.0
3.47,12.26,,9.84,4.66,190.0
1.0,20.62,,7.6,4.87,190.0
16.61,50.39,,12.93,5.26,200.0
32.42,80.14,,16.53,4.44,210.0
37.09,100.4,,16.31,4.86,230.0
44.33,114.08,,22.58,5.4,300.0
47.63,130.99,,20.08,5.05,300.0
49.41,134.85,,12.22,5.03,270.0
39.4,122.76,,10.14,5.05,270.0
32.91,107.62,,7.52,5.27,260.0
32.86,104.15,,9.16,4.75,270.0
36.62,102.08,,11.48,5.29,280.0
33.35,97.06,,18.44,5.17,310.0
30.19,89.71,,8.9,3.81,260.0
28.36,82.5,,9.12,3.26,260.0
24.47,72.19,,6.92,4.79,230.0
20.71,62.26,,9.06,4.18,
15.98,49.51,,,5.48,250.0
15.81,41.24,,42.74,1.18,320.0
19.28,48.4,,47.93,,380.0
20.97,71.84,,,,
1.5,5.84,,,,
0.09,0.34,,,,
0.1,0.34,,,,
0.09,0.34,,,,
0.09,0.34,,7.43,0.0,90.0
0.09,0.34,,10.16,0.0,90.0
0.09,0.34,,15.4,0.68,160.0
0.09,0.34,,13.62,2.91,190.0
0.08,0.34,,18.46,3.23,220.0
11.18,24.54,,11.22,5.04,210.0
22.09,35.07,,16.06,5.3,280.0
23.0,37.78,,15.21,6.28,300.0
17.66,34.0,,14.55,6.26,290.0
8.24,22.83,,5.42,6.12,200.0
26.4,69.28,,34.79,27.59,400.0
26.7,62.75,,39.07,29.19,420.0
25.75,50.94,,38.49,28.98,490.0
26.3,56.1,,57.98,29.14,610.0
34.14,67.23,,45.38,29.56,750.0
39.57,81.21,,38.78,29.36,720.0
40.69,81.89,,23.8,29.66,430.0
31.87,67.75,,11.24,28.89,200.0
18.3,42.22,,11.63,29.53,160.0
7.03,17.9,,10.73,28.77,150.0
3.94,3.89,,17.47,28.92,170.0
3.57,3.68,,24.98,29.11,220.0
5.92,11.01,,28.06,28.95,240.0
5.13,14.31,,28.18,29.2,230.0
2.81,7.62,,31.46,29.45,250.0
1.0,5.6,,27.51,29.02,230.0
0.16,2.79,,8.88,29.13,170.0
1.38,5.89,,,,
2.45,7.3,,,,
0.29,1.24,,16.14,2.12,210.0
0.09,0.34,,22.53,,250.0
0.09,0.34,,41.98,1.79,310.0
6.39,3.07,,60.06,1.87,530.0
12.97,2.4,,54.88,1.79,600.0
21.2,3.86,,55.5,2.5,850.0
24.71,12.72,,48.71,2.25,1160.0
42.05,23.01,,44.99,2.44,1180.0
45.74,22.55,,40.67,2.09,1030.0
40.86,16.65,,43.95,2.04,840.0
31.77,13.79,,40.71,2.23,880.0
31.65,13.98,,30.89,1.76,880.0
32.1,10.82,,27.99,2.15,940.0
29.62,13.04,,26.55,1.7,920.0
28.87,10.58,,32.6,1.89,800.0
27.45,12.47,,34.01,1.51,620.0
20.73,5.43,,40.85,1.97,520.0
16.73,4.58,,37.1,1.72,460.0
11.21,2.63,,36.5,2.17,420.0
12.04,5.31,,24.2,1.61,310.0
10.24,3.03,,14.33,0.81,210.0
5.46,2.36,,8.73,1.56,
3.63,8.73,,,1.63,230.0
1.5,7.06,,5.6,0.62,220.0
1.47,2.23,,6.17,,210.0
4.49,1.47,,7.88,1.15,230.0
5.09,5.41,,20.84,0.96,360.0
13.01,5.22,,52.31,1.11,550.0
19.77,15.3,,54.01,1.01,610.0
21.14,15.43,,51.03,0.86,980.0
25.81,19.32,,54.61,1.2,1210.0
45.34,24.2,,47.12,1.15,1030.0
48.94,20.25,,46.13,0.95,1010.0
44.96,17.71,,36.03,1.47,740.0
33.98,15.91,,25.74,1.48,570.0
23.6,10.38,,18.55,1.44,450.0
22.35,4.38,,16.19,1.12,390.0
18.34,7.72,,13.08,1.31,310.0
12.84,6.98,,12.24,1.44,280.0
4.69,13.62,,21.64,1.41,330.0
6.31,11.65,,16.12,1.35,260.0
3.26,4.34,,11.7,1.16,240.0
3.68,2.03,,6.99,0.87,220.0
2.02,0.88,,7.06,1.93,200.0
3.31,3.11,,6.78,1.24,
1.82,1.83,,,1.54,180.0
2.51,4.55,,5.77,1.22,180.0
1.39,2.61,,5.15,,180.0
0.09,3.25,,6.53,1.51,190.0
1.66,2.02,,12.56,1.53,240.0
5.76,5.9,,22.05,1.62,320.0
12.9,11.92,,29.1,2.0,380.0
18.77,10.82,,22.34,2.05,360.0
19.39,12.03,,39.46,1.59,510.0
16.19,5.21,,22.09,1.65,360.0
16.34,12.22,,7.07,1.87,210.0
18.09,6.88,,6.56,1.45,200.0
6.55,0.45,,7.07,1.58,210.0
0.09,0.34,,7.98,1.48,200.0
0.09,0.34,,6.17,1.53,210.0
4.66,7.95,,7.45,1.84,220.0
4.26,15.48,,7.38,1.86,210.0
3.05,9.36,,11.42,1.84,200.0
1.18,2.0,,31.44,1.43,250.0
2.34,0.34,,28.66,1.9,270.0
1.3,0.34,,39.87,1.26,290.0
4.46,0.55,,19.67,1.85,250.0
2.91,7.18,,,2.32,
0.66,5.72,,,0.8,200.0
0.09,0.34,,,1.58,210.0
0.09,0.34,,,,230.0
5.3,22.08,,,1.19,210.0
2.98,18.39,,26.69,1.1,260.0
1.38,16.86,,24.24,1.61,310.0
5.75,20.53,,34.47,1.15,400.0
13.62,29.25,,46.53,1.35,490.0
20.42,44.61,,51.16,1.41,680.0
26.83,46.6,,52.41,1.53,800.0
38.2,69.46,,37.52,1.6,880.0
51.83,83.92,,27.98,1.35,860.0
51.36,82.22,,30.66,1.75,970.0
58.27,87.6,,24.6,1.33,830.0
48.34,75.79,,25.22,1.51,710.0
36.17,61.13,,25.22,1.27,650.0
31.97,55.9,,19.46,1.38,530.0
29.4,45.62,,22.2,1.36,500.0
26.56,38.96,,35.75,1.15,530.0
27.34,34.22,,37.3,1.26,490.0
15.41,26.27,,36.61,1.14,440.0
11.72,31.18,,30.1,1.16,370.0
12.38,37.16,,19.17,0.29,
9.31,29.3,,,0.95,270.0
3.11,15.37,,10.19,0.85,260.0
0.16,3.89,,9.76,,250.0
0.09,0.34,,11.02,0.2,260.0
0.09,12.67,,12.72,0.35,260.0
0.09,17.52,,18.36,0.4,290.0
4.7,21.94,,26.33,1.25,330.0
17.03,31.58,,27.47,0.45,400.0
19.28,38.24,,64.39,0.5,710.0
23.33,51.91,,66.97,0.68,880.0
43.41,83.98,,52.7,0.63,760.0
43.54,80.2,,53.53,0.65,1040.0
57.43,101.67,,42.68,0.41,990.0
75.87,108.37,,33.36,0.51,880.0
66.31,97.87,,35.86,0.75,920.0
57.0,98.61,,34.46,0.36,890.0
39.59,92.33,,20.42,0.31,520.0
25.04,103.8,,20.23,0.48,470.0
21.62,61.98,,11.1,0.8,520.0
27.83,43.69,,28.86,0.51,460.0
10.9,16.4,,28.3,0.31,630.0
15.22,33.0,,39.52,0.96,670.0
20.48,64.56,,41.57,0.71,
42.5,35.78,,,0.56,300.0
21.05,21.3,,5.88,0.24,270.0
10.06,19.51,,4.48,,240.0
5.29,10.73,,4.39,0.28,230.0
0.09,57.62,,4.1,0.3,230.0
1.85,43.32,,5.05,0.7,230.0
1.06,26.72,,6.09,0.11,250.0
23.59,11.1,,9.41,0.99,280.0
18.39,13.89,,17.04,0.31,330.0
3.2,47.01,,1.33,148.12,850.0
2.09,30.46,,4.45,21.43,440.0
0.09,0.33,,5.68,0.0,320.0
0.54,0.34,,8.3,0.0,290.0
0.34,0.34,,8.1,0.0,250.0
4.48,10.08,,14.35,0.02,250.0
7.64,15.39,,25.92,0.0,370.0
12.65,29.53,,66.1,0.0,580.0
18.62,47.01,,71.0,0.01,850.0
39.72,62.68,,54.45,0.02,850.0
55.54,89.35,,57.15,0.18,1050.0
61.86,107.67,,50.07,0.48,1150.0
67.29,135.8,,45.16,0.51,
70.15,122.65,,,0.75,910.0
61.75,94.45,,35.36,1.0,870.0
56.93,80.28,,24.56,,740.0
50.07,67.75,,21.74,1.27,650.0
38.15,52.71,,26.58,1.32,720.0
29.34,47.0,,30.69,1.46,690.0
26.25,57.16,,44.45,2.08,740.0
25.71,74.52,,51.57,1.54,580.0
26.99,68.54,,20.42,1.02,310.0
10.28,27.07,,11.43,2.18,280.0
4.97,7.29,,12.58,1.99,270.0
2.65,3.06,,14.49,1.12,270.0
0.09,3.55,,11.96,1.12,260.0
0.09,3.25,,9.69,1.67,250.0
0.95,10.75,,12.27,1.81,260.0
4.97,23.9,,17.43,1.63,270.0
2.48,19.39,,19.42,2.39,360.0
3.09,25.66,,56.64,1.95,530.0
11.03,49.12,,63.63,1.56,530.0
20.83,66.13,,53.83,2.3,510.0
20.9,60.86,,57.9,1.4,700.0
35.84,75.86,,54.7,1.93,910.0
50.21,87.79,,50.57,2.26,
52.35,93.51,,,1.5,910.0
50.16,89.78,,37.17,2.95,700.0
40.18,69.92,,25.49,,580.0
27.03,48.66,,29.29,2.65,680.0
32.96,58.18,,31.44,2.72,660.0
44.04,66.13,,25.19,2.86,560.0
41.0,62.87,,20.71,3.07,430.0
19.12,39.14,,20.5,2.58,370.0
7.5,28.48,,36.08,2.85,480.0
12.51,27.8,,38.87,2.18,470.0
12.66,25.11,,21.46,3.13,460.0
8.16,18.51,,21.62,2.48,390.0
3.88,10.39,,27.47,2.2,420.0
2.71,7.86,,27.01,2.08,470.0
10.38,20.5,,16.15,2.1,410.0
14.52,33.16,,6.0,3.13,390.0
12.96,39.22,,13.66,1.92,380.0
12.64,34.7,,15.66,2.66,400.0
8.29,15.24,,33.15,2.19,540.0
15.55,21.64,,43.67,2.99,660.0
22.83,40.78,,52.82,2.34,980.0
41.99,71.77,,26.53,2.9,1180.0
64.37,90.82,,42.54,2.18,
75.15,102.89,,,2.76,1300.0
74.5,106.11,,32.13,2.75,1370.0
76.78,112.81,,36.61,,1200.0
64.66,101.08,,34.66,3.42,1220.0
56.23,99.4,,17.26,4.03,860.0
42.13,78.36,,9.69,3.82,320.0
15.24,38.46,,7.41,3.12,290.0
7.51,25.37,,15.23,3.14,420.0
9.59,26.34,,9.21,3.08,310.0
6.31,21.77,,8.15,2.56,290.0
5.71,25.55,,8.39,3.14,290.0
3.6,24.3,,8.23,2.87,290.0
5.02,27.62,,6.72,3.07,290.0
5.67,22.88,,6.37,3.4,280.0
5.38,21.73,,5.66,2.7,270.0
3.79,30.88,,4.44,3.57,270.0
8.39,34.87,,4.73,2.52,270.0
14.83,49.91,,5.6,3.32,280.0
13.91,57.63,,7.63,3.21,310.0
14.24,66.12,,15.23,2.72,400.0
10.84,63.15,,7.16,3.18,330.0
8.92,44.32,,5.82,2.57,340.0
10.22,41.9,,9.17,2.14,
9.12,44.47,,,3.42,370.0
8.4,40.88,,14.84,2.84,410.0
6.63,43.0,,13.43,,370.0
5.81,33.48,,6.96,2.41,360.0
8.04,18.2,,5.99,0.48,310.0
6.86,10.9,,7.0,0.53,300.0
6.01,12.26,,12.04,0.48,300.0
2.21,8.94,,9.71,0.3,300.0
3.81,8.7,,3.21,0.63,310.0
1.98,8.68,,,0.39,370.0
5.46,6.75,,,0.3,410.0
2.93,3.28,,,0.17,370.0
3.26,2.29,,,0.16,360.0
33.28,60.05,,29.5,0.77,
9.8,23.88,,6.44,1.4,
12.7,53.24,,18.3,0.98,
2.51,44.5,,25.55,1.41,
15.99,33.57,,8.11,1.48,
5.46,46.3,,13.53,7.91,
14.86,53.24,,11.85,7.35,
9.07,48.02,,10.48,8.21,
9.5,31.73,,27.08,0.82,
11.35,45.75,,25.48,,
6.44,37.76,,12.87,,
2.43,45.42,,21.47,0.95,
5.08,45.52,,34.89,0.69,
10.87,55.04,,41.55,1.48,
0.1,0.36,,4.38,138.25,
0.09,0.35,,11.23,0.0,
16.29,66.93,,10.0,0.0,
20.04,114.09,,8.05,,
21.2,113.92,,,1.83,
15.3,81.4,,39.62,,
13.91,84.71,,54.69,3.13,
24.76,105.99,,52.42,3.85,
27.31,108.69,,51.12,4.16,
38.9,130.67,,42.11,4.43,
39.42,128.34,,34.91,3.7,
31.94,111.17,,28.96,5.03,
23.75,90.74,,37.39,4.32,
23.52,96.19,,34.14,4.88,
27.67,113.33,,24.58,5.1,
22.93,114.8,,20.76,5.34,
26.5,112.07,,25.51,5.32,
29.19,123.67,,14.92,4.23,
29.46,119.79,,9.64,4.77,
20.16,110.78,,6.13,4.93,
17.36,78.19,,6.2,4.78,
13.91,70.34,,,5.21,
22.45,66.96,,6.69,4.95,
8.07,63.92,,9.66,5.14,
11.18,58.03,,35.88,5.39,
16.9,75.24,,50.96,5.0,
,,,5.57,4.77,
,,,4.58,4.73,
,,,4.25,4.86,
,,,6.66,5.18,
,,,13.1,4.53,
,,,12.28,4.67,
,,,10.84,5.24,
,,,8.12,5.29,
,,,6.48,5.49,
,,,10.83,5.45,
,,,7.43,4.53,
,,,6.5,4.73,
,,,,5.13,
,,,4.96,3.48,
,,,6.67,,
,,,11.2,4.95,
,,,16.96,5.33,
,,,19.23,4.84,
,,,35.15,5.0,
,,,35.72,4.74,
,,,35.81,4.76,
,,,35.63,4.89,
,,,31.25,5.56,
,,,28.71,4.39,
,,,28.55,5.53,
,,,23.94,5.16,
,,,23.95,4.87,
,,,21.55,4.94,
,,,20.41,5.49,
,,,20.67,5.31,
,,,19.64,6.62,
,,,10.38,4.98,
,,,5.02,5.15,
,,,4.77,5.31,
,,,4.65,5.16,
,,,,5.68,
,,,3.97,5.44,
,,,4.7,,
,,,5.66,5.24,
,,,5.95,4.85,
,,,5.41,5.01,
,,,3.77,73.77,
,,,7.06,0.0,
,,,6.67,0.0,
,,,6.36,0.0,
,,,8.25,0.0,
,,,10.64,0.0,
,,,14.35,0.0,
,,,18.05,0.0,
,,,20.77,0.0,
,,,22.84,0.0,
,,,39.1,0.0,
,,,22.06,0.0,
,,,17.5,0.0,
,,,9.8,0.0,
,,,16.27,0.0,
,,,11.55,0.0,
,,,27.36,,
,,,33.15,,
,,,,,640.0
,,,,,450.0
,,,,,330.0
,,,,,80.0
,,,,,0.0
,,,,,470.0
,,,,,320.0
,,,,,1160.0
,,,,,800.0
,,,,,580.0
,,,,,530.0
,,,,,600.0
,,,,,480.0
,,,,,310.0
,,,,,150.0
,,,,,70.0
,,,,,430.0
,,,,,330.0
,,,,,140.0
,,,,,380.0
,,,,,1120.0
,,,,,740.0
,,,,,800.0
,,,,,670.0
,,,,,750.0
,,,,,850.0
,,,,,540.0
,,,,,160.0
,,,,,110.0
,,,,,70.0
,,,,,50.0
,,,,,50.0
,,,,,40.0
,,,,,40.0
,,,,,50.0
,,,,,80.0
,,,,,80.0
,,,,,80.0
,,,,,490.0
,,,,,550.0
,,,,,440.0
,,,,,300.0
,,,,,230.0
,,,,,130.0
,,,,,230.0
,,,,,140.0
,,,,,150.0
,,,,,300.0
,,,,,940.0
,,,,,620.0
,,,,,1060.0
,,,,,920.0
,,,,,1070.0
,,,,,250.0
,,,,,220.0
,,,,,320.0
,,,,,570.0
,,,,,520.0
,,,,,630.0
,,,,,670.0
,,,,,730.0
,,,,,490.0
,,,,,530.0
,,,,,160.0
,,,,,110.0
,,,,,110.0
,,,,,140.0
,,,,,130.0
,,,,,120.0
,,,,,160.0
,,,,,190.0
,,,,,130.0
,,,,,100.0
,,,,,300.0
,,,,,410.0
,,,,,230.0
,,,,,160.0
,,,,,180.0
,,,,,440.0
,,,,,550.0
,,,,,370.0
,,,,,130.0
,,,,,140.0
,,,,,120.0
,,,,,100.0
,,,,,110.0
,,,,,230.0
,,,,,830.0
34.0,107.0,25.3,20.7,10.5,500.0
45.0,123.0,25.7,20.5,,500.0
45.0,123.0,23.3,22.8,11.5,500.0
45.0,123.0,21.0,24.1,12.0,500.0
45.0,123.0,19.2,23.1,12.3,500.0
48.0,121.0,20.8,21.2,12.8,500.0
48.0,121.0,16.9,22.2,12.6,600.0
78.0,201.0,5.1,24.3,13.1,600.0
78.0,201.0,11.8,37.6,13.1,600.0
78.0,201.0,13.1,52.8,13.4,600.0
76.0,165.0,3.3,48.1,13.6,600.0
76.0,165.0,4.5,52.3,14.4,700.0
37.0,99.0,7.8,57.9,13.4,700.0
37.0,99.0,8.4,60.0,13.6,700.0
51.0,71.0,8.2,56.0,13.4,1100.0
51.0,71.0,8.2,58.9,13.4,1400.0
51.0,71.0,10.2,54.2,13.4,900.0
51.0,71.0,9.0,49.1,12.8,800.0
68.0,75.0,8.2,49.8,,800.0
68.0,75.0,8.6,49.3,11.3,900.0
40.0,97.0,9.0,,,1600.0
40.0,97.0,9.8,,,1700.0
40.0,97.0,7.7,,,1300.0
43.0,92.0,6.1,,,1300.0
43.0,92.0,3.9,,,1200.0
43.0,92.0,0.4,,,1100.0
43.0,92.0,,,,800.0
45.0,84.0,,,,
41.0,99.0,26.5,,,
41.0,99.0,48.7,,,
19.0,68.0,,,,
19.0,68.0,,,,
19.0,68.0,,,,
19.0,68.0,,,,
17.0,69.0,,,,
17.0,69.0,,,,
17.0,69.0,15.9,,,
,49.0,,,,
,49.0,,,12.6,500.0
,49.0,3.9,23.5,13.6,300.0
,46.0,4.7,22.8,13.6,400.0
,46.0,4.1,21.4,14.7,300.0
,46.0,4.5,19.7,14.9,300.0
,46.0,4.7,18.8,15.2,300.0
,36.0,4.9,21.6,13.6,300.0
,36.0,5.3,19.4,13.9,300.0
,36.0,5.5,17.5,13.1,300.0
,107.0,7.1,17.5,13.1,500.0
32.0,107.0,7.5,17.5,12.3,400.0
28.0,136.0,10.2,14.1,12.6,400.0
63.0,98.0,9.2,14.3,12.8,400.0
63.0,98.0,11.8,14.7,12.8,400.0
63.0,98.0,7.1,14.1,12.3,400.0
63.0,98.0,10.6,13.4,12.8,500.0
,106.0,13.1,14.3,12.6,200.0
,106.0,16.3,14.3,12.6,200.0
28.0,114.0,8.0,,13.1,400.0
24.0,101.0,11.0,19.2,13.4,300.0
24.0,101.0,10.6,17.3,13.1,300.0
24.0,101.0,11.6,17.7,13.6,300.0
24.0,101.0,12.2,16.9,13.6,300.0
24.0,104.0,11.8,16.7,13.4,400.0
24.0,104.0,12.6,18.4,11.5,300.0
24.0,104.0,12.4,19.2,10.7,300.0
24.0,120.0,14.3,18.8,10.5,300.0
,120.0,10.2,19.2,11.0,300.0
24.0,120.0,10.2,21.8,11.0,400.0
24.0,120.0,8.0,24.4,10.5,300.0
14.0,77.0,11.0,26.0,11.0,300.0
14.0,77.0,8.2,26.7,11.3,300.0
14.0,77.0,9.4,24.3,11.0,300.0
14.0,71.0,7.1,23.5,10.7,300.0
14.0,71.0,9.4,24.8,11.5,300.0
14.0,71.0,8.8,28.2,11.0,400.0
14.0,71.0,11.0,28.8,10.7,400.0
15.0,86.0,7.1,27.1,10.7,300.0
15.0,86.0,9.6,25.4,11.0,300.0
15.0,86.0,8.2,23.9,10.7,300.0
15.0,86.0,7.5,,11.0,200.0
59.0,85.0,7.3,,,300.0
,85.0,9.2,19.6,10.5,200.0
59.0,85.0,10.4,22.2,9.7,200.0
59.0,85.0,9.2,20.1,10.0,200.0
12.0,73.0,,17.1,10.0,300.0
12.0,73.0,,16.5,9.4,200.0
12.0,73.0,,18.1,9.4,200.0
13.0,64.0,8.8,19.0,9.7,300.0
13.0,64.0,8.4,,,
13.0,64.0,8.2,,,
13.0,64.0,8.4,18.6,,
21.0,73.0,8.4,19.0,12.6,200.0
21.0,73.0,8.0,19.9,11.0,300.0
21.0,73.0,7.8,20.3,10.0,300.0
21.0,73.0,7.5,20.7,10.0,300.0
6.0,63.0,7.3,17.9,9.7,200.0
6.0,63.0,7.8,18.6,9.4,200.0
6.0,63.0,8.0,18.2,9.7,200.0
,29.0,8.0,17.5,10.0,100.0
,29.0,7.8,17.3,9.2,200.0
,29.0,7.3,16.5,10.0,200.0
,29.0,7.3,16.2,10.2,300.0
9.0,76.0,7.3,16.5,,300.0
9.0,76.0,7.3,18.4,9.7,300.0
9.0,76.0,7.3,17.5,10.2,200.0
9.0,76.0,7.3,17.5,10.7,200.0
9.0,63.0,7.3,17.7,11.3,300.0
9.0,63.0,7.3,16.9,11.5,300.0
9.0,63.0,6.7,15.2,11.0,300.0
18.0,79.0,7.1,16.4,11.5,400.0
18.0,79.0,6.9,19.0,11.3,500.0
18.0,79.0,7.1,19.0,12.0,600.0
18.0,79.0,5.9,18.6,12.0,700.0
13.0,59.0,7.1,20.3,10.5,700.0
13.0,59.0,6.5,19.6,11.0,600.0
13.0,59.0,6.7,22.4,11.0,600.0
16.0,81.0,7.5,21.6,10.7,600.0
,81.0,6.9,19.7,8.6,500.0
16.0,81.0,7.1,19.9,9.2,500.0
16.0,81.0,7.3,19.7,9.4,500.0
23.0,99.0,8.0,16.9,9.7,500.0
,99.0,8.4,15.2,10.5,400.0
23.0,99.0,10.2,11.1,10.2,400.0
23.0,99.0,9.4,13.0,9.4,400.0
13.0,80.0,10.2,15.6,,
13.0,80.0,9.2,17.9,9.7,300.0
13.0,80.0,9.0,16.5,10.5,300.0
13.0,80.0,10.2,14.1,11.0,300.0
16.0,87.0,11.0,14.7,10.7,300.0
16.0,87.0,11.2,15.2,11.0,300.0
16.0,87.0,11.0,16.9,10.7,300.0
16.0,87.0,11.0,17.1,10.5,300.0
40.0,86.0,12.0,16.4,10.7,300.0
40.0,86.0,12.2,17.1,10.2,300.0
40.0,86.0,12.4,17.5,10.0,300.0
40.0,86.0,12.9,15.8,10.2,300.0
22.0,76.0,13.5,15.8,10.0,300.0
22.0,76.0,13.7,17.7,9.7,300.0
22.0,76.0,13.7,18.2,10.5,300.0
22.0,76.0,12.4,33.1,10.7,500.0
32.0,81.0,11.2,38.4,11.0,600.0
32.0,81.0,10.0,41.4,10.7,600.0
32.0,81.0,10.8,35.2,11.0,400.0
32.0,81.0,12.0,32.0,11.3,300.0
,51.0,12.8,33.5,11.0,400.0
,51.0,13.1,34.4,10.5,500.0
,51.0,11.4,41.4,10.5,500.0
,51.0,10.6,36.9,10.7,400.0
30.0,136.0,10.2,36.3,,500.0
30.0,136.0,10.6,37.4,11.8,500.0
30.0,136.0,10.0,38.2,12.8,500.0
30.0,136.0,10.6,36.5,13.6,500.0
34.0,125.0,9.4,38.0,13.9,500.0
34.0,125.0,8.8,43.4,13.9,500.0
34.0,125.0,7.3,44.8,13.6,600.0
34.0,125.0,8.6,40.8,13.9,600.0
38.0,143.0,7.3,35.0,13.6,800.0
38.0,143.0,10.6,32.2,14.4,800.0
38.0,143.0,8.8,24.8,14.7,800.0
25.0,67.0,8.4,39.7,14.7,1200.0
25.0,67.0,7.7,45.9,14.4,1200.0
25.0,67.0,9.8,49.1,13.9,1000.0
25.0,67.0,9.4,45.7,14.1,600.0
85.0,126.0,9.0,45.1,14.7,500.0
85.0,126.0,9.8,40.6,15.4,200.0
25.0,101.0,9.0,39.5,,200.0
25.0,101.0,9.8,36.7,,0.0
25.0,101.0,9.0,22.6,,
25.0,101.0,9.4,18.1,,
17.0,67.0,10.4,18.1,,0.0
17.0,67.0,10.6,16.5,14.4,300.0
17.0,67.0,9.8,14.5,13.9,200.0
17.0,67.0,14.3,16.9,13.6,100.0
,38.0,6.7,17.7,14.4,300.0
,38.0,,17.7,14.7,200.0
1.0,40.0,7.1,25.4,10.5,400.0
1.0,40.0,7.8,25.8,11.0,300.0
1.0,40.0,8.0,25.0,11.0,300.0
1.0,40.0,10.4,24.6,11.3,400.0
25.0,,8.6,21.6,11.3,400.0
25.0,110.0,8.0,18.2,12.3,400.0
25.0,110.0,11.0,20.9,11.3,300.0
23.0,112.0,9.6,20.5,11.8,300.0
23.0,112.0,9.0,19.9,12.6,300.0
23.0,112.0,9.2,19.7,12.0,200.0
,,10.8,19.7,11.8,200.0
24.0,128.0,10.0,21.2,,200.0
24.0,128.0,12.8,24.4,10.5,300.0
24.0,128.0,10.8,24.3,10.5,300.0
24.0,128.0,10.8,30.8,10.2,400.0
72.0,141.0,9.2,33.1,11.3,400.0
72.0,141.0,,,,
,,37.9,,,
,,30.2,,12.0,700.0
,,10.0,22.6,12.3,700.0
69.0,154.0,11.8,28.2,,700.0
69.0,154.0,11.2,26.0,12.6,500.0
69.0,154.0,5.3,25.4,12.6,500.0
69.0,154.0,0.2,35.2,11.8,600.0
68.0,190.0,,44.4,11.3,800.0
68.0,190.0,,43.6,11.5,800.0
68.0,190.0,,45.1,12.3,900.0
68.0,190.0,,42.1,11.5,800.0
55.0,159.0,,40.8,11.0,900.0
55.0,159.0,,44.0,11.0,1100.0
55.0,,,52.3,11.8,1200.0
55.0,159.0,85.0,54.3,11.3,1000.0
31.0,84.0,25.3,55.1,11.8,1000.0
31.0,84.0,23.0,56.4,12.0,1000.0
31.0,84.0,74.9,51.3,11.8,1000.0
31.0,84.0,115.8,42.3,11.3,1000.0
55.0,124.0,115.2,34.2,11.8,1000.0
55.0,124.0,15.1,27.8,12.8,800.0
55.0,124.0,8.6,29.5,12.0,900.0
62.0,90.0,13.1,32.7,11.8,800.0
62.0,90.0,19.8,38.0,11.8,800.0
62.0,90.0,20.6,41.9,12.0,500.0
18.0,88.0,21.4,38.2,,400.0
18.0,88.0,13.5,32.0,10.5,400.0
18.0,88.0,3.3,26.9,10.5,200.0
18.0,88.0,14.3,24.1,9.4,100.0
18.0,88.0,16.3,21.1,9.7,200.0
,,,16.4,9.7,200.0
18.0,88.0,,15.6,9.4,300.0
18.0,88.0,,14.3,9.4,400.0
40.0,102.0,50.2,15.6,9.2,400.0
40.0,,178.1,,,
40.0,102.0,,,,
40.0,102.0,,13.2,,
32.0,92.0,,14.1,14.4,300.0
32.0,,,13.4,11.8,300.0
32.0,92.0,13.7,14.3,10.7,500.0
32.0,92.0,,16.9,10.7,600.0
31.0,65.0,,19.9,11.3,600.0
31.0,,52.8,25.2,11.0,400.0
31.0,65.0,72.6,23.1,,400.0
77.0,115.0,,26.3,,300.0
77.0,,,23.5,,300.0
77.0,115.0,,,,300.0
77.0,115.0,,,,300.0
32.0,86.0,,,,300.0
,,,,,400.0
32.0,86.0,,,,
32.0,86.0,11.8,,,
37.0,76.0,283.9,,,
37.0,,,,,
37.0,76.0,,,,
37.0,76.0,,,,
48.0,98.0,,,,
48.0,,,,,
48.0,98.0,,,,
48.0,98.0,,,,
50.0,112.0,,,,
50.0,,,,,
50.0,112.0,,,,
50.0,112.0,95.0,,,
48.0,142.0,,,,
48.0,142.0,,,,
,,3.1,15.6,18.6,300.0
49.0,130.0,4.7,20.1,18.6,200.0
49.0,,4.9,17.9,18.1,100.0
49.0,130.0,2.0,20.5,18.6,200.0
49.0,130.0,10.4,21.1,18.6,200.0
33.0,,20.8,25.8,,200.0
33.0,114.0,37.1,26.9,,100.0
,107.0,19.0,29.7,19.6,400.0
34.0,107.0,4.7,30.5,19.4,400.0
,,12.4,29.9,17.5,600.0
52.0,,8.8,41.0,12.3,600.0
52.0,174.0,8.8,39.3,12.3,700.0
52.0,174.0,7.5,40.4,12.8,800.0
38.0,,6.9,38.4,12.8,1400.0
38.0,98.0,7.3,36.3,13.4,1300.0
45.0,114.0,7.5,35.2,12.6,1500.0
45.0,,7.1,33.8,12.8,1600.0
45.0,114.0,6.3,28.8,13.1,2100.0
55.0,148.0,6.5,25.2,13.4,2100.0
18.0,24.0,3.5,16.4,9.2,400.0
39.0,106.0,4.1,15.4,9.2,500.0
39.0,106.0,3.7,14.5,10.2,500.0
20.0,73.0,3.9,19.2,11.3,400.0
20.0,73.0,3.5,26.7,11.3,600.0
20.0,73.0,2.9,34.4,11.8,700.0
45.0,135.0,6.1,13.7,10.0,300.0
67.0,212.0,8.4,17.5,11.5,300.0
44.0,151.0,11.8,16.0,10.7,300.0
63.0,148.0,13.3,16.5,,300.0
63.0,148.0,13.7,16.9,11.5,300.0
50.0,157.0,14.1,16.0,12.0,400.0
50.0,157.0,16.1,17.1,12.3,400.0
57.0,167.0,15.1,22.4,12.6,400.0
57.0,167.0,17.9,23.1,12.3,500.0
68.0,197.0,23.9,23.3,11.5,500.0
68.0,197.0,22.6,26.7,12.3,500.0
68.0,197.0,21.2,30.3,12.0,500.0
67.0,148.0,20.0,32.5,12.3,500.0
67.0,148.0,14.9,36.5,12.3,500.0
67.0,148.0,9.2,48.1,12.3,500.0
35.0,75.0,10.2,39.7,12.6,400.0
35.0,75.0,10.4,38.4,12.3,400.0
35.0,75.0,8.0,39.1,12.6,400.0
34.0,109.0,12.8,35.5,12.0,400.0
34.0,109.0,13.1,34.6,11.0,500.0
36.0,123.0,8.8,40.4,11.3,600.0
36.0,123.0,9.6,49.5,11.0,700.0
36.0,123.0,7.3,54.9,10.7,700.0
45.0,136.0,6.3,44.9,11.0,500.0
45.0,136.0,8.0,37.4,11.3,500.0
45.0,136.0,6.3,42.3,10.7,800.0
37.0,95.0,6.1,47.4,10.5,600.0
37.0,95.0,6.1,46.4,11.0,500.0
37.0,95.0,6.1,47.2,11.3,600.0
37.0,95.0,5.9,51.3,11.3,700.0
33.0,101.0,5.7,50.2,10.7,600.0
33.0,101.0,5.9,46.8,9.4,600.0
33.0,101.0,8.0,39.1,9.4,500.0
35.0,102.0,4.5,37.0,10.5,500.0
35.0,102.0,6.9,41.7,10.5,600.0
35.0,102.0,6.3,43.8,10.2,600.0
32.0,102.0,8.2,44.0,,500.0
32.0,102.0,3.7,39.3,10.2,500.0
32.0,102.0,5.3,37.2,10.5,400.0
30.0,77.0,8.4,37.4,11.5,400.0
30.0,77.0,,30.1,11.5,300.0
30.0,77.0,,25.2,11.8,300.0
56.0,132.0,9.8,25.2,11.8,300.0
56.0,132.0,7.1,,,
56.0,132.0,3.5,22.2,,
69.0,163.0,0.2,29.0,14.1,300.0
69.0,163.0,,29.9,12.8,300.0
45.0,117.0,2.2,27.6,11.5,300.0
45.0,117.0,2.9,23.5,12.0,300.0
45.0,117.0,0.2,20.1,12.8,
45.0,117.0,2.6,18.8,12.6,
24.0,74.0,5.3,19.0,11.8,
,74.0,2.6,19.9,11.5,
24.0,74.0,4.3,23.5,11.8,
24.0,74.0,4.9,20.5,12.3,
49.0,108.0,7.1,26.1,,
,108.0,7.8,25.2,11.8,600.0
49.0,108.0,5.3,22.6,10.2,500.0
49.0,108.0,4.1,23.7,10.7,500.0
18.0,68.0,2.9,26.3,10.0,500.0
18.0,,12.8,29.9,9.7,600.0
18.0,68.0,8.6,28.2,9.4,500.0
12.0,65.0,17.9,28.2,8.9,500.0
12.0,65.0,,26.3,9.2,400.0
23.0,88.0,27.1,29.1,9.2,400.0
,90.0,2.4,22.0,9.4,200.0
21.0,81.0,13.7,21.8,10.0,300.0
21.0,81.0,0.4,22.6,11.8,500.0
16.0,85.0,31.2,23.5,12.8,400.0
35.0,65.0,,20.1,11.8,400.0
35.0,65.0,102.6,18.6,11.8,400.0
,40.0,,19.7,12.3,400.0
0.0,40.0,65.1,20.7,12.6,500.0
57.0,131.0,66.1,35.0,10.5,800.0
29.0,73.0,78.3,35.4,11.0,800.0
29.0,73.0,35.5,31.8,11.3,800.0
36.0,114.0,112.4,34.6,10.5,800.0
32.0,106.0,103.0,28.6,11.3,600.0
32.0,106.0,,30.3,9.7,700.0
27.0,82.0,,32.3,,700.0
27.0,82.0,46.5,32.3,10.5,700.0
27.0,82.0,,32.2,11.8,600.0
27.0,82.0,28.8,32.3,13.1,600.0
37.0,67.0,,32.5,13.4,500.0
37.0,67.0,,29.3,13.6,400.0
37.0,67.0,,29.1,13.4,400.0
46.0,145.0,25.7,30.1,13.6,400.0
46.0,145.0,12.2,,,
46.0,145.0,,26.3,,
44.0,118.0,32.6,26.1,19.4,300.0
44.0,118.0,6.9,23.7,17.0,300.0
44.0,118.0,,22.9,15.7,300.0
44.0,118.0,,21.2,15.2,300.0
43.0,93.0,16.5,23.1,14.9,300.0
43.0,93.0,,24.3,14.1,200.0
43.0,93.0,15.1,25.2,13.6,200.0
43.0,93.0,54.3,24.6,14.1,400.0
18.0,40.0,,24.3,13.9,500.0
18.0,40.0,54.7,26.7,14.4,500.0
18.0,40.0,13.1,28.0,13.6,500.0
18.0,40.0,26.9,27.1,13.1,500.0
30.0,117.0,,23.1,12.6,500.0
30.0,117.0,,21.2,9.7,500.0
,95.0,8.4,28.4,10.0,600.0
28.0,95.0,30.2,30.7,9.4,600.0
28.0,95.0,6.3,30.1,9.4,700.0
64.0,92.0,3.7,31.8,10.0,600.0
64.0,92.0,42.0,30.8,9.7,500.0
64.0,92.0,46.7,31.2,9.7,500.0
64.0,92.0,51.2,33.7,9.7,400.0
48.0,86.0,,,10.2,400.0
48.0,86.0,58.5,,,400.0
,86.0,,,,400.0
48.0,86.0,27.3,,,200.0
33.0,90.0,,,,
33.0,90.0,,,,100.0
33.0,90.0,,26.3,10.7,300.0
14.0,67.0,,30.8,9.7,300.0
14.0,67.0,,29.3,9.4,300.0
0.0,64.0,60.0,30.5,,300.0
0.0,64.0,26.9,31.8,7.6,400.0
33.0,124.0,,30.3,8.6,700.0
33.0,124.0,,28.6,8.6,500.0
28.0,132.0,,24.8,8.4,500.0
28.0,132.0,104.6,25.8,8.1,600.0
,132.0,,26.0,8.1,500.0
59.0,93.0,210.3,25.8,7.6,500.0
59.0,93.0,,28.8,8.6,600.0
35.0,82.0,91.0,26.5,8.4,600.0
35.0,82.0,,27.3,8.4,600.0
35.0,82.0,,27.5,8.1,500.0
,41.0,,31.4,8.9,500.0
2.0,41.0,,37.4,8.6,500.0
2.0,41.0,,39.9,8.9,500.0
18.0,68.0,,37.2,9.4,400.0
18.0,68.0,,37.8,11.5,500.0
18.0,68.0,,37.8,12.8,500.0
25.0,91.0,,38.6,12.3,900.0
25.0,91.0,,54.7,12.0,1500.0
25.0,91.0,,56.8,12.8,1200.0
25.0,91.0,,56.8,13.6,1200.0
28.0,98.0,,57.9,14.4,1000.0
28.0,98.0,3.3,,14.4,900.0
105.0,112.0,,,,200.0
20.0,76.0,155.0,51.5,,500.0
63.0,123.0,129.7,,,
48.0,82.0,,,,
37.0,84.0,,,,
45.0,95.0,,,,
69.0,120.0,,,,
23.0,51.0,,,,
31.0,81.0,,,,
45.0,93.0,,,,
53.0,93.0,,,,
,142.0,,,,
38.0,142.0,21.4,23.5,,2900.0
56.0,134.0,10.8,22.4,12.8,3000.0
,134.0,11.4,23.3,13.1,2600.0
49.0,46.0,6.3,21.1,12.0,100.0
49.0,46.0,5.3,31.0,12.6,
38.0,106.0,6.5,32.3,,300.0
38.0,106.0,6.9,35.4,13.6,400.0
38.0,106.0,6.1,33.1,13.6,200.0
38.0,106.0,5.5,38.6,13.1,200.0
53.0,109.0,7.3,35.0,13.1,100.0
,109.0,5.7,33.8,13.1,200.0
53.0,109.0,6.3,31.6,13.4,400.0
53.0,109.0,6.9,,12.8,500.0
28.0,86.0,7.3,,,300.0
28.0,86.0,7.3,,,300.0
28.0,86.0,11.2,,,
82.0,112.0,8.6,,,100.0
82.0,112.0,7.3,,,100.0
82.0,112.0,,,,
82.0,,,,,
37.0,91.0,26.7,,,
37.0,91.0,,,,
37.0,91.0,,,,
46.0,97.0,,,,
46.0,97.0,,,,
46.0,97.0,3.1,,,
42.0,74.0,,,,
42.0,74.0,,,,
42.0,74.0,,,,
42.0,74.0,,,,
42.0,74.0,,,,
,74.0,,,,
42.0,74.0,,,,
42.0,74.0,,,,
19.0,,,,,
19.0,62.0,,,,
19.0,62.0,,,,
19.0,62.0,,,,
26.0,62.0,,,,
26.0,62.0,,,,
26.0,62.0,,,,
25.0,57.0,,,,
25.0,57.0,,,,
25.0,57.0,,,,
25.0,57.0,,,,
22.0,59.0,,,,
22.0,59.0,,,,
22.0,59.0,,,,
22.0,59.0,,,,
27.0,71.0,,,,
27.0,71.0,,,,
27.0,71.0,,,,
,42.0,,,,
,42.0,,,,
,42.0,,,,2300.0
,42.0,,34.0,,4300.0
,70.0,,34.6,,2600.0
,70.0,1.2,39.3,,
,70.0,4.1,,,
,70.0,4.7,,,
19.0,76.0,,,,
19.0,76.0,,,,
19.0,76.0,,,,
31.0,91.0,5.5,,,
31.0,91.0,1.6,,,
29.0,91.0,,,,
29.0,91.0,,,26.7,3800.0
29.0,91.0,0.6,28.6,27.2,3100.0
,59.0,,19.4,22.5,300.0
,,1.2,23.5,13.9,
,59.0,7.3,22.8,12.0,300.0
28.0,88.0,6.5,23.1,11.5,1300.0
33.0,139.0,9.6,25.4,11.3,1200.0
39.0,104.0,13.5,,,
5.0,14.0,3.9,60.2,12.6,600.0
16.0,87.0,2.9,56.2,12.0,300.0
16.0,87.0,1.4,52.1,12.6,400.0
16.0,87.0,0.0,50.6,12.8,500.0
21.0,102.0,,50.2,13.1,400.0
16.0,76.0,5.7,39.7,13.1,600.0
16.0,76.0,6.1,47.0,12.6,500.0
,81.0,4.9,36.3,11.5,200.0
21.0,81.0,6.3,38.2,11.3,700.0
27.0,81.0,5.9,48.5,11.8,100.0
33.0,132.0,,30.3,11.0,100.0
33.0,132.0,,,11.5,300.0
27.0,80.0,,,10.7,1600.0
27.0,80.0,,21.8,11.0,4600.0
,47.0,,20.7,14.1,3700.0
,47.0,5.3,19.7,14.7,1900.0
6.0,51.0,9.2,27.8,13.9,3000.0
21.0,107.0,13.1,26.9,14.9,
21.0,107.0,4.7,25.4,14.7,100.0
6.0,20.0,2.7,30.7,14.7,
6.0,20.0,2.6,30.1,14.9,100.0
46.0,118.0,0.8,45.1,,600.0
46.0,118.0,0.6,46.6,12.8,400.0
46.0,118.0,0.2,43.6,12.0,600.0
46.0,93.0,0.6,34.4,11.8,500.0
,93.0,0.2,23.5,11.3,900.0
50.0,112.0,9.4,46.4,11.3,
50.0,112.0,6.1,34.0,10.7,
43.0,104.0,,31.6,,
61.0,169.0,,,,
61.0,169.0,,,,
29.0,91.0,,19.7,,
29.0,91.0,,19.0,,
27.0,71.0,,16.9,,
8.0,27.0,,21.2,,
17.0,76.0,2.9,18.8,11.8,500.0
4.0,30.0,8.8,16.4,12.8,300.0
29.0,98.0,12.6,18.8,12.0,300.0
30.0,85.0,10.2,18.8,12.3,200.0
,85.0,9.8,19.6,11.8,300.0
30.0,85.0,9.2,21.1,11.5,300.0
30.0,85.0,9.2,21.8,12.0,200.0
22.0,108.0,14.7,20.3,11.0,300.0
22.0,108.0,14.7,21.8,11.0,300.0
22.0,108.0,13.9,18.8,10.0,200.0
22.0,108.0,15.1,18.4,10.0,200.0
18.0,112.0,14.5,18.2,10.5,200.0
18.0,112.0,14.3,17.1,10.5,200.0
15.0,126.0,14.1,17.3,10.0,200.0
15.0,126.0,9.6,17.5,10.0,0.0
12.0,104.0,9.6,16.4,10.2,100.0
12.0,104.0,9.4,18.4,11.3,
12.0,104.0,8.8,20.7,10.5,0.0
8.0,93.0,8.4,21.2,,200.0
8.0,93.0,8.4,22.2,11.0,200.0
8.0,93.0,7.8,22.4,11.0,200.0
8.0,93.0,7.5,22.8,11.3,300.0
9.0,92.0,6.1,26.7,11.8,400.0
9.0,92.0,5.7,30.3,11.5,400.0
9.0,92.0,4.5,39.9,10.7,600.0
20.0,102.0,3.5,37.6,11.3,700.0
20.0,102.0,3.7,37.2,10.7,800.0
20.0,102.0,5.5,32.3,10.7,1100.0
15.0,77.0,7.1,30.7,11.0,1100.0
15.0,77.0,6.7,31.0,11.5,1100.0
15.0,77.0,6.9,27.1,11.8,1200.0
15.0,77.0,6.9,31.6,11.5,1400.0
24.0,85.0,6.9,36.5,11.8,1500.0
24.0,85.0,7.3,30.7,11.5,1500.0
24.0,85.0,7.1,29.7,11.5,1400.0
24.0,85.0,6.9,28.6,11.8,1400.0
,92.0,7.1,31.6,12.0,1100.0
17.0,92.0,5.5,35.9,11.8,800.0
17.0,92.0,6.7,35.4,11.8,500.0
17.0,92.0,6.9,29.3,11.5,300.0
14.0,74.0,7.7,22.6,,200.0
,74.0,8.4,20.3,11.5,200.0
14.0,74.0,6.5,19.0,11.3,100.0
14.0,74.0,6.9,18.4,10.7,100.0
13.0,63.0,6.3,18.6,10.5,200.0
13.0,63.0,,16.0,10.5,100.0
13.0,63.0,,16.4,11.3,100.0
10.0,60.0,5.9,18.4,11.0,
10.0,60.0,5.7,,,
10.0,60.0,5.7,14.7,,
9.0,59.0,5.5,16.2,12.8,100.0
9.0,59.0,5.5,16.2,11.5,0.0
9.0,59.0,5.1,15.6,11.3,100.0
10.0,63.0,4.7,16.5,11.0,100.0
10.0,63.0,5.1,16.5,11.0,200.0
8.0,53.0,7.8,16.4,11.0,200.0
8.0,53.0,8.6,17.5,10.2,200.0
8.0,51.0,7.7,18.2,9.7,100.0
10.0,62.0,7.8,18.2,10.0,100.0
10.0,62.0,7.7,19.0,9.4,200.0
10.0,62.0,6.5,18.2,10.0,100.0
10.0,62.0,5.9,19.2,10.2,100.0
12.0,68.0,7.3,18.1,10.2,
12.0,68.0,6.5,18.8,10.2,200.0
12.0,68.0,6.9,16.7,10.2,100.0
12.0,68.0,5.3,17.1,10.2,100.0
13.0,77.0,5.7,18.2,10.5,100.0
13.0,77.0,5.7,18.1,10.5,100.0
13.0,77.0,6.5,18.6,10.2,0.0
13.0,77.0,6.9,17.9,11.0,100.0
13.0,90.0,7.3,17.1,10.7,100.0
13.0,90.0,8.2,16.5,10.2,0.0
13.0,90.0,9.0,17.9,10.2,0.0
16.0,106.0,1.6,18.1,9.2,
16.0,106.0,10.6,18.1,9.4,
19.0,,3.1,18.4,,0.0
19.0,93.0,11.0,19.0,9.4,200.0
19.0,93.0,13.1,18.4,10.0,300.0
19.0,93.0,12.2,17.3,9.7,300.0
12.0,97.0,16.1,17.3,9.7,300.0
12.0,97.0,17.1,18.1,10.0,300.0
12.0,97.0,17.1,17.3,10.0,300.0
12.0,97.0,16.5,16.7,9.2,300.0
22.0,104.0,16.3,17.1,8.9,300.0
,104.0,17.1,17.7,8.9,300.0
22.0,104.0,15.5,18.2,9.7,300.0
22.0,104.0,15.9,18.4,10.5,300.0
16.0,95.0,15.3,19.2,9.7,300.0
,95.0,14.9,18.6,10.0,300.0
16.0,95.0,14.7,19.0,9.7,300.0
12.0,103.0,14.5,19.6,9.7,400.0
12.0,103.0,14.5,22.2,9.2,400.0
12.0,103.0,14.1,27.1,9.4,400.0
15.0,134.0,9.8,27.5,10.2,500.0
15.0,134.0,9.2,,9.4,300.0
15.0,134.0,7.5,,10.0,300.0
15.0,134.0,9.0,,10.2,500.0
16.0,88.0,11.0,,,300.0
16.0,88.0,11.8,29.5,10.2,200.0
16.0,88.0,10.6,31.0,9.2,100.0
16.0,88.0,9.4,29.7,8.6,100.0
14.0,51.0,9.2,30.8,8.4,200.0
14.0,51.0,10.0,31.4,8.4,200.0
14.0,51.0,7.7,32.7,8.6,200.0
14.0,51.0,7.8,36.5,9.2,500.0
17.0,76.0,7.1,37.0,8.9,500.0
17.0,76.0,8.0,36.3,9.2,500.0
8.0,76.0,8.6,37.8,8.9,500.0
8.0,76.0,11.2,36.9,9.4,300.0
8.0,76.0,6.1,36.5,8.6,300.0
10.0,71.0,5.3,35.2,8.4,300.0
10.0,71.0,5.1,33.1,8.6,300.0
10.0,71.0,10.4,31.6,8.6,300.0
17.0,74.0,10.4,32.0,8.6,300.0
17.0,74.0,12.2,31.0,9.4,200.0
,74.0,13.3,30.8,9.2,200.0
17.0,74.0,10.6,30.5,9.4,200.0
15.0,84.0,10.2,29.1,,300.0
15.0,84.0,10.6,27.1,10.2,200.0
15.0,84.0,11.6,26.3,12.6,300.0
15.0,84.0,11.6,26.0,14.1,300.0
20.0,53.0,11.2,24.6,14.1,300.0
,53.0,,23.1,14.4,300.0
,53.0,,20.7,15.2,200.0
20.0,53.0,,20.7,15.2,200.0
18.0,74.0,11.6,21.8,14.7,300.0
18.0,74.0,10.4,,,
18.0,74.0,11.0,,,
18.0,74.0,10.2,16.7,,
7.0,68.0,11.8,18.8,19.1,200.0
7.0,68.0,11.6,18.1,17.0,200.0
7.0,68.0,10.0,17.9,16.8,200.0
7.0,68.0,9.8,17.9,15.4,200.0
16.0,68.0,9.6,17.9,14.7,200.0
16.0,68.0,10.0,16.9,14.7,200.0
16.0,68.0,10.4,17.3,15.2,300.0
16.0,68.0,10.4,18.8,14.7,300.0
14.0,64.0,9.6,17.7,14.7,200.0
14.0,64.0,8.4,15.4,15.2,200.0
14.0,64.0,8.0,16.7,14.7,100.0
14.0,64.0,9.6,18.2,14.7,200.0
13.0,62.0,9.2,18.1,,200.0
,62.0,10.0,17.5,12.8,100.0
13.0,62.0,10.0,18.2,10.7,100.0
13.0,62.0,10.4,17.7,10.2,100.0
10.0,80.0,10.0,17.3,10.5,100.0
10.0,80.0,10.8,17.7,10.0,100.0
10.0,80.0,11.0,17.1,10.2,100.0
10.0,80.0,11.8,16.7,10.2,100.0
10.0,87.0,12.6,16.5,10.0,200.0
10.0,87.0,12.8,15.6,10.0,100.0
10.0,87.0,12.2,15.6,10.7,0.0
10.0,87.0,12.2,17.3,10.0,200.0
20.0,69.0,12.4,15.8,11.0,200.0
20.0,69.0,11.6,15.4,11.8,200.0
20.0,69.0,10.6,16.2,10.7,100.0
20.0,69.0,11.4,16.2,10.5,200.0
18.0,95.0,11.6,16.7,10.2,300.0
18.0,95.0,11.6,16.7,9.7,200.0
18.0,95.0,11.8,16.9,9.4,100.0
18.0,95.0,12.2,17.1,11.0,200.0
16.0,88.0,11.8,16.9,10.7,300.0
,88.0,12.2,17.3,10.5,300.0
16.0,88.0,11.8,18.4,10.2,200.0
16.0,88.0,14.3,18.6,10.0,200.0
18.0,91.0,15.7,19.7,,300.0
18.0,91.0,14.1,19.0,9.7,200.0
18.0,91.0,14.1,18.1,10.5,200.0
18.0,91.0,15.1,17.9,10.5,300.0
15.0,91.0,16.7,17.9,10.7,300.0
15.0,91.0,16.1,18.2,10.5,200.0
15.0,91.0,15.7,17.3,10.5,100.0
,91.0,17.3,17.1,10.5,200.0
14.0,124.0,18.0,17.1,11.0,200.0
14.0,124.0,14.9,17.5,10.5,100.0
14.0,124.0,14.5,18.2,10.2,200.0
14.0,112.0,13.3,18.8,10.5,200.0
14.0,112.0,15.7,18.6,11.0,200.0
14.0,112.0,15.9,19.4,10.0,200.0
14.0,112.0,14.3,17.7,9.4,200.0
19.0,104.0,12.8,18.6,9.2,200.0
,104.0,13.1,16.9,8.9,100.0
19.0,104.0,13.5,18.2,8.9,100.0
19.0,104.0,11.6,20.1,9.2,300.0
21.0,67.0,10.8,20.5,9.4,400.0
21.0,67.0,11.8,20.9,9.7,300.0
21.0,67.0,10.2,21.6,10.2,200.0
21.0,67.0,6.5,23.1,10.2,300.0
24.0,109.0,10.8,26.3,,400.0
24.0,109.0,10.8,29.9,10.0,400.0
24.0,109.0,10.0,31.0,10.0,400.0
24.0,109.0,9.4,33.7,10.2,500.0
44.0,123.0,8.8,33.3,9.7,600.0
44.0,123.0,8.8,34.4,9.4,600.0
44.0,123.0,9.8,36.1,9.4,600.0
32.0,110.0,7.1,33.8,9.4,700.0
32.0,110.0,8.2,34.0,9.4,800.0
32.0,110.0,6.7,32.7,10.0,700.0
32.0,110.0,7.1,29.9,10.2,700.0
31.0,90.0,7.3,27.1,9.2,700.0
,90.0,7.3,25.6,9.2,500.0
31.0,90.0,6.9,23.3,9.4,500.0
31.0,90.0,6.1,25.2,9.4,600.0
29.0,91.0,5.7,25.8,10.0,600.0
29.0,91.0,6.1,29.3,10.0,800.0
30.0,104.0,6.7,33.5,10.0,700.0
30.0,,6.3,32.3,9.7,600.0
,104.0,6.1,30.8,9.4,700.0
31.0,92.0,5.9,29.9,,600.0
31.0,92.0,6.3,29.7,9.7,400.0
31.0,92.0,5.3,27.1,11.3,400.0
31.0,92.0,6.1,23.7,11.8,400.0
28.0,56.0,7.5,21.8,11.3,400.0
28.0,56.0,,22.4,11.3,300.0
28.0,56.0,,22.4,11.5,200.0
,56.0,,21.4,11.0,200.0
,58.0,8.4,,,
15.0,58.0,8.0,,,
15.0,58.0,8.6,19.4,,
12.0,54.0,8.4,19.4,16.2,200.0
12.0,54.0,9.2,19.4,13.4,200.0
12.0,54.0,8.6,19.2,12.3,100.0
12.0,54.0,9.0,19.6,12.8,200.0
12.0,48.0,8.4,19.6,13.4,200.0
12.0,48.0,8.8,19.0,12.6,200.0
12.0,48.0,8.6,19.0,12.0,200.0
12.0,48.0,10.8,20.5,12.0,200.0
11.0,42.0,12.6,20.5,11.8,200.0
11.0,42.0,13.9,17.9,11.3,100.0
11.0,42.0,13.1,16.9,11.3,100.0
11.0,42.0,14.3,16.5,11.5,200.0
5.0,41.0,14.3,17.7,,200.0
5.0,41.0,13.7,19.9,11.3,100.0
5.0,41.0,11.0,19.6,10.5,100.0
5.0,41.0,11.0,21.1,9.7,100.0
6.0,42.0,10.8,17.1,9.4,0.0
,42.0,9.4,16.9,9.7,100.0
6.0,42.0,9.2,19.4,10.5,100.0
8.0,49.0,10.4,24.4,10.2,300.0
8.0,49.0,9.4,26.7,10.5,300.0
,49.0,8.8,31.8,11.0,700.0
19.0,49.0,8.8,30.8,11.0,700.0
19.0,49.0,9.6,31.4,10.5,700.0
19.0,49.0,11.0,33.5,10.2,700.0
19.0,49.0,10.6,37.6,9.7,800.0
33.0,85.0,10.8,37.0,9.7,900.0
33.0,85.0,18.4,37.4,10.2,700.0
33.0,85.0,35.1,34.6,11.3,600.0
,43.0,22.0,20.1,9.7,
22.0,43.0,20.0,20.1,9.4,
22.0,43.0,17.7,22.2,9.7,0.0
17.0,69.0,15.3,23.1,,200.0
17.0,69.0,12.8,25.6,10.7,400.0
17.0,69.0,11.6,27.1,12.8,400.0
17.0,69.0,11.8,33.1,13.6,500.0
26.0,80.0,9.8,35.0,13.4,600.0
26.0,80.0,9.2,37.4,13.6,600.0
22.0,79.0,5.7,60.4,13.9,1200.0
22.0,79.0,6.5,57.0,13.9,1100.0
22.0,79.0,6.3,54.2,14.7,1100.0
22.0,79.0,7.8,64.3,14.7,1400.0
41.0,98.0,7.7,66.2,14.1,1400.0
,98.0,9.2,61.1,13.9,1300.0
41.0,98.0,8.8,47.0,13.9,1200.0
41.0,98.0,7.8,51.5,13.9,1200.0
49.0,114.0,4.9,48.9,13.6,1200.0
49.0,114.0,5.3,37.0,13.4,1100.0
49.0,114.0,4.5,34.0,13.4,1100.0
49.0,114.0,5.3,29.1,13.9,1100.0
40.0,102.0,6.7,29.9,,1100.0
40.0,102.0,12.6,41.4,14.1,700.0
40.0,102.0,18.2,37.0,13.6,600.0
40.0,102.0,18.2,33.8,14.7,500.0
23.0,60.0,14.3,31.8,14.9,300.0
23.0,60.0,,31.2,15.2,200.0
23.0,60.0,,28.2,14.7,100.0
23.0,60.0,,26.5,13.9,100.0
19.0,70.0,8.6,23.3,14.1,100.0
19.0,70.0,7.7,,,
19.0,70.0,7.3,,,
19.0,70.0,6.7,20.9,,
21.0,64.0,7.3,21.4,19.1,100.0
,64.0,5.9,22.8,15.7,100.0
21.0,64.0,8.0,21.6,14.7,0.0
11.0,70.0,8.6,17.7,13.9,0.0
11.0,70.0,8.8,18.4,14.7,100.0
11.0,70.0,7.3,19.0,14.4,100.0
11.0,70.0,7.5,22.0,14.1,200.0
18.0,57.0,8.4,24.1,14.4,100.0
18.0,57.0,6.3,23.3,15.2,100.0
18.0,57.0,5.5,23.3,15.2,100.0
18.0,57.0,8.0,16.0,14.4,
4.0,36.0,12.2,14.3,,0.0
4.0,36.0,14.1,12.8,12.8,200.0
4.0,36.0,14.1,13.9,11.3,200.0
4.0,36.0,12.2,19.4,9.2,300.0
5.0,51.0,10.2,19.9,10.2,400.0
5.0,51.0,11.0,21.4,10.2,400.0
,51.0,10.2,21.6,10.0,400.0
5.0,51.0,8.2,24.1,9.7,500.0
17.0,56.0,6.1,24.4,9.2,600.0
,56.0,6.1,25.4,10.5,600.0
17.0,56.0,8.6,27.8,11.3,600.0
17.0,56.0,9.6,29.1,11.0,1000.0
35.0,69.0,8.4,31.0,11.0,1000.0
35.0,69.0,7.8,32.2,11.0,1000.0
35.0,69.0,7.1,35.4,11.3,1000.0
35.0,69.0,8.4,38.6,10.7,1000.0
67.0,137.0,6.9,38.9,10.5,1000.0
67.0,137.0,14.9,32.9,11.0,700.0
67.0,137.0,2.2,27.6,11.0,500.0
67.0,137.0,10.0,27.3,10.5,600.0
26.0,104.0,0.8,30.8,10.2,700.0
26.0,104.0,14.5,30.7,10.2,700.0
26.0,104.0,8.2,31.8,10.2,700.0
46.0,113.0,13.1,32.2,,500.0
46.0,,14.1,25.0,10.5,300.0
46.0,113.0,10.8,25.6,10.2,500.0
46.0,113.0,10.8,25.2,10.5,700.0
34.0,88.0,23.9,25.8,10.0,500.0
34.0,88.0,15.7,29.7,10.0,500.0
34.0,88.0,15.1,31.0,10.5,600.0
32.0,95.0,7.8,40.1,11.3,700.0
32.0,95.0,18.8,39.9,10.7,900.0
32.0,95.0,12.9,42.9,10.5,1000.0
36.0,123.0,16.1,49.5,11.5,800.0
36.0,123.0,15.1,33.3,10.5,400.0
12.0,73.0,33.7,24.3,9.2,500.0
12.0,73.0,42.0,23.3,9.4,400.0
12.0,73.0,27.9,27.3,11.0,800.0
9.0,21.0,68.1,28.8,11.0,800.0
9.0,21.0,18.4,34.6,10.5,900.0
9.0,21.0,27.3,41.4,10.7,1000.0
9.0,21.0,15.5,41.4,11.3,900.0
25.0,86.0,37.1,39.7,,700.0
,86.0,,40.6,11.3,700.0
25.0,86.0,,41.7,11.8,600.0
,86.0,27.7,43.8,12.6,800.0
26.0,91.0,19.2,45.9,13.1,900.0
26.0,91.0,32.0,47.2,12.8,1000.0
,91.0,61.6,46.8,12.8,1100.0
26.0,91.0,53.8,45.3,13.6,1000.0
26.0,87.0,69.3,45.9,13.6,1000.0
26.0,87.0,23.7,44.4,13.6,1000.0
26.0,87.0,32.6,46.4,13.9,900.0
26.0,87.0,15.3,45.5,13.4,900.0
15.0,58.0,66.5,39.7,12.6,800.0
15.0,58.0,,35.7,12.3,700.0
15.0,58.0,14.1,39.9,12.8,700.0
15.0,58.0,,40.2,12.8,900.0
17.0,54.0,,38.4,13.1,1000.0
17.0,54.0,25.7,39.1,13.4,1000.0
17.0,54.0,121.4,36.7,13.4,900.0
17.0,54.0,,38.0,13.4,900.0
10.0,77.0,64.9,39.1,13.4,900.0
,77.0,,38.0,13.1,800.0
10.0,77.0,,38.0,13.1,700.0
9.0,77.0,14.3,38.9,12.0,500.0
9.0,77.0,,35.4,10.5,500.0
9.0,77.0,,33.1,10.0,500.0
9.0,56.0,23.3,32.0,10.0,400.0
9.0,56.0,,33.1,10.5,300.0
9.0,56.0,,31.2,10.5,200.0
9.0,56.0,,29.3,10.5,100.0
15.0,63.0,9.6,29.1,10.2,300.0
15.0,63.0,50.2,,,
31.0,71.0,82.2,25.0,12.0,
31.0,71.0,,24.1,10.7,
31.0,71.0,,22.8,11.0,
15.0,63.0,,23.1,10.7,
15.0,63.0,,24.1,9.7,
15.0,63.0,,25.0,9.7,
15.0,63.0,,25.6,10.5,
14.0,71.0,19.8,25.0,10.5,
14.0,71.0,22.4,26.9,9.7,
14.0,71.0,81.2,27.3,9.2,
16.0,63.0,,26.0,,
16.0,63.0,,24.6,9.7,
16.0,63.0,17.7,24.8,10.7,
16.0,63.0,42.4,25.4,11.8,
10.0,63.0,62.0,24.6,11.3,
10.0,63.0,,24.1,10.5,
10.0,63.0,66.9,25.0,10.2,
10.0,63.0,16.1,27.5,10.7,
7.0,64.0,4.9,28.4,10.7,
7.0,64.0,,28.8,10.5,
7.0,64.0,21.6,27.8,10.7,0.0
7.0,64.0,,26.0,10.7,100.0
33.0,58.0,27.9,25.6,11.5,200.0
33.0,58.0,99.5,25.6,11.8,100.0
33.0,58.0,37.1,28.2,11.5,100.0
33.0,58.0,,31.2,12.0,100.0
31.0,86.0,22.2,31.0,11.5,200.0
31.0,86.0,,29.7,12.0,100.0
31.0,86.0,,29.5,11.5,100.0
31.0,86.0,51.8,32.2,11.3,100.0
44.0,96.0,,33.7,11.3,200.0
44.0,96.0,,38.2,11.8,200.0
44.0,96.0,80.6,39.7,11.3,100.0
44.0,96.0,28.6,39.5,10.5,200.0
48.0,104.0,,33.1,,100.0
,104.0,,26.9,11.0,
48.0,104.0,,29.7,8.9,
48.0,104.0,,34.0,9.2,
23.0,82.0,0.8,35.9,8.9,
23.0,82.0,72.6,32.9,9.2,
23.0,82.0,10.2,32.2,9.2,
23.0,82.0,,31.8,8.4,
20.0,76.0,9.2,32.2,8.9,
20.0,76.0,26.3,33.7,8.9,
20.0,76.0,,31.6,8.6,800.0
16.0,76.0,15.9,31.0,9.4,900.0
16.0,76.0,16.7,29.0,9.4,900.0
20.0,80.0,16.3,29.0,8.4,900.0
20.0,80.0,17.1,27.8,9.7,800.0
20.0,80.0,14.1,27.8,9.7,900.0
20.0,80.0,11.8,27.5,9.7,1100.0
27.0,43.0,10.2,49.3,10.2,1200.0
27.0,43.0,9.2,48.7,10.7,1200.0
34.0,98.0,8.8,47.2,,1200.0
34.0,98.0,8.6,46.4,11.5,1100.0
34.0,98.0,8.2,47.2,11.3,1100.0
29.0,74.0,9.0,34.8,11.3,1000.0
29.0,74.0,9.0,31.2,11.3,800.0
15.0,54.0,8.2,33.1,11.5,900.0
19.0,54.0,8.4,26.0,11.8,900.0
19.0,75.0,8.6,25.0,11.0,1100.0
27.0,104.0,7.8,19.0,10.7,1300.0
37.0,99.0,10.0,25.2,,1200.0
37.0,99.0,13.1,23.7,10.5,1100.0
37.0,99.0,12.6,25.6,10.0,1200.0
37.0,99.0,11.6,28.4,10.0,1300.0
34.0,60.0,10.8,25.6,9.7,1400.0
34.0,60.0,,30.3,9.7,1400.0
34.0,60.0,,33.1,9.4,1400.0
34.0,60.0,,,9.4,900.0
41.0,104.0,15.1,,8.9,900.0
41.0,104.0,14.9,,,
41.0,104.0,12.9,,,
41.0,104.0,13.1,,,
36.0,84.0,13.5,,12.8,1100.0
36.0,84.0,11.8,28.4,11.8,1300.0
36.0,84.0,11.4,24.4,11.0,1300.0
36.0,84.0,11.4,26.0,10.0,1400.0
43.0,104.0,10.4,22.8,10.5,1400.0
43.0,104.0,9.8,28.8,10.5,1300.0
43.0,104.0,8.8,32.3,8.9,1100.0
43.0,104.0,9.0,31.4,8.6,1000.0
30.0,80.0,9.0,31.8,10.0,900.0
30.0,80.0,9.0,32.2,8.6,1000.0
30.0,80.0,9.0,29.7,8.9,800.0
30.0,80.0,9.2,26.9,7.9,800.0
26.0,88.0,9.2,26.5,,900.0
26.0,88.0,9.0,25.6,11.0,1100.0
26.0,88.0,9.6,23.7,13.4,1000.0
26.0,88.0,8.8,22.8,13.9,1100.0
25.0,79.0,9.2,21.6,13.9,1100.0
25.0,79.0,8.8,25.2,14.4,1000.0
25.0,79.0,9.0,29.1,14.4,1000.0
21.0,69.0,9.4,29.1,13.6,1000.0
21.0,69.0,9.6,29.1,13.6,1000.0
21.0,69.0,10.6,28.2,13.6,1000.0
21.0,69.0,10.0,28.0,13.4,1200.0
11.0,31.0,11.0,26.9,14.1,1200.0
11.0,31.0,11.6,26.9,13.9,1100.0
27.0,80.0,13.1,22.0,14.1,1100.0
27.0,80.0,13.9,22.2,13.9,1000.0
84.0,85.0,18.6,20.3,14.4,1000.0
37.0,102.0,20.6,26.1,9.4,1100.0
37.0,102.0,19.8,,8.9,1200.0
31.0,153.0,18.4,,9.2,1200.0
31.0,153.0,19.8,,8.4,1000.0
31.0,153.0,21.2,19.7,8.6,900.0
31.0,153.0,22.4,19.0,8.9,900.0
30.0,92.0,22.4,19.7,8.6,900.0
30.0,92.0,21.2,19.6,9.4,800.0
26.0,96.0,22.4,18.6,8.9,900.0
26.0,96.0,22.2,17.9,9.4,1000.0
26.0,96.0,22.0,17.7,9.4,1000.0
26.0,85.0,21.6,19.2,8.6,1000.0
26.0,85.0,20.4,22.9,8.6,1100.0
26.0,85.0,18.6,22.4,8.9,1300.0
26.0,85.0,18.0,20.7,9.7,1200.0
34.0,,17.5,20.7,9.7,1300.0
34.0,,15.7,21.1,10.2,1200.0
34.0,,14.9,21.2,9.7,1300.0
48.0,,15.3,21.6,,1200.0
48.0,,13.9,22.6,11.0,1100.0
48.0,,11.8,22.6,12.8,1000.0
48.0,,11.2,21.4,12.0,1100.0
47.0,,9.6,20.3,13.1,1100.0
48.0,,8.6,27.1,14.4,1200.0
48.0,,7.5,29.0,13.6,1200.0
48.0,,7.8,26.9,13.1,1200.0
28.0,,7.7,24.3,13.1,1300.0
28.0,,8.2,24.8,13.1,1300.0
28.0,,8.0,38.2,12.8,1300.0
28.0,,8.2,53.4,12.6,1400.0
62.0,,8.2,60.4,12.8,1500.0
62.0,,8.0,62.1,13.4,1400.0
73.0,,8.4,63.2,12.6,1400.0
73.0,,9.2,59.4,11.3,1200.0
73.0,,9.6,57.7,11.5,1200.0
69.0,,9.4,52.8,,1200.0
69.0,,9.2,50.4,12.0,1100.0
69.0,,10.8,50.8,12.0,1100.0
69.0,,9.6,44.6,11.8,1200.0
82.0,,9.0,44.0,11.8,1100.0
82.0,,,40.2,11.5,900.0
82.0,,,34.0,12.3,900.0
80.0,,8.4,32.5,11.3,1000.0
80.0,,7.8,,,
80.0,,7.3,,,
80.0,,7.1,28.8,,
66.0,,8.8,30.5,18.1,1000.0
66.0,,8.0,29.5,15.2,1000.0
,,7.5,28.2,13.4,900.0
66.0,,8.0,33.7,12.6,1000.0
66.0,,8.0,32.9,12.6,1000.0
66.0,,8.2,30.1,11.5,900.0
66.0,,7.5,24.1,11.8,800.0
66.0,,7.8,21.6,11.8,700.0
27.0,,8.8,19.7,11.5,700.0
27.0,,9.0,17.9,10.7,700.0
27.0,,9.0,17.1,10.7,600.0
27.0,,8.8,16.2,11.3,600.0
28.0,,9.2,15.8,,900.0
28.0,,9.2,17.5,10.2,1100.0
28.0,,9.0,17.7,10.5,1000.0
28.0,,9.0,18.4,10.5,1100.0
27.0,,8.8,19.2,10.0,1100.0
27.0,,8.8,20.9,10.2,1100.0
27.0,,8.4,22.6,10.5,1100.0
27.0,,8.0,22.6,10.7,1200.0
27.0,,8.6,22.6,10.0,1100.0
27.0,,8.6,22.0,11.0,1300.0
35.0,,9.6,21.1,11.5,1400.0
35.0,,8.8,20.3,10.5,1200.0
35.0,,9.8,19.6,10.5,1300.0
30.0,,10.6,19.0,10.7,1300.0
30.0,,10.8,18.1,10.7,1200.0
30.0,,10.8,19.0,10.7,1200.0
30.0,,11.2,18.6,11.0,1300.0
36.0,,13.5,18.4,10.7,1300.0
36.0,,12.6,20.5,10.5,1200.0
36.0,,12.4,20.1,11.0,1200.0
,,12.8,19.0,,1200.0
,,12.0,19.7,11.0,1100.0
,,11.8,20.9,10.0,1000.0
,,12.2,21.6,8.9,1000.0
,,13.3,20.9,8.6,900.0
,,12.9,21.4,8.9,800.0
,,13.7,21.8,8.9,900.0
,,14.5,20.9,9.7,1000.0
,,15.3,19.9,8.9,1000.0
,,13.9,22.8,9.4,1000.0
,,12.6,24.1,9.4,1100.0
,,12.6,32.3,9.2,1200.0
,,11.6,35.9,,1200.0
,,11.2,36.1,10.0,1100.0
,,10.8,36.1,10.0,1000.0
,,9.8,35.0,10.5,1000.0
,,8.2,35.4,10.5,1100.0
,,8.8,30.5,10.5,1100.0
,,8.4,30.8,10.2,1100.0
,,8.0,30.1,10.5,1200.0
,,8.6,28.0,9.7,1200.0
,,6.9,27.1,10.2,1100.0
,,7.3,28.6,10.0,1100.0
,,7.7,26.9,9.4,1000.0
,,7.8,26.5,10.0,1100.0
,,8.0,27.3,10.0,1100.0
,,7.8,32.0,11.3,1200.0
,,7.5,28.6,11.0,1300.0
,,8.2,24.4,11.3,1300.0
,,8.0,22.6,11.0,1300.0
,,8.0,30.3,10.5,1400.0
,,8.6,36.3,11.0,1400.0
,,9.6,42.5,11.3,1400.0
,,5.1,36.1,8.9,1100.0
,,5.1,36.3,8.6,1200.0
,,4.5,37.8,8.6,1200.0
,,5.7,24.4,9.4,1100.0
,,7.8,19.6,8.9,1100.0
,,8.2,21.2,8.9,1100.0
,,7.7,34.6,9.7,1100.0
,,6.5,44.6,9.4,1100.0
,,4.7,48.0,9.4,1300.0
,,6.3,46.4,10.2,1200.0
,,9.8,44.6,10.5,1200.0
,,10.2,,11.0,1100.0
,,10.2,,11.0,1100.0
,,11.0,,,1200.0
,,9.2,,,1200.0
,,4.7,,,1100.0
,,2.7,,,900.0
,,,,,900.0
,,,,,700.0
,,4.3,,,1000.0
,,30.6,,,1000.0
,,31.0,,,
,,15.3,,,
,,43.2,,,
,,19.4,,,
,,5.9,,,
,,67.1,,,
,,103.2,,,
,,10.6,,,
,,27.3,,,
,,211.9,,,
,,131.5,,,
,,31.6,,,
,,139.7,,,
,,18.0,,,
,,155.4,,,
,,23.7,,,
,,9.8,,,
,,60.2,,,
,,184.8,,,
,,,,20.4,200.0
,,3.9,76.2,18.6,2100.0
,,3.5,57.5,14.7,
,,6.1,53.8,13.9,
,,12.0,48.0,13.6,
,,11.0,41.4,13.4,500.0
,,5.7,42.3,12.8,300.0
,,4.5,49.1,12.8,200.0
,,4.9,62.1,12.8,200.0
,,2.2,65.3,12.6,200.0
,,1.6,54.9,13.9,200.0
,,1.2,33.5,13.4,100.0
,,0.2,30.3,12.6,
,,1.2,28.8,13.1,200.0
,,1.4,,13.6,200.0
,,1.4,,12.6,200.0
,,1.4,,13.6,100.0
,,3.5,,12.6,100.0
,,8.0,,,200.0
,,11.2,,11.3,300.0
,,15.9,,,200.0
,,5.9,,,100.0
,,1.8,,,
,,14.1,,,
,,21.6,,,
,,,,12.8,2300.0
,,,,12.6,2200.0
,,5.9,,13.9,2300.0
,,0.2,,14.1,2200.0
,,2.0,,14.1,2200.0
,,2.6,,13.6,2100.0
,,9.4,,14.4,2100.0
,,5.9,,14.1,2200.0
,,7.1,,13.1,2100.0
,,6.5,,13.1,2000.0
,,4.5,,13.6,1900.0
,,4.1,,13.6,
,,8.8,,13.9,
,,9.2,,14.7,
,,1.8,,14.1,
,,1.6,,13.1,
,,1.6,,13.9,
,,1.0,,13.9,
,,1.8,,13.9,
,,2.2,,13.9,
,,1.4,,13.4,
,,3.5,,12.8,
,,4.5,,13.4,
,,3.9,,14.1,
,,4.3,,13.6,
,,4.3,,12.0,
,,,,12.8,
,,,,13.9,
,,,,13.9,
,,,,13.1,
,,,,12.3,
,,,,12.8,
,,,,12.0,
,,,,12.6,
,,,,13.1,
,,,,12.0,
,,,,13.9,
,,,,14.4,
,,,,15.4,
,,,,14.7,
,,,,15.7,
69.0,117.0,,124.3,3.4,1.99
66.0,96.0,,123.0,3.7,1.98
66.0,96.0,2.0,,,
66.0,96.0,0.0,,,
66.0,96.0,4.3,109.6,,
72.0,106.0,3.3,109.6,,1.99
72.0,106.0,1.0,113.9,,1.99
72.0,106.0,,114.7,12.3,2.0
72.0,106.0,0.4,116.7,,2.02
87.0,125.0,4.5,116.2,,1.99
87.0,125.0,,113.4,6.6,1.98
87.0,125.0,,112.0,,1.97
87.0,125.0,,111.3,11.3,1.98
96.0,139.0,1.0,110.4,14.1,1.99
96.0,139.0,,113.0,6.6,2.03
96.0,139.0,1.2,111.5,18.6,2.03
96.0,139.0,2.4,112.6,4.7,2.02
97.0,134.0,3.5,110.7,1.3,2.0
97.0,134.0,,110.9,4.2,1.98
97.0,134.0,,110.7,,1.95
97.0,134.0,0.8,110.5,3.9,1.91
70.0,106.0,,110.7,16.8,1.89
70.0,106.0,,110.0,11.0,1.87
70.0,106.0,,109.8,7.1,1.84
70.0,106.0,,112.6,8.6,1.77
67.0,105.0,,113.7,5.2,1.76
67.0,105.0,2.9,114.9,11.3,1.76
67.0,105.0,6.9,118.1,,1.76
67.0,105.0,,117.7,12.3,1.77
106.0,150.0,,118.6,15.7,1.8
106.0,150.0,0.0,121.6,16.5,1.81
106.0,150.0,0.8,122.8,18.9,1.81
,150.0,0.4,121.8,5.5,1.81
110.0,199.0,,122.4,2.9,1.81
110.0,199.0,4.5,124.5,11.3,1.8
110.0,199.0,2.9,130.1,6.3,1.79
110.0,199.0,3.7,133.1,2.4,1.79
100.0,199.0,1.2,133.5,3.9,1.77
100.0,199.0,,136.1,0.3,1.76
100.0,199.0,3.3,138.6,5.5,1.72
,199.0,2.4,134.6,12.1,1.69
68.0,153.0,11.8,131.6,,1.66
68.0,153.0,9.6,134.0,5.8,1.63
68.0,153.0,8.4,152.8,,1.57
68.0,153.0,9.4,150.6,0.3,1.55
64.0,153.0,9.2,142.9,6.8,1.5
64.0,153.0,10.0,152.1,,1.53
64.0,153.0,79.8,52.5,12.1,1.23
64.0,153.0,55.3,62.2,0.5,1.32
54.0,128.0,96.0,64.9,3.7,1.31
54.0,128.0,56.6,71.1,,1.34
54.0,128.0,30.6,84.0,,
54.0,128.0,21.6,89.1,,1.32
50.0,89.0,17.4,107.2,4.2,1.32
50.0,89.0,31.8,110.4,,1.33
50.0,89.0,19.0,102.1,,1.27
39.0,88.0,15.9,107.9,,1.27
39.0,88.0,13.9,111.9,,1.28
39.0,88.0,12.9,117.3,,1.27
39.0,88.0,13.1,122.2,,1.26
30.0,73.0,12.0,122.8,,1.26
30.0,73.0,12.3,126.7,,1.27
30.0,73.0,11.8,129.3,6.8,1.26
30.0,73.0,12.0,129.3,1.8,1.28
47.0,96.0,10.4,133.1,5.0,1.31
47.0,96.0,10.0,136.1,,1.35
47.0,96.0,10.2,137.2,6.6,1.36
47.0,96.0,10.0,135.7,,1.4
38.0,116.0,9.4,136.7,7.1,1.48
38.0,116.0,8.8,138.6,,1.57
38.0,116.0,9.6,137.2,,1.64
38.0,116.0,8.8,135.9,,1.69
52.0,113.0,8.8,138.0,0.8,1.79
52.0,113.0,9.0,140.6,,1.91
52.0,113.0,8.8,140.8,,2.0
77.0,152.0,8.4,139.7,0.0,2.1
77.0,152.0,8.0,140.6,,2.16
77.0,152.0,7.6,137.6,,2.18
77.0,152.0,8.0,136.7,,2.16
86.0,179.0,8.6,139.5,,2.15
86.0,179.0,8.4,144.0,,2.15
86.0,179.0,8.4,142.9,4.7,2.12
86.0,179.0,8.2,139.7,,2.12
75.0,149.0,8.2,135.5,6.8,2.08
75.0,149.0,8.4,135.0,5.8,2.1
75.0,149.0,8.4,136.1,1.0,2.07
75.0,149.0,7.6,134.0,11.5,2.03
69.0,136.0,8.0,132.5,,1.96
76.0,118.0,8.4,130.3,15.5,1.92
76.0,118.0,,130.3,,1.9
76.0,118.0,,129.9,7.9,1.89
76.0,118.0,,128.6,4.7,1.89
66.0,101.0,8.2,131.8,0.0,1.85
66.0,101.0,8.6,,,
66.0,101.0,9.2,,,
66.0,101.0,8.0,129.3,,
55.0,101.0,9.4,133.1,,1.77
55.0,101.0,9.2,135.2,,1.76
55.0,101.0,9.0,132.5,,1.75
55.0,101.0,9.2,129.9,,1.71
58.0,88.0,10.0,130.1,11.3,1.68
58.0,88.0,11.4,130.5,16.2,1.68
58.0,88.0,9.4,127.7,,1.68
58.0,88.0,9.4,125.6,2.4,1.67
49.0,78.0,9.6,129.5,7.1,1.71
49.0,78.0,9.0,123.7,1.6,1.66
44.0,70.0,9.6,123.0,8.9,1.66
44.0,70.0,10.4,123.9,10.5,1.67
44.0,70.0,9.0,122.4,2.1,1.64
44.0,70.0,9.6,119.0,11.0,1.63
53.0,68.0,9.0,118.4,7.9,1.61
53.0,68.0,8.6,118.4,2.4,1.63
53.0,68.0,8.8,116.6,21.0,1.65
53.0,68.0,7.4,114.1,12.8,1.67
58.0,78.0,8.6,114.5,7.1,1.69
58.0,78.0,10.4,113.0,,1.72
58.0,78.0,11.0,115.1,,1.76
74.0,112.0,11.6,125.8,,1.83
74.0,112.0,10.8,126.5,,1.89
74.0,112.0,9.2,124.8,,1.91
136.0,191.0,11.2,129.5,,1.92
136.0,191.0,10.8,133.9,,1.97
136.0,191.0,12.0,132.7,1.8,1.96
136.0,191.0,9.2,132.2,1.8,1.95
96.0,140.0,10.8,134.8,,1.9
96.0,140.0,9.8,138.7,,1.88
96.0,140.0,9.4,138.2,,1.82
96.0,140.0,9.2,137.1,,1.76
65.0,92.0,10.4,137.1,,1.72
65.0,92.0,10.4,137.4,,1.69
65.0,92.0,10.2,134.8,,1.64
65.0,92.0,9.4,134.4,,1.61
61.0,88.0,8.6,137.2,3.1,1.6
61.0,88.0,9.0,139.7,9.2,1.64
61.0,88.0,9.8,141.2,3.1,1.56
61.0,88.0,9.6,138.9,,1.52
62.0,77.0,10.8,138.9,,1.51
62.0,77.0,9.8,141.6,,1.52
62.0,77.0,10.4,141.8,,
62.0,77.0,10.8,139.1,,1.31
55.0,90.0,10.8,138.7,5.8,1.29
55.0,90.0,10.0,139.1,7.1,1.31
55.0,90.0,12.2,137.8,2.6,1.29
55.0,90.0,10.8,138.0,,1.25
46.0,73.0,9.8,137.4,,1.25
46.0,73.0,10.4,139.5,10.7,1.27
46.0,73.0,11.0,138.7,,1.24
46.0,73.0,11.0,135.5,,1.21
33.0,58.0,9.6,134.4,9.7,1.21
33.0,58.0,9.8,136.1,,1.24
33.0,58.0,10.6,135.7,6.0,1.23
33.0,58.0,9.4,136.7,8.4,1.23
30.0,59.0,8.4,136.5,6.0,1.24
30.0,59.0,10.6,137.8,10.2,1.28
30.0,59.0,10.2,135.5,5.8,1.28
30.0,59.0,8.8,132.0,1.0,1.29
29.0,62.0,9.2,132.2,11.0,1.29
29.0,62.0,9.4,133.9,3.9,1.33
29.0,62.0,9.8,132.2,,1.33
29.0,62.0,9.2,129.3,,1.32
48.0,70.0,8.8,130.7,,1.33
48.0,70.0,9.0,133.3,1.3,1.36
48.0,70.0,9.6,132.4,,1.35
48.0,70.0,8.6,131.2,16.0,1.35
49.0,89.0,8.6,132.4,7.9,1.34
49.0,89.0,9.2,134.4,13.9,1.39
49.0,89.0,8.6,131.6,8.4,1.41
65.0,96.0,10.2,130.8,11.0,1.42
65.0,96.0,8.8,132.9,19.4,1.45
65.0,96.0,9.6,132.4,19.7,1.44
65.0,96.0,8.6,131.2,13.4,1.42
72.0,96.0,8.4,132.5,15.7,1.45
72.0,96.0,8.2,132.7,27.0,1.49
72.0,96.0,8.2,131.6,27.0,1.49
72.0,96.0,7.4,130.7,9.4,1.48
74.0,107.0,9.2,126.7,4.2,1.51
75.0,102.0,9.2,126.9,,1.53
75.0,102.0,,126.7,,1.57
75.0,102.0,,124.6,6.0,1.57
75.0,102.0,,123.3,14.9,1.52
64.0,91.0,8.2,123.7,11.5,1.52
64.0,91.0,8.8,,,
64.0,91.0,7.3,,,
64.0,91.0,7.6,108.5,,
42.0,66.0,8.2,117.7,15.5,1.39
42.0,66.0,8.0,117.7,8.9,1.43
42.0,66.0,8.8,114.9,14.4,1.41
42.0,66.0,8.8,115.1,10.7,1.37
69.0,81.0,7.8,116.6,7.6,1.36
69.0,81.0,9.8,119.2,,1.4
69.0,81.0,7.8,117.5,,1.39
69.0,81.0,7.6,116.0,12.3,1.36
68.0,84.0,8.4,116.0,12.6,1.34
68.0,84.0,9.8,116.7,7.9,1.34
68.0,84.0,8.2,116.2,19.1,1.34
68.0,84.0,8.6,113.2,5.0,1.32
77.0,92.0,9.4,108.5,19.1,1.33
77.0,92.0,9.2,110.0,6.0,1.36
77.0,92.0,8.8,109.0,11.0,1.37
77.0,92.0,8.2,109.2,0.8,1.37
106.0,121.0,7.8,110.7,6.6,1.45
106.0,121.0,7.4,106.4,9.2,1.5
117.0,161.0,8.6,105.8,2.6,1.53
117.0,161.0,8.8,109.0,10.0,1.58
117.0,161.0,8.8,106.8,,1.63
117.0,161.0,8.2,105.3,4.5,1.66
95.0,144.0,8.0,106.8,13.4,1.68
95.0,144.0,8.2,110.7,7.9,1.73
95.0,144.0,9.4,113.4,3.4,1.73
95.0,144.0,8.4,118.6,4.2,1.75
86.0,134.0,8.0,121.8,2.9,1.75
86.0,134.0,8.6,123.7,1.8,1.76
86.0,134.0,7.8,126.1,,1.73
86.0,134.0,8.2,127.5,3.1,1.69
67.0,113.0,8.6,127.8,,1.65
67.0,113.0,8.4,127.8,,1.57
71.0,118.0,8.2,132.2,7.1,1.55
71.0,118.0,8.4,136.7,2.1,1.56
,,,0.0,,0.0
,,6.1,0.0,,0.0
,,10.2,,,1.13
,,11.0,76.7,13.4,1.17
102.0,152.0,11.0,83.3,5.2,1.19
102.0,152.0,11.0,93.8,6.0,1.2
102.0,152.0,,100.0,,
102.0,,2.9,111.3,,1.15
,,22.9,121.4,,1.45
,,9.0,131.8,,1.48
,,,136.5,,
,,,134.4,,
,,16.9,129.2,,1.35
86.0,125.0,12.2,126.5,,1.35
86.0,125.0,12.5,129.9,9.2,1.35
86.0,125.0,9.2,133.3,,1.33
82.0,121.0,8.8,133.5,14.4,1.31
82.0,121.0,8.0,135.0,1.3,1.33
82.0,121.0,8.6,136.3,7.6,1.37
82.0,121.0,8.8,136.1,4.7,1.42
89.0,124.0,9.0,137.2,3.7,1.43
89.0,124.0,7.8,139.3,,1.47
89.0,124.0,8.6,138.7,,1.45
89.0,124.0,8.8,136.9,,1.47
94.0,132.0,10.0,127.7,,
94.0,132.0,6.7,121.3,9.4,1.39
94.0,132.0,8.2,118.6,9.4,1.39
94.0,132.0,7.6,116.6,2.1,1.39
129.0,127.0,8.8,116.6,,1.37
129.0,127.0,9.0,115.6,7.9,1.35
129.0,127.0,9.0,115.1,8.1,1.33
80.0,105.0,9.4,113.4,,1.33
80.0,105.0,7.4,113.6,12.3,1.29
80.0,105.0,7.8,114.3,3.1,1.31
65.0,101.0,9.2,131.8,,1.27
35.0,91.0,9.2,132.7,,1.25
35.0,91.0,,135.4,,1.24
35.0,91.0,,133.3,,1.19
35.0,91.0,,130.3,,1.18
72.0,105.0,8.4,129.2,,1.18
72.0,105.0,9.2,,,
72.0,105.0,7.6,,,
72.0,105.0,9.6,122.6,,
68.0,91.0,12.2,112.0,,1.05
68.0,91.0,5.1,105.3,2.4,1.06
68.0,91.0,7.8,103.6,,1.05
68.0,91.0,8.4,102.8,,1.03
107.0,92.0,7.8,103.2,,1.03
107.0,92.0,8.4,103.6,,1.02
107.0,92.0,8.6,104.0,,1.01
107.0,92.0,8.4,103.0,6.0,1.0
72.0,97.0,9.8,102.3,10.5,1.01
72.0,97.0,8.4,103.2,6.0,1.02
72.0,97.0,7.8,101.5,5.0,1.02
72.0,97.0,8.4,102.1,5.5,1.03
53.0,84.0,3.1,109.2,,1.08
53.0,84.0,11.0,121.8,3.4,1.06
53.0,84.0,8.8,126.0,,1.03
53.0,84.0,9.2,123.5,2.1,1.04
20.0,66.0,11.4,123.7,1.0,1.04
20.0,66.0,10.0,124.5,0.0,1.03
20.0,66.0,9.4,125.2,4.5,1.01
20.0,66.0,8.4,128.0,4.7,1.03
54.0,72.0,9.6,127.5,2.1,1.06
54.0,72.0,9.0,127.5,4.5,1.08
54.0,72.0,9.0,126.9,,1.08
54.0,72.0,8.8,124.5,7.6,1.1
70.0,100.0,12.3,116.0,15.7,1.08
70.0,100.0,7.1,104.2,13.4,1.09
70.0,100.0,6.3,103.2,24.4,1.11
70.0,100.0,6.9,103.6,17.6,1.09
103.0,106.0,7.8,102.8,15.2,1.1
103.0,106.0,8.2,103.4,7.1,1.13
103.0,106.0,7.8,105.1,7.9,1.13
103.0,106.0,8.8,106.0,5.5,1.12
95.0,130.0,8.2,109.2,12.8,1.11
95.0,130.0,7.4,110.0,,1.13
95.0,130.0,7.1,111.5,0.5,1.12
95.0,130.0,8.8,112.4,1.6,1.1
77.0,127.0,6.1,118.6,19.4,1.16
77.0,127.0,12.3,128.4,,1.18
77.0,127.0,10.8,136.5,,1.13
77.0,127.0,9.6,143.6,23.3,1.12
27.0,144.0,10.8,144.9,13.1,1.11
27.0,144.0,10.4,146.3,15.5,1.11
27.0,144.0,10.4,145.7,17.6,1.06
27.0,144.0,11.0,147.2,25.9,1.05
47.0,75.0,11.4,142.1,19.4,1.06
47.0,75.0,10.8,141.6,26.2,1.04
47.0,75.0,11.0,139.1,30.9,1.01
47.0,75.0,11.6,137.2,25.4,0.97
46.0,66.0,12.9,130.1,21.2,0.93
46.0,66.0,8.4,119.2,18.6,0.88
46.0,66.0,6.3,115.4,19.9,0.87
46.0,66.0,8.2,113.9,26.5,0.84
79.0,66.0,8.2,112.0,34.1,0.86
79.0,66.0,7.8,113.0,20.4,0.87
79.0,66.0,8.4,113.2,,0.84
79.0,66.0,9.2,114.3,10.0,0.82
24.0,79.0,8.6,114.1,2.6,
24.0,79.0,8.4,114.7,11.8,1.28
24.0,79.0,10.0,116.9,13.6,1.27
24.0,79.0,10.8,117.3,23.8,1.26
29.0,56.0,3.7,120.7,13.4,1.32
29.0,56.0,11.2,131.6,16.2,1.37
29.0,56.0,9.8,136.9,,1.35
29.0,56.0,9.2,137.1,,1.35
,33.0,9.2,138.0,2.1,1.37
,33.0,9.6,138.0,4.7,1.4
,33.0,8.8,135.4,2.6,1.41
,33.0,8.4,133.1,6.6,1.43
45.0,72.0,8.8,133.3,2.6,1.49
45.0,72.0,9.4,130.8,7.6,1.55
45.0,72.0,9.4,129.9,,1.55
45.0,72.0,8.4,130.8,12.8,1.57
62.0,101.0,12.9,129.3,11.3,1.58
62.0,101.0,8.2,120.9,,1.59
62.0,101.0,7.6,115.8,5.8,1.61
62.0,101.0,8.4,113.4,10.2,1.61
83.0,102.0,7.8,110.9,16.8,1.6
83.0,102.0,7.6,107.2,7.3,1.63
83.0,102.0,7.8,106.2,16.5,1.64
83.0,102.0,7.6,105.5,16.0,1.65
63.0,85.0,8.2,104.9,5.0,1.65
63.0,85.0,7.8,103.2,9.4,1.66
63.0,85.0,8.4,104.2,11.3,1.66
63.0,83.0,8.8,128.6,26.2,1.67
25.0,75.0,9.4,127.1,22.0,1.67
25.0,75.0,,127.7,15.5,1.66
25.0,75.0,,127.3,8.6,1.65
25.0,75.0,,126.5,14.7,1.63
58.0,77.0,8.2,125.8,24.1,1.63
58.0,77.0,9.0,,,
58.0,77.0,8.8,,,
60.0,73.0,11.6,118.6,19.4,1.57
60.0,73.0,8.2,105.5,25.9,1.53
60.0,73.0,6.3,101.0,28.0,1.52
60.0,73.0,6.3,98.1,28.0,1.51
79.0,77.0,7.3,96.3,25.9,1.51
79.0,77.0,7.6,95.7,32.0,1.51
79.0,77.0,7.6,97.0,,1.5
79.0,77.0,7.3,96.4,11.3,1.49
76.0,86.0,7.1,96.3,,1.51
76.0,86.0,6.9,97.0,9.2,1.51
76.0,86.0,7.3,96.4,,1.51
76.0,86.0,7.6,95.7,7.6,1.52
78.0,106.0,3.5,96.4,,1.57
78.0,106.0,9.2,104.9,0.5,1.59
78.0,106.0,9.4,109.6,2.1,1.6
78.0,106.0,8.8,112.4,,1.55
44.0,88.0,8.6,113.2,1.8,1.53
44.0,88.0,8.2,112.8,,1.53
44.0,88.0,7.8,111.3,,1.53
78.0,99.0,7.6,111.5,,1.6
78.0,99.0,7.6,111.1,,1.63
78.0,99.0,8.2,111.3,,1.66
78.0,99.0,8.8,113.4,9.2,1.71
85.0,118.0,12.3,114.7,14.4,1.69
85.0,118.0,8.0,112.4,22.8,1.61
85.0,118.0,6.3,108.7,14.7,1.61
85.0,118.0,7.1,109.4,8.6,1.6
115.0,134.0,7.1,107.5,16.2,1.61
115.0,134.0,7.6,108.3,15.5,1.61
115.0,134.0,8.0,109.6,11.5,1.6
115.0,134.0,7.4,113.4,13.9,1.59
101.0,122.0,8.2,114.3,3.1,1.59
101.0,122.0,8.2,115.4,3.4,1.58
101.0,122.0,9.0,116.4,8.6,1.57
101.0,122.0,8.8,117.9,16.2,1.56
90.0,136.0,1.4,121.1,16.0,1.57
90.0,136.0,8.8,131.4,9.4,1.63
90.0,136.0,9.8,146.5,9.7,1.57
38.0,122.0,9.8,149.8,29.3,1.55
38.0,122.0,10.0,150.8,17.0,1.55
38.0,122.0,10.2,150.2,22.0,1.51
38.0,122.0,9.8,147.8,16.2,1.44
34.0,63.0,9.8,145.1,14.4,1.45
34.0,63.0,11.0,147.0,19.4,1.44
34.0,63.0,11.0,145.9,31.4,1.4
34.0,63.0,12.2,142.7,12.1,1.36
48.0,69.0,13.3,141.4,25.7,1.35
48.0,69.0,9.0,125.8,20.7,1.31
48.0,69.0,8.4,118.6,29.1,1.29
48.0,69.0,8.4,117.9,14.1,1.29
84.0,90.0,7.4,115.2,26.2,1.29
84.0,90.0,9.0,117.7,15.2,1.29
84.0,90.0,9.4,120.1,,1.29
84.0,90.0,9.2,120.9,15.2,1.31
48.0,106.0,8.0,122.8,,
48.0,106.0,7.1,122.6,12.6,1.24
48.0,106.0,8.6,122.2,17.8,1.23
48.0,106.0,9.0,122.8,13.4,1.23
42.0,92.0,5.7,124.3,16.8,1.24
42.0,92.0,7.1,133.7,8.4,1.33
42.0,92.0,10.4,140.6,4.5,1.29
42.0,92.0,9.6,140.8,12.3,1.29
11.0,30.0,9.4,140.1,5.5,1.32
11.0,30.0,8.8,140.2,2.6,1.35
11.0,30.0,9.4,138.2,10.5,1.36
11.0,30.0,8.6,136.7,7.3,1.39
34.0,90.0,8.6,137.2,4.5,1.45
34.0,90.0,7.3,140.1,12.6,1.49
34.0,90.0,7.8,137.8,,1.53
34.0,90.0,9.6,135.5,19.1,1.58
77.0,122.0,10.4,135.0,22.3,1.63
77.0,122.0,10.0,123.9,,1.63
77.0,122.0,6.3,116.4,,1.66
77.0,122.0,7.4,112.2,17.0,1.69
102.0,123.0,7.8,108.7,11.0,1.75
102.0,123.0,7.4,109.4,,1.8
102.0,123.0,7.6,108.9,21.5,1.83
102.0,123.0,8.6,107.2,24.9,1.88
121.0,147.0,8.0,106.0,28.3,1.92
121.0,147.0,7.6,104.7,23.3,1.95
121.0,147.0,7.4,104.7,5.0,1.97
121.0,147.0,8.4,105.1,7.6,1.98
118.0,141.0,8.8,131.8,18.1,1.99
56.0,129.0,8.8,130.1,,1.99
56.0,129.0,,127.5,12.6,1.99
56.0,129.0,,127.7,3.9,1.95
56.0,129.0,,125.0,14.4,1.92
89.0,113.0,7.8,123.3,3.9,1.91
89.0,113.0,9.6,,,
89.0,113.0,8.2,,,
89.0,113.0,8.8,112.8,,
79.0,103.0,7.6,116.0,,1.79
79.0,103.0,12.0,94.4,6.0,1.72
79.0,103.0,7.1,92.3,11.3,1.71
79.0,103.0,7.1,93.1,11.5,1.69
90.0,100.0,6.9,93.2,9.2,1.66
90.0,100.0,7.6,92.5,16.2,1.66
90.0,100.0,8.2,92.1,,1.65
90.0,100.0,7.6,90.8,1.8,1.64
91.0,97.0,8.4,89.3,,1.66
91.0,97.0,8.8,89.9,0.8,1.66
91.0,97.0,7.6,91.0,,1.69
91.0,97.0,8.0,89.7,,1.73
93.0,123.0,8.4,90.1,,1.75
93.0,123.0,2.9,99.6,5.2,1.8
93.0,123.0,9.0,108.3,,1.83
98.0,157.0,8.8,107.3,3.7,1.84
98.0,157.0,8.4,106.0,,1.87
98.0,157.0,8.2,109.4,3.7,1.85
98.0,157.0,8.0,107.7,1.0,1.88
113.0,146.0,8.2,107.9,,1.91
113.0,146.0,8.0,110.2,7.1,1.92
113.0,146.0,8.0,110.2,,1.94
113.0,146.0,8.0,113.6,16.8,1.94
112.0,315.0,8.4,118.1,23.8,1.96
112.0,315.0,12.0,113.6,21.7,1.9
112.0,315.0,6.1,107.7,19.4,1.9
112.0,315.0,6.9,107.3,23.8,1.89
126.0,172.0,7.1,108.5,19.7,1.87
126.0,172.0,7.4,111.1,10.5,1.85
126.0,172.0,8.4,112.8,23.1,1.83
112.0,156.0,8.4,113.7,24.6,1.79
112.0,156.0,8.6,117.3,7.9,1.76
112.0,156.0,8.6,118.6,14.1,1.74
112.0,156.0,8.0,119.6,4.7,1.71
80.0,122.0,8.6,122.2,8.6,1.69
80.0,122.0,2.5,131.6,5.5,1.71
80.0,122.0,11.0,145.1,,1.68
80.0,122.0,10.4,151.0,13.4,1.64
30.0,102.0,11.4,156.6,12.8,1.6
30.0,102.0,10.6,160.2,18.9,1.59
30.0,102.0,9.8,159.0,13.9,1.56
30.0,102.0,11.2,158.3,6.0,1.55
54.0,88.0,12.3,155.7,20.4,1.51
54.0,88.0,56.1,103.6,23.8,
54.0,88.0,75.3,68.1,17.3,1.17
54.0,88.0,51.0,62.8,32.2,1.24
85.0,81.0,21.0,72.4,19.4,1.28
85.0,81.0,15.9,90.4,19.9,1.31
85.0,81.0,17.2,90.8,10.5,1.23
85.0,81.0,9.8,86.7,13.9,1.23
64.0,88.0,9.8,89.9,7.1,1.24
64.0,88.0,9.4,94.9,16.8,1.23
64.0,88.0,10.0,100.0,,1.23
64.0,88.0,9.2,99.1,6.8,1.23
49.0,85.0,9.0,103.2,13.6,
49.0,85.0,9.6,104.5,8.6,1.27
49.0,85.0,8.2,105.1,8.1,1.27
49.0,85.0,9.0,108.9,10.2,1.27
36.0,74.0,8.0,107.9,11.8,1.27
36.0,74.0,8.4,109.2,1.6,1.28
36.0,74.0,4.9,113.2,0.8,1.32
16.0,80.0,9.2,131.6,,1.4
16.0,80.0,9.0,136.7,1.0,
16.0,80.0,10.2,136.5,,1.33
16.0,80.0,8.8,135.5,6.6,1.36
53.0,89.0,9.6,135.0,3.1,1.42
53.0,89.0,8.8,134.0,0.3,1.45
53.0,89.0,8.0,130.3,,1.5
69.0,106.0,8.2,130.1,19.1,1.58
69.0,106.0,8.6,131.0,46.6,1.68
69.0,106.0,13.3,127.1,27.2,1.73
69.0,106.0,6.7,115.8,17.3,
99.0,141.0,7.3,109.8,16.0,1.55
,141.0,7.8,108.1,20.7,1.51
99.0,141.0,7.4,106.2,12.3,1.56
99.0,141.0,7.6,105.7,23.8,1.6
107.0,139.0,8.4,105.7,26.5,1.67
107.0,139.0,6.1,105.7,23.8,1.71
107.0,139.0,7.8,104.7,23.6,1.76
107.0,139.0,7.8,103.6,19.9,1.82
101.0,144.0,6.3,131.0,12.8,2.0
85.0,129.0,7.4,129.5,13.4,
85.0,129.0,,129.5,6.8,1.68
85.0,129.0,,127.3,10.0,1.56
85.0,129.0,,127.1,9.7,1.53
84.0,118.0,9.2,124.1,5.8,1.52
84.0,118.0,7.1,,,
84.0,118.0,7.6,111.5,,
82.0,107.0,9.0,118.3,21.7,1.35
82.0,107.0,9.6,121.8,16.5,1.33
82.0,107.0,10.0,118.4,13.6,1.26
82.0,107.0,6.7,102.1,12.3,1.19
86.0,100.0,7.1,94.6,21.0,1.2
86.0,100.0,7.3,94.0,8.1,1.13
86.0,100.0,8.0,92.5,,1.11
86.0,100.0,6.7,91.0,,1.11
116.0,114.0,8.0,90.6,,1.12
116.0,114.0,6.9,90.6,,1.15
116.0,114.0,7.3,89.9,,1.16
116.0,114.0,8.0,90.8,4.7,1.17
105.0,129.0,7.6,89.1,,1.25
105.0,129.0,7.3,89.9,,1.28
105.0,129.0,3.5,92.5,,1.29
105.0,129.0,7.8,104.3,,1.33
95.0,139.0,7.8,110.9,0.8,1.31
95.0,139.0,8.4,111.7,,1.33
95.0,139.0,8.6,108.7,,1.36
120.0,155.0,9.4,110.5,,1.42
120.0,155.0,9.4,112.4,,1.41
120.0,155.0,8.4,112.8,,1.39
115.0,175.0,6.7,114.9,4.7,1.39
115.0,175.0,9.0,120.5,15.5,1.4
115.0,175.0,11.8,125.0,0.8,1.33
115.0,175.0,7.8,117.3,4.7,1.28
116.0,193.0,7.6,112.6,2.6,1.47
116.0,193.0,6.9,110.7,1.3,1.5
116.0,193.0,7.3,111.5,11.3,1.45
116.0,193.0,7.3,110.7,,1.45
123.0,163.0,8.8,113.4,12.8,1.44
123.0,163.0,8.2,115.6,,1.4
123.0,163.0,7.4,118.3,9.4,1.4
123.0,163.0,7.4,120.9,,1.32
108.0,151.0,8.4,123.7,13.9,1.19
108.0,151.0,7.8,125.2,4.5,1.19
108.0,151.0,5.1,129.3,,1.21
108.0,151.0,8.0,140.4,2.6,1.28
69.0,119.0,9.2,150.4,5.8,
69.0,119.0,8.6,147.6,6.0,1.35
69.0,119.0,10.8,152.5,1.8,1.35
69.0,119.0,8.6,151.9,8.1,1.29
52.0,111.0,10.0,152.3,2.1,1.29
52.0,111.0,12.0,152.8,0.5,1.25
52.0,111.0,11.6,151.3,4.2,1.24
52.0,111.0,11.0,149.6,,1.2
56.0,101.0,10.0,148.9,,1.16
56.0,101.0,11.6,147.0,3.9,1.16
56.0,101.0,15.3,143.3,,1.11
56.0,101.0,10.4,129.7,1.3,1.04
70.0,99.0,7.4,121.8,3.9,
70.0,99.0,8.2,119.6,,1.33
70.0,99.0,8.6,119.6,,1.32
70.0,99.0,8.4,116.9,16.0,1.31
69.0,79.0,7.8,108.9,12.6,
69.0,79.0,8.2,112.0,14.7,1.29
69.0,79.0,7.4,110.9,23.6,1.32
69.0,79.0,7.4,110.0,5.2,1.31
45.0,89.0,7.8,111.7,10.2,1.31
45.0,89.0,7.6,112.8,12.3,1.31
45.0,89.0,6.1,114.9,17.6,1.32
45.0,89.0,7.8,124.1,12.1,1.37
18.0,79.0,8.0,130.1,20.7,
18.0,79.0,10.6,131.8,8.9,1.36
18.0,79.0,9.0,133.5,0.0,1.4
18.0,79.0,8.4,133.3,1.6,1.5
50.0,102.0,7.6,133.7,6.3,1.6
50.0,102.0,8.2,138.0,3.4,1.68
50.0,102.0,8.6,141.0,,1.75
50.0,102.0,10.0,139.5,5.8,1.88
73.0,127.0,9.4,140.4,9.2,2.0
73.0,127.0,8.8,143.4,10.5,2.11
73.0,127.0,9.8,141.0,13.6,2.19
73.0,127.0,8.0,126.0,10.5,2.19
92.0,147.0,6.3,114.5,19.1,2.29
92.0,147.0,6.9,109.0,19.9,2.37
92.0,147.0,7.3,108.3,9.4,2.44
92.0,147.0,7.4,107.9,23.3,2.5
95.0,140.0,7.3,108.1,16.5,2.53
95.0,140.0,8.2,109.4,7.3,2.58
95.0,140.0,7.3,109.4,1.8,2.59
95.0,140.0,7.3,109.0,16.0,2.59
97.0,119.0,4.7,121.6,0.8,2.61
61.0,117.0,8.6,141.9,14.4,2.6
61.0,117.0,,143.3,13.6,2.56
61.0,117.0,,141.6,10.5,2.54
61.0,117.0,,135.0,11.8,2.5
65.0,111.0,6.9,132.0,10.5,2.47
65.0,111.0,6.9,,,
65.0,111.0,7.8,,,
65.0,111.0,8.8,123.7,,
85.0,134.0,8.6,134.0,10.7,2.38
85.0,134.0,7.4,135.7,18.3,2.38
85.0,134.0,8.6,135.5,13.4,2.37
85.0,134.0,10.2,124.6,19.4,2.3
89.0,145.0,7.3,114.9,19.4,2.31
89.0,145.0,6.5,111.9,,2.3
89.0,145.0,7.8,108.9,12.6,2.29
117.0,136.0,7.6,112.8,11.8,2.28
117.0,136.0,7.8,114.3,4.2,2.29
117.0,136.0,8.4,111.3,16.0,2.3
117.0,136.0,9.0,111.7,3.9,2.29
88.0,124.0,7.3,111.1,12.6,2.3
88.0,124.0,6.3,112.2,0.5,2.3
88.0,124.0,7.4,111.9,,2.29
88.0,124.0,4.7,119.9,,2.31
70.0,123.0,9.6,127.3,3.9,2.32
70.0,123.0,10.2,129.7,9.2,2.4
70.0,123.0,8.8,129.2,5.2,2.48
70.0,123.0,9.2,129.9,14.4,2.58
135.0,213.0,8.4,129.2,9.7,2.74
135.0,213.0,7.4,128.4,7.3,2.87
135.0,213.0,9.2,128.6,,2.99
135.0,213.0,8.0,125.2,17.8,3.1
217.0,324.0,9.2,127.8,8.1,3.16
217.0,324.0,8.8,132.5,25.9,3.25
217.0,324.0,8.2,136.9,13.9,3.27
217.0,324.0,11.2,130.8,13.9,3.19
220.0,344.0,6.5,123.0,11.8,3.17
220.0,344.0,5.5,122.2,21.5,3.15
220.0,344.0,5.1,123.7,20.2,3.08
220.0,344.0,8.4,122.0,14.9,3.01
196.0,283.0,7.3,120.1,7.6,2.98
196.0,283.0,7.3,121.8,6.0,2.94
196.0,283.0,8.0,124.8,11.3,2.86
196.0,283.0,8.0,125.8,14.4,2.81
169.0,250.0,8.4,129.9,17.0,2.74
169.0,250.0,7.8,129.9,12.1,2.68
169.0,250.0,7.8,131.4,,2.6
169.0,250.0,3.3,139.3,,2.54
120.0,215.0,9.2,152.5,11.8,2.44
120.0,215.0,10.0,163.9,6.8,2.32
120.0,215.0,9.4,170.7,5.5,2.21
120.0,215.0,8.6,177.8,,2.11
68.0,152.0,9.2,179.5,2.9,2.06
68.0,152.0,10.0,181.4,0.8,2.02
68.0,152.0,10.0,178.6,0.5,1.92
68.0,152.0,10.8,174.3,,1.85
73.0,152.0,9.4,172.4,5.2,1.81
73.0,152.0,10.2,171.5,,1.79
73.0,152.0,11.8,167.3,7.9,1.71
73.0,152.0,11.4,155.1,,1.58
89.0,124.0,7.6,128.0,2.4,1.57
89.0,124.0,8.8,128.0,,1.58
89.0,124.0,7.8,130.8,,1.56
89.0,124.0,8.2,129.0,5.5,1.55
85.0,152.0,9.0,127.7,8.1,
85.0,152.0,9.2,128.0,8.6,1.42
85.0,152.0,9.2,126.7,13.6,1.41
69.0,135.0,9.8,124.5,1.3,1.41
69.0,135.0,7.4,121.8,2.9,1.43
69.0,135.0,9.6,122.8,22.5,1.43
69.0,135.0,4.5,129.0,,1.48
84.0,174.0,10.0,138.7,,
84.0,174.0,11.4,145.9,1.3,1.51
84.0,174.0,11.2,147.2,,1.57
84.0,174.0,9.4,148.1,,1.63
62.0,185.0,11.0,150.4,,1.71
62.0,185.0,13.1,152.5,3.1,1.79
62.0,185.0,9.6,155.1,,1.85
62.0,185.0,13.7,156.8,5.5,1.95
109.0,186.0,9.4,158.1,23.8,2.07
109.0,186.0,12.3,160.2,0.0,2.22
109.0,186.0,9.4,159.8,13.6,2.37
109.0,186.0,14.7,150.8,10.7,2.43
147.0,210.0,9.6,136.7,23.3,2.47
147.0,210.0,8.8,131.0,8.4,2.51
147.0,210.0,10.6,129.2,13.6,2.54
147.0,210.0,9.8,123.5,21.5,2.59
176.0,234.0,9.2,121.1,18.1,
176.0,234.0,10.0,124.3,20.7,1.72
176.0,234.0,9.6,122.8,24.4,1.73
176.0,234.0,8.6,121.4,14.9,1.74
122.0,186.0,5.9,120.7,,1.72
98.0,183.0,10.0,128.4,3.7,1.69
98.0,183.0,,134.2,,
98.0,183.0,,134.6,,1.57
98.0,183.0,,135.0,,1.48
56.0,132.0,11.4,135.7,,1.42
56.0,132.0,10.6,,,
56.0,132.0,11.8,,,
56.0,132.0,11.6,129.2,,
69.0,116.0,10.0,133.5,,1.15
69.0,116.0,14.3,139.5,,1.11
69.0,116.0,13.9,141.6,,1.09
69.0,116.0,13.5,135.5,,1.03
107.0,122.0,7.3,119.0,,1.02
107.0,122.0,7.3,111.3,,1.04
107.0,122.0,8.6,110.7,,
107.0,122.0,8.8,109.6,6.3,1.51
111.0,152.0,8.4,109.4,16.2,1.56
111.0,152.0,9.4,110.7,6.0,1.57
111.0,152.0,7.4,107.5,9.2,1.56
111.0,152.0,7.8,107.3,5.8,1.55
72.0,140.0,8.6,106.0,8.1,1.55
72.0,140.0,9.4,107.5,13.1,1.56
72.0,140.0,8.8,110.7,4.5,1.57
72.0,140.0,5.5,111.7,4.7,1.61
149.0,245.0,12.0,123.0,0.8,1.66
149.0,245.0,12.5,131.0,,
149.0,245.0,,137.2,,
149.0,245.0,5.3,129.7,,1.23
,,11.2,127.3,,1.57
,,10.2,135.7,,1.57
,,11.0,135.0,,1.52
,,10.2,134.2,5.2,1.4
73.0,119.0,11.8,132.4,0.8,1.28
73.0,119.0,12.7,132.9,,1.21
73.0,119.0,13.3,134.0,0.8,1.11
,119.0,15.1,129.2,4.7,1.04
55.0,89.0,7.3,112.4,11.3,0.97
55.0,89.0,5.5,109.0,3.7,0.97
55.0,89.0,8.0,107.7,11.8,0.93
55.0,89.0,7.6,106.8,16.2,0.88
72.0,57.0,9.2,105.8,2.9,0.86
72.0,57.0,7.1,105.5,5.5,0.84
72.0,57.0,7.3,106.2,20.2,0.8
72.0,57.0,5.7,106.2,,0.77
35.0,68.0,7.4,107.9,0.5,0.74
35.0,68.0,8.4,108.3,,0.74
35.0,68.0,7.8,107.2,,0.71
35.0,68.0,4.7,109.0,14.4,0.69
28.0,81.0,9.8,122.8,3.9,0.72
28.0,81.0,11.2,131.0,2.1,0.7
28.0,81.0,12.0,131.4,,0.66
,81.0,10.8,132.9,1.6,0.65
32.0,70.0,11.8,132.5,,0.66
32.0,70.0,12.7,134.6,,0.66
32.0,70.0,12.9,135.0,,0.63
32.0,70.0,11.4,138.2,1.0,0.62
40.0,73.0,12.5,135.5,,0.6
40.0,73.0,13.5,136.5,2.9,0.57
40.0,73.0,9.8,134.0,,0.56
40.0,73.0,12.5,129.9,1.6,0.53
41.0,64.0,7.4,114.5,,0.48
41.0,64.0,7.8,106.4,1.6,0.48
,64.0,7.6,108.5,,0.48
41.0,64.0,7.1,108.9,10.5,0.48
54.0,102.0,6.7,109.8,11.3,0.49
54.0,102.0,8.0,107.3,16.8,0.5
54.0,102.0,7.3,107.9,3.1,0.5
54.0,102.0,9.0,107.2,5.0,0.5
33.0,83.0,9.6,108.9,3.4,0.49
33.0,83.0,8.2,109.4,2.1,0.48
33.0,83.0,8.6,109.8,5.5,0.49
33.0,83.0,4.5,110.9,14.9,0.53
29.0,90.0,10.4,121.8,1.8,0.58
29.0,90.0,12.2,130.3,6.0,0.55
29.0,90.0,10.2,133.5,,0.58
,90.0,12.7,129.0,0.0,0.62
15.0,46.0,12.9,131.6,1.3,0.65
15.0,46.0,9.0,132.4,6.3,0.69
15.0,46.0,12.3,132.0,,0.72
15.0,46.0,12.3,130.5,,0.74
47.0,80.0,11.0,129.0,18.9,0.78
47.0,80.0,11.0,132.9,10.7,0.79
47.0,80.0,9.6,132.7,6.6,0.8
47.0,80.0,12.7,129.3,2.4,0.84
61.0,79.0,5.1,113.4,11.5,0.8
61.0,79.0,8.0,101.7,22.5,0.86
90.0,127.0,8.8,101.7,27.2,0.85
90.0,127.0,8.4,101.5,16.5,0.87
90.0,127.0,7.3,102.8,9.7,0.86
54.0,118.0,5.1,104.7,16.5,0.87
55.0,101.0,9.0,122.2,10.2,0.9
55.0,101.0,,132.2,7.1,0.84
55.0,101.0,,131.8,10.0,0.81
55.0,101.0,,129.7,10.0,0.77
19.0,47.0,11.6,129.0,3.7,0.74
19.0,47.0,14.3,,,
19.0,47.0,12.0,,,
31.0,58.0,10.8,123.1,7.1,0.61
31.0,58.0,9.4,121.8,15.7,0.6
31.0,58.0,11.6,121.8,12.3,0.56
31.0,58.0,10.4,120.7,7.3,0.52
51.0,59.0,7.4,107.0,22.8,0.44
51.0,59.0,7.3,95.5,15.2,0.45
,59.0,6.3,92.1,,0.45
,59.0,6.5,93.4,7.6,0.42
57.0,117.0,8.2,92.9,,0.44
57.0,117.0,6.9,94.4,2.9,0.46
57.0,117.0,7.4,95.3,,0.45
57.0,117.0,7.1,94.9,23.1,0.45
51.0,97.0,7.6,94.8,,0.45
51.0,97.0,7.6,95.9,,0.47
51.0,97.0,6.7,95.3,9.4,0.47
51.0,97.0,5.1,94.8,,0.48
56.0,89.0,7.8,105.8,4.2,0.55
56.0,89.0,11.6,114.9,1.8,
56.0,89.0,11.2,115.8,,1.17
56.0,89.0,12.3,117.7,1.3,1.34
43.0,75.0,10.0,119.4,,1.37
43.0,75.0,12.0,117.1,,1.36
43.0,75.0,12.7,116.6,12.1,1.36
51.0,110.0,9.4,116.0,8.4,1.37
51.0,110.0,12.3,116.9,0.5,1.4
51.0,110.0,10.0,119.0,2.1,1.4
51.0,110.0,9.0,118.4,,1.36
57.0,101.0,6.9,94.9,7.6,1.32
57.0,101.0,6.5,95.3,6.8,
57.0,101.0,6.7,95.7,,1.33
104.0,101.0,6.7,95.1,5.5,1.35
104.0,101.0,6.7,98.1,8.6,1.39
104.0,101.0,8.2,97.8,,1.39
104.0,101.0,8.0,102.1,0.0,1.39
51.0,133.0,9.4,101.0,0.0,1.39
,133.0,7.8,102.1,9.2,1.37
,133.0,7.4,102.6,,1.35
,113.0,5.7,114.3,19.1,1.4
52.0,113.0,9.6,124.1,5.0,1.42
52.0,113.0,12.5,129.5,10.0,1.39
52.0,113.0,10.4,131.4,2.4,1.39
51.0,100.0,9.8,134.2,,1.41
51.0,100.0,12.0,138.4,,1.42
51.0,100.0,12.7,139.5,1.3,1.4
,100.0,12.9,136.9,0.8,1.39
53.0,107.0,10.4,138.7,15.7,1.4
,107.0,14.5,143.1,13.6,1.39
53.0,107.0,13.1,143.8,5.0,1.37
53.0,107.0,12.9,143.6,8.6,1.36
59.0,112.0,11.4,131.6,8.1,1.31
59.0,112.0,7.1,116.6,5.2,1.28
59.0,112.0,7.3,109.4,,1.28
59.0,112.0,8.0,105.1,,
60.0,139.0,7.8,104.5,1.3,1.34
60.0,139.0,8.2,104.9,6.3,1.37
60.0,139.0,7.1,106.4,,1.36
60.0,139.0,8.0,104.9,0.8,1.36
48.0,113.0,9.4,104.7,5.0,1.37
48.0,113.0,8.8,107.0,1.3,1.39
,113.0,8.4,105.7,,1.39
,113.0,8.0,104.7,,1.41
49.0,108.0,4.3,113.7,,1.48
49.0,108.0,13.1,122.8,1.6,
49.0,108.0,14.3,127.5,,1.36
49.0,108.0,7.8,129.9,,1.39
50.0,59.0,15.3,131.8,3.9,1.42
50.0,59.0,14.1,133.5,,1.44
50.0,59.0,12.3,133.1,,1.47
50.0,59.0,14.9,130.5,6.0,1.49
53.0,100.0,12.0,130.5,20.4,1.52
53.0,100.0,19.4,125.6,19.7,1.56
53.0,100.0,13.1,125.2,15.7,1.57
70.0,108.0,14.7,116.4,21.7,1.5
70.0,108.0,7.3,100.6,25.4,1.5
70.0,108.0,7.6,95.1,29.1,1.5
70.0,108.0,7.6,90.4,16.0,1.48
82.0,103.0,8.2,87.8,18.1,1.48
82.0,103.0,9.2,87.6,16.2,1.48
82.0,103.0,8.8,88.5,28.3,1.45
82.0,103.0,8.8,87.8,30.1,1.43
,103.0,8.2,92.3,18.6,1.41
58.0,90.0,6.5,99.1,7.6,1.47
58.0,90.0,,111.5,2.4,1.49
58.0,90.0,,116.9,4.5,1.44
36.0,50.0,15.3,117.5,16.2,1.43
,50.0,17.1,,,
36.0,50.0,12.9,,,
,50.0,13.1,105.5,,
49.0,77.0,15.9,108.3,4.2,1.41
,77.0,16.1,112.8,11.0,1.43
,77.0,13.5,113.0,11.0,1.41
49.0,77.0,15.5,112.2,6.8,1.37
63.0,77.0,11.4,108.1,8.4,1.29
63.0,77.0,7.8,86.3,2.9,1.29
63.0,77.0,7.1,85.2,,1.26
63.0,77.0,8.6,82.9,,1.24
67.0,105.0,10.0,81.8,0.5,1.24
,105.0,9.2,84.4,1.0,1.25
67.0,105.0,7.6,86.3,,1.25
67.0,105.0,8.2,88.7,,1.23
41.0,72.0,10.8,88.4,,1.23
41.0,72.0,7.1,89.7,,1.2
41.0,72.0,11.4,91.0,0.3,1.18
41.0,72.0,9.8,91.4,,1.15
46.0,70.0,5.5,95.1,,1.16
46.0,70.0,10.6,106.8,,
46.0,70.0,14.7,108.3,,1.29
46.0,70.0,10.2,110.5,2.9,1.35
29.0,39.0,11.0,112.6,,1.4
29.0,39.0,14.7,115.1,,1.48
55.0,84.0,10.6,114.3,,1.51
55.0,84.0,18.2,117.3,6.6,1.53
55.0,84.0,14.5,118.3,9.7,1.51
55.0,84.0,14.3,115.6,,1.51
68.0,110.0,15.9,112.2,3.4,1.48
68.0,110.0,4.3,97.6,3.9,1.42
68.0,110.0,6.7,89.9,6.3,1.41
68.0,110.0,8.2,86.3,1.0,1.39
99.0,100.0,8.8,85.5,7.6,1.37
99.0,100.0,9.8,88.4,,1.4
99.0,100.0,9.0,90.8,8.4,1.39
99.0,100.0,8.6,93.8,7.3,1.36
66.0,143.0,9.4,93.6,,1.37
66.0,143.0,9.6,97.0,5.8,1.36
66.0,143.0,9.2,98.3,,1.34
66.0,143.0,8.2,97.8,18.6,1.33
73.0,155.0,6.3,100.2,13.9,1.36
73.0,155.0,9.4,112.6,18.6,1.42
73.0,155.0,12.9,121.6,10.2,1.4
,155.0,11.8,126.5,9.7,1.4
59.0,89.0,11.6,130.8,,1.42
59.0,89.0,14.1,137.2,16.5,1.43
59.0,89.0,12.3,137.4,7.6,1.41
59.0,89.0,9.6,136.9,5.5,1.37
58.0,103.0,14.5,137.6,6.6,1.36
58.0,103.0,12.5,140.4,8.1,1.34
58.0,103.0,16.7,141.8,8.1,1.33
63.0,112.0,16.9,137.4,1.8,1.29
63.0,112.0,4.9,106.4,,1.23
63.0,112.0,7.8,103.0,,1.2
68.0,134.0,8.8,101.5,,1.28
68.0,134.0,8.8,100.6,1.0,1.33
68.0,134.0,8.0,101.5,,1.34
68.0,134.0,7.4,100.8,,1.31
38.0,85.0,8.2,102.1,10.0,1.32
38.0,85.0,8.8,101.3,11.8,1.33
38.0,85.0,6.9,101.0,,1.33
,85.0,9.0,98.5,10.0,1.34
38.0,86.0,5.7,101.9,7.9,1.37
38.0,86.0,13.1,133.5,,1.34
38.0,86.0,12.3,130.8,2.4,1.36
39.0,48.0,14.7,131.0,,1.41
39.0,48.0,13.1,132.2,4.2,1.44
,48.0,11.2,131.6,,1.45
39.0,48.0,14.5,129.3,2.6,1.5
48.0,96.0,12.0,128.8,1.6,1.56
,96.0,16.5,128.8,,1.6
48.0,96.0,16.7,127.8,,1.61
48.0,96.0,6.9,126.3,8.4,1.64
73.0,106.0,17.2,122.6,4.7,1.67
73.0,106.0,6.5,109.6,,1.61
73.0,106.0,7.8,100.4,14.7,
73.0,106.0,8.4,96.8,2.1,1.48
129.0,124.0,8.0,94.4,12.6,1.47
129.0,124.0,8.4,94.2,12.8,1.48
129.0,124.0,9.6,95.1,3.4,1.48
129.0,124.0,7.8,95.1,,1.48
82.0,147.0,8.2,93.4,18.1,1.5
73.0,111.0,6.1,94.0,25.2,1.52
73.0,111.0,,118.1,18.1,1.6
73.0,111.0,,128.4,24.1,1.57
73.0,111.0,,125.2,29.9,1.56
62.0,86.0,16.7,123.3,21.5,1.56
62.0,86.0,14.7,,,
62.0,86.0,12.0,,,
,86.0,15.3,116.4,,
66.0,102.0,18.4,123.9,24.4,1.29
66.0,102.0,9.2,121.3,31.4,1.27
66.0,102.0,11.2,118.4,15.5,1.19
66.0,102.0,14.1,116.6,18.9,1.15
62.0,84.0,18.4,116.6,16.2,1.12
62.0,84.0,5.9,101.1,12.6,1.03
62.0,84.0,6.1,85.5,,
62.0,84.0,6.5,85.7,18.9,1.25
86.0,95.0,8.8,86.5,23.3,1.32
86.0,95.0,10.2,86.1,15.2,1.29
86.0,95.0,7.8,88.9,16.5,1.27
45.0,86.0,9.4,88.2,13.9,1.26
45.0,86.0,7.3,89.3,18.1,1.26
45.0,86.0,12.2,90.2,10.7,1.24
45.0,86.0,7.4,91.9,19.9,1.23
45.0,73.0,7.1,91.4,17.6,1.24
45.0,73.0,11.6,108.7,27.8,
,73.0,12.9,106.6,20.2,1.28
45.0,73.0,13.1,110.0,22.3,1.27
,38.0,12.9,115.4,28.6,1.28
32.0,38.0,12.2,119.9,16.5,1.31
,38.0,10.6,117.3,10.2,1.29
46.0,90.0,14.7,117.9,,1.31
46.0,90.0,13.5,118.6,,1.32
46.0,90.0,7.6,122.0,1.3,1.31
46.0,90.0,15.3,122.8,9.2,1.29
70.0,100.0,12.0,123.9,7.9,1.31
70.0,100.0,6.9,103.2,,1.23
70.0,100.0,5.3,91.4,,1.21
70.0,100.0,5.5,90.8,15.5,
105.0,116.0,8.8,93.6,7.6,1.32
,116.0,6.7,95.5,,1.31
105.0,116.0,8.0,98.5,2.9,1.31
,116.0,6.5,99.3,,1.28
47.0,129.0,6.1,100.0,,1.27
47.0,129.0,7.4,102.1,,1.28
47.0,,6.5,102.6,,1.25
47.0,,7.4,104.2,10.2,1.23
28.0,,8.2,104.5,25.2,1.2
28.0,,8.8,115.4,7.6,1.29
,,10.0,121.8,7.9,
14.0,,11.2,123.9,18.9,1.25
14.0,,11.2,125.8,,1.25
14.0,,9.6,124.6,10.2,1.21
,,9.4,123.0,19.4,1.2
10.0,,9.4,123.7,8.1,1.21
10.0,,9.4,,2.9,1.21
10.0,,8.6,,8.9,1.19
10.0,,9.8,,,1.16
26.0,,9.6,,2.1,1.17
26.0,,13.5,,,1.17
26.0,,9.4,,,1.09
29.0,,7.6,,1.6,1.27
,,7.1,,2.6,1.27
29.0,,7.1,,1.6,1.26
29.0,,6.1,,12.6,1.27
21.0,,6.9,,,1.24
21.0,,6.7,,16.2,1.26
21.0,,7.3,,,1.28
21.0,,7.3,,,1.28
22.0,,8.2,,,1.29
22.0,,4.5,,1.3,1.29
22.0,,9.6,,3.4,1.34
16.0,,7.4,,,1.4
16.0,,7.4,,4.2,1.49
12.0,,8.8,,5.8,1.55
12.0,,8.6,,,1.66
12.0,,8.0,,21.2,1.72
44.0,,5.3,,22.0,1.85
44.0,,10.8,,4.5,1.89
,,6.5,,19.7,1.85
79.0,,7.1,,6.0,1.85
79.0,,6.5,,18.9,1.9
79.0,,6.3,,20.7,1.9
79.0,,7.1,,20.2,1.9
,,6.1,,,1.91
,,7.4,,0.3,1.91
,,,,,1.92
,,,,,1.96
,,,,,1.94
,,,,4.2,1.92
,,,,7.3,1.8
,,,,6.0,1.79
,,,,3.9,1.74
,,,,,1.72
,,,,4.7,1.69
,,,,,1.64
,,,,17.3,1.59
,,,,26.2,1.58
,,,,27.8,
,,,,17.8,
,,,,25.7,
,,,,24.6,
,,,,48.2,
,,,,38.5,
,,,,40.9,
,,,,31.4,
,,,,42.7,
,,,,25.9,
,,,,32.2,
,,,,20.2,
,,,,25.2,
,,,,12.3,
,,,,6.8,
,,,,5.2,
,,,,11.0,
,,,,8.1,
,,,,6.6,
,,,,1.6,
,,,,0.5,
,,,,4.2,
,,,,6.0,
,,,,4.7,
,,,,6.3,
,,,,16.2,
,,,,23.8,
,,,,8.6,
,,,,21.5,
,,,,9.2,
,,,,13.4,
,,,,8.6,
,,,,0.0,
,,,,2.4,
,,,,12.8,
,,,,9.7,
,,,,13.1,
,,,,11.5,
,,,,7.9,
,,,,7.6,
,,,,9.2,
,,,,7.3,
,,,,6.0,
,,,,2.6,
,,,,0.0,
,,,,2.9,
,,,,7.1,
,,,,1.8,
,,,,0.5,
,,,,1.3,
,,,,4.2,
,,,,6.8,
,,,,12.8,
,,,,17.3,
,,,,14.1,
,,,,10.2,
,,,,4.7,
,,,,1.8,
,,,,21.7,
,,,,3.4,
,,,,17.8,
,,,,12.3,
,,,,13.4,
,,,,13.1,
,,,,15.7,
,,,,10.0,
,,,,7.3,
,,,,13.6,
,,,,13.4,
,,,,11.5,
,,,,11.3,
,,,,11.5,
,,,,10.7,
,,,,10.7,
,,,,11.0,
,,,,11.5,
,,,,12.8,
,,,,12.6,
,,,,13.1,
,,,,12.8,
,,,,13.4,
,,,,14.1,
,,,,14.1,
,,,,14.9,
,,,,14.4,
,,,,14.9,
,,,,14.9,
,,,,13.6,
,,,,13.9,
,,,,13.9,
,,,,12.8,
,,,,11.8,
,,,,11.3,
,,,,11.5,
,,,,12.6,
,,,,12.3,
,,,,10.2,
,,,,10.2,
,,,,10.0,
,,,,10.7,
,,,,10.2,
,,,,9.2,
,,,,9.4,
,,,,10.0,
,,,,9.4,
,,,,10.2,
,,,,10.5,
,,,,8.9,
,,,,6.8,
,,,,7.3,
,,,,7.6,
,,,,12.3,
,,,,13.9,
,,,,13.6,
,,,,13.9,
,,,,13.4,
,,,,14.1,
,,,,13.9,
,,,,14.9,
,,,,14.9,
,,,,14.1,
,,,,14.9,
,,,,13.4,
,,,,12.6,
,,,,12.3,
,,,,11.8,
,,,,11.5,
,,,,11.8,
,,,,10.0,
,,,,10.2,
,,,,9.4,
,,,,10.0,
,,,,10.7,
,,,,11.8,
,,,,10.7,
,,,,10.5,
,,,,10.0,
,,,,10.5,
,,,,11.3,
,,,,11.0,
,,,,11.5,
,,,,12.1,
,,,,12.1,
,,,,11.3,
,,,,10.5,
,,,,11.3,
,,,,11.0,
,,,,11.0,
,,,,11.5,
,,,,8.6,
,,,,7.9,
,,,,7.6,
,,,,8.4,
,,,,9.4,
,,,,8.9,
,,,,8.9,
,,,,7.6,
,,,,8.1,
,,,,8.4,
,,,,8.1,
,,,,8.6,
,,,,9.4,
,,,,9.2,
,,,,10.5,
,,,,11.5,
,,,,12.1,
,,,,11.3,
,,,,11.5,
,,,,11.5,
,,,,10.5,
,,,,10.0,
,,,,10.5,
,,,,10.5,
,,,,10.0,
,,,,9.7,
,,,,9.4,
,,,,8.4,
,,,,9.7,
,,,,11.8,
,,,,11.5,
,,,,13.1,
,,,,10.5,
,,,,11.3,
,,,,10.5,
,,,,11.5,
,,,,11.0,
,,,,11.8,
,,,,12.1,
,,,,11.8,
,,,,8.4,
,,,,7.9,
,,,,7.6,
,,,,7.1,
,,,,6.6,
,,,,7.6,
,,,,6.6,
,,,,7.1,
,,,,8.9,
,,,,8.9,
,,,,9.2,
,,,,8.6,
,,,,9.7,
,,,,10.2,
,,,,11.0,
,,,,11.0,
,,,,11.8,
,,,,12.3,
,,,,12.1,
,,,,12.6,
,,,,11.8,
,,,,10.7,
,,,,10.5,
,,,,9.4,
,,,,9.4,
,,,,10.2,
,,,,12.1,
,,,,12.6,
,,,,13.4,
,,,,14.7,
,,,,13.6,
,,,,14.1,
,,,,12.6,
,,,,13.1,
,,,,15.2,
,,,,15.2,
,,,,14.7,
,,,,14.1,
,,,,10.5,
,,,,8.9,
,,,,9.4,
,,,,10.0,
,,,,9.4,
,,,,8.1,
,,,,8.6,
,,,,8.4,
,,,,8.4,
,,,,6.8,
,,,,8.4,
,,,,8.9,
,,,,9.2,
,,,,9.2,
,,,,13.1,
,,,,13.1,
,,,,13.6,
,,,,12.3,
,,,,12.8,
,,,,11.5,
,,,,6.0,
,,,,7.3,
,,,,6.6,
,,,,7.6,
,,,,7.3,
,,,,7.9,
,,,,6.8,
,,,,10.0,
,,,,10.2,
,,,,10.2,
,,,,10.0,
,,,,11.0,
,,,,11.5,
,,,,10.7,
,,,,11.8,
,,,,11.8,
,,,,11.8,
,,,,11.8,
,,,,11.8,
,,,,11.8,
,,,,10.7,
,,,,11.0,
,,,,10.0,
,,,,11.0,
,,,,11.3,
,,,,11.3,
,,,,9.7,
,,0.039,0.0,0.0,
,,0.033,0.001,0.0,
,,0.035,0.0,0.0,
,,0.038,0.0,0.0,
,,0.039,0.0,0.0,
,,0.038,0.0,0.0,
,,0.037,0.001,0.0,
,,0.03,0.003,,
,,0.032,0.002,0.0,
,,,0.003,0.0,
,,0.03,0.004,0.001,
,,0.025,0.007,0.002,
,,0.026,0.006,0.002,
,,0.035,0.002,0.0,
,,0.029,0.006,0.0,
,,0.026,0.008,0.0,
,,0.028,0.006,0.0,
,,,0.005,0.001,
,,0.026,0.007,0.001,
,,0.028,0.006,0.002,
,,0.024,0.008,0.002,
,,0.028,0.006,0.002,
,,0.03,0.005,0.002,
,,0.032,0.004,0.002,
,,0.026,0.008,0.002,
,,0.023,0.011,0.0,
,,0.006,0.028,0.0,
,,0.001,0.037,0.001,
,,0.0,0.038,,
,,0.002,0.034,0.0,
,,,0.036,0.001,
,,0.004,0.035,0.001,
,,0.018,0.018,0.0,
,,0.029,0.004,0.0,
,,0.032,0.003,0.0,
,,0.034,0.002,0.001,
,,0.029,0.002,0.0,
,,0.03,0.002,0.0,
,,0.03,0.001,0.0,
,,0.03,0.001,0.0,
,,0.03,0.001,0.0,
,,0.029,0.002,0.0,
,,0.032,0.001,0.0,
,,,0.001,0.0,
,,0.032,0.001,0.0,
,,0.033,0.0,0.0,
,,0.034,0.0,0.0,
,,0.035,0.0,0.0,
,,0.039,0.0,0.0,
,,0.041,0.0,0.0,
,,0.04,0.0,0.0,
,,0.039,0.0,0.0,
,,0.038,0.0,0.0,
,,0.037,0.0,0.0,
,,0.036,0.0,0.0,
,,0.036,0.0,0.0,
,,0.035,0.0,0.0,
,,0.035,0.0,0.0,
,,0.035,0.0,0.0,
,,,0.0,0.0,
,,0.031,0.002,0.001,
,,0.033,0.001,0.0,
,,0.035,0.0,0.0,
,,0.038,0.0,0.0,
,,0.038,0.0,0.0,
,,0.038,0.0,0.0,
,,0.036,0.001,0.0,
,,0.036,0.001,,
,,0.036,0.001,0.0,
,,0.038,0.0,0.0,
,,0.038,0.0,0.0,
,,0.039,0.0,0.0,
,,0.014,0.015,0.0,
,,,0.005,0.0,
,,0.021,0.008,0.0,
,,0.023,0.012,0.0,
,,0.017,0.019,0.0,
,,0.026,0.007,0.0,
,,0.024,0.011,0.0,
,,0.02,0.016,0.0,
,,0.03,0.002,0.0,
,,0.03,0.002,0.0,
,,0.032,0.001,0.0,
,,0.026,0.002,0.0,
,,0.024,0.0,,
,,0.025,0.0,0.0,
,,0.036,0.0,0.0,
,,0.036,0.0,0.0,
,,0.037,0.0,0.0,
,,0.036,0.0,0.0,
,,0.034,0.0,0.0,
,,0.033,,0.0,
,,0.034,,0.0,
,,0.033,0.0,0.0,
,,0.035,0.001,0.0,
,,0.034,0.002,0.0,
,,0.033,0.002,0.001,
,,0.032,0.005,0.0,
,,0.026,0.008,0.0,
,,0.008,0.022,0.001,
,,0.012,0.019,0.0,
,,,0.026,0.0,
,,0.016,0.005,0.0,
,,0.021,0.003,0.0,
,,0.02,0.003,0.0,
,,0.021,0.003,0.0,
,,0.025,0.003,0.0,
,,0.024,0.009,,
,,0.021,0.01,0.0,
,,0.024,0.012,0.003,
,,0.031,0.007,0.001,
,,0.032,0.006,0.002,
,,0.032,0.01,0.001,
,,,0.004,0.0,
,,0.037,0.004,0.0,
,,0.036,0.005,0.001,
,,0.039,0.003,0.001,
,,0.04,0.003,0.0,
,,0.039,0.003,0.0,
,,0.037,0.005,0.0,
,,0.039,0.003,0.0,
,,0.045,0.002,0.0,
,,0.024,0.007,0.0,
,,0.015,0.02,0.0,
,,0.014,0.026,0.0,
,,0.017,0.012,0.0,
,,0.026,0.001,0.0,
,,0.024,0.001,0.0,
,,0.018,0.001,0.0,
,,0.035,0.0,0.0,
,,0.033,0.004,0.0,
,,0.024,0.012,0.0,
,,0.024,0.007,0.0,
,,,0.006,0.0,
,,0.03,0.001,0.0,
,,0.034,0.002,0.0,
,,0.031,0.003,0.0,
,,0.019,0.005,0.0,
,,0.026,0.002,0.0,
,,0.035,0.0,0.0,
,,0.0,0.013,0.0,
,,0.0,0.006,0.0,
,,0.02,0.009,0.0,
,,0.03,0.002,0.0,
,,0.026,0.005,0.0,
,,0.031,0.003,0.0,
,,0.032,0.004,0.0,
,,0.033,0.003,0.0,
,,0.025,0.01,0.0,
,,0.014,0.014,0.0,
,,0.023,0.007,0.0,
,,0.027,0.004,0.0,
,,0.032,0.002,,
,,0.029,0.003,0.0,
,,,0.002,0.0,
,,0.038,0.002,0.0,
,,0.021,0.014,0.0,
,,0.014,0.022,0.0,
,,0.043,0.0,0.0,
,,0.03,0.009,0.0,
,,0.034,0.003,0.0,
,,0.034,0.003,0.0,
,,0.024,0.01,0.0,
,,0.02,0.012,0.0,
,,0.016,0.006,0.0,
,,0.038,0.001,0.0,
,,0.038,0.001,0.0,
,,0.039,0.001,0.0,
,,0.037,0.004,0.0,
,,0.021,0.022,0.0,
,,0.018,0.024,0.0,
,,0.028,0.012,0.0,
,,0.033,0.006,0.0,
,,0.035,0.004,0.0,
,,0.033,0.005,0.0,
,,0.031,0.005,0.0,
,,0.032,0.004,0.0,
,,0.03,0.005,0.0,
,,0.028,0.005,0.0,
,,0.033,0.003,0.0,
,,0.033,0.003,0.0,
,,0.03,0.006,0.0,
,,0.023,0.01,0.0,
,,0.018,0.013,0.0,
,,0.017,0.012,0.0,
,,0.015,0.012,0.0,
,,0.011,0.014,0.0,
,,0.01,0.013,,
,,0.016,0.009,0.0,
,,0.02,0.005,0.0,
,,,0.005,0.0,
,,0.018,0.005,0.0,
,,0.014,0.007,0.0,
,,0.011,0.008,0.0,
,,0.012,0.007,0.0,
,,0.013,0.006,0.0,
,,0.031,0.003,0.0,
,,0.031,0.001,0.0,
,,0.032,0.002,0.0,
,,0.035,0.001,0.0,
,,0.035,0.003,0.0,
,,0.033,0.004,0.0,
,,0.029,0.005,0.0,
,,0.026,0.007,0.0,
,,0.023,0.01,,
,,0.025,,0.0,
,,0.027,,0.0,
,,0.03,0.003,0.0,
,,0.032,0.001,0.0,
,,0.039,0.0,0.0,
,,0.04,0.0,0.0,
,,0.041,0.0,0.0,
,,0.042,0.0,0.0,
,,0.043,0.0,0.0,
,,0.044,0.0,0.0,
,,0.044,0.0,0.0,
,,0.044,0.0,0.0,
,,0.042,0.001,0.0,
,,0.04,0.003,0.0,
,,0.04,0.003,0.0,
,,0.043,0.002,0.0,
,,0.044,0.001,0.0,
,,0.042,0.001,0.0,
,,0.039,0.002,0.0,
,,0.032,0.006,,
,,0.019,0.019,0.0,
,,0.022,0.016,0.0,
,,,0.011,0.0,
,,0.028,0.008,,
,,0.028,0.009,0.0,
,,0.033,0.006,0.0,
,,0.036,0.004,0.0,
,,0.036,0.005,0.0,
,,0.033,0.007,0.0,
,,0.03,0.008,0.0,
,,0.031,0.007,0.0,
,,0.031,0.006,0.0,
,,0.027,0.007,0.0,
,,0.028,0.006,0.0,
,,0.024,0.003,0.0,
,,0.023,0.003,0.0,
,,,0.003,0.0,
,,0.019,0.002,0.0,
,,0.018,0.003,0.0,
,,0.018,0.003,0.0,
,,0.017,0.002,0.0,
,,0.021,0.002,0.0,
,,0.023,0.002,0.0,
,,0.027,0.002,0.0,
,,0.026,0.002,0.0,
,,0.026,0.003,0.0,
,,0.024,0.006,0.0,
,,0.023,0.008,0.0,
,,0.026,0.006,0.0,
,,0.027,0.005,0.0,
,,0.024,0.006,0.0,
,,0.022,0.005,0.0,
,,0.023,0.004,0.0,
,,0.018,0.003,0.0,
,,0.017,0.003,0.0,
,,0.02,0.001,0.0,
,,0.02,0.001,0.0,
,,,0.001,0.0,
,,,0.001,0.0,
,,0.036,0.001,0.0,
,,0.036,0.001,0.0,
,,0.035,0.002,0.0,
,,0.032,0.004,0.0,
,,0.033,0.003,0.0,
,,0.029,0.0,0.0,
,,0.027,0.002,0.0,
,,0.028,0.002,0.0,
,,0.027,0.003,0.0,
,,0.026,0.004,0.0,
,,0.031,0.002,0.0,
,,0.033,0.002,0.0,
,,0.034,0.001,0.0,
,,0.035,0.002,0.0,
,,0.029,0.002,0.0,
,,0.029,0.002,0.0,
,,0.028,0.002,0.0,
,,0.028,0.002,,
,,0.028,0.002,0.0,
,,,0.003,0.0,
,,0.024,0.004,0.0,
,,0.021,0.005,0.0,
,,0.02,0.006,0.0,
,,0.017,0.009,0.0,
,,0.016,0.011,0.0,
,,0.017,0.016,0.0,
,,0.036,0.003,0.0,
,,0.034,0.003,0.0,
,,0.034,0.003,0.0,
,,0.031,0.003,0.0,
,,0.028,0.005,0.0,
,,0.026,0.005,0.0,
,,0.026,0.004,0.0,
,,0.024,0.004,0.0,
,,0.021,0.004,0.0,
,,0.019,0.005,0.0,
,,,0.004,0.0,
,,0.018,0.004,0.0,
,,0.017,0.003,0.0,
,,0.017,0.003,0.0,
,,0.018,0.002,0.0,
,,0.02,0.001,0.0,
,,0.021,0.001,0.0,
,,0.022,0.001,0.0,
,,0.023,0.001,0.0,
,,0.024,0.001,0.0,
,,0.023,0.001,0.0,
,,0.023,0.001,0.0,
,,0.021,0.002,0.0,
,,0.023,0.002,0.0,
,,0.021,0.004,0.0,
,,0.02,0.002,0.0,
,,0.018,0.003,0.0,
,,0.023,0.002,,
,,0.023,,0.0,
,,0.021,0.005,0.0,
,,0.021,0.005,0.0,
,,0.024,0.005,0.0,
,,0.026,0.004,0.0,
,,0.028,0.003,0.0,
,,0.018,0.005,0.0,
,,,0.001,0.0,
,,0.035,0.001,0.0,
,,0.034,0.003,0.0,
,,0.043,0.001,0.0,
,,0.04,0.003,,
,,0.042,0.006,0.0,
,,0.035,0.008,0.0,
,,0.031,0.009,0.0,
,,0.046,,0.0,
,,0.038,0.0,0.0,
,,0.04,0.0,0.0,
,,,0.0,0.0,
,,0.04,0.0,0.0,
,,0.04,0.0,0.0,
,,0.04,0.0,0.0,
,,0.042,0.0,0.0,
,,0.045,0.0,0.0,
,,0.045,0.0,0.0,
,,0.044,0.0,0.0,
,,0.043,0.0,0.0,
,,0.043,0.0,0.0,
,,0.042,0.0,0.0,
,,0.041,0.0,,
,,0.041,,0.0,
,,0.04,,0.0,
,,0.038,0.0,0.0,
,,0.037,0.0,0.0,
,,0.039,0.0,0.0,
,,0.041,0.0,0.0,
,,,0.0,0.0,
,,,0.0,0.0,
,,,0.001,0.0,
,,,0.001,0.0,
,,,0.001,0.0,
,,,0.001,0.0,
,,,,0.0,
,,,0.003,0.0,
,,,0.003,0.0,
,,0.041,0.001,0.0,
,,0.042,0.001,0.0,
,,0.041,0.003,0.0,
,,0.043,,0.0,
,,,0.007,0.0,
,,0.033,0.005,,
,,0.038,0.002,0.0,
,,0.038,0.0,0.0,
,,0.036,0.001,0.0,
,,0.034,0.001,0.0,
,,0.041,0.001,0.0,
,,0.044,0.0,0.0,
,,0.044,0.0,0.0,
,,0.042,0.001,0.0,
,,0.041,0.002,0.0,
,,0.039,0.003,0.0,
,,0.041,0.001,0.0,
,,0.039,0.001,0.0,
,,,0.003,0.0,
,,,0.003,0.0,
,,0.032,0.004,,
,,0.033,0.001,0.0,
,,0.039,0.0,0.0,
,,0.037,0.002,0.0,
,,0.036,0.002,0.0,
,,0.035,0.003,0.0,
,,0.037,0.001,0.0,
,,0.037,0.001,,
,,0.038,0.001,0.0,
,,,0.001,0.0,
,,0.043,0.0,0.0,
,,0.044,0.0,0.0,
,,0.044,0.0,0.0,
,,0.045,0.0,0.0,
,,0.044,0.0,0.0,
,,0.044,0.0,0.0,
,,,0.0,,
,,,0.001,0.0,
,,0.041,0.001,0.0,
,,0.041,0.001,0.0,
,,0.042,0.001,0.0,
,,0.044,0.0,0.0,
,,0.046,0.0,0.0,
,,0.043,0.0,0.0,
,,0.042,0.0,0.0,
,,0.04,0.0,0.0,
,,0.04,0.001,,
,,0.038,0.002,0.0,
,,,0.003,0.0,
,,0.033,0.006,0.0,
,,0.034,0.006,0.0,
,,0.033,0.007,0.0,
,,,0.005,0.0,
,,0.041,0.002,0.0,
,,0.042,0.0,0.0,
,,0.04,0.001,0.0,
,,0.045,0.001,0.0,
,,0.044,0.0,0.0,
,,0.043,0.0,,
,,0.042,0.001,0.0,
,,0.04,0.002,0.0,
,,0.038,0.002,0.0,
,,0.038,0.002,0.0,
,,0.038,0.001,0.0,
,,0.039,0.0,0.0,
,,0.039,0.0,0.0,
,,0.038,0.0,0.0,
,,0.038,0.001,0.0,
,,0.038,0.0,0.0,
,,0.041,0.0,,
,,0.04,0.002,0.0,
,,0.041,0.0,0.0,
,,0.042,0.0,0.0,
,,0.043,0.0,0.0,
,,0.042,0.0,0.0,
,,0.042,0.0,0.0,
,,,0.0,0.0,
,,,0.0,0.0,
,,,0.0,0.0,
,,0.043,0.0,0.0,
,,0.047,0.0,0.0,
,,0.048,0.0,0.0,
,,0.048,0.0,0.0,
,,0.048,0.0,,
,,,0.0,0.0,
,,0.05,0.0,0.0,
,,0.043,0.001,0.0,
,,0.041,0.002,0.0,
,,0.041,0.001,,
,,0.041,0.001,0.0,
,,0.038,0.003,0.0,
,,0.037,0.004,0.0,
,,0.04,0.002,0.0,
,,0.038,0.003,0.0,
,,0.04,0.003,0.0,
,,0.039,0.003,0.0,
,,0.04,0.002,0.0,
,,0.043,0.001,0.0,
,,,0.0,0.0,
,,,0.001,0.0,
,,,0.001,0.0,
,,,0.002,0.0,
,,,0.001,0.0,
,,,0.002,0.0,
,,,0.002,0.0,
,,,0.002,0.0,
,,0.043,0.001,0.0,
,,0.043,0.001,0.0,
,,0.043,0.001,0.0,
,,0.041,0.001,0.0,
,,0.043,0.0,,
,,0.043,0.0,0.0,
,,,0.001,0.0,
,,0.041,0.001,0.0,
,,0.041,0.001,0.0,
,,0.043,0.0,0.0,
,,0.045,0.0,0.0,
,,0.046,0.0,0.0,
,,0.047,0.0,0.0,
,,0.049,0.0,0.0,
,,0.049,0.0,0.0,
,,0.049,0.0,0.0,
,,0.048,0.0,0.0,
,,0.047,0.0,0.0,
,,0.046,0.0,0.0,
,,0.043,0.0,0.0,
,,0.042,0.0,0.0,
,,0.04,0.0,,
,,0.039,0.0,0.0,
,,,0.001,0.0,
,,0.038,0.001,0.0,
,,0.045,0.0,0.0,
,,0.048,0.0,0.0,
,,0.046,0.0,0.0,
,,0.044,0.0,0.0,
,,0.044,0.0,0.0,
,,,0.001,0.0,
,,0.041,0.0,0.0,
,,0.043,0.0,0.0,
,,0.048,0.0,0.0,
,,0.049,0.0,0.0,
,,0.049,0.0,0.0,
,,0.048,0.0,0.0,
,,0.046,0.0,0.0,
,,0.047,0.0,0.0,
,,0.046,0.0,0.0,
,,,0.0,0.0,
,,0.04,0.0,0.0,
,,0.04,0.001,0.0,
,,0.044,0.0,0.0,
,,0.043,0.0,0.0,
,,0.042,0.001,0.0,
,,0.036,0.004,0.0,
,,0.033,0.006,0.0,
,,,0.008,0.0,
,,0.037,0.004,0.0,
,,0.047,0.002,0.0,
,,0.045,0.004,0.0,
,,0.037,0.009,0.0,
,,0.034,0.011,0.0,
,,0.033,0.011,0.0,
,,0.035,0.007,0.0,
,,0.035,0.006,0.0,
,,0.042,0.004,0.0,
,,0.04,0.005,0.0,
,,0.031,0.015,0.0,
,,0.025,0.023,0.0,
,,0.028,0.023,0.0,
,,0.032,0.02,0.0,
,,0.04,0.012,0.0,
,,0.04,0.009,0.0,
,,0.037,0.01,0.0,
,,0.031,0.009,0.0,
,,0.03,0.008,0.0,
,,0.026,0.007,,
,,,0.003,0.0,
,,0.028,0.004,0.0,
,,0.03,0.004,0.0,
,,0.027,0.005,0.0,
,,0.023,0.008,0.0,
,,0.024,0.008,0.0,
,,0.02,0.01,0.0,
,,0.012,0.012,,
,,,0.012,0.0,
,,0.008,0.011,0.0,
,,0.009,0.01,0.0,
,,0.009,0.014,0.0,
,,0.013,0.017,0.0,
,,0.021,0.018,0.0,
,,0.033,0.01,0.0,
,,0.022,0.015,0.0,
,,0.025,0.011,0.0,
,,0.02,0.013,0.0,
,,0.015,0.017,,
,,0.027,0.005,0.0,
,,0.026,0.001,0.0,
,,0.037,0.0,0.0,
,,0.038,0.0,0.0,
,,,0.0,0.0,
,,,0.0,0.0,
,,0.046,0.0,0.0,
,,0.047,0.0,0.0,
,,0.047,0.0,0.0,
,,0.049,0.0,0.0,
,,0.045,0.001,0.0,
,,0.043,0.001,0.0,
,,0.04,,0.0,
,,,0.001,0.0,
,,0.04,0.001,0.0,
,,0.043,0.001,0.0,
,,0.041,0.001,0.0,
,,0.042,0.0,0.0,
,,0.044,0.0,0.0,
,,0.044,0.0,0.0,
,,0.045,0.0,0.0,
,,0.043,0.001,0.0,
,,0.041,0.002,,
,,0.045,0.0,0.0,
,,,0.0,0.0,
,,0.042,0.001,,
,,0.04,0.002,0.0,
,,0.045,0.001,0.0,
,,0.046,0.001,0.0,
,,0.051,0.0,0.0,
,,0.051,0.0,0.0,
,,0.046,0.002,0.0,
,,0.043,0.003,0.0,
,,0.041,0.004,0.0,
,,0.038,0.006,0.0,
,,0.032,0.008,0.0,
,,0.034,0.007,0.0,
,,0.03,0.008,,
,,0.027,0.007,0.0,
,,0.024,0.008,0.0,
,,0.027,0.007,0.0,
,,0.026,0.018,0.0,
,,0.037,0.01,0.0,
,,0.042,0.005,0.0,
,,0.017,0.022,0.0,
,,0.026,0.011,0.0,
,,0.027,0.008,0.0,
,,0.026,0.008,0.0,
,,0.023,0.009,,
,,0.02,0.011,0.0,
,,0.018,0.012,0.0,
,,,0.016,0.0,
,,0.002,0.03,0.0,
,,0.009,0.022,0.0,
,,0.01,0.022,0.0,
,,0.015,0.014,0.0,
,,0.017,0.008,0.0,
,,0.028,0.005,0.0,
,,0.044,0.0,0.0,
,,0.044,0.0,0.0,
,,0.046,0.0,0.0,
,,,0.0,0.0,
,,0.045,0.0,0.0,
,,0.045,0.0,0.0,
,,0.043,0.0,0.0,
,,0.044,0.0,0.0,
,,0.045,0.0,0.0,
,,0.046,0.0,0.0,
,,0.049,0.0,0.0,
,,0.044,0.002,0.0,
,,0.033,0.005,0.0,
,,0.041,0.005,0.0,
,,0.042,0.005,0.0,
,,0.044,0.004,0.0,
,,0.045,0.002,0.0,
,,0.046,0.003,0.0,
,,0.053,0.003,0.0,
,,0.053,0.003,0.0,
,,0.053,0.001,0.0,
,,0.042,0.001,,
,,0.041,0.001,0.0,
,,,0.0,0.0,
,,,0.0,0.0,
,,0.05,0.0,0.0,
,,0.047,0.0,0.0,
,,0.046,0.0,0.0,
,,0.047,0.0,0.0,
,,0.048,0.0,0.0,
,,0.048,0.0,0.0,
,,0.045,0.0,0.0,
,,0.043,0.0,0.0,
,,0.041,0.0,0.0,
,,0.04,,0.0,
,,,0.0,0.0,
,,0.037,0.0,0.0,
,,0.036,0.0,0.0,
,,0.041,0.0,0.0,
,,0.046,0.0,0.0,
,,0.046,0.0,0.0,
,,0.045,0.0,0.0,
,,0.045,0.0,0.0,
,,0.045,0.0,0.0,
,,0.043,0.0,0.0,
,,0.044,0.0,0.0,
,,0.045,0.0,,
,,0.045,0.0,0.0,
,,0.044,0.0,0.0,
,,,0.0,0.0,
,,0.042,0.001,0.0,
,,0.043,0.0,0.0,
,,0.045,0.0,0.0,
,,0.047,0.0,0.0,
,,0.044,0.003,0.0,
,,0.044,0.002,0.0,
,,0.038,0.003,0.0,
,,0.034,0.004,0.0,
,,0.031,0.007,0.0,
,,0.047,0.001,0.0,
,,0.045,0.001,0.0,
,,0.044,0.001,0.0,
,,0.038,0.005,0.0,
,,0.035,0.01,0.0,
,,0.046,0.001,0.0,
,,0.046,0.001,0.0,
,,0.051,0.001,0.0,
,,0.052,0.001,0.0,
,,0.05,0.003,0.0,
,,0.047,0.004,0.0,
,,0.044,0.004,0.0,
,,0.043,0.005,0.0,
,,0.042,0.004,,
,,0.041,0.004,0.0,
,,0.039,0.006,0.0,
,,0.04,0.008,0.0,
,,0.046,0.005,0.0,
,,0.047,0.004,0.0,
,,0.056,0.002,0.0,
,,0.051,0.002,0.0,
,,0.048,0.003,0.0,
,,0.049,0.001,0.0,
,,0.047,0.002,0.0,
,,0.044,0.003,0.0,
,,0.042,0.005,0.0,
,,0.057,0.002,0.0,
,,0.062,0.002,0.0,
,,0.071,0.002,0.0,
,,0.071,0.002,0.0,
,,0.071,0.002,0.0,
,,0.073,0.001,0.0,
,,0.064,0.002,0.0,
,,0.055,0.001,0.0,
,,0.048,0.002,0.0,
,,0.048,0.003,0.0,
,,0.047,0.001,0.0,
,,0.045,0.0,0.0,
,,,0.001,0.0,
,,0.046,0.001,0.0,
,,0.044,0.001,0.0,
,,0.042,0.001,0.0,
,,0.042,0.001,0.0,
,,0.042,0.001,0.0,
,,0.042,0.0,0.0,
,,0.042,0.001,0.0,
,,,0.0,0.0,
,,,0.001,0.0,
,,0.04,0.002,,
,,0.039,0.002,0.0,
,,0.038,0.003,0.0,
,,0.038,0.003,0.0,
,,0.032,0.004,0.0,
,,0.029,0.006,0.0,
,,0.051,0.0,0.0,
,,0.051,0.0,0.0,
,,0.032,0.004,0.0,
,,0.029,0.002,0.0,
,,0.028,0.002,0.0,
,,0.03,0.002,0.0,
,,0.032,0.002,0.0,
,,0.034,0.001,0.0,
,,,0.0,0.0,
,,0.033,0.0,0.0,
,,0.032,0.001,0.0,
,,0.03,0.002,0.0,
,,0.03,0.002,0.0,
,,0.033,0.002,0.0,
,,0.035,0.001,0.0,
,,0.034,0.002,0.0,
,,0.035,0.002,0.0,
,,0.036,0.003,0.0,
,,0.037,0.003,0.0,
,,0.038,0.003,0.0,
,,0.034,0.004,0.0,
,,0.029,0.006,,
,,0.031,0.003,0.0,
,,0.03,0.003,0.0,
,,0.036,0.0,0.0,
,,0.047,0.0,0.0,
,,0.046,0.0,,
,,,0.0,0.0,
,,0.043,0.0,0.0,
,,0.042,0.0,0.0,
,,0.044,0.0,0.0,
,,0.046,0.0,0.0,
,,0.04,0.0,0.0,
,,,0.0,0.0,
,,0.053,0.0,0.0,
,,,0.0,0.0,
,,0.049,0.0,0.0,
,,0.053,0.0,0.0,
,,0.055,0.0,0.0,
,,0.042,0.004,0.0,
,,0.041,0.006,,
,,0.052,0.003,0.0,
,,0.046,0.011,0.0,
,,0.046,0.015,0.0,
,,0.057,0.007,0.0,
,,0.059,0.004,0.0,
,,0.058,0.004,0.0,
,,0.057,0.002,0.0,
,,0.06,0.0,0.0,
,,0.054,0.001,0.0,
,,0.039,0.005,0.0,
,,0.048,0.001,0.0,
,,0.044,0.003,0.0,
,,0.041,0.004,0.0,
,,0.036,0.008,0.0,
,,0.037,0.008,0.0,
,,0.029,0.007,0.0,
,,0.03,0.005,0.0,
,,0.03,0.003,0.0,
,,0.03,0.003,0.0,
,,0.032,0.002,0.0,
,,0.035,0.0,0.0,
,,0.04,0.0,0.0,
,,0.038,0.0,0.0,
,,0.035,0.001,0.0,
,,0.04,0.0,0.0,
,,0.047,0.0,0.0,
,,0.051,0.0,0.0,
,,0.052,0.0,0.0,
,,0.052,0.0,0.0,
,,0.051,0.0,0.0,
,,0.05,0.0,0.0,
,,0.049,0.0,0.0,
,,0.049,0.0,0.0,
,,0.048,0.0,0.0,
,,0.047,0.001,0.0,
,,0.044,0.001,0.0,
,,0.043,0.002,0.0,
,,0.042,0.002,0.0,
,,0.04,0.002,0.0,
,,0.038,0.002,0.0,
,,0.039,0.001,,
,,0.039,0.001,0.0,
,,0.033,0.006,0.0,
,,,0.008,0.0,
,,0.033,0.006,0.0,
,,0.028,0.01,0.0,
,,0.026,0.013,0.0,
,,0.019,0.02,0.0,
,,0.027,0.017,0.0,
,,0.045,0.008,0.0,
,,0.045,0.008,0.0,
,,0.038,0.01,0.0,
,,0.039,0.006,0.0,
,,0.036,0.004,0.0,
,,0.028,0.004,0.0,
,,0.027,0.003,0.0,
,,0.028,0.002,,
,,0.032,0.001,0.0,
,,0.03,0.002,0.0,
,,,0.001,0.0,
,,,0.001,0.0,
,,0.028,0.002,0.0,
,,0.03,0.002,0.0,
,,0.034,0.002,0.0,
,,0.035,0.002,0.0,
,,0.038,0.002,0.0,
,,0.041,0.002,0.0,
,,0.046,0.003,0.0,
,,0.062,0.002,0.0,
,,0.064,0.002,0.0,
,,0.06,0.002,0.0,
,,0.059,0.002,0.0,
,,0.057,0.001,0.0,
,,0.052,0.0,0.0,
,,0.047,0.0,0.0,
,,0.046,0.001,0.0,
,,0.046,0.0,0.0,
,,0.044,,0.0,
,,,0.0,0.0,
,,0.041,0.0,0.0,
,,0.039,0.0,0.0,
,,0.033,0.0,0.0,
,,0.036,0.0,0.0,
,,0.034,0.0,0.0,
,,0.036,0.0,0.0,
,,0.038,0.0,0.0,
,,0.034,0.0,0.0,
,,0.03,0.0,0.0,
,,0.03,0.0,0.0,
,,0.032,0.0,0.0,
,,0.037,0.0,0.0,
,,0.037,0.0,0.0,
,,0.037,0.0,0.0,
,,0.036,0.0,0.0,
,,0.033,0.001,0.0,
,,0.033,0.001,0.0,
,,0.037,0.0,0.0,
,,0.036,0.0,,
,,0.037,0.001,0.0,
,,0.037,0.001,0.0,
,,,0.001,0.0,
,,0.04,0.002,,
,,0.042,0.001,0.0,
,,0.045,0.0,0.0,
,,0.046,0.0,0.0,
,,0.044,0.0,0.0,
,,0.042,0.0,0.0,
,,0.041,0.0,0.0,
,,0.041,0.0,0.0,
,,0.042,0.0,0.0,
,,0.043,0.0,0.0,
,,0.04,0.001,0.0,
,,0.039,0.001,0.0,
,,0.039,0.001,0.0,
,,0.039,0.001,0.0,
,,0.036,0.002,0.0,
,,0.034,0.002,0.0,
,,0.038,0.001,0.0,
,,0.039,0.001,0.0,
,,0.039,0.001,0.0,
,,0.039,0.001,,
,,0.037,0.001,0.0,
,,0.032,0.004,0.0,
,,,0.003,0.001,
,,0.042,0.004,0.001,
,,0.04,0.007,0.0,
,,0.041,0.005,0.0,
,,0.05,0.002,0.0,
,,0.053,0.001,0.0,
,,0.058,0.002,0.0,
,,0.063,0.002,0.0,
,,0.068,0.002,0.0,
,,0.073,0.001,0.0,
,,0.072,0.001,0.0,
,,0.072,0.0,0.0,
,,0.072,0.001,0.0,
,,0.072,0.001,0.0,
,,0.07,0.001,0.0,
,,0.07,0.002,0.0,
,,0.07,0.002,0.0,
,,0.069,0.001,0.0,
,,0.067,0.001,0.0,
,,0.065,0.001,,
,,0.061,0.002,0.0,
,,0.059,0.002,0.0,
,,,0.002,0.0,
,,0.052,0.003,0.0,
,,0.046,0.008,0.0,
,,0.056,0.004,0.001,
,,0.063,0.002,0.001,
,,0.065,0.002,0.001,
,,0.074,0.001,0.0,
,,0.073,0.0,0.0,
,,0.072,0.001,0.0,
,,0.076,0.001,0.0,
,,0.075,0.001,0.0,
,,0.071,0.001,0.0,
,,0.069,0.001,0.0,
,,0.073,0.001,0.0,
,,0.071,0.001,0.0,
,,0.067,0.001,0.0,
,,0.066,0.001,,
,,0.063,0.001,0.0,
,,0.059,0.002,0.0,
,,,0.002,0.0,
,,0.053,0.002,0.0,
,,0.053,0.003,0.0,
,,0.05,0.005,0.0,
,,0.047,0.005,0.0,
,,0.05,0.003,0.0,
,,0.06,0.001,0.0,
,,0.062,0.001,0.0,
,,0.063,0.0,0.0,
,,0.061,0.0,0.0,
,,0.064,0.001,0.0,
,,0.064,0.001,0.0,
,,0.064,0.0,0.0,
,,0.056,0.0,0.0,
,,0.042,0.001,0.0,
,,0.031,0.001,0.0,
,,0.031,0.0,,
,,0.033,0.0,0.0,
,,0.037,0.001,0.0,
,,,0.001,0.0,
,,0.041,0.001,0.0,
,,0.038,0.001,0.0,
,,0.035,0.002,0.0,
,,0.034,0.003,0.0,
,,0.036,0.002,0.0,
,,0.037,0.002,0.0,
,,0.036,0.003,0.0,
,,0.045,0.002,0.0,
,,0.057,0.003,0.0,
,,0.065,0.001,0.0,
,,0.061,0.001,0.0,
,,0.06,0.001,0.0,
,,0.061,0.001,0.0,
,,0.059,0.0,0.0,
,,0.056,0.0,0.0,
,,0.058,0.0,0.0,
,,0.052,0.0,,
,,0.052,0.0,0.0,
,,0.051,0.0,0.0,
,,,0.0,0.0,
,,,0.0,0.0,
,,0.049,0.0,0.0,
,,0.048,0.0,0.0,
,,0.048,0.0,0.0,
,,0.05,0.0,0.0,
,,0.051,0.0,0.0,
,,0.053,0.0,0.0,
,,0.057,0.0,0.0,
,,0.058,0.0,0.0,
,,0.058,0.0,0.0,
,,0.059,0.0,0.0,
,,0.058,0.0,0.0,
,,0.058,0.0,0.0,
,,0.057,0.0,0.0,
,,0.055,0.001,0.0,
,,0.054,0.001,0.0,
,,0.053,0.001,0.0,
,,0.051,0.001,0.0,
,,0.048,0.001,0.0,
,,0.047,0.001,,
,,0.044,,0.0,
,,0.041,,0.0,
,,0.036,0.001,0.0,
,,0.034,0.001,0.0,
,,0.041,0.001,0.0,
,,0.054,0.0,0.0,
,,0.051,0.0,0.0,
,,0.051,0.0,0.0,
,,0.051,0.0,0.0,
,,0.048,0.001,0.0,
,,0.047,0.002,0.0,
,,0.049,0.002,0.0,
,,0.051,0.001,0.0,
,,0.049,0.001,0.0,
,,0.047,0.001,0.0,
,,0.046,0.0,0.0,
,,0.049,0.0,0.0,
,,0.048,0.0,0.0,
,,0.046,0.0,0.0,
,,0.047,0.0,0.0,
,,0.047,0.0,,
,,0.045,0.0,0.0,
,,,,0.0,
,,,,0.0,
,,0.037,,,
,,0.037,,0.0,
,,0.04,,0.0,
,,0.049,,0.0,
,,0.052,,0.0,
,,0.053,,0.0,
,,0.053,,0.0,
,,0.052,,0.0,
,,0.052,,0.0,
,,0.05,,0.0,
,,0.048,,0.0,
,,0.053,,0.0,
,,0.049,,0.0,
,,0.047,,0.0,
,,0.046,,0.0,
,,0.041,,,
,,0.038,,0.0,
,,0.037,,0.0,
,,0.033,,0.0,
,,0.042,,0.0,
,,0.053,,0.0,
,,0.05,,0.0,
,,0.05,,0.0,
,,0.049,,0.0,
,,0.055,,0.0,
,,0.057,,0.0,
,,0.054,,0.0,
,,0.053,,0.0,
,,0.051,,0.0,
,,0.048,,0.0,
,,0.047,,0.0,
,,0.045,,0.0,
,,0.043,,0.0,
,,0.042,,0.0,
,,0.039,,0.0,
,,0.036,,,
,,0.038,,,
,,0.036,,,
,,0.038,,,
,,0.041,,,
,,0.045,,,
,,0.053,,,
,,0.06,,,
,,0.058,,,
,,0.063,,,
,,0.065,,,
,,0.071,,,
,,0.072,,,
,,0.065,,,
,,0.06,,,
,,0.05,,,
,,0.044,,,
,,0.042,,,
,,0.039,,,
,,0.036,,,
,,0.035,,,
,,0.033,,,
,,0.018,,,
,,0.019,,,
,,0.023,,,
,,0.031,,,
,,0.037,,,
,,0.036,,,
,,0.032,,,
,,0.036,,,
,,0.045,,,
,,0.051,,,
,,0.055,,,
,,,,,
,,,,,
,,,,,
,,,,,
,,,,,
,,,,,
,,,,,
,,,,,
,,,,,
,,,,,
,,,,,
,,,,,
,,,,,
,,,,,
,,,,,
,,,,,
,,,,,
,,,,,
,,,,,
,,,,,
,,,,,
,,,,,
,,,,,
,,,,,
,,,,,
,,,,,
,,,,,
,,,,,
,,,,,
,,,,,
,,,,,
,,,,,
,,,,,
,,,,,
,,,,,
,,,,,
,,,,,
,,,,,
,,,,,
,,,,,
,,,,,
,,,,,
,,,,,
,,,,,
,,,,,
,,,,,
,,,,,
,,,,,
,,,,,
,,,,,
,,,,,
,,,,,
,,,,,
,,,,,
,,,,,
,,,,,
,,,,,
,,,,,
,,,,,
,,,,,
,,,,,
,,,,,
,,,,,
,,,,,
,,,,,
,,,,,
,,,,,
,,,,,
,,,,,
,,,,,
,,,,,
,,,,,
,,,,,
,,,,,
,,,,,
,,,,,
,,,,,
,,,,,
,,,,,
,,,,,
,,,,,
,,,,,
,,,,,
,,,,,
,,,,,
,,,,,
,,,,,
,,,,,
,,,,,
,,,,,
,,,,,
,,,,,
,,,,,
,,,,,
,,,,,
,,,,,
,,,,,
,,,,,
,,,,,
,,,,,
,,,,,
,,,,,
,,,,,
,,,,,
,,,,,
,,,,,
,,,,,
,,,,,
,,,,,
,,,,,
,,,,,
,,,,,
,,,,,
,,,,,
,,,,,
,,,,,
,,,,,
,,,,,
,,,,,
,,,,,
,,,,,
,,,,,
,,,,,
,,,,,
,,,,,
,,,,,
,,,,,
,,,,,
,,,,,
,,,,,
,,,,,
,,,,,
,,,,,
,,,,,
,,,,,
,,,,,
,,,,,
,,,,,
,,,,,
,,,,,
,,,,,
,,,,,
,,,,,
,,,,,
,,,,,
,,,,,
,,,,,
,,,,,
,,,,,
,,,,,
,,,,,
,,,,,
,,,,,
,,,,,
,,,,,
,,,,,
,,,,,
,,,,,
,,,,,
,,,,,
,,,,,
,,,,,
,,,,,
,,,,,
,,,,,
,,,,,
,,,,,
,,,,,
,,,,,
,,,,,
,,,,,
,,,,,
,,,,,
,,,,,
,,,,,
,,,,,
,,,,,
,,,,,
,,,,,
,,,,,
,,,,,
,,,,,
,,,,,
,,,,,
,,,,,
,,,,,
,,,,,
,,,,,
,,,,,
,,,,,
,,,,,
,,,,,
,,,,,
,,,,,
,,,,,
,,,,,
,,,,,
,,,,,
,,,,,
,,,,,
,,,,,
,,,,,
,,,,,
,,,,,
,,,,,
,,,,,
,,,,,
,,,,,
,,,,,
,,,,,
,,,,,
,,,,,
,,,,,
,,,,,
,,,,,
,,,,,
,,,,,
,,,,,
,,,,,
,,,,,
,,,,,
,,,,,
,,,,,
,,,,,
,,,,,
,,,,,
,,,,,
,,,,,
,,,,,
,,,,,
,,,,,
,,,,,
,,,,,
,,,,,
,,,,,
,,,,,
,,,,,
,,,,,
,,,,,
,,,,,
,,,,,
,,,,,
,,,,,
,,,,,
,,,,,
,,,,,
,,,,,
,,,,,
,,,,,
,,,,,
,,,,,
,,,,,
,,,,,
,,,,,
,,,,,
,,,,,
,,,,,
,,,,,
,,,,,
,,,,,
,,,,,
,,,,,
,,,,,
,,,,,
,,,,,
,,,,,
,,,,,
,,,,,
,,,,,
,,,,,
,,,,,
,,,,,
,,,,,
,,,,,
,,,,,
,,,,,
,,,,,
,,,,,
,,,,,
,,,,,
,,,,,
,,,,,
,,,,,
,,,,,
,,,,,
,,,,,
,,,,,
,,,,,
,,,,,
,,,,,
,,,,,
,,,,,
,,,,,
,,,,,
,,,,,
,,,,,
,,,,,
,,,,,
,,,,,
,,,,,
,,,,,
,,,,,
,,,,,
,,,,,
,,,,,
,,,,,
,,,,,
,,,,,
,,,,,
,,,,,
,,,,,
,,,,,
,,,,,
,,,,,
,,,,,
,,,,,
,,,,,
,,,,,
,,,,,
,,,,,
,,,,,
,,,,,
,,,,,
,,,,,
,,,,,
,,,,,
,,,,,
,,,,,
,,,,,
,,,,,
,,,,,
,,,,,
,,,,,
,,,,,
,,,,,
,,,,,
,,,,,
,,,,,
,,,,,
,,,,,
,,,,,
,,,,,
,,,,,
,,,,,
,,,,,
,,,,,
,,,,,
,,,,,
,,,,,
,,,,,
,,,,,
,,,,,
,,,,,
,,,,,
,,,,,
,,,,,
,,,,,
,,,,,
,,,,,
,,,,,
,,,,,
,,,,,
,,,,,
,,,,,
,,,,,
,,,,,
,,,,,
,,,,,
,,,,,
,,,,,
,,,,,
,,,,,
,,,,,
,,,,,
,,,,,
,,,,,
,,,,,
,,,,,
,,,,,
,,,,,
,,,,,
,,,,,
,,,,,
,,,,,
,,,,,
,,,,,
,,,,,
,,,,,
,,,,,
,,,,,
,,,,,
,,,,,
,,,,,
,,,,,
,,,,,
,,,,,
,,,,,
,,,,,
,,,,,
,,,,,
,,,,,
,,,,,
,,,,,
,,,,,
,,,,,
,,,,,
,,,,,
,,,,,
,,,,,
,,,,,
,,,,,
,,,,,
,,,,,
,,,,,
,,,,,
,,,,,
,,,,,
,,,,,
,,,,,
,,,,,
,,,,,
,,,,,
,,,,,
,,,,,
,,,,,
,,,,,
,,,,,
,,,,,
,,,,,
,,,,,
,,,,,
,,,,,
,,,,,
,,,,,
,,,,,
,,,,,
,,,,,
,,,,,
,,,,,
,,,,,
,,,,,
,,,,,
,,,,,
,,,,,
,,,,,
,,,,,
,,,,,
,,,,,
,,,,,
,,,,,
,,,,,
,,,,,
,,,,,
,,,,,
,,,,,
,,,,,
,,,,,
,,,,,
,,,,,
,,,,,
,,,,,
,,,,,
,,,,,
,,,,,
,,,,,
,,,,,
,,,,,
,,,,,
,,,,,
,,,,,
,,,,,
,,,,,
,,,,,
,,,,,
,,,,,
,,,,,
,,,,,
,,,,,
,,,,,
,,,,,
,,,,,
,,,,,
,,,,,
,,,,,
,,,,,
,,,,,
,,,,,
,,,,,
,,,,,
,,,,,
,,,,,
,,,,,
,,,,,
,,,,,
,,,,,
,,,,,
,,,,,
,,,,,
,,,,,
,,,,,
,,,,,
,,,,,
,,,,,
,,,,,
,,,,,
,,,,,
,,,,,
,,,,,
,,,,,
,,,,,
,,,,,
,,,,,
,,,,,
,,,,,
,,,,,
,,,,,
,,,,,
,,,,,
,,,,,
,,,,,
,,,,,
,,,,,
,,,,,
,,,,,
,,,,,
,,,,,
,,,,,
,,,,,
,,,,,
,,,,,
,,,,,
,,,,,
,,,,,
,,,,,
,,,,,
,,,,,
,,,,,
,,,,,
,,,,,
,,,,,
,,,,,
,,,,,
,,,,,
,,,,,
,,,,,
,,,,,
,,,,,
,,,,,
,,,,,
,,,,,
,,,,,
,,,,,
,,,,,
,,,,,
,,,,,
,,,,,
,,,,,
,,,,,
,,,,,
,,,,,
,,,,,
,,,,,
,,,,,
,,,,,
,,,,,
,,,,,
,,,,,
,,,,,
,,,,,
,,,,,
,,,,,
,,,,,
,,,,,
,,,,,
,,,,,
,,,,,
,,,,,
,,,,,
,,,,,
,,,,,
,,,,,
,,,,,
,,,,,
,,,,,
,,,,,
,,,,,
,,,,,
,,,,,
,,,,,
,,,,,
,,,,,
,,,,,
,,,,,
,,,,,
,,,,,
,,,,,
,,,,,
,,,,,
,,,,,
,,,,,
,,,,,
,,,,,
,,,,,
,,,,,
,,,,,
,,,,,
,,,,,
,,,,,
,,,,,
,,,,,
,,,,,
,,,,,
,,,,,
,,,,,
,,,,,
,,,,,
,,,,,
,,,,,
,,,,,
,,,,,
,,,,,
,,,,,
,,,,,
,,,,,
,,,,,
,,,,,
,,,,,
,,,,,
,,,,,
,,,,,
,,,,,
,,,,,
,,,,,
,,,,,
,,,,,
,,,,,
,,,,,
,,,,,
,,,,,
,,,,,
,,,,,
,,,,,
,,,,,
,,,,,
,,,,,
,,,,,
,,,,,
,,,,,
,,,,,
,,,,,
,,,,,
,,,,,
,,,,,
,,,,,
,,,,,
,,,,,
,,,,,
,,,,,
,,,,,
,,,,,
,,,,,
,,,,,
,,,,,
,,,,,
,,,,,
,,,,,
,,,,,
,,,,,
,,,,,
,,,,,
,,,,,
,,,,,
,,,,,
,,,,,
,,,,,
,,,,,
,,,,,
,,,,,
,,,,,
,,,,,
,,,,,
,,,,,
,,,,,
,,,,,
,,,,,
,,,,,
,,,,,
,,,,,
,,,,,
,,,,,
,,,,,
,,,,,
,,,,,
,,,,,
,,,,,
,,,,,
,,,,,
,,,,,
,,,,,
,,,,,
,,,,,
,,,,,
,,,,,
,,,,,
,,,,,
,,,,,
,,,,,
,,,,,
,,,,,
,,,,,
,,,,,
,,,,,
,,,,,
,,,,,
,,,,,
,,,,,
,,,,,
,,,,,
,,,,,
,,,,,
,,,,,
,,,,,
,,,,,
,,,,,
,,,,,
,,,,,
,,,,,
,,,,,
,,,,,
,,,,,
,,,,,
,,,,,
,,,,,
,,,,,
,,,,,
,,,,,
,,,,,
,,,,,
,,,,,
,,,,,
,,,,,
,,,,,
,,,,,
,,,,,
,,,,,
,,,,,
,,,,,
,,,,,
,,,,,
,,,,,
,,,,,
,,,,,
,,,,,
,,,,,
,,,,,
,,,,,
,,,,,
,,,,,
,,,,,
,,,,,
,,,,,
,,,,,
,,,,,
,,,,,
,,,,,
,,,,,
,,,,,
,,,,,
,,,,,
,,,,,
,,,,,
,,,,,
,,,,,
,,,,,
,,,,,
,,,,,
,,,,,
,,,,,
,,,,,
,,,,,
,,,,,
,,,,,
,,,,,
,,,,,
,,,,,
,,,,,
,,,,,
,,,,,
,,,,,
,,,,,
,,,,,
,,,,,
,,,,,
,,,,,
,,,,,
,,,,,
,,,,,
,,,,,
,,,,,
,,,,,
,,,,,
,,,,,
,,,,,
,,,,,
,,,,,
,,,,,
,,,,,
,,,,,
,,,,,
,,,,,
,,,,,
,,,,,
,,,,,
,,,,,
,,,,,
,,,,,
,,,,,
,,,,,
,,,,,
,,,,,
,,,,,
,,,,,
,,,,,
,,,,,
,,,,,
,,,,,
,,,,,
,,,,,
,,,,,
,,,,,
,,,,,
,,,,,
,,,,,
,,,,,
,,,,,
,,,,,
,,,,,
,,,,,
,,,,,
,,,,,
,,,,,
,,,,,
,,,,,
,,,,,
,,,,,
,,,,,
,,,,,
,,,,,
,,,,,
,,,,,
,,,,,
,,,,,
,,,,,
,,,,,
,,,,,
,,,,,
,,,,,
,,,,,
,,,,,
,,,,,
,,,,,
,,,,,
,,,,,
,,,,,
,,,,,
,,,,,
,,,,,
,,,,,
,,,,,
,,,,,
,,,,,
,,,,,
,,,,,
,,,,,
,,,,,
,,,,,
,,,,,
,,,,,
,,,,,
,,,,,
,,,,,
,,,,,
,,,,,
,,,,,
,,,,,
,,,,,
,,,,,
,,,,,
,,,,,
,,,,,
,,,,,
,,,,,
,,,,,
,,,,,
,,,,,
,,,,,
,,,,,
,,,,,
,,,,,
,,,,,
,,,,,
,,,,,
,,,,,
,,,,,
,,,,,
,,,,,
,,,,,
,,,,,
,,,,,
,,,,,
,,,,,
,,,,,
,,,,,
,,,,,
,,,,,
,,,,,
,,,,,
,,,,,
,,,,,
,,,,,
,,,,,
,,,,,
,,,,,
,,,,,
,,,,,
,,,,,
,,,,,
,,,,,
,,,,,
,,,,,
,,,,,
,,,,,
,,,,,
,,,,,
,,,,,
,,,,,
,,,,,
,,,,,
,,,,,
,,,,,
,,,,,
,,,,,
,,,,,
,,,,,
,,,,,
,,,,,
,,,,,
,,,,,
,,,,,
,,,,,
,,,,,
,,,,,
,,,,,
,,,,,
,,,,,
,,,,,
,,,,,
,,,,,
,,,,,
,,,,,
,,,,,
,,,,,
,,,,,
,,,,,
,,,,,
,,,,,
,,,,,
,,,,,
,,,,,
,,,,,
,,,,,
,,,,,
,,,,,
,,,,,
,,,,,
,,,,,
,,,,,
,,,,,
,,,,,
,,,,,
,,,,,
,,,,,
,,,,,
,,,,,
,,,,,
,,,,,
,,,,,
,,,,,
,,,,,
,,,,,
,,,,,
,,,,,
,,,,,
,,,,,
,,,,,
,,,,,
,,,,,
,,,,,
,,,,,
,,,,,
0.8,,,,,
2.4,,,,,
-0.7,,,,,
1.4,,,,,
1.1,,,,,
2.1,,,,,
-0.5,,,,,
-2.1,,,,,
-0.6,,,,,
1.4,,,,,
1.7,,,,,
0.0,,,,,
-1.1,,,,,
-1.0,,,,,
0.0,,,,,
-2.1,,,,,
-1.7,,,,,
0.3,,,,,
-2.1,,,,,
2.6,,,,,
0.8,,,,,
3.4,,,,,
1.2,,,,,
1.5,,,,,
0.1,,,,,
2.3,,,,,
3.1,,,,,
2.5,,,,,
3.4,,,,,
-0.2,,,,,
5.0,,,,,
4.5,,,,,
2.0,,,,,
4.7,,,,,
5.4,,,,,
5.5,,,,,
5.0,,,,,
6.0,,,,,
7.0,,,,,
3.7,,,,,
4.2,,,,,
3.7,,,,,
5.9,,,,,
6.1,,,,,
2.2,,,,,
-1.9,,,,,
2.3,,,,,
-2.1,,,,,
0.2,,,,,
-3.6,,,,,
-3.2,,,,,
-3.9,,,,,
-3.5,,,,,
-4.9,,,,,
-3.4,,,,,
-1.2,,,,,
-4.9,,,,,
-4.9,,,,,
-2.0,,,,,
1.1,,,,,
-1.0,,,,,
-3.4,,,,,
0.3,,,,,
0.4,,,,,
2.6,,,,,
4.8,,,,,
3.0,,,,,
7.8,,,,,
1.3,,,,,
8.7,,,,,
7.8,,,,,
5.1,,,,,
7.4,,,,,
5.8,,,,,
7.5,,,,,
6.3,,,,,
11.0,,,,,
9.0,,,,,
6.5,,,,,
8.2,,,,,
7.3,,,,,
12.7,,,,,
10.5,,,,,
9.6,,,,,
11.2,,,,,
9.1,,,,,
8.3,,,,,
0.8,,,,,
-3.3,,,,,
-2.8,,,,,
2.7,,,,,
-2.2,,,,,
-3.8,,,,,
-2.4,,,,,
-2.4,,,,,
-0.8,,,,,
-2.8,,,,,
-2.0,,,,,
-2.6,,,,,
-4.8,,,,,
1.6,,,,,
-2.1,,,,,
-3.8,,,,,
-4.8,,,,,
-4.0,,,,,
-2.2,,,,,
0.2,,,,,
-0.1,,,,,
-1.4,,,,,
-1.7,,,,,
-3.3,,,,,
-3.0,,,,,
-0.8,,,,,
-2.1,,,,,
-3.6,,,,,
-2.7,,,,,
-2.9,,,,,
-4.2,,,,,
-0.6,,,,,
-4.4,,,,,
-3.9,,,,,
-2.2,,,,,
-2.5,,,,,
-3.3,,,,,
-2.5,,,,,
-1.6,,,,,
-0.6,,,,,
0.0,,,,,
-1.6,,,,,
-2.9,,,,,
-3.0,,,,,
-1.3,,,,,
0.1,,,,,
-2.9,,,,,
-3.8,,,,,
-3.2,,,,,
-2.9,,,,,
-4.9,,,,,
-3.0,,,,,
-2.7,,,,,
-1.3,,,,,
1.0,,,,,
0.1,,,,,
1.1,,,,,
2.1,,,,,
4.9,,,,,
3.9,,,,,
3.7,,,,,
-2.7,,,,,
-2.9,,,,,
-4.9,,,,,
-3.7,,,,,
-3.0,,,,,
-2.9,,,,,
0.0,,,,,
-2.9,,,,,
-3.0,,,,,
-3.3,,,,,
-0.1,,,,,
2.3,,,,,
-2.9,,,,,
-1.6,,,,,
-1.7,,,,,
-3.6,,,,,
-2.0,,,,,
-4.8,,,,,
-2.2,,,,,
-4.8,,,,,
-2.9,,,,,
-3.5,,,,,
-4.1,,,,,
-3.9,,,,,
-3.9,,,,,
-2.4,,,,,
-3.2,,,,,
-3.9,,,,,
-2.7,,,,,
-3.7,,,,,
0.0,,,,,
-4.5,,,,,
-2.7,,,,,
1.0,,,,,
0.1,,,,,
0.5,,,,,
-0.2,,,,,
3.1,,,,,
-2.4,,,,,
2.4,,,,,
1.7,,,,,
-1.4,,,,,
-1.2,,,,,
-0.5,,,,,
0.5,,,,,
-0.5,,,,,
-0.9,,,,,
-1.5,,,,,
-4.2,,,,,
-2.7,,,,,
-0.4,,,,,
-3.9,,,,,
-3.0,,,,,
-3.4,,,,,
-2.7,,,,,
1.1,,,,,
-0.5,,,,,
5.3,,,,,
0.6,,,,,
1.9,,,,,
1.8,,,,,
-0.5,,,,,
0.0,,,,,
0.3,,,,,
1.1,,,,,
3.3,,,,,
2.7,,,,,
-0.3,,,,,
-1.4,,,,,
-3.1,,,,,
-1.2,,,,,
-1.6,,,,,
-1.2,,,,,
0.7,,,,,
-1.2,,,,,
-1.2,,,,,
0.1,,,,,
0.5,,,,,
3.1,,,,,
3.6,,,,,
-2.6,,,,,
-2.2,,,,,
0.0,,,,,
-1.2,,,,,
-2.9,,,,,
-3.7,,,,,
0.3,,,,,
-4.9,,,,,
-2.5,,,,,
-4.5,,,,,
-3.2,,,,,
-4.0,,,,,
-3.2,,,,,
-1.3,,,,,
-1.9,,,,,
-0.8,,,,,
-2.0,,,,,
-0.4,,,,,
-3.9,,,,,
1.6,,,,,
0.6,,,,,
-0.5,,,,,
0.2,,,,,
1.9,,,,,
0.0,,,,,
-0.1,,,,,
0.9,,,,,
-1.9,,,,,
0.3,,,,,
-1.9,,,,,
-0.3,,,,,
-1.1,,,,,
0.2,,,,,
1.6,,,,,
1.0,,,,,
-0.4,,,,,
-1.2,,,,,
1.0,,,,,
0.3,,,,,
1.6,,,,,
0.6,,,,,
2.3,,,,,
-0.7,,,,,
1.6,,,,,
1.7,,,,,
3.4,,,,,
3.9,,,,,
3.5,,,,,
3.0,,,,,
2.7,,,,,
6.7,,,,,
4.3,,,,,
6.7,,,,,
6.9,,,,,
6.0,,,,,
4.1,,,,,
6.0,,,,,
2.7,,,,,
6.7,,,,,
2.4,,,,,
4.9,,,,,
4.6,,,,,
5.0,,,,,
2.4,,,,,
7.9,,,,,
2.0,,,,,
4.7,,,,,
3.7,,,,,
-1.4,,,,,
1.6,,,,,
2.6,,,,,
3.6,,,,,
0.8,,,,,
1.1,,,,,
1.9,,,,,
2.9,,,,,
1.7,,,,,
2.6,,,,,
3.9,,,,,
1.2,,,,,
3.8,,,,,
1.0,,,,,
3.4,,,,,
2.2,,,,,
2.9,,,,,
2.5,,,,,
2.5,,,,,
2.2,,,,,
2.8,,,,,
1.8,,,,,
4.4,,,,,
0.1,,,,,
5.3,,,,,
4.0,,,,,
0.6,,,,,
5.8,,,,,
5.3,,,,,
5.3,,,,,
5.8,,,,,
4.4,,,,,
4.8,,,,,
3.5,,,,,
9.0,,,,,
4.5,,,,,
4.5,,,,,
6.0,,,,,
2.5,,,,,
4.9,,,,,
2.2,,,,,
1.2,,,,,
3.4,,,,,
-2.1,,,,,
2.6,,,,,
4.9,,,,,
3.7,,,,,
5.3,,,,,
4.3,,,,,
4.9,,,,,
5.4,,,,,
3.2,,,,,
7.4,,,,,
5.3,,,,,
6.9,,,,,
7.5,,,,,
8.7,,,,,
9.4,,,,,
14.0,,,,,
13.5,,,,,
9.6,,,,,
8.1,,,,,
8.5,,,,,
3.9,,,,,
7.0,,,,,
0.9,,,,,
5.3,,,,,
1.0,,,,,
5.4,,,,,
5.0,,,,,
9.7,,,,,
6.3,,,,,
3.4,,,,,
3.0,,,,,
4.5,,,,,
4.9,,,,,
3.0,,,,,
1.2,,,,,
1.4,,,,,
-1.0,,,,,
-1.9,,,,,
-0.8,,,,,
-1.9,,,,,
1.7,,,,,
-0.7,,,,,
-1.1,,,,,
0.2,,,,,
2.4,,,,,
1.0,,,,,
4.9,,,,,
-0.7,,,,,
-1.1,,,,,
-1.1,,,,,
3.1,,,,,
0.1,,,,,
-3.4,,,,,
-0.2,,,,,
1.9,,,,,
0.5,,,,,
1.9,,,,,
3.6,,,,,
3.5,,,,,
0.8,,,,,
0.9,,,,,
0.8,,,,,
2.3,,,,,
0.3,,,,,
0.2,,,,,
0.3,,,,,
0.9,,,,,
-0.9,,,,,
-1.2,,,,,
-0.6,,,,,
1.4,,,,,
0.6,,,,,
2.0,,,,,
-3.4,,,,,
1.5,,,,,
1.3,,,,,
2.6,,,,,
-2.4,,,,,
1.1,,,,,
-0.5,,,,,
1.0,,,,,
-0.3,,,,,
0.5,,,,,
1.5,,,,,
-2.1,,,,,
-1.2,,,,,
0.0,,,,,
-3.3,,,,,
0.2,,,,,
-0.5,,,,,
1.7,,,,,
-1.0,,,,,
-3.4,,,,,
-1.1,,,,,
0.5,,,,,
5.4,,,,,
3.7,,,,,
4.2,,,,,
5.9,,,,,
5.4,,,,,
5.0,,,,,
6.0,,,,,
11.0,,,,,
8.3,,,,,
12.2,,,,,
8.5,,,,,
10.5,,,,,
10.7,,,,,
11.5,,,,,
11.0,,,,,
9.8,,,,,
9.6,,,,,
10.2,,,,,
8.3,,,,,
8.5,,,,,
10.0,,,,,
6.5,,,,,
12.9,,,,,
10.1,,,,,
7.3,,,,,
3.5,,,,,
6.4,,,,,
8.9,,,,,
4.6,,,,,
2.5,,,,,
5.4,,,,,
8.0,,,,,
6.9,,,,,
7.7,,,,,
9.4,,,,,
7.5,,,,,
11.7,,,,,
11.8,,,,,
14.9,,,,,
13.1,,,,,
11.6,,,,,
16.0,,,,,
13.0,,,,,
15.5,,,,,
13.0,,,,,
13.2,,,,,
15.4,,,,,
10.6,,,,,
9.8,,,,,
9.5,,,,,
6.8,,,,,
7.7,,,,,
3.5,,,,,
5.4,,,,,
6.4,,,,,
5.5,,,,,
2.9,,,,,
-0.3,,,,,
4.0,,,,,
3.5,,,,,
2.9,,,,,
7.8,,,,,
9.0,,,,,
9.5,,,,,
8.1,,,,,
9.2,,,,,
10.2,,,,,
5.5,,,,,
6.8,,,,,
5.1,,,,,
2.5,,,,,
2.9,,,,,
4.4,,,,,
4.4,,,,,
-1.1,,,,,
5.1,,,,,
2.0,,,,,
2.0,,,,,
4.4,,,,,
2.0,,,,,
4.9,,,,,
3.5,,,,,
4.7,,,,,
8.2,,,,,
7.5,,,,,
1.1,,,,,
2.1,,,,,
0.8,,,,,
0.3,,,,,
-2.9,,,,,
-0.2,,,,,
-3.4,,,,,
-1.1,,,,,
-1.1,,,,,
1.7,,,,,
-1.0,,,,,
0.2,,,,,
-1.2,,,,,
-0.8,,,,,
2.1,,,,,
2.9,,,,,
0.3,,,,,
-1.6,,,,,
-1.1,,,,,
0.1,,,,,
2.9,,,,,
-0.1,,,,,
-3.9,,,,,
-3.7,,,,,
-0.4,,,,,
0.4,,,,,
1.5,,,,,
-0.4,,,,,
-0.7,,,,,
0.5,,,,,
-1.2,,,,,
-3.4,,,,,
-2.5,,,,,
-1.3,,,,,
-1.6,,,,,
-2.4,,,,,
-0.1,,,,,
-2.4,,,,,
2.3,,,,,
-1.4,,,,,
1.0,,,,,
-0.7,,,,,
-1.0,,,,,
-3.1,,,,,
-0.8,,,,,
-0.4,,,,,
3.5,,,,,
4.8,,,,,
4.0,,,,,
-1.5,,,,,
0.5,,,,,
0.1,,,,,
-3.6,,,,,
-3.7,,,,,
-3.8,,,,,
-4.4,,,,,
-2.0,,,,,
1.0,,,,,
-2.6,,,,,
-3.6,,,,,
-3.5,,,,,
-3.6,,,,,
-3.9,,,,,
-4.8,,,,,
-4.0,,,,,
-1.6,,,,,
-1.7,,,,,
-3.4,,,,,
-0.6,,,,,
-0.9,,,,,
-1.5,,,,,
-3.1,,,,,
-3.6,,,,,
-3.7,,,,,
-4.9,,,,,
-2.9,,,,,
-1.2,,,,,
-1.5,,,,,
-2.4,,,,,
-2.0,,,,,
-2.1,,,,,
-4.8,,,,,
-3.4,,,,,
-2.7,,,,,
-3.2,,,,,
-4.4,,,,,
-2.2,,,,,
-3.1,,,,,
-1.2,,,,,
-4.4,,,,,
-4.5,,,,,
-1.6,,,,,
-1.9,,,,,
-3.2,,,,,
-3.6,,,,,
-3.4,,,,,
0.1,,,,,
-1.6,,,,,
-0.2,,,,,
2.9,,,,,
-0.5,,,,,
-0.4,,,,,
1.5,,,,,
2.1,,,,,
2.4,,,,,
0.8,,,,,
-0.7,,,,,
-3.9,,,,,
-1.1,,,,,
-1.1,,,,,
-2.9,,,,,
-1.5,,,,,
-0.1,,,,,
0.7,,,,,
1.1,,,,,
-0.7,,,,,
-3.6,,,,,
-3.0,,,,,
0.2,,,,,
4.2,,,,,
1.2,,,,,
1.7,,,,,
1.2,,,,,
-2.1,,,,,
2.5,,,,,
4.0,,,,,
1.0,,,,,
1.0,,,,,
-1.4,,,,,
13.5,,,,,
8.3,,,,,
7.4,,,,,
5.8,,,,,
7.9,,,,,
7.9,,,,,
5.4,,,,,
7.3,,,,,
5.8,,,,,
6.4,,,,,
6.0,,,,,
9.7,,,,,
9.9,,,,,
10.0,,,,,
7.9,,,,,
10.7,,,,,
9.0,,,,,
8.3,,,,,
9.4,,,,,
12.4,,,,,
2.9,,,,,
0.6,,,,,
1.5,,,,,
-2.6,,,,,
-1.7,,,,,
1.6,,,,,
-1.5,,,,,
-0.6,,,,,
0.9,,,,,
-2.9,,,,,
-4.5,,,,,
-4.9,,,,,
-1.8,,,,,
-4.0,,,,,
1.5,,,,,
-3.4,,,,,
-2.9,,,,,
-1.3,,,,,
-2.4,,,,,
-2.2,,,,,
-2.2,,,,,
-3.9,,,,,
-3.0,,,,,
-0.6,,,,,
-1.6,,,,,
-0.3,,,,,
-4.7,,,,,
1.9,,,,,
0.8,,,,,
-0.1,,,,,
0.9,,,,,
-0.4,,,,,
0.5,,,,,
-1.9,,,,,
-0.6,,,,,
0.2,,,,,
-1.1,,,,,
3.4,,,,,
-0.1,,,,,
-3.1,,,,,
0.1,,,,,
-3.3,,,,,
0.0,,,,,
-2.9,,,,,
-3.9,,,,,
-1.0,,,,,
-1.9,,,,,
-2.0,,,,,
1.9,,,,,
4.2,,,,,
1.2,,,,,
-3.3,,,,,
2.4,,,,,
-1.1,,,,,
-1.2,,,,,
-1.1,,,,,
-4.0,,,,,
-3.5,,,,,
0.1,,,,,
-1.5,,,,,
2.4,,,,,
2.0,,,,,
-3.1,,,,,
-2.2,,,,,
0.7,,,,,
-1.5,,,,,
-2.3,,,,,
-4.3,,,,,
-1.8,,,,,
-3.8,,,,,
2.1,,,,,
4.0,,,,,
1.6,,,,,
-0.7,,,,,
-2.9,,,,,
1.6,,,,,
7.3,,,,,
-1.5,,,,,
-3.5,,,,,
-1.7,,,,,
-1.6,,,,,
-3.4,,,,,
-4.5,,,,,
-4.4,,,,,
-2.7,,,,,
-3.2,,,,,
0.2,,,,,
0.4,,,,,
2.6,,,,,
-1.6,,,,,
3.6,,,,,
1.5,,,,,
-1.9,,,,,
3.1,,,,,
3.0,,,,,
-2.8,,,,,
-1.2,,,,,
-2.8,,,,,
-2.9,,,,,
0.5,,,,,
-2.3,,,,,
-0.2,,,,,
2.9,,,,,
-0.4,,,,,
0.3,,,,,
-1.1,,,,,
-1.9,,,,,
-1.0,,,,,
-3.1,,,,,
1.4,,,,,
0.0,,,,,
4.9,,,,,
1.1,,,,,
-4.4,,,,,
-1.7,,,,,
4.0,,,,,
0.0,,,,,
-0.1,,,,,
2.6,,,,,
0.0,,,,,
0.0,,,,,
0.7,,,,,
1.2,,,,,
0.0,,,,,
-1.5,,,,,
4.8,,,,,
-0.4,,,,,
16.0,,,,,
5.7,,,,,
-3.3,,,,,
0.9,,,,,
0.6,,,,,
1.7,,,,,
0.8,,,,,
3.6,,,,,
1.8,,,,,
0.0,,,,,
1.4,,,,,
8.7,,,,,
1.1,,,,,
6.5,,,,,
9.7,,,,,
7.5,,,,,
11.0,,,,,
8.3,,,,,
9.9,,,,,
8.8,,,,,
6.4,,,,,
8.0,,,,,
7.3,,,,,
5.0,,,,,
4.5,,,,,
3.2,,,,,
1.0,,,,,
1.4,,,,,
1.0,,,,,
2.5,,,,,
4.2,,,,,
8.0,,,,,
8.7,,,,,
7.9,,,,,
8.7,,,,,
9.4,,,,,
8.8,,,,,
7.1,,,,,
7.0,,,,,
8.2,,,,,
12.4,,,,,
11.3,,,,,
8.1,,,,,
9.5,,,,,
10.2,,,,,
9.1,,,,,
-1.4,,,,,
14.6,,,,,
9.3,,,,,
8.8,,,,,
12.2,,,,,
10.6,,,,,
9.8,,,,,
7.0,,,,,
7.3,,,,,
8.0,,,,,
8.2,,,,,
7.3,,,,,
10.7,,,,,
12.2,,,,,
7.0,,,,,
8.2,,,,,
6.1,,,,,
5.1,,,,,
4.4,,,,,
4.4,,,,,
4.9,,,,,
3.7,,,,,
1.8,,,,,
1.9,,,,,
4.0,,,,,
1.7,,,,,
3.6,,,,,
0.8,,,,,
0.8,,,,,
0.2,,,,,
0.9,,,,,
2.1,,,,,
1.1,,,,,
1.1,,,,,
0.1,,,,,
0.7,,,,,
-1.4,,,,,
5.8,,,,,
-0.5,,,,,
-0.1,,,,,
3.4,,,,,
-1.1,,,,,
2.6,,,,,
1.5,,,,,
-2.3,,,,,
-4.2,,,,,
0.9,,,,,
-0.5,,,,,
-3.6,,,,,
-1.8,,,,,
-1.9,,,,,
-1.0,,,,,
-1.6,,,,,
3.8,,,,,
2.2,,,,,
4.0,,,,,
7.0,,,,,
4.4,,,,,
5.7,,,,,
5.9,,,,,
1.8,,,,,
3.8,,,,,
4.9,,,,,
6.3,,,,,
-1.2,,,,,
0.6,,,,,
3.1,,,,,
0.8,,,,,
-0.5,,,,,
-0.9,,,,,
-2.4,,,,,
-2.2,,,,,
-4.0,,,,,
-3.7,,,,,
-2.0,,,,,
-4.2,,,,,
-1.3,,,,,
-0.8,,,,,
-0.9,,,,,
0.4,,,,,
-3.1,,,,,
-2.7,,,,,
-4.9,,,,,
-0.8,,,,,
-3.1,,,,,
0.7,,,,,
-2.3,,,,,
-0.5,,,,,
-0.4,,,,,
-0.2,,,,,
-1.3,,,,,
-3.9,,,,,
-3.4,,,,,
-2.5,,,,,
-2.8,,,,,
-1.7,,,,,
-1.9,,,,,
-4.9,,,,,
-3.4,,,,,
-2.7,,,,,
-2.7,,,,,
-4.5,,,,,
-0.3,,,,,
-3.2,,,,,
-2.2,,,,,
-4.4,,,,,
-2.9,,,,,
1.4,,,,,
3.9,,,,,
4.3,,,,,
2.7,,,,,
1.2,,,,,
3.6,,,,,
2.0,,,,,
2.3,,,,,
2.4,,,,,
3.1,,,,,
4.4,,,,,
0.8,,,,,
3.8,,,,,
3.4,,,,,
-0.7,,,,,
-2.9,,,,,
-2.2,,,,,
-2.0,,,,,
-0.2,,,,,
-2.9,,,,,
-3.2,,,,,
-1.1,,,,,
-0.6,,,,,
-1.2,,,,,
-4.4,,,,,
3.8,,,,,
-1.4,,,,,
-2.6,,,,,
3.8,,,,,
0.1,,,,,
0.7,,,,,
-0.4,,,,,
-2.6,,,,,
-2.7,,,,,
-3.9,,,,,
-3.0,,,,,
-0.4,,,,,
-1.4,,,,,
0.3,,,,,
-1.0,,,,,
1.9,,,,,
-2.4,,,,,
-1.5,,,,,
-1.6,,,,,
-4.3,,,,,
-4.9,,,,,
-4.5,,,,,
-4.3,,,,,
-1.8,,,,,
5.1,,,,,
4.5,,,,,
0.1,,,,,
12.28,11.8,67.5,8.5,0.0,
9.53,10.73,67.75,8.5,0.0,
8.2,12.83,69.25,9.25,0.0,
4.73,7.1,66.0,11.5,0.0,
1.53,5.65,79.5,9.75,0.0,
3.1,9.23,40.25,47.0,0.0,
5.08,10.33,17.0,70.25,0.0,
4.5,11.95,23.75,64.75,0.0,
7.2,7.05,22.75,63.0,0.0,
10.4,11.0,26.75,57.5,0.0,
9.53,11.78,33.5,49.5,0.0,
11.58,18.13,42.5,38.0,0.0,
8.2,20.03,52.75,29.0,0.0,
7.4,20.98,55.75,26.0,0.0,
7.1,18.73,54.0,29.5,0.0,
8.68,12.13,42.25,40.5,0.0,
9.4,12.38,25.25,57.5,0.0,
8.1,9.18,20.25,61.5,0.0,
9.7,16.6,15.25,66.0,0.0,
16.48,16.8,5.0,77.0,0.0,
11.83,17.05,13.5,62.0,0.0,
16.78,22.73,9.75,61.5,0.0,
15.3,23.45,8.25,60.0,0.0,
8.15,18.23,12.0,51.75,0.0,
7.5,22.0,25.5,33.75,0.33,
11.08,12.65,35.0,22.0,0.25,
8.53,9.48,46.0,14.75,0.25,
6.33,15.73,39.25,20.5,0.25,
,,35.0,27.5,0.75,
9.5,12.75,28.75,,,
,,28.75,36.0,0.25,
11.18,23.55,,,,
10.83,18.85,15.25,50.25,1.0,
14.2,21.95,28.75,38.25,1.0,
14.7,18.63,43.0,25.0,0.75,
14.3,20.63,42.0,25.75,1.0,
13.6,22.93,29.0,39.25,1.0,
12.73,24.3,22.25,48.25,1.0,
13.48,22.5,17.25,52.5,1.0,
14.08,23.7,17.0,55.0,0.5,
12.23,24.15,18.5,48.5,1.0,
17.38,26.8,12.25,51.25,1.0,
15.43,28.13,16.0,43.25,0.75,
17.08,21.78,30.25,27.5,1.0,
16.3,20.53,32.25,24.0,1.0,
17.7,22.55,18.75,35.75,0.75,
16.2,27.35,20.0,30.75,1.0,
17.58,21.7,28.25,21.0,1.0,
19.9,20.8,33.5,15.0,1.0,
17.63,22.25,34.75,15.0,0.67,
16.7,26.5,29.25,16.0,1.0,
23.45,25.73,23.0,21.0,1.0,
23.9,27.98,18.0,26.5,1.0,
22.53,25.53,22.25,24.0,1.0,
25.58,27.35,23.75,22.25,1.0,
20.33,22.35,26.75,20.0,1.5,
18.5,17.85,31.5,18.0,1.0,
17.93,21.4,32.0,16.0,1.0,
18.0,12.85,32.0,15.25,1.0,
14.5,15.55,31.25,15.0,1.0,
12.63,12.4,29.75,15.0,1.0,
10.4,13.28,26.0,16.75,1.0,
10.5,12.58,21.25,19.0,1.0,
16.58,10.6,15.0,24.75,1.0,
9.85,10.55,12.5,26.0,1.0,
14.68,13.38,11.5,26.5,1.0,
11.83,11.73,12.25,25.25,0.75,
15.18,13.78,14.25,22.0,0.25,
8.53,12.28,16.75,18.75,0.5,
10.28,9.33,21.5,14.0,0.25,
12.5,12.15,25.0,10.25,0.5,
8.03,8.43,26.0,9.0,0.0,
10.0,11.38,26.5,8.25,0.0,
8.5,9.28,26.25,8.0,0.25,
9.78,8.68,26.75,8.25,0.0,
14.08,7.2,24.75,10.25,0.25,
,,14.75,21.5,0.25,
14.18,10.98,,,,
14.4,18.8,5.75,32.5,0.25,
12.43,11.18,7.5,28.5,0.25,
18.45,17.8,10.5,25.0,0.0,
25.75,17.9,14.0,20.5,0.0,
16.75,18.23,18.25,14.75,0.0,
16.9,21.63,20.0,12.75,0.0,
13.63,17.13,17.25,17.75,0.25,
16.98,19.9,17.75,16.75,0.0,
22.68,26.3,7.5,28.25,0.25,
18.73,25.33,2.5,33.75,0.0,
19.5,26.33,0.0,35.75,0.0,
20.58,28.18,0.25,36.0,0.25,
25.38,26.28,1.0,31.75,0.0,
19.73,25.1,3.0,28.25,0.0,
24.78,25.35,2.75,25.5,0.25,
23.9,28.48,1.5,27.0,0.0,
24.8,26.35,0.0,29.5,0.0,
22.33,22.25,0.0,26.75,1.0,
24.2,25.28,0.0,26.5,1.0,
21.73,23.4,0.0,25.75,1.0,
19.73,22.98,0.0,25.75,1.0,
36.9,37.68,0.0,27.5,1.0,
22.1,27.85,0.0,29.75,1.25,
28.98,31.88,0.0,36.25,1.5,
23.83,35.55,0.0,38.0,1.5,
27.68,31.4,0.0,30.0,1.25,
32.38,38.3,0.0,28.75,1.5,
31.6,39.28,2.0,23.75,1.0,
25.15,30.93,4.25,21.0,1.25,
26.0,25.33,3.25,19.25,1.0,
21.63,34.25,2.5,17.75,1.25,
22.9,31.23,2.75,22.5,1.0,
23.9,33.3,2.0,26.75,1.0,
20.03,25.55,2.5,31.0,1.0,
12.93,16.98,11.25,30.25,1.0,
10.4,14.23,18.25,26.5,1.0,
12.1,17.03,21.0,24.5,0.75,
12.4,18.38,25.25,20.25,1.0,
10.7,16.68,30.5,16.0,1.0,
9.43,14.55,34.25,13.75,1.25,
11.28,10.78,36.75,13.0,1.25,
7.13,8.93,40.75,10.5,1.0,
7.5,10.45,40.75,9.5,1.5,
8.6,8.43,41.75,9.75,2.0,
7.6,8.63,40.75,12.0,1.5,
6.63,10.5,36.0,17.5,1.75,
6.3,10.38,20.5,35.75,1.75,
8.18,9.35,15.75,41.0,1.25,
8.5,13.03,9.75,44.5,1.0,
17.75,15.65,3.75,55.0,1.25,
14.33,20.3,3.75,60.5,1.5,
11.43,19.85,16.5,41.5,1.25,
9.63,16.35,34.5,28.5,2.0,
10.0,19.08,37.0,28.25,1.5,
8.93,9.83,36.25,27.5,1.5,
9.3,19.38,33.0,31.5,1.5,
9.4,17.6,28.75,34.25,2.0,
9.3,24.03,6.75,58.75,2.0,
18.85,31.5,1.0,65.75,1.75,
16.8,32.38,0.0,64.0,2.0,
23.48,37.85,1.0,62.75,2.0,
17.05,28.78,0.0,57.5,1.5,
25.08,28.23,0.5,55.0,1.75,
22.93,29.75,0.25,47.5,1.25,
21.0,26.43,0.25,47.75,1.5,
19.8,20.95,4.0,40.25,0.0,
20.8,16.55,26.0,21.5,0.0,
12.55,11.08,28.75,16.75,0.0,
10.7,16.13,22.5,21.25,0.5,
12.18,14.53,19.25,27.25,0.0,
15.88,16.73,8.75,37.25,0.0,
12.23,18.3,1.5,48.5,0.25,
17.98,24.2,0.0,61.25,0.75,
10.93,18.4,0.0,60.25,0.5,
11.1,24.43,1.33,53.67,0.33,
18.15,25.38,1.25,60.5,1.0,
20.48,23.2,6.75,51.25,0.5,
31.55,35.45,12.75,48.25,1.0,
19.28,26.15,20.75,43.75,1.0,
19.3,29.78,13.75,58.0,0.75,
19.7,27.65,12.5,57.0,1.25,
15.63,23.55,11.75,58.0,0.75,
18.38,21.0,10.0,51.75,0.5,
20.38,15.53,16.5,44.5,1.0,
16.93,23.28,15.25,49.5,0.75,
,,21.75,39.5,0.5,
15.1,16.85,22.25,25.25,1.0,
17.38,12.28,18.75,24.0,1.25,
20.98,18.3,13.25,26.75,1.0,
24.38,18.23,8.5,31.25,1.0,
24.9,26.43,4.75,38.5,1.0,
20.83,27.93,1.25,46.5,1.5,
22.98,29.63,0.0,51.5,1.0,
23.8,38.18,0.0,51.75,1.0,
25.88,36.95,0.25,55.25,1.0,
36.45,46.23,1.0,52.5,1.0,
33.63,41.7,2.5,51.0,1.0,
36.3,41.28,3.5,46.25,1.0,
,,4.75,47.0,1.0,
37.18,37.08,,,,
31.05,36.75,2.5,53.5,0.5,
32.28,40.28,0.0,61.75,1.0,
30.9,38.73,0.0,59.5,1.0,
,,0.0,60.25,1.0,
40.98,48.48,0.25,48.5,0.75,
36.73,41.23,0.0,46.25,1.0,
35.83,43.18,0.0,39.75,1.25,
34.4,41.5,0.0,36.0,1.0,
37.48,40.4,0.0,33.25,1.0,
30.53,39.68,0.0,31.25,1.0,
24.23,36.98,3.25,28.25,1.0,
27.28,29.25,4.5,30.75,1.0,
21.13,25.63,16.0,20.0,1.0,
23.48,21.75,15.0,21.25,1.0,
28.25,31.83,16.0,20.25,2.0,
16.58,19.48,22.25,16.25,2.0,
18.9,25.15,25.0,16.75,2.0,
19.6,21.45,25.5,17.75,1.75,
21.5,18.75,24.25,17.75,1.5,
18.83,22.2,20.75,22.0,1.0,
19.6,22.65,22.0,23.0,1.0,
25.05,25.33,14.25,29.5,1.5,
25.8,25.95,3.0,41.5,1.5,
26.6,30.48,13.0,32.0,1.0,
22.43,28.55,16.25,32.25,1.25,
27.08,25.93,22.25,27.25,1.25,
23.53,27.85,21.25,26.5,1.0,
23.9,24.45,21.25,23.75,1.0,
20.45,27.58,20.75,22.0,1.25,
26.48,25.7,15.75,25.0,2.0,
23.03,25.93,12.0,24.0,2.33,
23.9,28.25,8.0,32.67,2.0,
27.85,26.03,4.75,30.75,2.0,
25.2,26.73,2.25,32.25,2.0,
27.98,28.43,3.0,28.5,1.75,
26.9,30.5,2.5,28.0,1.0,
28.8,29.4,0.0,37.25,1.5,
32.1,37.03,2.0,39.75,1.75,
30.9,31.63,7.0,31.5,2.75,
34.78,33.58,14.5,28.25,3.0,
34.5,32.78,20.0,23.75,2.0,
28.43,31.3,21.25,27.75,2.0,
26.6,31.98,18.25,32.0,2.25,
35.55,,13.75,41.5,2.0,
28.35,,8.5,,,
28.3,39.93,2.0,,,
38.73,41.93,1.25,50.75,1.75,
36.33,44.33,1.25,58.0,1.5,
44.45,46.0,1.0,52.5,1.0,
30.63,31.35,11.75,35.5,1.0,
23.35,27.85,25.75,20.25,1.0,
19.63,23.25,33.5,16.5,1.0,
11.28,13.23,41.75,14.75,1.0,
15.35,14.63,41.25,16.5,0.0,
15.6,15.33,41.75,12.5,0.25,
11.23,8.85,43.75,12.25,0.5,
11.28,11.5,39.0,16.75,0.5,
11.5,11.7,25.25,26.25,0.5,
10.73,12.85,7.75,42.0,0.5,
16.45,17.28,4.25,45.0,0.75,
12.13,21.83,10.75,37.0,0.25,
13.2,16.25,22.5,30.0,0.25,
11.63,12.68,34.0,24.75,0.5,
,,38.25,24.0,0.75,
9.6,11.15,,,,
8.1,7.65,54.0,14.0,1.0,
3.83,5.35,55.75,14.5,0.5,
1.43,8.58,52.5,18.25,0.5,
2.1,7.3,52.0,20.25,1.0,
5.3,6.55,36.0,37.75,0.75,
6.4,9.38,34.25,39.0,1.0,
7.1,7.58,58.25,15.75,1.0,
5.7,12.98,62.5,11.0,1.0,
12.15,11.6,59.75,13.25,1.0,
6.93,10.65,64.5,8.25,1.25,
3.53,7.1,56.0,14.25,1.0,
2.5,6.38,57.25,13.25,0.0,
3.7,5.83,64.0,6.5,0.0,
4.48,7.5,70.25,3.25,0.0,
6.78,7.28,69.0,6.25,0.0,
6.9,6.73,56.0,17.5,0.0,
2.73,8.53,55.25,20.25,0.0,
1.13,10.45,54.75,24.75,0.0,
5.78,12.95,50.25,27.25,0.0,
5.2,9.68,59.5,22.75,0.0,
4.6,7.65,58.5,22.75,0.0,
10.75,10.88,65.0,14.5,0.0,
9.23,21.9,72.25,10.5,0.0,
8.9,21.25,66.5,15.75,0.0,
7.03,10.93,67.25,13.25,0.0,
6.6,12.28,67.25,14.5,0.0,
7.58,9.75,65.0,18.0,0.0,
,,62.0,25.5,0.0,
6.5,5.95,,,,
3.93,8.55,70.0,18.5,0.0,
0.13,12.08,70.75,14.5,0.0,
1.3,10.4,79.75,6.75,0.0,
3.58,9.15,82.0,4.5,0.0,
4.78,5.55,84.75,4.25,0.0,
2.83,1.88,83.25,3.25,0.0,
0.0,7.08,82.5,2.0,0.0,
3.48,5.2,82.0,2.5,0.25,
6.68,4.88,79.5,3.5,0.0,
8.48,9.05,73.75,7.75,0.0,
8.0,11.68,71.25,10.75,0.0,
5.93,9.28,58.0,23.0,0.0,
11.25,7.08,57.25,22.75,0.0,
9.43,5.43,57.0,23.0,0.0,
6.83,13.4,55.5,21.0,0.0,
8.08,19.43,58.5,15.75,0.0,
9.18,20.4,64.5,14.25,0.0,
7.3,20.03,67.25,10.5,0.0,
9.38,22.03,67.75,10.25,0.0,
10.48,24.58,67.5,12.0,0.0,
12.58,24.2,56.25,21.75,0.0,
8.13,16.33,50.0,25.0,0.0,
8.6,17.5,49.25,24.0,0.0,
7.0,11.15,51.75,22.0,0.0,
8.4,14.6,57.5,16.0,0.0,
9.78,14.08,59.75,11.25,0.0,
6.93,12.28,49.25,20.75,0.0,
5.8,17.45,46.25,19.25,0.0,
9.75,13.73,54.75,11.25,0.0,
3.63,12.88,71.5,7.75,0.33,
6.58,12.7,71.75,7.5,1.0,
8.5,11.1,43.0,29.75,0.5,
5.93,13.2,48.5,23.75,0.25,
5.8,13.5,45.75,24.0,0.75,
4.8,14.58,27.75,45.0,0.0,
,,24.0,52.75,0.0,
5.83,7.33,,,,
6.6,8.48,41.0,32.5,0.0,
7.08,7.9,55.75,26.5,0.0,
6.43,10.2,63.75,24.0,0.0,
10.88,10.0,48.0,41.0,0.0,
8.53,9.7,39.75,46.67,0.0,
10.2,9.7,31.0,0.0,0.0,
6.83,16.45,24.25,63.5,0.0,
,,47.0,38.25,0.0,
9.23,15.7,52.5,22.5,0.0,
8.5,15.0,44.5,30.0,0.0,
6.7,13.03,39.0,29.25,2.67,
4.43,9.83,44.33,24.0,2.25,
8.18,12.5,43.67,23.5,2.0,
7.8,11.53,45.5,20.0,2.0,
7.33,9.83,44.75,20.0,2.0,
6.23,8.53,44.0,19.75,2.0,
5.1,9.5,44.25,21.0,2.0,
4.4,7.5,46.5,25.75,2.0,
6.98,7.6,52.75,21.5,2.0,
6.6,5.1,60.0,19.0,2.25,
6.6,4.03,59.0,19.5,2.0,
3.83,4.3,52.75,25.0,2.25,
5.78,4.2,35.75,38.0,2.25,
7.1,3.2,41.75,31.75,2.0,
5.03,4.3,61.0,10.75,2.5,
3.3,5.28,61.25,13.5,2.5,
5.1,12.25,59.5,14.5,2.5,
5.5,10.03,48.25,24.0,2.75,
5.8,5.83,55.75,14.75,3.0,
4.13,5.8,60.5,14.0,3.0,
,,67.5,12.0,3.5,
9.48,11.2,60.75,13.5,4.0,
6.1,8.43,58.0,14.5,3.75,
3.23,6.03,56.0,13.25,0.0,
4.38,6.1,54.5,12.0,0.0,
5.78,7.7,54.5,11.67,0.33,
4.33,5.03,57.75,12.0,1.0,
7.88,3.2,55.25,14.5,0.75,
7.5,10.78,48.25,20.5,0.5,
7.5,11.4,43.5,15.25,0.0,
11.68,11.5,42.5,19.75,0.0,
13.1,18.65,36.25,26.0,0.5,
13.98,14.53,37.0,27.5,0.0,
13.7,12.03,33.0,22.5,0.0,
10.53,17.55,33.25,21.5,0.0,
14.55,16.9,31.0,24.75,0.0,
11.63,12.83,34.0,25.25,0.0,
13.08,11.9,31.25,23.0,0.0,
10.33,10.5,21.0,35.25,0.0,
9.9,8.33,14.75,42.75,0.0,
15.15,8.6,5.5,54.5,0.0,
18.98,10.18,2.5,59.0,0.0,
14.25,19.25,1.5,58.75,0.0,
,,42.25,18.5,0.0,
5.68,10.9,46.5,8.75,0.0,
3.43,8.8,51.0,5.5,0.0,
2.4,6.7,53.25,3.75,0.0,
2.1,3.23,53.0,2.0,0.0,
1.7,1.1,48.25,5.0,0.0,
1.1,2.9,46.5,5.75,0.0,
0.6,2.5,39.25,14.0,0.0,
1.5,7.28,28.5,28.0,0.0,
3.4,6.43,8.0,55.0,0.0,
4.2,6.2,5.75,61.0,0.0,
3.0,5.1,11.0,56.25,0.0,
1.73,9.28,29.5,34.5,0.0,
1.5,7.8,46.0,18.25,0.0,
9.63,6.63,57.25,13.75,0.0,
10.0,9.1,46.25,36.25,0.75,
6.63,9.2,48.75,40.75,0.75,
13.15,11.3,59.75,23.0,1.0,
9.45,17.68,52.0,27.25,1.0,
,,46.25,32.75,1.0,
13.38,17.63,63.5,19.0,1.0,
9.15,16.0,59.0,16.75,1.0,
10.5,17.1,41.5,31.75,0.0,
9.3,12.15,54.0,15.75,0.0,
8.9,13.5,45.5,25.5,0.0,
8.13,16.2,54.25,17.75,0.0,
6.5,13.43,31.5,46.75,0.0,
5.9,13.0,22.5,50.0,0.0,
8.78,16.3,9.75,68.0,0.0,
5.73,21.88,6.25,74.5,0.0,
6.8,21.3,24.0,55.5,0.0,
7.8,16.73,36.75,33.25,0.0,
11.65,9.95,31.75,27.5,0.0,
10.2,13.98,33.25,28.75,0.0,
6.75,9.43,30.75,34.0,0.0,
6.6,11.3,35.75,31.5,0.0,
4.9,7.73,31.25,33.75,0.0,
4.83,9.5,33.75,31.25,0.0,
7.88,7.33,26.5,32.25,0.0,
8.2,9.78,24.5,30.25,0.0,
,,26.25,27.0,0.0,
6.33,9.8,40.5,13.0,0.0,
5.9,10.88,41.75,12.25,0.0,
3.83,6.93,44.25,10.0,0.0,
1.8,3.6,46.5,9.5,0.0,
3.78,2.6,45.75,10.25,0.0,
3.5,4.7,44.75,12.25,0.0,
1.7,8.98,39.25,16.5,0.0,
0.93,4.93,35.75,22.25,0.25,
1.0,2.0,32.75,25.5,0.25,
0.7,2.6,36.25,25.25,0.25,
4.48,7.38,39.5,24.25,1.0,
6.1,9.1,40.0,22.0,0.75,
5.8,12.18,42.5,17.75,0.75,
5.5,9.93,44.0,15.75,1.0,
6.2,7.43,46.25,16.0,1.5,
3.53,4.93,49.25,14.0,1.25,
4.4,6.28,49.0,15.25,1.25,
7.95,5.5,46.0,16.0,1.0,
,,44.75,17.5,1.0,
5.8,5.5,45.5,10.5,1.0,
3.63,9.18,44.75,10.0,1.0,
2.03,7.2,48.75,7.5,0.0,
3.48,4.63,53.25,7.25,0.0,
4.2,3.4,68.5,6.5,0.25,
2.6,3.6,55.25,23.75,1.0,
3.88,7.18,48.75,33.5,1.0,
3.4,9.9,37.5,42.25,1.0,
4.28,7.43,25.0,54.75,1.0,
8.85,7.4,31.5,49.0,1.0,
8.5,8.78,38.5,43.0,1.0,
5.63,11.1,42.75,40.5,1.0,
5.0,10.1,41.25,41.5,0.75,
7.78,12.48,37.75,43.25,1.0,
10.88,11.1,37.0,43.0,1.0,
8.83,9.2,41.75,40.5,1.0,
5.73,7.1,40.25,39.25,1.0,
5.3,9.0,34.75,44.5,1.25,
,,22.75,56.75,1.0,
9.2,11.4,45.25,26.5,1.0,
9.1,12.0,48.0,22.5,1.0,
6.9,10.3,38.5,24.75,1.0,
12.05,11.98,41.25,20.75,1.0,
7.25,13.78,33.0,24.75,1.25,
7.78,17.28,21.75,35.75,1.0,
,,8.5,46.75,1.0,
7.03,17.2,,,,
8.98,15.3,2.5,59.5,1.0,
9.5,20.58,3.75,56.0,1.0,
11.18,23.1,6.0,57.75,1.0,
10.8,22.6,23.25,40.25,0.75,
,,32.5,30.25,0.5,
12.35,24.78,,,,
12.8,26.9,38.75,30.25,0.25,
,,41.5,29.75,0.25,
31.2,39.85,0.0,69.75,1.0,
30.83,43.5,0.0,74.5,1.0,
32.78,38.43,0.0,63.75,3.0,
31.43,36.93,0.0,64.0,2.75,
30.83,32.83,0.0,55.75,3.0,
21.8,22.75,0.0,51.0,2.5,
26.15,32.25,0.0,57.0,2.75,
22.25,24.23,0.25,52.5,2.25,
20.63,26.7,3.5,50.25,2.0,
17.33,12.88,6.75,51.5,2.0,
19.48,20.25,9.0,48.25,2.0,
16.23,21.28,6.0,56.0,2.5,
24.9,20.7,5.5,56.5,2.25,
21.83,25.28,10.5,48.25,2.25,
,,17.5,42.75,2.5,
,,24.75,,,
,,30.5,,,
10.45,11.85,,,,
12.08,11.5,32.0,27.75,2.0,
,,29.0,31.25,2.25,
11.25,14.8,37.0,14.5,2.0,
17.5,14.5,36.25,14.25,2.25,
16.5,16.9,35.25,16.0,0.0,
14.03,15.2,36.75,13.67,0.0,
13.13,16.6,38.75,10.67,0.0,
15.68,18.2,35.0,11.75,0.0,
10.45,17.2,29.5,15.25,0.0,
14.85,15.33,27.25,20.0,0.0,
10.15,16.6,28.25,17.75,0.0,
14.45,11.05,24.75,21.5,0.0,
10.85,12.9,25.25,21.75,0.0,
16.53,8.83,22.75,26.25,0.0,
9.78,11.0,25.25,23.5,0.0,
11.2,14.1,21.75,27.5,0.0,
11.6,10.33,22.75,27.5,0.0,
10.33,12.28,21.75,27.25,0.0,
5.55,9.6,32.5,23.5,0.0,
4.83,5.73,41.75,18.5,0.0,
,,19.5,37.0,0.0,
,,13.25,,,
,,23.5,,,
7.4,14.5,21.0,39.25,0.75,
8.0,10.63,36.0,26.25,0.5,
6.23,8.3,41.75,17.5,0.33,
4.73,7.0,40.5,12.0,0.25,
5.4,8.08,12.75,33.5,1.0,
8.68,5.9,26.25,29.75,0.5,
8.2,4.03,42.75,18.0,0.5,
7.6,8.98,16.0,50.25,0.5,
9.08,10.9,9.0,57.75,0.0,
8.1,8.5,22.5,39.5,0.75,
6.03,10.2,18.0,44.5,0.0,
4.23,7.73,27.5,32.75,0.0,
,6.0,35.75,25.25,0.75,
,8.6,,21.75,1.0,
5.23,5.1,,18.0,1.0,
4.03,11.1,50.75,18.75,1.0,
4.1,8.6,46.75,23.5,1.0,
5.78,11.48,36.0,32.0,1.25,
8.68,12.5,32.5,38.0,1.0,
7.73,14.8,32.5,38.5,1.0,
10.08,9.73,40.25,31.5,1.0,
7.15,10.1,40.75,28.0,1.0,
,,49.25,21.0,1.0,
6.9,7.2,,,,
,,17.75,47.25,1.0,
7.3,10.2,,,,
9.58,11.4,1.25,62.75,1.0,
9.4,19.08,2.5,58.0,1.0,
9.6,20.4,5.5,54.75,1.5,
9.2,15.73,12.0,49.25,1.0,
6.93,12.8,24.75,33.75,1.0,
5.63,9.03,25.5,32.5,0.25,
4.63,9.0,20.0,39.5,1.0,
8.28,7.23,25.75,38.25,1.0,
6.6,11.1,23.75,38.75,1.5,
5.13,8.33,25.0,41.5,1.0,
5.0,13.78,16.0,49.75,1.25,
9.88,8.33,21.0,42.25,1.0,
9.6,6.0,23.5,37.0,1.0,
6.55,7.1,33.75,29.75,1.0,
4.43,9.7,36.75,27.0,1.0,
5.78,8.5,39.0,22.25,1.0,
9.75,8.7,43.25,17.25,1.25,
6.23,11.4,48.25,11.25,0.0,
3.03,7.03,50.25,11.0,0.0,
6.38,8.6,51.25,11.25,0.5,
6.9,8.4,47.25,13.0,0.5,
5.03,9.7,45.0,18.25,0.25,
8.58,9.4,43.25,22.75,0.5,
5.15,5.73,40.25,26.0,0.25,
2.23,3.23,44.5,23.25,0.0,
2.8,4.7,45.0,23.5,0.25,
3.8,5.6,44.25,23.25,0.0,
2.23,3.5,41.25,23.25,0.0,
3.2,2.73,44.0,20.25,0.25,
4.4,5.9,43.0,20.5,0.0,
4.1,6.4,37.25,27.5,0.0,
2.8,6.5,47.5,26.75,0.0,
1.33,6.0,60.75,24.5,0.25,
,5.9,63.25,26.75,0.25,
,14.88,40.0,,0.25,
,,45.0,,0.5,
9.43,4.55,,,,
5.45,6.1,70.0,15.5,0.0,
3.53,6.4,69.5,14.5,0.0,
4.88,5.5,68.0,13.25,0.0,
4.5,7.68,66.25,12.5,0.33,
4.2,9.5,62.0,12.0,0.75,
5.28,15.6,40.0,32.75,0.75,
5.1,13.7,33.75,37.25,0.75,
4.6,10.53,28.0,43.75,0.75,
6.18,12.88,11.75,62.0,0.5,
7.58,19.68,6.25,67.75,0.0,
7.8,16.8,13.25,59.25,0.0,
8.98,11.8,17.25,53.25,0.0,
7.9,12.5,34.75,34.5,0.0,
,,45.0,25.5,0.0,
7.13,14.3,,,,
6.7,19.3,58.0,20.25,0.0,
5.9,13.9,57.75,21.0,0.0,
9.25,15.9,54.25,23.75,0.0,
12.78,15.8,42.25,35.5,0.0,
12.9,22.9,14.5,64.5,0.0,
12.43,21.6,11.5,68.0,0.0,
8.85,14.73,24.5,50.0,0.0,
13.95,20.08,6.75,67.75,0.0,
13.03,19.6,17.25,53.75,0.0,
12.8,17.2,28.75,36.25,0.0,
12.43,16.5,30.5,29.5,0.0,
11.63,17.98,38.75,20.0,1.0,
8.13,13.83,40.5,16.5,1.0,
10.28,13.6,32.75,26.25,1.25,
7.63,13.5,30.0,27.0,1.25,
8.0,10.6,21.75,33.75,1.0,
11.55,14.5,0.5,63.25,1.0,
10.33,20.48,9.25,50.5,1.0,
8.53,18.0,2.5,60.25,1.0,
,,14.5,48.0,1.5,
11.83,18.83,,,,
8.53,16.5,47.75,19.0,2.0,
11.08,11.23,46.25,20.25,2.0,
7.83,14.28,43.25,24.25,1.0,
6.6,10.53,44.25,22.75,1.0,
3.73,10.5,41.25,24.25,1.0,
7.95,11.2,35.0,27.75,1.0,
12.55,14.9,21.5,42.0,1.0,
10.83,13.53,19.25,43.75,1.0,
11.5,14.9,14.5,46.75,0.75,
11.0,15.4,13.75,46.5,1.0,
11.28,20.98,17.75,41.5,0.75,
11.6,18.13,19.25,38.5,1.0,
15.75,18.4,20.75,36.25,0.5,
11.55,17.8,14.5,39.0,1.0,
11.4,9.63,15.0,41.5,1.0,
10.4,11.4,24.33,33.0,1.0,
6.65,9.03,39.5,18.5,1.0,
11.25,15.88,6.75,40.5,1.0,
17.7,15.1,0.0,55.5,1.25,
12.38,19.9,0.25,48.0,0.0,
15.08,23.68,0.0,52.75,1.5,
21.63,26.08,1.75,53.0,1.75,
16.58,23.3,3.0,47.0,2.0,
18.0,20.3,5.25,46.75,2.0,
16.5,21.7,10.0,38.0,1.0,
,,25.0,27.0,1.25,
11.1,10.33,,,,
15.53,13.9,30.75,28.75,1.0,
,14.4,26.5,34.5,1.5,
,11.7,,47.5,1.75,
,,,50.0,1.0,
20.25,,,,,
20.6,,,,,
23.25,25.8,,,,
25.95,24.83,4.0,41.25,0.75,
25.9,,6.25,39.5,0.5,
24.33,,8.0,,,
,,7.0,,,
20.1,20.2,,,,
18.03,20.4,12.0,41.0,1.0,
,,15.0,37.25,0.5,
25.03,23.33,,,,
37.03,32.08,10.5,37.0,0.0,
24.88,22.33,17.25,28.5,0.0,
24.8,21.9,19.75,24.25,0.0,
26.58,22.5,17.75,25.5,1.67,
22.85,21.4,20.5,23.0,1.75,
17.48,22.88,23.0,19.5,1.75,
20.75,18.83,20.75,22.75,1.0,
16.78,15.4,15.0,28.75,1.5,
,,5.25,40.25,1.75,
16.33,18.8,,,,
19.15,16.3,0.5,50.0,1.5,
20.2,20.58,1.5,48.25,1.0,
18.53,25.8,3.75,46.25,1.75,
25.7,25.9,6.0,40.5,2.0,
26.5,27.3,6.5,37.0,1.75,
25.9,28.1,7.5,37.75,2.0,
23.35,26.3,6.75,41.0,2.25,
26.65,25.6,5.75,45.5,1.75,
31.55,27.6,4.0,48.75,1.5,
36.43,33.6,1.25,52.25,1.5,
34.13,36.48,0.5,53.75,1.0,
33.6,38.4,1.5,50.5,1.75,
33.1,35.4,1.0,51.5,1.5,
36.25,38.88,1.0,52.0,1.5,
35.33,30.23,0.25,52.0,1.75,
35.7,35.28,0.0,53.75,2.0,
34.7,38.6,0.0,54.0,1.5,
36.08,35.5,0.0,54.0,3.33,
37.98,34.2,0.0,53.25,2.75,
37.4,37.0,0.0,50.25,2.25,
39.85,37.38,0.0,46.5,2.5,
,,2.0,43.0,3.0,
33.8,33.8,,,,
37.65,34.9,3.25,43.25,4.5,
38.2,37.18,6.75,40.0,5.0,
40.08,37.3,10.75,35.5,4.5,
43.95,37.3,16.25,33.25,5.0,
42.63,40.2,20.5,32.75,5.0,
41.43,40.3,20.5,33.75,5.0,
40.13,40.6,23.25,33.25,4.75,
41.1,40.88,27.0,32.25,4.0,
38.65,46.28,30.0,32.25,3.75,
32.2,36.13,30.75,33.0,4.0,
,,20.5,48.0,4.0,
36.2,37.5,,,,
29.48,34.7,17.5,52.75,3.0,
28.83,31.3,22.75,49.25,2.5,
22.48,26.3,26.75,44.0,2.0,
22.4,28.4,22.75,45.0,2.0,
22.78,22.43,20.25,44.5,1.75,
29.0,36.45,14.5,49.25,4.33,
29.2,32.3,10.0,53.0,4.75,
28.03,31.1,6.25,55.75,4.0,
31.83,34.58,1.5,60.25,4.0,
30.9,34.4,0.25,62.25,3.25,
34.55,35.7,0.0,60.25,3.0,
39.95,37.6,0.5,75.25,3.25,
41.88,42.8,1.25,83.75,4.25,
45.85,48.98,4.0,75.75,5.75,
48.95,52.6,10.5,65.75,6.5,
51.48,59.48,15.25,60.75,6.75,
49.23,51.93,19.75,67.25,6.75,
64.5,73.23,16.25,87.75,7.0,
58.4,60.25,15.5,87.5,6.75,
45.23,48.33,14.0,88.25,6.0,
47.08,49.0,11.75,87.5,5.75,
,,4.25,102.0,6.25,
54.35,56.1,,,,
54.6,53.2,6.0,75.75,4.75,
60.78,56.0,6.25,69.75,5.25,
61.2,61.9,6.0,62.25,3.33,
63.55,65.2,6.5,56.75,3.0,
66.85,67.9,3.25,59.5,2.75,
56.55,57.6,3.75,51.75,1.75,
48.3,49.3,2.25,49.5,1.0,
41.7,44.7,2.75,49.75,1.0,
,,3.75,48.0,0.5,
40.15,41.7,,,,
36.65,42.4,22.5,34.5,0.75,
32.95,34.0,24.5,36.25,0.25,
38.03,31.7,,38.5,0.75,
32.88,32.3,,35.25,0.25,
30.25,30.4,30.0,34.25,0.75,
,,28.75,38.5,1.0,
25.88,32.0,,,,
28.65,30.0,5.5,74.25,1.0,
22.55,24.8,14.75,65.0,1.0,
14.78,14.4,39.5,43.75,1.0,
10.25,20.4,38.0,44.25,1.0,
10.1,15.4,43.25,33.25,1.0,
12.78,12.9,39.75,35.25,1.0,
15.05,11.9,18.75,48.75,1.0,
18.25,18.7,4.25,64.25,1.67,
14.25,17.5,26.33,43.5,1.0,
12.13,18.0,29.0,44.75,1.5,
9.13,11.1,38.5,27.5,1.5,
9.68,13.7,18.5,49.0,2.0,
12.78,15.7,8.75,61.0,1.25,
10.15,14.6,4.25,66.5,1.25,
11.68,17.1,4.0,73.25,1.5,
16.33,19.6,11.75,66.0,1.75,
15.5,20.5,21.75,53.25,2.0,
,,31.25,42.5,2.0,
15.48,25.9,,,,
25.58,23.9,55.5,27.75,2.0,
,,69.75,18.75,1.5,
18.33,20.2,,,,
15.43,20.6,42.0,38.5,1.5,
12.25,19.1,47.5,29.0,1.25,
11.9,21.0,56.25,16.25,1.0,
8.25,10.3,58.25,12.0,1.5,
6.03,8.1,61.25,9.75,1.5,
8.18,8.3,61.5,8.0,0.0,
8.1,4.6,64.0,6.33,0.0,
5.23,3.5,61.75,8.67,0.0,
6.18,4.8,58.25,9.5,0.0,
4.73,5.4,56.25,11.5,0.0,
5.28,4.2,50.25,15.75,0.0,
4.6,7.0,40.0,26.25,0.25,
7.05,6.2,35.0,32.0,0.5,
9.18,6.8,43.5,29.25,0.5,
10.1,13.8,62.5,17.5,1.0,
,,73.0,12.0,1.0,
8.95,13.4,,,,
13.93,12.0,,33.0,0.75,
11.43,14.7,,33.25,1.0,
7.25,7.9,66.0,16.75,1.25,
7.03,6.3,69.5,13.5,1.0,
6.7,7.4,62.0,15.5,1.25,
7.1,4.8,60.5,14.75,0.67,
6.03,5.4,65.5,10.0,0.5,
9.45,14.3,64.75,10.0,0.25,
8.73,10.3,57.75,15.25,0.25,
,,46.75,27.75,0.75,
7.2,12.6,22.0,52.0,,
7.8,12.5,5.5,74.75,0.25,
6.83,20.7,5.25,77.5,0.75,
15.3,16.5,8.25,79.0,0.75,
,,22.5,56.0,0.33,
,,36.75,43.5,2.75,
6.83,11.5,,,,
10.15,15.2,12.0,71.25,1.75,
18.45,22.2,2.5,85.25,1.75,
20.75,26.8,2.75,85.5,1.5,
19.3,20.1,5.0,77.25,1.5,
15.55,23.8,4.75,73.75,1.5,
26.73,26.0,10.25,63.0,1.0,
18.73,18.3,14.25,53.0,1.0,
18.4,16.7,21.5,44.0,2.0,
14.15,21.1,27.75,34.5,2.0,
14.88,21.8,25.75,34.75,1.75,
15.3,14.7,25.75,33.75,2.0,
,,6.0,57.75,2.0,
9.13,12.7,8.25,,,
,,1.75,63.75,1.25,
19.35,25.2,,,,
17.55,23.9,48.0,23.0,0.0,
15.53,16.7,50.25,20.25,0.25,
17.08,16.7,51.0,19.5,0.0,
18.2,21.8,48.25,20.0,2.67,
15.35,17.98,38.75,24.75,2.75,
17.78,12.43,41.75,19.5,2.25,
14.25,18.4,42.5,18.0,2.0,
11.65,12.9,42.25,20.0,1.75,
,,37.0,27.5,1.75,
13.05,16.8,,,,
14.3,20.93,47.0,23.25,1.0,
,,56.5,16.0,1.0,
13.23,21.3,,,,
12.43,20.1,69.0,13.5,0.0,
,,53.5,24.25,0.0,
20.35,28.3,,,,
18.83,26.0,48.0,27.0,0.0,
,,47.25,27.0,0.0,
22.2,25.7,,,,
,,21.0,42.25,2.25,
29.88,30.13,,,,
30.38,37.6,11.25,55.25,2.0,
,,25.75,39.25,2.0,
27.13,33.8,,,,
25.43,28.3,47.0,25.0,2.25,
26.18,,48.25,24.0,2.25,
16.6,,,,,
15.13,19.65,,,,
16.88,8.23,57.25,34.75,2.75,
11.4,18.13,38.25,52.5,1.75,
24.98,25.55,21.5,67.25,1.75,
,,17.75,72.0,2.0,
25.93,30.9,,,,
,,14.0,56.75,4.75,
29.68,40.0,,,,
34.03,39.8,51.5,18.5,1.5,
,,59.75,16.0,1.0,
31.5,37.13,,,,
34.15,45.83,59.5,23.0,3.0,
,,62.0,20.0,1.0,
39.65,44.03,,,,
38.7,50.9,51.25,24.0,1.25,
33.28,45.43,49.75,24.0,1.5,
31.35,50.88,54.75,19.25,0.5,
29.03,40.0,56.5,16.0,0.25,
29.5,34.2,55.75,15.25,0.75,
26.85,34.63,56.75,15.0,4.0,
24.75,42.18,56.25,13.5,3.75,
28.43,36.88,54.0,12.75,3.5,
32.43,30.05,50.5,14.5,3.25,
33.88,40.6,49.5,16.5,4.0,
,,46.25,19.75,4.25,
32.73,40.83,,,,
37.73,44.3,39.25,27.5,4.75,
42.05,47.18,41.5,25.25,4.75,
36.8,,42.25,25.25,5.25,
,,44.25,,,
41.35,41.6,,,,
43.25,47.98,10.0,41.75,2.25,
,,8.25,44.25,3.0,
24.38,34.45,,,,
11.25,18.8,50.5,24.0,4.25,
8.35,17.8,60.5,22.25,4.0,
4.85,15.2,69.5,21.25,4.75,
,,67.0,24.75,4.75,
,,4.75,75.25,2.0,
,,11.0,59.75,2.0,
,,29.67,44.25,2.25,
,,49.5,24.0,3.5,
,,54.25,23.0,4.0,
,,55.0,23.0,,
,,52.0,24.0,,
11.78,13.93,43.75,,,
14.65,21.08,39.5,25.0,3.0,
19.7,19.2,34.0,29.0,3.75,
,,40.25,24.0,3.5,
13.2,17.8,,,,
,,,34.0,4.0,
14.38,16.28,,,,
14.5,13.0,56.0,37.75,4.75,
12.75,14.2,49.5,39.0,5.0,
,,54.25,31.75,5.0,
,,45.0,36.5,,
,,45.0,34.75,,
,,41.25,31.5,,
,,35.25,30.67,,
,,34.0,34.33,,
,,21.25,44.5,,
,,34.0,32.5,,
13.88,12.33,,,,
18.63,,21.0,41.0,1.5,
17.78,14.63,,,,
16.13,20.78,26.0,39.75,1.5,
9.23,10.0,35.5,37.5,1.75,
6.83,9.5,45.5,32.0,2.0,
7.1,7.2,52.0,29.0,2.0,
11.2,8.1,44.25,36.25,2.5,
8.65,7.3,55.0,32.25,2.5,
9.38,10.28,48.25,36.25,3.0,
13.53,6.43,39.0,40.75,2.75,
12.43,10.0,40.5,35.75,2.5,
10.93,11.8,37.0,41.25,2.75,
10.13,12.3,45.5,27.25,2.75,
9.9,9.23,44.0,26.75,1.0,
10.0,12.18,44.5,20.75,0.75,
8.63,10.2,45.5,18.0,0.75,
7.63,10.73,29.5,33.25,1.0,
7.8,15.5,16.25,46.5,1.25,
9.85,12.3,0.75,67.0,1.0,
11.28,13.98,1.75,63.25,1.0,
7.78,11.7,11.5,52.0,1.0,
12.4,12.1,19.75,46.75,1.25,
9.08,14.4,29.0,39.5,1.0,
11.25,17.8,34.75,36.25,1.0,
7.08,14.1,49.25,25.5,1.75,
7.8,14.2,65.0,18.25,1.75,
8.5,12.6,72.75,13.0,2.0,
5.28,10.5,70.0,17.25,2.0,
6.68,12.08,66.0,22.25,1.75,
6.63,18.1,46.5,44.25,1.5,
11.9,19.45,15.0,81.5,2.0,
23.68,36.6,2.0,101.75,2.75,
23.0,38.28,1.5,98.0,2.25,
23.98,29.98,5.5,87.5,2.0,
18.23,20.2,27.0,62.75,2.0,
10.05,14.23,40.75,40.75,2.0,
13.6,18.3,37.75,35.5,2.0,
13.6,17.3,32.5,36.5,0.33,
10.75,15.38,27.75,39.0,0.25,
13.63,9.9,34.0,36.25,0.0,
10.58,12.2,15.5,52.5,0.0,
6.18,11.73,4.5,70.75,0.25,
6.88,13.6,27.0,54.75,0.0,
9.45,16.0,11.25,69.75,0.5,
14.3,14.3,16.75,66.5,1.0,
12.05,16.28,41.0,42.0,0.25,
8.48,12.0,61.5,,0.0,
,,67.25,21.75,1.0,
9.98,13.78,,,,
10.0,10.53,70.25,18.25,1.0,
7.18,13.1,78.75,14.0,0.75,
4.45,12.8,78.0,16.0,0.75,
,,76.0,19.5,0.75,
15.23,16.63,,,,
11.68,18.78,37.25,42.5,1.25,
10.63,8.4,48.5,31.25,1.0,
9.73,10.0,52.75,25.25,1.25,
6.75,9.6,58.0,19.0,0.0,
7.98,6.08,56.5,17.0,0.25,
8.9,3.43,54.0,15.75,0.0,
10.58,8.0,38.5,27.5,0.25,
6.88,8.6,39.25,42.5,0.75,
6.2,8.2,36.0,48.5,0.75,
5.9,6.6,58.25,26.0,0.75,
7.78,6.83,45.75,42.0,0.75,
9.85,14.8,25.5,60.75,0.5,
11.18,9.33,56.25,28.5,0.25,
9.03,11.6,63.0,22.75,0.25,
10.75,14.7,66.25,20.0,1.0,
7.85,16.15,68.25,19.5,0.75,
4.98,8.8,67.5,23.5,1.0,
6.75,,72.25,19.75,1.0,
5.53,,69.25,,,
,,59.5,,,
14.23,17.6,,,,
14.68,15.5,10.5,77.0,1.0,
13.53,17.28,21.25,61.75,1.0,
11.15,8.4,31.5,42.5,0.75,
12.38,11.0,39.5,30.5,0.0,
11.73,12.68,35.0,33.75,0.0,
10.53,10.48,46.5,22.25,0.0,
10.4,7.55,44.0,22.5,0.0,
8.63,16.0,36.75,28.5,0.0,
9.0,16.9,35.25,37.0,0.0,
7.73,15.5,37.5,37.25,0.0,
10.15,14.13,40.25,37.25,0.0,
9.23,17.38,49.0,30.5,0.0,
6.45,12.33,57.25,23.0,0.0,
4.83,16.18,59.0,21.0,0.0,
7.75,14.5,64.5,18.25,0.0,
11.15,14.7,61.25,22.5,0.0,
8.85,12.05,64.0,21.75,0.0,
7.13,10.18,64.0,23.25,0.0,
7.6,7.3,57.75,29.5,0.25,
,,53.25,38.0,0.5,
3.65,6.15,,,,
11.05,16.9,6.5,93.0,0.5,
13.95,17.8,1.5,91.0,0.5,
20.48,20.25,2.75,86.75,0.5,
14.8,14.8,10.25,73.5,0.25,
12.55,14.73,6.25,71.5,0.0,
13.78,16.48,23.5,45.25,0.0,
14.5,14.63,17.25,46.5,0.25,
15.18,18.95,8.0,55.75,0.0,
13.83,9.95,21.5,42.0,0.25,
11.75,17.33,10.25,53.25,0.75,
,,1.75,70.0,0.75,
17.1,22.08,,,,
16.6,19.18,1.0,64.75,1.0,
,,4.75,65.5,1.5,
,,20.0,,,
9.63,18.28,34.75,,,
13.23,13.6,40.75,28.0,1.0,
10.25,12.63,38.75,30.5,1.0,
10.6,18.5,50.5,20.25,1.0,
9.5,17.33,57.5,19.75,1.5,
11.95,20.73,38.0,37.75,1.25,
,,9.0,72.5,1.75,
,,3.75,,,
23.88,34.88,0.5,,,
19.78,29.98,1.75,78.0,2.0,
15.0,25.65,7.5,68.75,2.0,
15.88,15.83,27.0,,,
11.38,17.28,33.75,,,
9.33,12.78,41.5,,,
10.78,9.13,43.75,,,
10.1,12.28,50.0,,,
9.13,,40.33,,,
10.18,,28.75,,,
6.48,9.28,40.5,,,
5.73,7.1,50.25,,0.25,
6.18,6.53,44.0,21.75,0.0,
6.2,10.0,40.5,28.0,0.0,
,,39.25,33.75,0.0,
5.6,9.7,,,,
6.3,11.83,61.0,11.0,1.0,
8.18,14.93,63.5,13.25,1.0,
9.48,17.65,64.75,15.5,1.25,
10.48,9.75,58.0,21.5,1.5,
12.25,19.38,31.5,46.5,1.75,
20.65,32.65,2.0,87.25,2.0,
29.15,40.23,1.0,87.5,2.25,
27.53,26.2,5.5,72.0,2.0,
9.75,11.8,44.25,25.75,,
7.73,10.9,58.25,17.0,,
8.1,8.68,58.75,24.5,,
8.88,6.1,54.75,21.5,,
7.15,8.6,44.25,23.33,,
7.1,6.28,57.25,11.67,,
7.2,5.3,69.75,10.5,,
7.2,5.93,59.25,16.75,,
6.53,9.88,38.75,41.0,,
4.75,6.3,56.25,19.75,,
2.83,4.0,65.5,15.25,,
2.6,3.3,66.75,11.75,,
4.58,5.03,67.5,10.75,,
3.23,7.03,71.25,7.5,,
3.0,8.8,77.5,7.0,,
,,83.0,7.5,,
9.03,7.4,,,,
5.08,8.4,65.75,18.75,,
7.48,9.78,59.25,25.25,,
7.5,9.0,55.0,26.25,,
,,43.5,34.0,,
5.83,8.43,,,,
,,67.75,15.75,1.25,
,,62.5,21.75,,
8.08,15.18,,,,
8.5,12.1,69.75,17.25,2.0,
10.28,12.88,76.25,12.5,2.25,
8.43,7.73,69.5,20.0,2.0,
,,68.75,18.75,2.25,
6.98,11.0,,,,
11.6,11.05,64.0,16.5,2.5,
8.38,17.3,60.75,19.75,3.0,
6.15,15.38,64.0,15.75,2.75,
4.93,7.28,65.5,13.25,0.33,
9.13,5.98,65.75,9.5,0.5,
8.53,4.25,69.75,5.0,0.5,
7.73,11.43,69.0,7.25,1.0,
8.0,13.68,65.5,9.0,1.0,
7.8,11.33,65.25,13.0,1.0,
7.03,17.1,61.5,23.25,1.0,
8.18,19.23,60.25,23.75,1.0,
7.7,24.33,,28.25,1.0,
12.7,25.63,,19.5,1.0,
,,,24.25,1.33,
,19.3,,,,
,17.3,,17.5,2.0,
,,,22.5,2.0,
9.35,6.75,,,,
9.1,13.83,,85.5,2.0,
,,,87.75,2.0,
,,,84.5,2.0,
,,,78.25,2.0,
,,,74.75,2.0,
,,,67.5,1.33,
,25.08,,65.5,2.0,
,19.33,,56.75,1.67,
,22.33,,56.0,1.25,
19.13,24.8,,51.0,1.75,
,,,54.0,1.5,
12.1,19.23,,,,
14.35,22.33,,51.0,2.0,
,,,44.5,2.0,
6.33,15.2,,,,
5.83,12.53,,12.5,2.0,
6.2,17.15,,12.5,1.75,
3.95,10.0,,11.75,1.75,
3.7,9.7,,,1.5,
7.13,12.23,,,2.0,
9.55,16.8,,,2.0,
9.23,14.5,,,2.0,
10.2,11.58,,,2.0,
8.05,8.63,,,2.0,
8.78,9.5,,,2.0,
6.38,9.3,,,2.0,
7.68,9.48,,,2.0,
7.3,6.93,,,2.0,
5.75,11.38,,,2.0,
5.4,7.3,,,1.25,
8.83,7.33,,,1.75,
7.93,12.8,,,1.75,
8.3,9.83,,,2.0,
10.75,13.4,,,2.25,
6.98,9.73,,,2.25,
10.05,13.5,,,2.25,
8.45,14.5,,,2.75,
6.25,13.4,,,2.0,
5.6,13.9,,,2.75,
,17.23,,,3.0,
,17.78,,,3.0,
,12.7,,,3.0,
,,,,2.25,
,,,,2.75,
,,,,3.0,
,,,,,
,,,,,
,,,,,
,,,,,
,,,,,
,,,,,
,,,,,
,,,,,
,,,,,
,,,,,
,,,,,
,,,,,
,,,,,
,,,,,
,,,,,
,,,,,
,,,,,
,,,,,
,,,,,
,,,,,
,,,,,
,,,,,
,,,,,
,,,,,
,,,,,
,,,,,
,,,,,
,,,,,
,,,,,
,,,,,
,,,,,
,,,,,
,,,,,
,,,,,
,,,,,
,,,,,
,,,,,
,,,,,
,,,,,
,,,,,
,,,,,
,,,,,
,,,,,
,,,,,
,,,,,
,,,,,
,,,,,
,,,,,
,,,,,
,,,,,
,,,,,
,,,,,
,,,,,
,,,,,
,,,,,
,,,,,
,,,,,
,,,,,
,,,,,
,,,,,
,,,,,
,,,,,
,,,,,
,,,,,
,,,,,
,,,,,
,,,,,
,,,,,
,,,,,
,,,,,
,,,,,
,,,,,
,,,,,
,,,,,
,,,,,
,,,,,
,,,,,
,,,,,
,,,,,
,,,,,
,,,,,
,,,,,
,,,,,
,,,,,
,,,,,
,,,,,
,,,,,
,,,,,
,,,,,
,,,,,
,,,,,
,,,,,
,,,,,
,,,,,
,,,,,
,,,,,
,,,,,
,,,,,
,,,,,
,,,,,
,,,,,
,,,,,
,,,,,
,,,,,
,,,,,
,,,,,
,,,,,
,,,,,
,,,,,
,,,,,
,,,,,
,,,,,
,,,,,
,,,,,
,,,,,
,,,,,
,,,,,
,,,,,
,,,,,
,,,,,
,,,,,
,,,,,
,,,,,
,,,,,
,,,,,
,,,,,
,,,,,
,,,,,
,,,,,
,,,,,
,,,,,
,,,,,
,,,,,
,,,,,
,,,,,
,,,,,
,,,,,
,,,,,
,,,,,
,,,,,
,,,,,
,,,,,
,,,,,
,,,,,
,,,,,
,,,,,
,,,,,
,,,,,
,,,,,
,,,,,
,,,,,
,,,,,
,,,,,
,,,,,
,,,,,
,,,,,
,,,,,
,,,,,
,,,,,
,,,,,
,,,,,
,,,,,
,,,,,
,,,,,
,,,,,
,,,,,
,,,,,
,,,,,
,,,,,
,,,,,
,,,,,
,,,,,
,,,,,
,,,,,
,,,,,
,,,,,
,,,,,
,,,,,
,,,,,
,,,,,
,,,,,
,,,,,
,,,,,
,,,,,
,,,,,
,,,,,
,,,,,
,,,,,
,,,,,
,,,,,
,,,,,
,,,,,
,,,,,
,,,,,
,,,,,
,,,,,
,,,,,
,,,,,
,,,,,
,,,,,
,,,,,
,,,,,
,,,,,
,,,,,
,,,,,
,,,,,
,,,,,
,,,,,
,,,,,
,,,,,
,,,,,
,,,,,
,,,,,
,,,,,
,,,,,
,,,,,
,,,,,
,,,,,
,,,,,
,,,,,
,,,,,
,,,,,
,,,,,
,,,,,
,,,,,
,,,,,
,,,,,
,,,,,
,,,,,
,,,,,
,,,,,
,,,,,
,,,,,
,,,,,
,,,,,
,,,,,
,,,,,
,,,,,
,,,,,
,,,,,
,,,,,
,,,,,
,,,,,
,,,,,
,,,,,
,,,,,
,,,,,
,,,,,
,,,,,
,,,,,
,,,,,
,,,,,
,,,,,
,,,,,
,,,,,
,,,,,
,,,,,
,,,,,
,,,,,
,,,,,
,,,,,
,,,,,
,,,,,
,,,,,
,,,,,
,,,,,
,,,,,
,,,,,
,,,,,
,,,,,
,,,,,
,,,,,
,,,,,
,,,,,
,,,,,
,,,,,
,,,,,
,,,,,
,,,,,
,,,,,
,,,,,
,,,,,
,,,,,
,,,,,
,,,,,
,,,,,
,,,,,
,,,,,
,,,,,
,,,,,
,,,,,
,,,,,
,,,,,
,,,,,
,,,,,
,,,,,
,,,,,
,,,,,
,,,,,
,,,,,
,,,,,
,,,,,
,,,,,
,,,,,
,,,,,
,,,,,
,,,,,
,,,,,
,,,,,
,,,,,
,,,,,
,,,,,
,,,,,
,,,,,
,,,,,
,,,,,
,,,,,
,,,,,
,,,,,
,,,,,
,,,,,
,,,,,
,,,,,
,,,,,
,,,,,
,,,,,
,,,,,
,,,,,
,,,,,
,,,,,
,,,,,
,,,,,
,,,,,
,,,,,
,,,,,
,,,,,
,,,,,
,,,,,
,,,,,
,,,,,
,,,,,
,,,,,
,,,,,
,,,,,
,,,,,
,,,,,
,,,,,
,,,,,
,,,,,
,,,,,
,,,,,
,,,,,
,,,,,
,,,,,
,,,,,
,,,,,
,,,,,
,,,,,
,,,,,
,,,,,
,,,,,
,,,,,
,,,,,
,,,,,
,,,,,
,,,,,
,,,,,
,,,,,
,,,,,
,,,,,
,,,,,
,,,,,
,,,,,
,,,,,
,,,,,
,,,,,
,,,,,
,,,,,
,,,,,
,,,,,
,,,,,
,,,,,
,,,,,
,,,,,
,,,,,
,,,,,
,,,,,
,,,,,
,,,,,
,,,,,
,,,,,
,,,,,
,,,,,
,,,,,
,,,,,
,,,,,
,,,,,
,,,,,
,,,,,
,,,,,
,,,,,
,,,,,
,,,,,
,,,,,
,,,,,
,,,,,
,,,,,
,,,,,
,,,,,
,,,,,
,,,,,
,,,,,
,,,,,
,,,,,
,,,,,
,,,,,
,,,,,
,,,,,
,,,,,
,,,,,
,,,,,
,,,,,
,,,,,
,,,,,
,,,,,
,,,,,
,,,,,
,,,,,
,,,,,
,,,,,
,,,,,
,,,,,
,,,,,
,,,,,
,,,,,
,,,,,
,,,,,
,,,,,
,,,,,
,,,,,
,,,,,
,,,,,
,,,,,
,,,,,
,,,,,
,,,,,
,,,,,
,,,,,
,,,,,
,,,,,
,,,,,
,,,,,
,,,,,
,,,,,
,,,,,
,,,,,
,,,,,
,,,,,
,,,,,
,,,,,
,,,,,
,,,,,
,,,,,
,,,,,
,,,,,
,,,,,
,,,,,
,,,,,
,,,,,
,,,,,
,,,,,
,,,,,
,,,,,
,,,,,
,,,,,
,,,,,
,,,,,
,,,,,
,,,,,
,,,,,
,,,,,
,,,,,
,,,,,
,,,,,
,,,,,
,,,,,
,,,,,
,,,,,
,,,,,
,,,,,
,,,,,
,,,,,
,,,,,
,,,,,
,,,,,
,,,,,
,,,,,
,,,,,
,,,,,
,,,,,
,,,,,
,,,,,
,,,,,
,,,,,
,,,,,
,,,,,
,,,,,
,,,,,
,,,,,
,,,,,
,,,,,
,,,,,
,,,,,
,,,,,
,,,,,
,,,,,
,,,,,
,,,,,
,,,,,
,,,,,
,,,,,
,,,,,
,,,,,
,,,,,
,,,,,
,,,,,
,,,,,
,,,,,
,,,,,
,,,,,
,,,,,
,,,,,
,,,,,
,,,,,
,,,,,
,,,,,
,,,,,
,,,,,
,,,,,
,,,,,
,,,,,
,,,,,
,,,,,
,,,,,
,,,,,
,,,,,
,,,,,
,,,,,
,,,,,
,,,,,
,,,,,
,,,,,
,,,,,
,,,,,
,,,,,
,,,,,
,,,,,
,,,,,
,,,,,
,,,,,
,,,,,
,,,,,
,,,,,
,,,,,
,,,,,
,,,,,
,,,,,
,,,,,
,,,,,
,,,,,
,,,,,
,,,,,
,,,,,
,,,,,
,,,,,
,,,,,
,,,,,
,,,,,
,,,,,
,,,,,
,,,,,
,,,,,
,,,,,
,,,,,
,,,,,
,,,,,
,,,,,
,,,,,
,,,,,
,,,,,
,,,,,
,,,,,
,,,,,
,,,,,
,,,,,
,,,,,
,,,,,
,,,,,
,,,,,
,,,,,
,,,,,
,,,,,
,,,,,
,,,,,
,,,,,
,,,,,
,,,,,
,,,,,
,,,,,
,,,,,
,,,,,
,,,,,
,,,,,
,,,,,
,,,,,
,,,,,
,,,,,
,,,,,
,,,,,
,,,,,
,,,,,
,,,,,
,,,,,
,,,,,
,,,,,
,,,,,
,,,,,
,,,,,
,,,,,
,,,,,
,,,,,
,,,,,
,,,,,
,,,,,
,,,,,
,,,,,
,,,,,
,,,,,
,,,,,
,,,,,
,,,,,
,,,,,
,,,,,
,,,,,
,,,,,
,,,,,
,,,,,
,,,,,
,,,,,
,,,,,
,,,,,
,,,,,
,,,,,
,,,,,
,,,,,
,,,,,
,,,,,
,,,,,
,,,,,
,,,,,
,,,,,
,,,,,
,,,,,
,,,,,
,,,,,
,,,,,
,,,,,
,,,,,
,,,,,
,,,,,
,,,,,
,,,,,
,,,,,
,,,,,
,,,,,
,,,,,
,,,,,
,,,,,
,,,,,
,,,,,
,,,,,
,,,,,
,,,,,
,,,,,
,,,,,
,,,,,
,,,,,
,,,,,
,,,,,
,,,,,
,,,,,
,,,,,
,,,,,
,,,,,
,,,,,
,,,,,
,,,,,
,,,,,
,,,,,
,,,,,
,,,,,
,,,,,
,,,,,
,,,,,
,,,,,
,,,,,
,,,,,
,,,,,
,,,,,
,,,,,
,,,,,
,,,,,
,,,,,
,,,,,
,,,,,
,,,,,
,,,,,
,,,,,
,,,,,
,,,,,
,,,,,
,,,,,
,,,,,
,,,,,
,,,,,
,,,,,
,,,,,
,,,,,
,,,,,
,,,,,
,,,,,
,,,,,
,,,,,
,,,,,
,,,,,
,,,,,
,,,,,
,,,,,
,,,,,
,,,,,
,,,,,
,,,,,
,,,,,
,,,,,
,,,,,
,,,,,
,,,,,
,,,,,
,,,,,
,,,,,
,,,,,
,,,,,
,,,,,
,,,,,
,,,,,
,,,,,
,,,,,
,,,,,
,,,,,
,,,,,
,,,,,
,,,,,
,,,,,
,,,,,
,,,,,
,,,,,
,,,,,
,,,,,
,,,,,
,,,,,
,,,,,
,,,,,
,,,,,
,,,,,
,,,,,
,,,,,
,,,,,
,,,,,
,,,,,
,,,,,
,,,,,
,,,,,
,,,,,
,,,,,
,,,,,
,,,,,
,,,,,
,,,,,
,,,,,
,,,,,
,,,,,
,,,,,
,,,,,
,,,,,
,,,,,
,,,,,
,,,,,
,,,,,
,,,,,
,,,,,
,,,,,
,,,,,
,,,,,
,,,,,
,,,,,
,,,,,
,,,,,
,,,,,
,,,,,
,,,,,
,,,,,
,,,,,
,,,,,
,,,,,
,,,,,
,,,,,
,,,,,
,,,,,
,,,,,
,,,,,
,,,,,
,,,,,
,,,,,
,,,,,
,,,,,
,,,,,
,,,,,
,,,,,
,,,,,
,,,,,
,,,,,
,,,,,
,,,,,
,,,,,
,,,,,
,,,,,
,,,,,
,,,,,
,,,,,
,,,,,
,,,,,
,,,,,
,,,,,
,,,,,
,,,,,
,,,,,
,,,,,
,,,,,
,,,,,
,,,,,
,,,,,
,,,,,
,,,,,
,,,,,
,,,,,
,,,,,
,,,,,
,,,,,
,,,,,
,,,,,
,,,,,
,,,,,
,,,,,
,,,,,
,,,,,
,,,,,
,,,,,
,,,,,
,,,,,
,,,,,
,,,,,
,,,,,
,,,,,
,,,,,
,,,,,
,,,,,
,,,,,
,,,,,
,,,,,
,,,,,
,,,,,
,,,,,
,,,,,
,,,,,
,,,,,
,,,,,
,,,,,
,,,,,
,,,,,
,,,,,
,,,,,
,,,,,
,,,,,
,,,,,
,,,,,
,,,,,
,,,,,
,,,,,
,,,,,
,,,,,
,,,,,
,,,,,
,,,,,
,,,,,
,,,,,
,,,,,
,,,,,
,,,,,
,,,,,
,,,,,
,,,,,
,,,,,
,,,,,
,,,,,
,,,,,
,,,,,
,,,,,
,,,,,
,,,,,
,,,,,
,,,,,
,,,,,
,,,,,
,,,,,
,,,,,
,,,,,
,,,,,
,,,,,
,,,,,
,,,,,
,,,,,
,,,,,
,,,,,
,,,,,
,,,,,
,,,,,
,,,,,
,,,,,
,,,,,
,,,,,
,,,,,
,,,,,
,,,,,
,,,,,
,,,,,
,,,,,
,,,,,
,,,,,
,,,,,
,,,,,
,,,,,
,,,,,
,,,,,
,,,,,
,,,,,
,,,,,
,,,,,
,,,,,
,,,,,
,,,,,
,,,,,
,,,,,
,,,,,
,,,,,
,,,,,
,,,,,
,,,,,
,,,,,
,,,,,
,,,,,
,,,,,
,,,,,
,,,,,
,,,,,
,,,,,
,,,,,
,,,,,
,,,,,
,,,,,
,,,,,
,,,,,
,,,,,
,,,,,
,,,,,
,,,,,
,,,,,
,,,,,
,,,,,
,,,,,
,,,,,
,,,,,
,,,,,
,,,,,
,,,,,
,,,,,
,,,,,
,,,,,
,,,,,
,,,,,
,,,,,
,,0.002,0.045,0.002,1.15
,,0.005,0.044,0.001,0.73
,,0.014,0.033,0.001,0.41
,,0.041,0.013,0.001,0.24
,,0.033,0.022,0.001,0.33
,,0.031,0.021,0.001,0.37
,,0.025,0.021,0.0,0.43
,,0.022,0.02,0.0,0.43
,,0.012,0.026,0.0,0.84
,,0.004,0.032,0.0,0.71
,,0.003,0.029,0.0,0.6
,,0.001,0.029,0.0,0.7
,,0.001,0.035,0.001,0.69
,,0.001,0.038,0.001,0.71
,,0.008,0.035,0.001,0.51
,,0.001,0.024,0.001,0.98
,,0.023,0.021,0.001,0.28
,,0.036,0.006,0.0,0.16
,,0.036,0.008,0.0,0.17
,,0.038,0.008,0.0,0.19
,,0.038,0.008,0.0,0.18
,,0.04,0.007,0.0,0.17
,,0.034,0.012,0.001,0.25
,,0.019,0.027,0.001,0.59
,,0.008,0.035,0.001,0.73
,,0.002,0.041,0.001,0.96
,,0.001,0.035,0.001,0.9
,,0.001,0.034,0.001,1.13
,,0.001,0.032,0.001,0.73
,,0.007,0.027,0.001,0.42
,,0.024,0.013,0.0,0.16
,,0.016,0.02,0.0,0.21
,,0.015,0.021,0.001,0.2
,,0.007,0.026,0.001,0.28
,,0.001,0.032,0.001,0.3
,,0.001,0.036,0.001,0.87
,,0.005,0.045,0.001,0.48
,,0.03,0.008,0.0,0.13
,,0.037,0.005,0.0,0.11
,,0.038,0.006,0.0,0.13
,,0.042,0.004,0.0,0.14
,,0.036,0.005,0.0,0.12
,,0.036,0.003,0.0,0.11
,,0.035,0.005,0.0,
,,0.034,0.005,0.0,0.12
,,0.034,0.004,0.0,0.11
,,0.033,0.004,0.0,0.09
,,0.031,0.005,0.0,0.11
,,0.031,0.005,0.0,0.1
,,0.031,0.005,0.0,0.1
,,0.031,0.005,0.0,0.1
,,0.028,0.008,0.0,0.11
,,0.027,0.008,0.0,0.12
,,0.027,0.008,0.0,0.11
,,0.008,0.023,0.0,0.18
,,0.015,0.025,0.0,0.34
,,0.006,0.032,0.0,0.58
,,0.001,0.032,0.0,0.76
,,0.033,0.007,0.0,0.14
,,0.024,0.013,0.0,0.39
,,0.016,0.025,,
,,0.036,0.008,0.0,0.14
,,0.035,0.003,0.0,0.09
,,0.029,0.009,0.0,0.16
,,0.026,0.012,0.0,0.19
3.0,27.0,0.041,0.005,0.0,0.14
,16.0,0.038,0.002,0.0,0.1
-1.0,35.0,0.039,0.003,0.0,0.1
0.0,17.0,0.043,0.004,0.0,0.13
0.0,25.0,0.042,0.004,0.0,0.14
-2.0,28.0,0.04,0.005,0.0,0.14
-2.0,27.0,0.04,0.005,0.0,0.14
-1.0,15.0,0.04,0.005,0.0,0.13
1.0,13.0,0.038,0.006,0.0,0.14
2.0,36.0,0.018,0.024,0.001,0.31
2.0,23.0,0.028,0.014,0.001,0.19
0.0,17.0,0.016,0.024,0.001,0.23
2.0,23.0,0.024,0.016,0.0,0.18
,,0.009,0.026,0.001,0.25
-1.0,26.0,0.007,0.031,0.001,0.3
,,0.007,0.038,0.001,0.63
7.0,17.0,0.049,0.009,0.001,0.17
45.0,,0.043,0.003,0.0,0.1
3.0,105.0,0.044,0.003,0.0,0.11
4.0,42.0,0.046,0.004,0.0,
-1.0,20.0,0.04,0.007,0.0,0.17
9.0,20.0,0.004,0.026,0.0,0.57
5.0,11.0,,,0.0,0.15
4.0,22.0,0.036,0.012,0.0,0.25
4.0,17.0,,,0.0,0.16
0.0,8.0,0.038,0.006,0.0,0.16
,3.0,0.037,0.007,0.0,0.18
11.0,18.0,0.04,0.005,0.0,0.17
,,0.039,0.005,0.0,0.16
26.0,40.0,0.032,0.014,0.001,0.25
13.0,31.0,,,0.001,0.2
0.0,9.0,0.033,0.005,0.0,0.13
,,0.042,0.002,0.0,0.12
7.0,61.0,0.052,0.003,0.0,0.12
,25.0,0.034,0.007,0.0,0.18
9.0,36.0,0.055,0.004,0.0,0.14
9.0,31.0,0.036,0.008,0.0,0.15
8.0,29.0,0.038,0.005,0.0,0.12
10.0,27.0,0.038,0.004,0.0,0.12
9.0,23.0,0.033,0.005,0.0,0.16
6.0,45.0,0.012,0.023,0.0,0.35
16.0,36.0,0.027,0.014,0.0,0.23
19.0,37.0,0.039,0.007,0.0,0.16
17.0,39.0,0.048,0.005,0.0,0.15
17.0,48.0,0.054,0.004,0.0,0.15
16.0,43.0,0.058,0.004,0.001,0.15
16.0,65.0,0.059,0.005,0.001,0.15
13.0,59.0,0.054,0.006,0.001,0.16
13.0,51.0,0.049,0.007,0.001,0.15
13.0,70.0,0.044,0.007,0.0,0.17
,47.0,0.04,0.008,0.0,0.18
13.0,77.0,0.062,0.004,0.001,0.15
,,0.036,0.006,0.0,0.15
7.0,33.0,0.039,0.006,0.0,0.15
-2.0,26.0,,,0.0,0.13
-2.0,16.0,0.062,0.004,0.0,0.12
10.0,42.0,0.001,0.043,0.001,0.51
10.0,77.0,0.002,0.043,0.001,0.65
4.0,33.0,0.07,0.003,0.001,0.14
4.0,27.0,0.07,0.004,0.001,0.14
5.0,30.0,0.074,0.004,0.001,0.17
6.0,42.0,0.073,0.006,0.001,0.2
7.0,47.0,0.061,0.011,0.001,0.23
9.0,40.0,0.051,0.013,0.001,0.26
9.0,43.0,0.039,0.021,0.001,0.41
10.0,49.0,0.037,0.019,0.001,0.37
17.0,63.0,0.015,0.029,0.001,0.66
25.0,68.0,0.014,0.025,0.001,0.49
20.0,64.0,0.007,0.036,0.001,0.56
19.0,53.0,0.002,0.035,0.001,0.62
18.0,51.0,0.001,0.034,0.001,0.62
17.0,50.0,0.016,0.015,0.0,0.28
23.0,62.0,0.081,0.008,0.0,
7.0,18.0,0.024,0.01,0.0,0.18
,,0.056,0.005,0.0,0.17
1.0,46.0,0.046,0.002,0.0,0.11
12.0,62.0,0.069,0.004,0.0,
,,0.04,0.008,0.0,
12.0,40.0,0.045,0.011,0.0,
9.0,69.0,0.062,0.007,0.0,0.19
3.0,39.0,0.059,0.003,,
1.0,38.0,0.033,0.008,0.001,0.15
,,0.031,0.031,0.001,0.37
9.0,32.0,0.022,0.009,0.0,0.16
12.0,43.0,0.025,0.009,0.001,0.21
10.0,33.0,0.024,0.008,0.001,0.19
11.0,38.0,0.019,0.009,0.001,0.19
13.0,38.0,0.012,0.011,0.0,0.2
9.0,32.0,0.017,0.007,0.0,0.22
7.0,33.0,0.015,0.007,0.0,0.19
9.0,32.0,0.012,0.008,0.0,0.19
8.0,31.0,0.025,0.013,0.001,0.19
7.0,38.0,0.019,0.016,0.001,0.22
6.0,40.0,0.017,0.013,0.001,0.2
16.0,36.0,0.015,0.014,0.001,0.22
9.0,33.0,0.01,0.018,0.001,0.23
8.0,38.0,0.009,0.018,0.001,0.23
8.0,36.0,0.009,0.015,0.001,0.2
6.0,33.0,0.017,0.013,0.001,0.24
10.0,38.0,0.009,0.02,0.001,0.37
12.0,41.0,0.012,0.014,0.001,0.23
12.0,41.0,0.008,0.018,0.001,0.43
10.0,38.0,0.001,0.029,0.001,0.58
11.0,51.0,0.001,0.028,0.001,0.59
16.0,74.0,0.003,0.031,0.001,0.66
20.0,77.0,0.01,0.034,0.001,0.47
19.0,55.0,0.026,0.025,0.001,0.31
14.0,40.0,0.046,0.012,0.001,0.18
10.0,31.0,0.056,0.006,0.001,0.13
8.0,42.0,0.064,0.006,0.001,0.14
9.0,46.0,0.071,0.004,0.001,0.14
7.0,45.0,0.077,0.004,0.001,0.14
5.0,45.0,0.068,0.003,0.0,0.11
6.0,41.0,0.056,0.003,0.0,0.09
5.0,37.0,0.047,0.003,0.0,0.08
3.0,32.0,0.042,0.004,0.0,0.09
9.0,31.0,0.003,0.017,0.001,0.25
10.0,42.0,0.006,0.018,0.001,0.33
13.0,49.0,0.009,0.024,0.001,0.36
13.0,33.0,0.024,0.018,0.001,0.22
12.0,33.0,0.035,0.012,0.001,0.16
12.0,22.0,0.046,0.007,0.001,0.13
12.0,35.0,0.049,0.008,0.001,0.15
8.0,36.0,0.065,0.004,0.001,0.13
,,0.069,0.003,0.001,0.14
,,0.057,0.002,0.0,0.1
,,0.048,0.002,0.0,0.09
2.0,52.0,0.044,0.002,0.0,0.09
2.0,46.0,0.04,0.003,0.0,0.09
4.0,33.0,0.035,0.003,0.0,0.1
3.0,39.0,0.03,0.005,0.0,0.12
3.0,52.0,0.024,0.01,0.001,0.15
6.0,31.0,0.02,0.013,0.001,0.18
6.0,34.0,0.012,0.01,0.0,0.24
7.0,38.0,0.009,0.011,0.0,0.2
7.0,24.0,0.009,0.011,0.0,0.2
6.0,30.0,0.003,0.018,0.001,0.25
9.0,43.0,0.004,0.014,0.001,0.22
12.0,37.0,0.009,0.013,0.001,0.24
10.0,36.0,0.014,0.015,0.001,0.27
10.0,37.0,0.023,0.012,0.001,0.22
9.0,34.0,0.033,0.009,0.001,0.2
9.0,31.0,0.046,0.006,0.001,0.16
10.0,26.0,0.056,0.003,0.001,0.11
8.0,37.0,0.066,0.004,0.001,0.15
7.0,36.0,0.07,0.004,0.001,0.16
8.0,34.0,0.074,0.004,0.001,0.15
6.0,53.0,0.08,0.004,0.001,0.19
8.0,46.0,0.075,0.005,0.001,0.19
11.0,52.0,0.056,0.005,0.001,0.17
9.0,42.0,0.041,0.007,0.001,0.21
8.0,42.0,0.037,0.008,0.001,0.22
9.0,46.0,0.03,0.01,0.001,0.27
11.0,43.0,0.025,0.01,0.001,0.27
,,0.021,0.01,0.001,0.27
13.0,36.0,0.012,0.011,0.001,0.28
5.0,29.0,0.019,0.007,0.001,0.17
6.0,27.0,0.016,0.008,0.0,0.17
6.0,30.0,0.012,0.009,0.0,0.2
6.0,47.0,0.003,0.019,0.001,0.35
12.0,67.0,0.01,0.014,0.001,0.26
15.0,48.0,0.016,0.013,0.001,0.27
11.0,40.0,0.022,0.015,0.001,0.29
17.0,53.0,0.037,0.014,0.001,0.29
11.0,50.0,0.06,0.011,0.001,0.25
16.0,63.0,0.078,0.008,0.001,0.22
11.0,62.0,0.089,0.007,0.001,0.22
19.0,84.0,0.094,0.006,0.0,0.25
14.0,90.0,0.081,0.004,0.0,0.19
14.0,100.0,0.07,0.003,0.0,0.17
13.0,68.0,0.066,0.004,0.0,0.18
11.0,54.0,0.058,0.004,0.0,0.2
12.0,40.0,0.052,0.005,0.0,0.19
13.0,49.0,0.041,0.007,0.0,0.19
11.0,41.0,0.033,0.008,0.0,0.19
8.0,30.0,0.01,0.01,0.0,0.21
8.0,41.0,0.006,0.012,0.0,0.22
7.0,20.0,0.018,0.004,0.0,0.13
8.0,23.0,0.02,0.003,0.0,0.13
9.0,25.0,0.021,0.002,0.0,0.1
7.0,22.0,0.021,0.003,0.0,0.11
11.0,18.0,0.019,0.005,0.0,0.11
11.0,51.0,0.072,0.005,0.0,0.21
10.0,49.0,0.063,0.004,0.0,0.18
9.0,41.0,0.055,0.004,0.0,0.17
6.0,33.0,0.045,0.005,0.0,0.16
5.0,27.0,0.038,0.005,0.0,0.16
4.0,17.0,0.033,0.006,0.0,0.16
5.0,20.0,0.031,0.006,0.0,0.16
8.0,22.0,0.033,0.004,0.0,0.14
10.0,26.0,0.033,0.006,0.0,0.2
8.0,28.0,0.03,0.006,0.0,0.22
13.0,34.0,0.03,0.008,0.0,0.27
18.0,46.0,0.002,0.023,0.001,0.77
,49.0,0.077,0.004,0.001,0.25
12.0,32.0,0.031,0.008,0.0,0.26
12.0,39.0,0.014,0.01,0.0,0.29
14.0,33.0,0.004,0.02,0.0,0.46
16.0,38.0,0.002,0.022,0.0,0.47
15.0,38.0,0.02,0.011,0.0,0.31
15.0,37.0,0.009,0.018,0.0,0.51
12.0,40.0,0.004,0.023,0.0,0.64
19.0,51.0,0.001,0.026,0.001,0.57
15.0,48.0,0.003,0.022,0.0,0.51
,41.0,0.041,0.012,0.001,0.36
12.0,54.0,0.028,0.018,0.001,0.47
21.0,59.0,0.005,0.036,0.001,0.55
23.0,64.0,0.003,0.034,0.001,0.58
34.0,77.0,0.004,0.028,0.001,0.74
27.0,76.0,0.002,0.035,0.001,0.83
27.0,79.0,0.002,0.031,0.001,1.03
55.0,142.0,0.004,0.044,0.001,1.96
17.0,62.0,0.001,0.028,0.001,0.66
21.0,61.0,0.001,0.027,0.001,0.7
19.0,61.0,0.002,0.026,0.001,0.87
25.0,59.0,0.014,0.014,0.001,0.44
25.0,71.0,0.027,0.013,0.001,0.42
27.0,71.0,0.042,0.013,0.001,0.42
26.0,69.0,0.066,0.011,0.001,0.41
19.0,59.0,0.081,0.007,0.001,0.28
14.0,35.0,0.084,0.005,0.001,0.22
21.0,47.0,0.098,0.006,0.001,0.29
9.0,36.0,0.09,0.005,0.001,0.23
11.0,38.0,0.094,0.004,0.001,0.24
11.0,39.0,0.096,0.005,0.001,0.25
12.0,38.0,0.089,0.005,0.001,0.23
18.0,47.0,0.017,0.012,0.0,0.28
16.0,52.0,0.014,0.016,0.0,0.31
22.0,67.0,0.013,0.02,0.001,0.35
20.0,61.0,0.019,0.016,0.0,0.33
21.0,73.0,0.025,0.015,0.0,0.33
22.0,63.0,0.045,0.008,0.0,0.28
24.0,71.0,0.048,0.011,0.0,0.31
20.0,57.0,0.053,0.012,0.0,0.32
20.0,47.0,0.062,0.009,0.0,0.28
15.0,48.0,0.064,0.006,0.0,0.23
17.0,54.0,0.056,0.007,0.0,0.24
16.0,46.0,0.055,0.007,0.0,0.24
13.0,48.0,0.051,0.006,0.0,0.29
13.0,47.0,0.044,0.007,0.0,0.25
16.0,32.0,0.04,0.005,0.0,0.23
15.0,40.0,0.038,0.005,0.0,0.24
17.0,32.0,0.036,0.005,0.0,0.24
21.0,28.0,0.036,0.005,0.0,0.24
17.0,37.0,0.029,0.006,0.0,0.24
12.0,38.0,0.028,0.007,0.0,0.26
17.0,38.0,0.027,0.008,0.0,0.26
13.0,52.0,0.026,0.009,0.0,0.3
19.0,49.0,0.027,0.009,0.0,0.29
12.0,32.0,0.032,0.007,0.0,0.26
16.0,38.0,0.039,0.005,0.0,0.23
14.0,35.0,0.045,0.005,0.0,0.23
,,0.053,0.005,0.0,0.23
,,0.059,0.004,0.0,0.22
,,0.062,0.004,0.0,0.23
14.0,51.0,0.062,0.004,0.0,0.22
12.0,44.0,0.055,0.004,0.0,0.21
11.0,44.0,0.047,0.004,0.0,0.21
12.0,33.0,0.04,0.004,0.0,0.21
12.0,27.0,0.032,0.005,0.0,0.2
10.0,24.0,0.03,0.006,0.0,0.21
,,0.024,0.008,0.0,0.2
13.0,30.0,0.027,0.005,0.0,0.22
16.0,32.0,0.026,0.005,0.0,0.22
20.0,41.0,0.025,0.007,0.0,0.24
17.0,37.0,0.027,0.007,0.0,0.24
8.0,38.0,0.032,0.009,0.001,0.28
17.0,38.0,0.025,0.011,0.0,0.3
18.0,41.0,0.019,0.012,0.0,0.33
15.0,35.0,0.017,0.011,0.0,0.31
16.0,36.0,0.012,0.011,0.0,0.31
33.0,73.0,0.012,0.023,0.001,0.47
19.0,54.0,0.007,0.024,0.0,0.72
18.0,50.0,0.001,0.032,0.001,0.69
24.0,88.0,0.009,0.042,0.001,0.75
20.0,61.0,0.003,0.034,0.001,0.83
17.0,39.0,0.028,0.006,0.001,0.26
12.0,38.0,0.025,0.008,0.0,0.28
17.0,46.0,0.019,0.012,0.0,0.41
20.0,53.0,0.022,0.009,0.001,0.3
13.0,38.0,0.01,0.012,0.0,0.27
17.0,39.0,0.013,0.009,0.0,0.3
13.0,39.0,0.007,0.016,0.0,0.46
18.0,49.0,0.01,0.016,0.0,0.38
22.0,66.0,0.014,0.019,0.001,0.39
28.0,61.0,0.029,0.011,0.0,0.32
26.0,55.0,0.041,0.009,0.0,0.29
20.0,58.0,0.054,0.007,0.0,0.25
20.0,58.0,0.069,0.006,0.0,0.25
20.0,66.0,0.081,0.007,0.001,0.28
18.0,64.0,0.088,0.007,0.0,0.28
15.0,58.0,0.085,0.005,0.0,0.24
18.0,59.0,0.078,0.004,,
16.0,35.0,0.014,0.01,0.0,0.3
14.0,46.0,0.004,0.017,0.0,0.62
18.0,48.0,0.009,0.016,0.0,0.4
23.0,50.0,0.017,0.015,0.001,0.39
33.0,76.0,0.022,0.022,0.001,0.44
25.0,67.0,,,,
,,0.082,0.009,0.001,0.32
15.0,65.0,0.09,0.007,0.0,0.3
16.0,65.0,0.096,0.006,0.001,0.3
13.0,55.0,0.099,0.006,0.001,0.28
17.0,55.0,0.099,0.006,0.0,0.26
13.0,62.0,0.093,0.008,0.0,0.31
17.0,73.0,0.077,0.012,0.0,0.41
25.0,82.0,0.065,0.014,0.001,0.47
21.0,59.0,0.047,0.014,0.001,0.4
16.0,45.0,0.032,0.017,0.001,0.39
15.0,36.0,0.031,0.013,0.001,0.32
13.0,40.0,0.031,0.012,0.001,0.31
13.0,41.0,0.018,0.016,0.001,0.36
15.0,36.0,0.014,0.017,0.001,0.35
16.0,30.0,0.012,0.016,0.001,0.32
11.0,37.0,0.011,0.016,0.001,0.33
,,0.011,0.021,0.001,0.36
8.0,53.0,0.001,0.023,0.001,0.62
16.0,53.0,0.001,0.024,0.001,0.6
17.0,51.0,0.007,0.02,0.001,0.47
29.0,98.0,0.011,0.031,0.001,0.6
28.0,96.0,0.017,0.04,0.001,0.57
14.0,65.0,0.041,0.027,0.001,0.34
11.0,31.0,0.055,0.01,0.001,0.18
6.0,40.0,0.069,0.007,0.001,0.17
2.0,55.0,0.087,0.005,0.001,0.15
3.0,73.0,0.093,0.006,0.001,0.19
3.0,46.0,0.068,0.006,0.001,0.14
2.0,52.0,0.067,0.006,0.001,0.15
4.0,49.0,0.064,0.011,0.001,0.22
6.0,56.0,0.055,0.015,0.001,0.26
7.0,46.0,0.037,0.022,0.001,0.33
8.0,59.0,0.028,0.022,0.001,0.32
10.0,48.0,0.024,0.02,0.001,0.34
9.0,28.0,0.026,0.016,0.001,0.32
11.0,46.0,0.016,0.023,0.001,0.37
12.0,47.0,0.005,0.027,0.001,0.62
9.0,39.0,0.003,0.032,0.001,0.52
9.0,42.0,0.006,0.025,0.001,0.42
10.0,45.0,0.004,0.028,0.001,0.4
9.0,48.0,0.001,0.033,0.001,0.55
12.0,37.0,0.008,0.014,0.0,0.27
13.0,46.0,0.009,0.013,0.0,0.29
8.0,43.0,0.031,0.011,0.0,0.22
,,0.024,0.012,0.001,0.24
14.0,54.0,0.011,0.014,0.0,0.29
,,0.076,0.008,0.001,0.21
11.0,55.0,0.077,0.007,0.0,0.2
13.0,32.0,0.008,0.013,0.001,0.35
21.0,46.0,0.015,0.015,0.001,0.38
,,0.003,0.026,0.0,0.51
25.0,111.0,0.002,0.036,0.001,0.95
,,0.062,0.014,0.001,0.29
13.0,70.0,0.082,0.007,0.001,0.23
,,0.001,0.027,0.001,0.88
27.0,89.0,0.022,0.037,0.001,0.54
27.0,84.0,0.02,0.036,0.001,0.42
,,0.08,0.008,0.001,0.19
7.0,66.0,0.04,0.005,0.0,0.11
16.0,48.0,0.009,0.021,0.001,0.37
16.0,49.0,0.005,0.023,0.001,0.43
15.0,50.0,0.006,0.023,0.001,0.38
14.0,50.0,0.003,0.021,0.001,0.36
13.0,42.0,0.003,0.021,0.001,0.42
12.0,48.0,0.001,0.023,0.001,0.47
19.0,57.0,0.003,0.027,0.001,0.62
17.0,78.0,0.008,0.026,0.001,0.58
23.0,66.0,0.016,0.026,0.001,0.51
,,0.029,0.021,0.001,0.38
13.0,40.0,0.016,0.018,0.001,0.47
16.0,46.0,0.005,0.021,0.0,0.36
,,0.003,0.022,0.0,0.42
14.0,32.0,0.004,0.018,0.0,0.36
19.0,37.0,0.003,0.018,0.0,0.34
19.0,42.0,0.005,0.018,0.001,0.42
22.0,44.0,0.014,0.016,0.001,0.37
12.0,26.0,0.021,0.006,0.0,0.15
,,0.022,0.005,0.0,0.13
9.0,30.0,0.023,0.004,0.0,0.14
16.0,21.0,0.023,0.006,0.0,0.15
13.0,27.0,0.023,0.005,0.0,0.16
17.0,29.0,0.023,0.006,0.0,0.17
20.0,29.0,0.023,0.006,0.0,0.19
,,0.024,0.006,0.0,0.19
15.0,28.0,0.028,0.011,0.0,0.22
8.0,23.0,0.023,0.006,0.0,0.15
9.0,24.0,0.022,0.007,0.0,0.14
8.0,17.0,0.021,0.007,0.0,0.16
7.0,22.0,0.022,0.008,0.0,0.15
6.0,30.0,0.025,0.007,0.0,0.16
12.0,43.0,0.003,0.032,0.001,0.51
11.0,50.0,0.001,0.029,0.001,0.67
14.0,46.0,0.002,0.027,0.0,0.54
14.0,52.0,0.001,0.026,0.001,0.73
14.0,48.0,0.001,0.026,0.001,0.74
12.0,,0.042,0.004,0.0,0.12
8.0,53.0,0.001,0.037,0.001,0.59
8.0,51.0,0.001,0.036,0.001,0.61
11.0,73.0,0.001,0.036,0.001,0.7
16.0,99.0,0.002,0.039,0.001,1.01
20.0,143.0,0.004,0.042,0.001,0.78
17.0,72.0,0.001,0.04,0.001,1.08
16.0,69.0,0.001,0.04,0.001,0.97
18.0,92.0,0.005,0.039,0.001,0.81
16.0,79.0,0.016,0.036,0.001,0.54
17.0,56.0,0.004,0.038,0.001,0.73
12.0,50.0,0.011,0.034,0.001,0.49
10.0,32.0,0.033,0.02,0.001,0.37
11.0,20.0,0.052,0.009,0.001,0.26
10.0,15.0,0.062,0.002,0.0,0.13
5.0,15.0,0.063,0.002,0.0,0.12
6.0,20.0,0.064,0.002,0.0,0.12
6.0,23.0,0.065,0.001,0.0,0.12
6.0,57.0,0.072,0.002,0.001,0.18
6.0,37.0,0.067,0.002,0.001,0.14
6.0,49.0,0.064,0.003,0.001,0.15
7.0,38.0,0.061,0.004,0.001,0.19
4.0,34.0,0.06,0.006,0.001,0.21
4.0,38.0,0.049,0.012,0.001,0.32
7.0,51.0,0.029,0.025,0.001,0.76
10.0,45.0,0.022,0.028,0.001,0.59
10.0,50.0,0.009,0.035,0.001,0.71
9.0,42.0,0.007,0.037,0.001,0.7
14.0,103.0,0.002,0.039,0.001,0.85
21.0,161.0,0.003,0.044,0.001,0.84
9.0,19.0,0.018,0.013,0.0,0.26
8.0,28.0,0.007,0.026,0.0,0.43
9.0,37.0,0.015,0.025,0.001,0.32
,,0.05,0.005,0.0,0.07
2.0,9.0,0.052,0.006,0.0,0.08
13.0,31.0,0.001,0.023,0.001,0.46
17.0,48.0,0.002,0.027,0.001,0.68
13.0,33.0,0.016,0.011,0.0,0.23
19.0,36.0,0.013,0.015,0.0,0.25
19.0,30.0,0.018,0.012,0.0,0.21
21.0,31.0,0.015,0.011,0.0,0.2
22.0,42.0,0.011,0.016,0.0,0.28
13.0,32.0,,,0.0,
15.0,31.0,0.037,0.006,0.0,0.17
7.0,13.0,0.014,0.007,0.0,0.14
10.0,12.0,0.014,0.009,0.0,0.16
7.0,11.0,0.012,0.01,0.0,0.2
6.0,11.0,0.024,0.004,0.0,0.11
10.0,18.0,0.011,0.012,0.0,0.27
9.0,20.0,0.012,0.012,0.0,0.3
11.0,23.0,0.011,0.011,0.0,0.24
,,0.009,0.013,0.0,0.27
9.0,19.0,0.007,0.013,0.0,0.23
14.0,23.0,0.026,0.007,0.001,0.19
9.0,28.0,0.001,0.022,0.001,0.47
9.0,24.0,0.001,0.021,0.001,0.51
17.0,35.0,0.004,0.022,0.001,0.52
19.0,37.0,0.01,0.022,0.001,0.49
16.0,40.0,0.002,0.036,0.001,0.84
16.0,38.0,0.001,0.033,0.001,0.73
12.0,39.0,0.001,0.029,0.001,0.76
12.0,42.0,0.001,0.026,0.001,0.84
17.0,61.0,0.002,0.028,0.001,1.22
23.0,62.0,0.006,0.033,0.001,0.79
15.0,36.0,0.026,0.017,0.001,0.3
14.0,35.0,0.034,0.014,0.001,0.28
12.0,29.0,0.042,0.013,0.001,0.26
11.0,38.0,0.052,0.008,0.001,0.24
10.0,42.0,0.048,0.004,0.001,0.13
10.0,52.0,0.049,0.003,0.0,0.12
10.0,53.0,0.046,0.003,0.001,0.11
9.0,51.0,0.05,0.004,0.001,0.12
8.0,49.0,0.041,0.004,0.001,0.12
9.0,49.0,0.037,0.005,0.001,0.12
11.0,,0.038,0.005,0.0,0.12
13.0,,0.036,0.006,0.0,0.13
18.0,305.0,0.035,0.004,0.0,0.1
27.0,,0.035,0.004,0.0,0.12
10.0,244.0,0.034,0.002,0.0,0.11
8.0,120.0,0.03,0.004,0.0,0.11
7.0,96.0,0.027,0.005,0.001,0.12
5.0,74.0,0.004,0.029,0.001,0.45
8.0,77.0,0.012,0.024,0.001,0.42
10.0,48.0,0.029,0.008,0.001,0.18
17.0,50.0,0.001,0.031,0.001,0.63
10.0,55.0,0.001,0.03,0.001,0.73
12.0,65.0,0.001,0.03,0.001,0.82
14.0,68.0,0.001,0.03,0.001,0.69
,,0.029,0.015,0.001,0.23
8.0,19.0,0.045,0.003,0.0,0.12
6.0,30.0,0.048,0.003,,
6.0,27.0,0.05,0.004,0.0,0.14
12.0,49.0,0.001,0.033,0.001,0.61
12.0,59.0,0.001,0.032,0.001,0.84
16.0,82.0,0.001,0.031,0.001,0.89
21.0,90.0,0.002,0.031,0.001,0.82
20.0,106.0,0.004,0.035,0.001,0.7
20.0,103.0,0.009,0.036,0.001,0.48
9.0,47.0,0.031,0.019,0.001,0.37
11.0,31.0,0.038,0.011,0.001,0.23
18.0,33.0,0.039,0.013,0.001,0.23
8.0,36.0,0.043,0.011,0.001,0.21
8.0,41.0,0.046,0.011,0.001,0.2
8.0,39.0,0.047,0.011,0.001,0.19
8.0,45.0,0.048,0.011,0.001,0.18
,,0.05,0.013,0.001,0.24
16.0,94.0,0.002,0.035,0.001,0.58
14.0,103.0,0.005,0.034,0.001,0.54
18.0,109.0,0.009,0.034,0.001,0.47
9.0,45.0,0.023,0.02,0.001,0.3
6.0,34.0,0.038,0.008,0.001,0.13
4.0,20.0,0.046,0.003,0.0,0.1
4.0,72.0,0.044,0.003,0.0,0.1
4.0,86.0,0.042,0.003,0.0,0.11
4.0,46.0,0.044,0.004,0.0,0.11
3.0,56.0,0.044,0.004,0.0,0.12
5.0,59.0,0.044,0.004,0.0,0.11
3.0,45.0,0.042,0.005,0.0,0.12
2.0,34.0,0.042,0.005,0.0,0.12
2.0,19.0,0.043,0.005,0.0,0.12
1.0,12.0,0.041,0.006,0.0,0.13
4.0,23.0,0.042,0.005,0.0,0.12
6.0,25.0,0.02,0.023,0.001,0.25
8.0,36.0,0.007,0.031,0.001,0.24
7.0,35.0,0.008,0.031,0.001,0.27
7.0,45.0,0.011,0.027,0.001,0.36
7.0,37.0,0.025,0.018,0.001,0.25
6.0,30.0,0.037,0.009,0.001,0.16
8.0,15.0,0.043,0.005,0.001,0.13
7.0,14.0,0.047,0.004,0.001,0.13
3.0,16.0,0.051,0.003,0.001,0.11
0.0,14.0,0.054,0.002,0.001,0.1
,17.0,0.056,0.002,0.001,0.11
0.0,14.0,0.058,0.002,0.001,0.19
3.0,38.0,0.055,0.004,0.001,0.15
5.0,39.0,0.048,0.006,0.001,0.16
6.0,33.0,0.039,0.009,0.001,0.25
6.0,45.0,0.023,0.021,0.001,0.43
5.0,43.0,0.019,0.027,0.001,0.61
24.0,63.0,0.009,0.032,0.001,0.85
9.0,38.0,0.002,0.036,0.001,0.93
18.0,46.0,0.001,0.032,0.001,0.63
18.0,44.0,0.001,0.03,0.001,0.71
16.0,58.0,0.005,0.032,0.001,0.61
17.0,45.0,0.015,0.027,0.001,0.41
8.0,32.0,0.023,0.006,0.0,0.21
10.0,28.0,0.023,0.006,0.0,0.15
11.0,27.0,0.022,0.005,0.001,0.13
12.0,27.0,0.021,0.006,0.0,0.15
12.0,32.0,0.02,0.007,0.001,0.17
11.0,30.0,0.02,0.01,0.001,0.2
12.0,31.0,0.026,0.007,0.001,0.19
9.0,20.0,0.001,0.022,0.001,0.35
6.0,22.0,0.001,0.022,0.001,0.47
6.0,49.0,0.001,0.023,0.001,0.81
13.0,41.0,0.013,0.022,0.001,0.33
10.0,31.0,0.007,0.023,0.001,0.42
7.0,26.0,0.003,0.02,0.0,0.42
18.0,79.0,0.008,0.033,0.001,0.52
11.0,40.0,0.001,0.03,0.001,0.71
12.0,40.0,0.001,0.026,0.001,0.65
9.0,38.0,0.0,0.024,0.001,0.6
9.0,37.0,0.001,0.024,0.001,0.62
14.0,64.0,0.001,0.028,0.001,0.98
21.0,121.0,0.003,0.039,0.001,0.92
23.0,83.0,0.023,0.033,,
12.0,44.0,0.026,0.02,0.001,0.38
13.0,42.0,0.001,0.032,0.001,0.75
12.0,44.0,0.001,0.029,0.001,0.59
15.0,46.0,0.001,0.027,0.001,0.72
18.0,49.0,0.001,0.029,0.001,0.83
26.0,89.0,0.007,0.043,0.001,0.8
28.0,86.0,0.015,0.035,0.001,0.68
31.0,72.0,0.031,0.026,0.001,0.48
23.0,60.0,0.049,0.019,0.001,0.33
12.0,61.0,0.055,0.011,0.001,0.22
11.0,52.0,0.053,0.01,0.001,0.18
9.0,58.0,0.054,0.011,0.001,0.22
18.0,51.0,0.055,0.012,0.001,0.23
19.0,48.0,0.038,0.015,0.001,0.22
8.0,40.0,0.027,0.014,0.001,0.19
7.0,31.0,0.021,0.013,0.001,0.17
7.0,24.0,0.019,0.011,0.001,0.16
8.0,23.0,0.016,0.012,0.001,0.16
7.0,18.0,0.015,0.011,0.001,0.18
8.0,24.0,0.01,0.013,0.001,0.23
10.0,21.0,0.011,0.012,0.001,0.23
5.0,14.0,0.022,0.004,0.0,0.14
7.0,13.0,0.023,0.006,0.0,0.14
6.0,14.0,0.027,0.006,0.001,0.12
5.0,19.0,0.028,0.005,0.001,0.13
7.0,15.0,0.032,0.003,0.0,0.14
9.0,19.0,0.036,0.003,0.001,0.14
10.0,19.0,0.041,0.003,0.001,0.14
9.0,18.0,0.044,0.004,0.001,0.15
7.0,28.0,0.047,0.003,0.001,0.14
7.0,25.0,0.049,0.003,0.001,0.14
6.0,23.0,0.05,0.003,0.001,0.14
8.0,39.0,0.049,0.005,0.001,0.16
10.0,40.0,0.047,0.005,0.001,0.19
7.0,20.0,0.037,0.007,0.001,0.18
6.0,26.0,0.034,0.007,0.001,0.17
6.0,19.0,0.031,0.008,0.001,0.17
6.0,21.0,0.028,0.008,0.001,0.19
9.0,24.0,0.025,0.008,0.001,0.19
17.0,45.0,0.014,0.017,0.001,0.27
14.0,33.0,0.027,0.009,0.001,0.2
7.0,21.0,0.004,0.021,0.001,0.51
5.0,29.0,0.007,0.02,0.001,0.42
13.0,24.0,0.023,0.013,0.001,0.22
11.0,21.0,0.03,0.01,0.001,0.17
10.0,15.0,0.034,0.008,0.001,0.16
8.0,17.0,0.038,0.006,0.001,0.14
6.0,17.0,0.042,0.006,0.001,0.13
8.0,21.0,0.044,0.005,0.001,0.25
10.0,24.0,0.043,0.006,0.001,0.14
6.0,30.0,0.038,0.01,0.001,0.18
7.0,38.0,0.03,0.017,0.001,0.26
10.0,29.0,0.026,0.017,0.001,0.29
11.0,29.0,0.018,0.021,0.001,0.32
12.0,35.0,0.013,0.021,0.001,0.38
10.0,31.0,0.008,0.025,0.001,0.48
16.0,40.0,0.001,0.033,0.001,0.51
13.0,37.0,0.001,0.034,0.001,0.49
16.0,40.0,0.001,0.026,0.002,0.68
13.0,64.0,0.001,0.025,0.002,0.96
17.0,70.0,0.002,0.029,0.002,0.7
13.0,44.0,,,0.001,0.44
,15.0,0.028,0.013,0.001,0.17
-1.0,22.0,0.02,0.025,0.001,0.32
4.0,20.0,0.017,0.02,0.001,0.33
7.0,28.0,0.005,0.033,0.001,0.45
7.0,28.0,0.001,0.032,0.001,0.6
8.0,35.0,0.001,0.03,0.001,0.56
3.0,25.0,0.051,0.01,0.001,0.21
6.0,34.0,0.034,0.018,0.001,0.4
6.0,48.0,0.019,0.028,0.001,0.51
10.0,56.0,0.005,0.037,0.001,0.92
11.0,76.0,0.002,0.038,0.001,1.09
15.0,56.0,0.003,0.033,0.001,0.89
,,0.002,0.034,0.001,0.76
22.0,49.0,0.001,0.027,0.001,1.23
9.0,50.0,0.001,0.03,0.001,1.42
15.0,59.0,0.001,0.03,0.001,1.18
20.0,66.0,0.003,0.035,0.001,0.92
30.0,38.0,0.021,0.01,0.0,0.24
31.0,44.0,0.024,0.008,0.0,0.22
26.0,36.0,0.023,0.009,0.0,0.23
33.0,45.0,0.023,0.009,0.0,0.22
34.0,37.0,0.022,0.008,0.0,0.23
34.0,40.0,0.022,0.009,0.0,0.24
32.0,41.0,0.024,0.009,0.0,0.24
28.0,36.0,0.027,0.009,0.0,0.24
27.0,34.0,0.002,0.018,0.001,0.58
19.0,44.0,0.001,0.02,0.001,0.69
26.0,44.0,0.002,0.02,0.001,0.47
22.0,41.0,0.004,0.018,0.001,0.51
21.0,41.0,0.001,0.024,0.001,0.52
22.0,46.0,0.001,0.023,0.001,0.6
23.0,39.0,0.001,0.018,0.001,0.62
26.0,47.0,0.001,0.021,0.001,0.69
24.0,57.0,0.001,0.022,0.001,0.81
33.0,114.0,0.001,0.03,0.001,1.03
36.0,95.0,0.003,0.035,0.001,0.79
46.0,75.0,0.015,0.026,0.001,0.51
37.0,57.0,0.026,0.021,0.001,0.41
30.0,102.0,0.004,0.035,0.001,0.76
29.0,62.0,0.011,0.034,0.001,0.6
27.0,61.0,0.001,0.027,0.001,0.9
23.0,59.0,0.001,0.029,0.001,0.95
22.0,67.0,0.001,0.022,0.001,1.11
31.0,94.0,0.002,0.032,0.001,1.21
35.0,115.0,0.004,0.042,0.001,0.92
,,0.006,0.052,0.001,0.87
21.0,68.0,0.023,0.034,0.001,0.5
40.0,75.0,0.001,0.039,0.001,0.86
31.0,75.0,0.001,0.036,0.001,0.89
21.0,66.0,0.001,0.039,0.001,0.8
26.0,65.0,0.001,0.039,0.001,1.03
20.0,95.0,0.001,0.04,0.001,1.16
28.0,107.0,0.001,0.038,0.002,1.32
27.0,145.0,0.002,0.041,0.001,1.07
27.0,130.0,0.006,0.042,0.001,0.77
27.0,,0.005,0.022,0.0,0.43
24.0,,0.004,0.021,0.0,0.44
21.0,,0.002,0.022,0.0,0.46
23.0,,0.001,0.024,0.0,0.49
22.0,,0.001,0.024,0.001,0.55
20.0,,0.003,0.022,0.001,0.59
31.0,,0.005,0.025,0.001,0.67
30.0,59.0,0.057,0.013,0.001,0.4
61.0,71.0,0.01,0.021,0.0,0.45
52.0,68.0,0.009,0.024,0.001,0.5
51.0,76.0,0.015,0.025,0.001,0.86
,,0.014,0.025,0.0,0.58
29.0,35.0,0.001,0.033,0.001,0.58
27.0,36.0,0.002,0.028,0.0,0.55
35.0,43.0,0.005,0.025,0.0,0.51
45.0,65.0,0.006,0.027,0.0,0.55
39.0,48.0,0.013,0.022,0.0,0.48
18.0,31.0,0.006,0.021,0.0,0.37
12.0,37.0,0.003,0.024,0.0,0.4
27.0,52.0,0.015,0.017,0.0,0.27
30.0,49.0,0.015,0.018,0.0,0.29
19.0,31.0,0.008,0.019,0.0,0.31
24.0,38.0,0.01,0.02,0.001,0.36
27.0,47.0,0.021,0.018,0.001,0.29
26.0,,0.03,0.024,0.001,0.34
10.0,59.0,0.047,0.016,0.001,0.24
14.0,62.0,0.001,0.042,0.001,0.64
15.0,57.0,0.001,0.039,0.001,0.79
20.0,55.0,0.001,0.036,0.001,0.69
16.0,45.0,0.001,0.035,0.001,0.58
4.0,33.0,0.026,0.015,0.001,0.19
3.0,36.0,0.036,0.005,0.0,0.07
4.0,35.0,0.034,0.006,0.0,0.08
5.0,37.0,0.032,0.007,0.0,0.08
3.0,27.0,0.031,0.008,0.0,0.09
2.0,42.0,0.031,0.007,0.0,0.09
5.0,90.0,0.034,0.006,0.0,0.08
7.0,90.0,0.036,0.005,0.0,0.08
2.0,101.0,0.038,0.005,0.0,0.08
3.0,61.0,0.039,0.005,0.0,0.09
4.0,47.0,0.039,0.005,0.001,0.09
1.0,36.0,0.04,0.006,0.001,0.09
0.0,34.0,0.039,0.006,0.0,0.09
1.0,33.0,0.036,0.008,0.0,0.1
1.0,24.0,0.034,0.009,0.0,0.11
,,0.032,0.01,0.0,0.11
1.0,13.0,0.031,0.007,0.0,0.06
0.0,36.0,0.028,0.009,0.0,0.09
6.0,41.0,0.031,0.006,0.0,0.09
9.0,51.0,0.023,0.016,0.001,0.17
6.0,30.0,0.032,0.008,0.0,0.1
4.0,29.0,0.035,0.005,0.0,0.08
3.0,25.0,0.036,0.005,0.0,0.08
1.0,29.0,0.035,0.005,0.0,0.08
3.0,26.0,0.034,0.006,0.0,0.09
0.0,20.0,0.033,0.006,0.0,0.1
-2.0,21.0,0.03,0.007,0.0,0.12
-2.0,26.0,0.028,0.01,0.0,0.13
-2.0,19.0,0.027,0.009,0.0,0.12
-1.0,13.0,0.026,0.011,0.0,0.12
-1.0,12.0,0.029,0.009,0.0,0.09
1.0,28.0,0.017,0.022,0.001,0.22
3.0,36.0,0.004,0.03,0.001,0.35
4.0,45.0,0.001,0.033,0.001,0.42
,,0.001,0.031,0.001,0.46
2.0,30.0,0.001,0.029,0.001,0.43
25.0,87.0,0.001,0.046,0.001,1.15
,,0.001,0.04,0.001,1.01
17.0,112.0,0.009,0.038,0.001,0.56
13.0,62.0,0.038,0.014,0.001,0.25
12.0,45.0,0.032,0.014,0.001,0.25
11.0,49.0,0.028,0.012,0.001,0.22
12.0,32.0,0.022,0.014,0.0,0.25
11.0,44.0,0.019,0.015,0.0,0.26
10.0,38.0,0.014,0.014,0.0,0.27
7.0,34.0,0.011,0.014,0.0,0.34
8.0,36.0,0.012,0.014,0.0,0.29
19.0,43.0,0.005,0.014,0.0,0.35
,,0.008,0.014,0.0,0.28
23.0,38.0,0.008,0.017,0.0,0.26
27.0,41.0,0.015,0.015,0.001,0.33
38.0,67.0,0.023,0.014,0.001,0.3
27.0,53.0,0.033,0.014,0.001,0.27
26.0,66.0,0.04,0.013,0.001,0.22
17.0,50.0,0.038,0.014,0.001,0.22
15.0,47.0,0.037,0.018,0.001,0.25
21.0,57.0,0.038,0.016,0.001,0.25
14.0,52.0,0.038,0.014,0.001,0.24
13.0,53.0,0.034,0.017,0.001,0.3
18.0,52.0,0.028,0.018,0.001,0.36
16.0,55.0,0.016,0.025,0.001,0.43
21.0,61.0,0.007,0.032,0.0,0.48
21.0,59.0,0.003,0.033,0.001,0.72
22.0,70.0,0.001,0.036,0.001,0.8
25.0,56.0,0.001,0.034,0.001,0.76
20.0,68.0,0.001,0.031,0.001,0.8
25.0,58.0,0.001,0.026,0.001,0.77
26.0,55.0,0.001,0.029,0.001,0.94
21.0,59.0,0.001,0.026,0.001,0.94
22.0,62.0,0.001,0.029,0.001,0.94
23.0,65.0,0.001,0.03,0.001,1.08
37.0,111.0,,,0.001,0.45
35.0,84.0,0.025,0.033,0.001,0.49
28.0,32.0,0.001,0.028,0.001,0.65
25.0,35.0,0.001,0.024,0.001,0.67
23.0,26.0,0.0,0.029,0.001,0.66
17.0,27.0,0.002,0.027,0.001,0.64
18.0,29.0,0.003,0.028,0.001,0.68
22.0,36.0,0.006,0.026,0.001,0.67
34.0,52.0,0.012,0.028,0.001,0.67
40.0,62.0,0.016,0.03,0.001,0.64
35.0,66.0,0.028,0.024,0.001,0.46
35.0,71.0,,,0.001,0.39
39.0,81.0,0.034,0.021,0.001,0.43
32.0,71.0,0.032,0.022,0.001,0.43
36.0,81.0,0.029,0.025,0.001,0.47
38.0,98.0,0.025,0.025,0.001,0.47
30.0,85.0,0.02,0.025,0.001,0.43
30.0,71.0,0.018,0.023,0.001,0.43
35.0,64.0,0.01,0.026,0.0,0.53
34.0,71.0,0.005,0.029,0.0,0.55
35.0,67.0,0.001,0.03,0.001,0.58
,,0.001,0.031,0.001,0.79
3.0,104.0,0.035,0.005,0.0,0.07
16.0,,0.035,0.005,0.0,0.07
-1.0,13.0,0.037,0.004,0.0,0.09
7.0,55.0,0.013,0.025,0.001,0.25
5.0,73.0,0.019,0.021,0.001,0.23
6.0,75.0,0.025,0.016,0.001,0.15
7.0,56.0,0.032,0.011,0.001,0.13
7.0,26.0,0.04,0.005,0.001,0.1
3.0,19.0,0.041,0.005,0.001,0.1
1.0,29.0,0.041,0.006,0.001,0.13
0.0,17.0,0.039,0.007,0.001,0.11
-2.0,34.0,0.035,0.01,0.001,0.13
-2.0,44.0,0.03,0.013,0.0,0.15
-1.0,54.0,0.026,0.015,0.0,0.17
1.0,43.0,0.022,0.018,0.001,0.2
4.0,43.0,0.007,0.031,0.001,0.34
4.0,43.0,0.008,0.03,0.001,0.26
3.0,35.0,0.003,0.034,0.001,0.34
4.0,37.0,0.002,0.034,0.001,0.31
6.0,46.0,0.001,0.036,0.001,0.41
9.0,46.0,0.001,0.035,0.001,0.43
6.0,44.0,0.001,0.034,0.001,0.48
6.0,44.0,0.001,0.035,0.001,0.46
10.0,84.0,0.002,0.037,0.001,0.81
8.0,52.0,0.001,0.03,0.001,0.95
10.0,58.0,0.001,0.032,0.001,0.89
28.0,145.0,0.003,0.041,0.001,0.76
,,,,0.001,0.5
9.0,78.0,0.043,0.004,0.0,0.09
2.0,57.0,0.041,0.003,0.0,0.1
8.0,,0.042,0.002,0.0,0.08
11.0,205.0,0.041,0.002,0.0,0.07
4.0,,0.042,0.001,0.001,0.08
9.0,33.0,0.002,0.029,0.001,0.43
5.0,39.0,0.001,0.031,0.001,0.35
5.0,45.0,0.001,0.032,0.001,0.37
8.0,61.0,0.006,0.029,0.001,0.39
11.0,73.0,0.01,0.027,0.001,0.38
11.0,39.0,0.021,0.021,0.001,0.3
9.0,27.0,0.033,0.014,0.001,0.21
16.0,31.0,0.041,0.007,0.001,0.14
5.0,20.0,0.045,0.005,0.001,0.12
2.0,12.0,0.044,0.004,0.001,0.11
-2.0,20.0,0.043,0.003,0.001,0.1
-1.0,15.0,0.041,0.004,0.001,0.13
-2.0,20.0,0.033,0.017,0.001,0.32
-1.0,28.0,0.022,0.027,0.001,0.45
3.0,60.0,0.014,0.03,0.001,0.47
15.0,76.0,0.007,0.033,0.001,0.8
12.0,53.0,0.002,0.038,0.001,1.06
13.0,57.0,0.002,0.033,0.001,0.72
13.0,50.0,0.009,0.03,0.001,0.62
14.0,40.0,0.016,0.024,0.001,0.39
14.0,35.0,0.026,0.017,0.001,0.28
11.0,26.0,0.036,0.009,0.001,0.19
9.0,31.0,0.036,0.012,0.001,0.22
7.0,46.0,0.045,0.01,0.001,0.17
6.0,36.0,0.049,0.005,0.001,0.14
3.0,44.0,0.041,0.014,0.001,0.25
29.0,93.0,0.001,0.041,0.001,1.46
26.0,78.0,0.001,0.038,0.001,1.08
20.0,59.0,0.001,0.036,0.001,0.99
16.0,53.0,0.001,0.033,0.001,0.86
13.0,48.0,0.02,0.025,0.001,0.36
12.0,34.0,0.029,0.017,0.001,0.25
6.0,22.0,0.042,0.01,0.001,0.18
2.0,44.0,0.04,0.014,0.001,0.2
5.0,38.0,0.043,0.011,0.001,0.21
6.0,51.0,0.041,0.015,0.001,0.27
10.0,76.0,0.035,0.026,0.001,0.46
18.0,86.0,0.019,0.04,0.001,0.72
17.0,78.0,0.014,0.042,0.001,0.8
17.0,60.0,0.016,0.035,0.001,0.64
,,0.004,0.045,0.001,0.94
23.0,125.0,0.002,0.044,0.002,1.17
1.0,39.0,0.035,0.005,0.001,0.07
2.0,23.0,0.034,0.006,0.001,0.09
1.0,28.0,0.033,0.007,0.0,0.1
1.0,25.0,0.03,0.009,0.0,0.11
-1.0,35.0,0.03,0.008,0.001,0.1
,21.0,0.031,0.009,0.0,0.11
9.0,36.0,0.001,0.034,0.001,0.53
5.0,34.0,0.001,0.031,0.001,0.45
6.0,43.0,0.001,0.033,0.001,0.52
8.0,77.0,0.001,0.036,0.001,0.56
18.0,108.0,0.001,0.036,0.002,0.77
20.0,147.0,0.006,0.04,0.001,0.68
16.0,,0.029,0.013,0.001,0.13
4.0,12.0,0.039,0.004,0.001,0.08
16.0,76.0,0.001,0.042,0.001,1.04
22.0,76.0,0.001,0.04,0.001,1.24
17.0,64.0,0.001,0.034,0.001,1.05
15.0,69.0,0.001,0.035,0.001,1.2
15.0,69.0,0.001,0.036,0.002,1.01
14.0,84.0,0.001,0.033,0.001,1.01
45.0,75.0,0.006,0.025,0.001,0.47
43.0,72.0,0.006,0.024,0.001,0.48
42.0,55.0,0.006,0.025,0.001,0.44
35.0,50.0,0.002,0.025,0.0,0.49
39.0,69.0,0.001,0.027,0.001,0.46
32.0,55.0,0.0,0.036,0.001,0.69
38.0,60.0,0.002,0.025,0.0,0.54
37.0,55.0,0.001,0.024,0.001,0.62
36.0,60.0,0.001,0.025,0.001,0.73
33.0,49.0,0.001,0.028,0.001,0.52
29.0,39.0,0.0,0.028,0.001,0.54
33.0,43.0,0.0,0.026,0.001,0.64
27.0,35.0,0.003,0.025,0.001,0.54
28.0,34.0,0.006,0.019,0.0,0.48
82.0,131.0,0.001,0.024,0.001,1.92
72.0,127.0,0.001,0.029,0.001,1.61
71.0,122.0,0.0,0.03,0.001,1.33
86.0,130.0,0.001,0.026,0.001,1.39
51.0,86.0,0.001,0.036,0.001,1.2
47.0,89.0,0.001,0.035,0.001,1.36
42.0,90.0,0.001,0.036,0.001,1.43
51.0,103.0,0.001,0.036,0.002,1.46
40.0,59.0,0.021,0.016,0.001,0.33
34.0,48.0,0.016,0.021,0.001,0.35
30.0,44.0,0.017,0.023,0.0,0.32
32.0,49.0,0.015,0.026,0.001,0.36
26.0,46.0,0.011,0.027,0.001,0.37
25.0,49.0,0.007,0.031,0.001,0.37
19.0,55.0,,,0.0,0.33
20.0,47.0,0.011,0.028,0.001,0.54
16.0,52.0,0.001,0.024,0.001,0.86
35.0,58.0,0.01,0.018,0.001,0.36
16.0,28.0,0.027,0.011,0.001,0.19
10.0,26.0,0.025,0.012,0.0,0.18
8.0,14.0,0.029,0.008,0.0,0.12
8.0,20.0,0.001,0.026,0.001,0.75
10.0,24.0,0.001,0.026,0.001,0.44
9.0,23.0,0.001,0.022,0.001,0.46
10.0,24.0,0.001,0.023,0.001,0.49
7.0,19.0,0.005,0.021,0.001,0.3
0.0,12.0,0.002,0.025,0.001,0.4
2.0,12.0,0.001,0.027,0.001,0.49
6.0,34.0,0.001,0.025,0.001,0.65
9.0,30.0,0.003,0.027,0.001,0.49
16.0,37.0,0.009,0.026,0.001,0.4
9.0,27.0,0.021,0.016,0.001,0.23
6.0,14.0,0.03,0.008,,0.13
9.0,40.0,0.005,0.028,,0.61
13.0,41.0,0.001,0.03,,1.04
,,0.001,0.027,,1.13
13.0,33.0,0.003,0.024,,0.44
11.0,29.0,,,,0.43
9.0,17.0,,,,0.26
6.0,16.0,,,,
2.0,15.0,,,,
10.0,19.0,,,,
13.0,33.0,,,,
16.0,32.0,,,,
16.0,38.0,,,,
13.0,34.0,,,,
16.0,25.0,,,,
8.0,23.0,,,,
10.0,24.0,,,,
17.0,34.0,,,,
9.0,18.0,,,,
9.0,22.0,,,,
9.0,20.0,,,,
9.0,32.0,,,,
10.0,25.0,,,,
12.0,29.0,,,,
14.0,37.0,,,,
21.0,42.0,,,,
28.0,46.0,,,,
38.0,65.0,,,,
32.0,52.0,,,,
2.0,6.0,,,,
1.0,4.0,,,,
2.0,4.0,,,,
,1.0,,,,
-2.0,0.0,,,,
,2.0,,,,
0.0,9.0,,,,
4.0,11.0,,,,
6.0,14.0,,,,
6.0,16.0,,,,
8.0,14.0,,,,
7.0,11.0,,,,
13.0,25.0,,,,
15.0,37.0,,,,
17.0,35.0,,,,
12.0,30.0,,,,
22.0,43.0,,,,
17.0,50.0,,,,
14.0,62.0,,,,
17.0,61.0,,,,
10.0,22.0,,,,
17.0,46.0,,,,
23.0,41.0,,,,
14.0,29.0,,,,
-1.0,17.0,,,,
5.0,23.0,,,,
8.0,13.0,,,,
0.0,10.0,,,,
-1.0,19.0,,,,
3.0,20.0,,,,
4.0,13.0,,,,
6.0,14.0,,,,
9.0,18.0,,,,
,6.0,,,,
,8.0,,,,
,21.0,,,,
-1.0,20.0,,,,
0.0,12.0,,,,
-1.0,11.0,,,,
-2.0,9.0,,,,
-2.0,20.0,,,,
1.0,19.0,,,,
11.0,27.0,,,,
13.0,29.0,,,,
22.0,55.0,,,,
16.0,70.0,,,,
14.0,47.0,,,,
5.0,51.0,,,,
6.0,47.0,,,,
14.0,72.0,,,,
19.0,81.0,,,,
28.0,93.0,,,,
29.0,80.0,,,,
22.0,46.0,,,,
17.0,34.0,,,,
15.0,32.0,,,,
12.0,31.0,,,,
12.0,45.0,,,,
25.0,68.0,,,,
33.0,78.0,,,,
34.0,72.0,,,,
36.0,77.0,,,,
45.0,78.0,,,,
35.0,71.0,,,,
37.0,74.0,,,,
38.0,70.0,,,,
17.0,34.0,,,,
13.0,15.0,,,,
6.0,10.0,,,,
9.0,13.0,,,,
9.0,16.0,,,,
10.0,14.0,,,,
11.0,18.0,,,,
3.0,8.0,,,,
2.0,6.0,,,,
1.0,6.0,,,,
-1.0,5.0,,,,
,5.0,,,,
-2.0,7.0,,,,
5.0,6.0,,,,
3.0,8.0,,,,
7.0,29.0,,,,
6.0,8.0,,,,
16.0,17.0,,,,
0.0,6.0,,,,
3.0,9.0,,,,
4.0,12.0,,,,
1.0,6.0,,,,
,24.0,,,,
,16.0,,,,
,,,,,
,,,,,
,,,,,
,,,,,
,,,,,
,,,,,
,,,,,
,,,,,
,,,,,
,,,,,
,,,,,
,,,,,
,,,,,
,,,,,
,,,,,
,,,,,
,,,,,
,,,,,
,,,,,
,,,,,
,,,,,
,,,,,
,,,,,
,,,,,
,,,,,
,,,,,
,,,,,
,,,,,
,,,,,
,,,,,
,,,,,
,,,,,
,,,,,
,,,,,
,,,,,
,,,,,
,,,,,
,,,,,
,,,,,
,,,,,
,,,,,
,,,,,
,,,,,
,,,,,
,,,,,
,,,,,
,,,,,
,,,,,
,,,,,
,,,,,
,,,,,
,,,,,
,,,,,
,,,,,
,,,,,
,,,,,
,,,,,
,,,,,
,,,,,
,,,,,
,,,,,
,,,,,
,,,,,
,,,,,
,,,,,
,,,,,
,,,,,
,,,,,
,,,,,
,,,,,
,,,,,
,,,,,
,,,,,
,,,,,
,,,,,
,,,,,
,,,,,
,,,,,
,,,,,
,,,,,
,,,,,
,,,,,
,,,,,
,,,,,
,,,,,
,,,,,
,,,,,
,,,,,
,,,,,
,,,,,
,,,,,
,,,,,
,,,,,
,,,,,
,,,,,
,,,,,
,,,,,
,,,,,
,,,,,
,,,,,
,,,,,
,,,,,
,,,,,
,,,,,
,,,,,
,,,,,
,,,,,
,,,,,
,,,,,
,,,,,
,,,,,
,,,,,
,,,,,
,,,,,
,,,,,
,,,,,
,,,,,
,,,,,
,,,,,
,,,,,
,,,,,
,,,,,
,,,,,
,,,,,
,,,,,
,,,,,
,,,,,
,,,,,
,,,,,
,,,,,
,,,,,
,,,,,
,,,,,
,,,,,
,,,,,
,,,,,
,,,,,
,,,,,
,,,,,
,,,,,
,,,,,
,,,,,
,,,,,
,,,,,
,,,,,
,,,,,
,,,,,
,,,,,
,,,,,
,,,,,
,,,,,
,,,,,
,,,,,
,,,,,
,,,,,
,,,,,
,,,,,
,,,,,
,,,,,
,,,,,
,,,,,
,,,,,
,,,,,
,,,,,
,,,,,
,,,,,
,,,,,
,,,,,
,,,,,
,,,,,
,,,,,
,,,,,
,,,,,
,,,,,
,,,,,
,,,,,
,,,,,
,,,,,
,,,,,
,,,,,
,,,,,
,,,,,
,,,,,
,,,,,
,,,,,
,,,,,
,,,,,
,,,,,
,,,,,
,,,,,
,,,,,
,,,,,
,,,,,
,,,,,
,,,,,
,,,,,
,,,,,
,,,,,
,,,,,
,,,,,
,,,,,
,,,,,
,,,,,
,,,,,
,,,,,
,,,,,
,,,,,
,,,,,
,,,,,
,,,,,
,,,,,
,,,,,
,,,,,
,,,,,
,,,,,
,,,,,
,,,,,
,,,,,
,,,,,
,,,,,
,,,,,
,,,,,
,,,,,
,,,,,
,,,,,
,,,,,
,,,,,
,,,,,
,,,,,
,,,,,
,,,,,
,,,,,
,,,,,
,,,,,
,,,,,
,,,,,
,,,,,
,,,,,
,,,,,
,,,,,
,,,,,
,,,,,
,,,,,
,,,,,
,,,,,
,,,,,
,,,,,
,,,,,
,,,,,
,,,,,
,,,,,
,,,,,
,,,,,
,,,,,
,,,,,
,,,,,
,,,,,
,,,,,
,,,,,
,,,,,
,,,,,
,,,,,
,,,,,
,,,,,
,,,,,
,,,,,
,,,,,
,,,,,
,,,,,
,,,,,
,,,,,
,,,,,
,,,,,
,,,,,
,,,,,
,,,,,
,,,,,
,,,,,
,,,,,
,,,,,
,,,,,
,,,,,
,,,,,
,,,,,
,,,,,
,,,,,
,,,,,
,,,,,
,,,,,
,,,,,
,,,,,
,,,,,
,,,,,
,,,,,
,,,,,
,,,,,
,,,,,
,,,,,
,,,,,
,,,,,
,,,,,
,,,,,
,,,,,
,,,,,
,,,,,
,,,,,
,,,,,
,,,,,
,,,,,
,,,,,
,,,,,
,,,,,
,,,,,
,,,,,
,,,,,
,,,,,
,,,,,
,,,,,
,,,,,
,,,,,
,,,,,
,,,,,
,,,,,
,,,,,
,,,,,
,,,,,
,,,,,
,,,,,
,,,,,
,,,,,
,,,,,
,,,,,
,,,,,
,,,,,
,,,,,
,,,,,
,,,,,
,,,,,
,,,,,
,,,,,
,,,,,
,,,,,
,,,,,
,,,,,
,,,,,
,,,,,
,,,,,
,,,,,
,,,,,
,,,,,
,,,,,
,,,,,
,,,,,
,,,,,
,,,,,
,,,,,
,,,,,
,,,,,
,,,,,
,,,,,
,,,,,
,,,,,
,,,,,
,,,,,
,,,,,
,,,,,
,,,,,
,,,,,
,,,,,
,,,,,
,,,,,
,,,,,
,,,,,
,,,,,
,,,,,
,,,,,
,,,,,
,,,,,
,,,,,
,,,,,
,,,,,
,,,,,
,,,,,
,,,,,
,,,,,
,,,,,
,,,,,
,,,,,
,,,,,
,,,,,
,,,,,
,,,,,
,,,,,
,,,,,
,,,,,
,,,,,
,,,,,
,,,,,
,,,,,
,,,,,
,,,,,
,,,,,
,,,,,
,,,,,
,,,,,
,,,,,
,,,,,
,,,,,
,,,,,
,,,,,
,,,,,
,,,,,
,,,,,
,,,,,
,,,,,
,,,,,
,,,,,
,,,,,
,,,,,
,,,,,
,,,,,
,,,,,
,,,,,
,,,,,
,,,,,
,,,,,
,,,,,
,,,,,
,,,,,
,,,,,
,,,,,
,,,,,
,,,,,
,,,,,
,,,,,
,,,,,
,,,,,
,,,,,
,,,,,
,,,,,
,,,,,
,,,,,
,,,,,
,,,,,
,,,,,
,,,,,
,,,,,
,,,,,
,,,,,
,,,,,
,,,,,
,,,,,
,,,,,
,,,,,
,,,,,
,,,,,
,,,,,
,,,,,
,,,,,
,,,,,
,,,,,
,,,,,
,,,,,
,,,,,
,,,,,
,,,,,
,,,,,
,,,,,
,,,,,
,,,,,
,,,,,
,,,,,
,,,,,
,,,,,
,,,,,
,,,,,
,,,,,
,,,,,
,,,,,
,,,,,
,,,,,
,,,,,
,,,,,
,,,,,
,,,,,
,,,,,
,,,,,
,,,,,
,,,,,
,,,,,
,,,,,
,,,,,
,,,,,
,,,,,
,,,,,
,,,,,
,,,,,
,,,,,
,,,,,
,,,,,
,,,,,
,,,,,
,,,,,
,,,,,
,,,,,
,,,,,
,,,,,
,,,,,
,,,,,
,,,,,
,,,,,
,,,,,
,,,,,
,,,,,
,,,,,
,,,,,
,,,,,
,,,,,
,,,,,
,,,,,
,,,,,
,,,,,
,,,,,
,,,,,
,,,,,
,,,,,
,,,,,
,,,,,
,,,,,
,,,,,
,,,,,
,,,,,
,,,,,
,,,,,
,,,,,
,,,,,
,,,,,
,,,,,
,,,,,
,,,,,
,,,,,
,,,,,
,,,,,
,,,,,
,,,,,
,,,,,
,,,,,
,,,,,
,,,,,
,,,,,
,,,,,
,,,,,
,,,,,
,,,,,
,,,,,
,,,,,
,,,,,
,,,,,
,,,,,
,,,,,
,,,,,
,,,,,
,,,,,
,,,,,
,,,,,
,,,,,
,,,,,
,,,,,
,,,,,
,,,,,
,,,,,
,,,,,
,,,,,
,,,,,
,,,,,
,,,,,
,,,,,
,,,,,
,,,,,
,,,,,
,,,,,
,,,,,
,,,,,
,,,,,
,,,,,
,,,,,
,,,,,
,,,,,
,,,,,
,,,,,
,,,,,
,,,,,
,,,,,
,,,,,
,,,,,
,,,,,
,,,,,
,,,,,
,,,,,
,,,,,
,,,,,
,,,,,
,,,,,
,,,,,
,,,,,
,,,,,
,,,,,
,,,,,
,,,,,
,,,,,
,,,,,
,,,,,
,,,,,
,,,,,
,,,,,
,,,,,
,,,,,
,,,,,
,,,,,
,,,,,
,,,,,
,,,,,
,,,,,
,,,,,
,,,,,
,,,,,
,,,,,
,,,,,
,,,,,
,,,,,
,,,,,
,,,,,
,,,,,
,,,,,
,,,,,
,,,,,
,,,,,
,,,,,
,,,,,
,,,,,
,,,,,
,,,,,
,,,,,
,,,,,
,,,,,
,,,,,
,,,,,
,,,,,
,,,,,
,,,,,
,,,,,
,,,,,
,,,,,
,,,,,
,,,,,
,,,,,
,,,,,
,,,,,
,,,,,
,,,,,
,,,,,
,,,,,
,,,,,
,,,,,
,,,,,
,,,,,
,,,,,
,,,,,
,,,,,
,,,,,
,,,,,
,,,,,
,,,,,
,,,,,
,,,,,
,,,,,
,,,,,
,,,,,
,,,,,
,,,,,
,,,,,
,,,,,
,,,,,
,,,,,
,,,,,
,,,,,
,,,,,
,,,,,
,,,,,
,,,,,
,,,,,
,,,,,
,,,,,
,,,,,
,,,,,
,,,,,
,,,,,
,,,,,
,,,,,
,,,,,
,,,,,
,,,,,
,,,,,
,,,,,
,,,,,
,,,,,
,,,,,
,,,,,
,,,,,
,,,,,
,,,,,
,,,,,
,,,,,
,,,,,
,,,,,
,,,,,
,,,,,
,,,,,
,,,,,
,,,,,
,,,,,
,,,,,
,,,,,
,,,,,
,,,,,
,,,,,
,,,,,
,,,,,
,,,,,
,,,,,
,,,,,
,,,,,
,,,,,
,,,,,
,,,,,
,,,,,
,,,,,
,,,,,
,,,,,
,,,,,
,,,,,
,,,,,
,,,,,
,,,,,
,,,,,
,,,,,
,,,,,
,,,,,
,,,,,
,,,,,
,,,,,
,,,,,
,,,,,
,,,,,
,,,,,
,,,,,
,,,,,
,,,,,
,,,,,
,,,,,
,,,,,
,,,,,
,,,,,
,,,,,
,,,,,
,,,,,
,,,,,
,,,,,
,,,,,
,,,,,
,,,,,
,,,,,
,,,,,
,,,,,
,,,,,
,,,,,
,,,,,
,,,,,
,,,,,
,,,,,
,,,,,
,,,,,
,,,,,
,,,,,
,,,,,
,,,,,
,,,,,
,,,,,
,,,,,
,,,,,
,,,,,
,,,,,
,,,,,
,,,,,
,,,,,
,,,,,
,,,,,
,,,,,
,,,,,
,,,,,
,,,,,
,,,,,
,,,,,
,,,,,
,,,,,
,,,,,
,,,,,
,,,,,
,,,,,
,,,,,
,,,,,
,,,,,
,,,,,
,,,,,
,,,,,
,,,,,
,,,,,
,,,,,
,,,,,
,,,,,
,,,,,
,,,,,
,,,,,
,,,,,
,,,,,
,,,,,
,,,,,
,,,,,
,,,,,
,,,,,
,,,,,
,,,,,
,,,,,
,,,,,
,,,,,
,,,,,
,,,,,
,,,,,
,,,,,
,,,,,
,,,,,
,,,,,
,,,,,
,,,,,
,,,,,
,,,,,
,,,,,
,,,,,
,,,,,
,,,,,
,,,,,
,,,,,
,,,,,
,,,,,
,,,,,
,,,,,
,,,,,
,,,,,
,,,,,
,,,,,
,,,,,
,,,,,
,,,,,
,,,,,
,,,,,
,,,,,
,,,,,
,,,,,
,,,,,
,,,,,
,,,,,
,,,,,
,,,,,
,,,,,
,,,,,
,,,,,
,,,,,
,,,,,
,,,,,
,,,,,
,,,,,
,,,,,
,,,,,
,,,,,
,,,,,
,,,,,
,,,,,
,,,,,
,,,,,
,,,,,
,,,,,
,,,,,
,,,,,
,,,,,
,,,,,
,,,,,
,,,,,
,,,,,
,,,,,
,,,,,
,,,,,
,,,,,
,,,,,
,,,,,
,,,,,
,,,,,
,,,,,
,,,,,
,,,,,
,,,,,
,,,,,
,,,,,
,,,,,
,,,,,
,,,,,
,,,,,
,,,,,
,,,,,
,,,,,
,,,,,
,,,,,
,,,,,
,,,,,
,,,,,
,,,,,
,,,,,
,,,,,
,,,,,
,,,,,
,,,,,
,,,,,
,,,,,
,,,,,
,,,,,
,,,,,
,,,,,
,,,,,
,,,,,
,,,,,
,,,,,
,,,,,
,,,,,
,,,,,
,,,,,
,,,,,
,,,,,
,,,,,
,,,,,
,,,,,
,,,,,
,,,,,
,,,,,
,,,,,
,,,,,
,,,,,
,,,,,
,,,,,
,,,,,
,,,,,
,,,,,
,,,,,
,,,,,
,,,,,
,,,,,
,,,,,
,,,,,
,,,,,
,,,,,
,,,,,
,,,,,
,,,,,
,,,,,
,,,,,
,,,,,
,,,,,
,,,,,
,,,,,
,,,,,
,,,,,
,,,,,
,,,,,
,,,,,
,,,,,
,,,,,
,,,,,
,,,,,
,,,,,
,,,,,
,,,,,
,,,,,
,,,,,
,,,,,
,,,,,
,,,,,
,,,,,
,,,,,
,,,,,
,,,,,
,,,,,
,,,,,
