location_id,location_name,latitude,longitude,pm1,pm10,pm25,relativehumidity,temperature,um003
1367443,Depok,-6.409456,106.856152,,,40.66250133514404,,30.0,
1367443,Depok,-6.409456,106.856152,,,50.14999993642172,,,
1367443,Depok,-6.409456,106.856152,,,57.66666666666666,,,
1367443,Depok,-6.409456,106.856152,,,76.35000101725261,,,
1367443,Depok,-6.409456,106.856152,,,75.70416768391927,,,
1367443,Depok,-6.409456,106.856152,,,96.9958324432373,,,
1367443,Depok,-6.409456,106.856152,,,95.8625005086263,,,
1367443,Depok,-6.409456,106.856152,,,69.80416584014893,,,
1367443,Depok,-6.409456,106.856152,,,75.52500089009602,,,
1367443,Depok,-6.409456,106.856152,,,75.10000038146973,,,
1367443,Depok,-6.409456,106.856152,,,97.66250038146973,,,
1367443,Depok,-6.409456,106.856152,,,114.0583324432373,,,
1367443,Depok,-6.409456,106.856152,,,101.86666679382324,,,
1367443,Depok,-6.409456,106.856152,,,111.15416781107584,,,
1367443,Depok,-6.409456,106.856152,,,92.87499936421712,,,
1367443,Depok,-6.409456,106.856152,,,84.44583320617676,,,
1367443,Depok,-6.409456,106.856152,,,107.59166653951009,,,
1367443,Depok,-6.409456,106.856152,,,114.71250025431316,,,
1367443,Depok,-6.409456,106.856152,,,104.3333346048991,,,
1367443,Depok,-6.409456,106.856152,,,48.52916590372721,,,
1367443,Depok,-6.409456,106.856152,,,51.02916717529297,,,
1367443,Depok,-6.409456,106.856152,,,64.79166730244954,,,
1367443,Depok,-6.409456,106.856152,,,78.4583346048991,,,
1367443,Depok,-6.409456,106.856152,,,74.05833371480306,,,
1367443,Depok,-6.409456,106.856152,,,76.72083409627278,,,
1367443,Depok,-6.409456,106.856152,,,82.9958324432373,,,
1367443,Depok,-6.409456,106.856152,,,75.86666552225749,,,
1367443,Depok,-6.409456,106.856152,,,78.50833320617676,,,
1367443,Depok,-6.409456,106.856152,,,93.36249860127766,,,
1367443,Depok,-6.409456,106.856152,,,66.14999930063884,,,
1367443,Depok,-6.409456,106.856152,,,73.09583282470703,,,
1367443,Depok,-6.409456,106.856152,,,74.2624994913737,,,
1367443,Depok,-6.409456,106.856152,,,78.83749961853027,,,
1367443,Depok,-6.409456,106.856152,,,81.12916882832845,,,
1367443,Depok,-6.409456,106.856152,,,66.50833320617676,,,
1367443,Depok,-6.409456,106.856152,,,56.537500063578285,,,
1367443,Depok,-6.409456,106.856152,,,51.31666692097982,,,
1367443,Depok,-6.409456,106.856152,,,107.21666653951009,,,
1367443,Depok,-6.409456,106.856152,,,153.6541659037272,,,
1367443,Depok,-6.409456,106.856152,,,126.1625010172526,,,
1367443,Depok,-6.409456,106.856152,,,107.00833257039388,,,
1367443,Depok,-6.409456,106.856152,,,105.96666844685872,,,
1367443,Depok,-6.409456,106.856152,,,99.29583231608072,,,
1367443,Depok,-6.409456,106.856152,,,72.58750089009602,,,
1367443,Depok,-6.409456,106.856152,,,88.40833282470703,,,
1367443,Depok,-6.409456,106.856152,,,103.67500114440918,,,
1367443,Depok,-6.409456,106.856152,,,67.0458329518636,,,
1367443,Depok,-6.409456,106.856152,,,107.17916679382324,,,
1367443,Depok,-6.409456,106.856152,,,102.29583485921223,,,
1367443,Depok,-6.409456,106.856152,,,72.32499885559082,,,
1367443,Depok,-6.409456,106.856152,,,110.09583155314128,,,
1367443,Depok,-6.409456,106.856152,,,105.3791669209798,,,
1367443,Depok,-6.409456,106.856152,,,77.83750057220459,,,
1367443,Depok,-6.409456,106.856152,,,65.71250025431316,,,
1367443,Depok,-6.409456,106.856152,,,73.45416641235352,,,
1367443,Depok,-6.409456,106.856152,,,48.95833269755045,,,
1367443,Depok,-6.409456,106.856152,,,47.07500012715658,,,
1367443,Depok,-6.409456,106.856152,,,48.27916653951009,,,
1367443,Depok,-6.409456,106.856152,,,40.00000031789144,,,
1367443,Depok,-6.409456,106.856152,,,26.00833304723104,,,
1367443,Depok,-6.409456,106.856152,,,27.104166984558105,,,
1367443,Depok,-6.409456,106.856152,,,23.166666507720947,,,
1367443,Depok,-6.409456,106.856152,,,41.09583409627279,,,
1367443,Depok,-6.409456,106.856152,,,60.52916717529297,,,
1367443,Depok,-6.409456,106.856152,,,,,28.72083346048991,
1367443,Depok,-6.409456,106.856152,,,,,31.43749984105428,
1367443,Depok,-6.409456,106.856152,,,,,32.81666692097982,
1367443,Depok,-6.409456,106.856152,,,74.6772724498402,,,
1367443,Depok,-6.409456,106.856152,,,73.47916666666667,,,
1367443,Depok,-6.409456,106.856152,,,88.4375,,,
1367443,Depok,-6.409456,106.856152,,,98.90000025431316,,,
1367443,Depok,-6.409456,106.856152,,,99.64166768391928,,,
1367443,Depok,-6.409456,106.856152,,,91.11249860127766,,,
1367443,Depok,-6.409456,106.856152,,,109.08333269755046,,,
1367443,Depok,-6.409456,106.856152,,,116.57916641235352,,,
1367443,Depok,-6.409456,106.856152,,,106.1416670481364,,,
1367443,Depok,-6.409456,106.856152,,,119.366668065389,,,
1367443,Depok,-6.409456,106.856152,,,94.12916628519694,,,
1367443,Depok,-6.409456,106.856152,,,76.06249936421712,,,
1367443,Depok,-6.409456,106.856152,,,81.10416730244954,,,
1367443,Depok,-6.409456,106.856152,,,87.59166717529297,,,
1367443,Depok,-6.409456,106.856152,,,93.68749936421712,,,
1367443,Depok,-6.409456,106.856152,,,91.70416577657063,,,
1367443,Depok,-6.409456,106.856152,,,86.96666844685872,,,
1367443,Depok,-6.409456,106.856152,,,64.75000063578288,,,
1367443,Depok,-6.409456,106.856152,,,63.387499491373696,,,
1367443,Depok,-6.409456,106.856152,,,,,30.27500009536743,
1367443,Depok,-6.409456,106.856152,,,,,29.741666952768963,
1367443,Depok,-6.409456,106.856152,,,,,29.47499990463257,
1367443,Depok,-6.409456,106.856152,,,,,29.27916669845581,
1367443,Depok,-6.409456,106.856152,,,,,28.82083320617676,
1367443,Depok,-6.409456,106.856152,,,,,28.516666730244957,
1367443,Depok,-6.409456,106.856152,,,110.28333346048991,,28.49166663487752,
1367443,Depok,-6.409456,106.856152,,,105.07083257039388,,28.35833311080933,
1367443,Depok,-6.409456,106.856152,,,105.45833333333331,,,
1367443,Depok,-6.409456,106.856152,,,116.04166475931804,,,
1367443,Depok,-6.409456,106.856152,,,110.8791675567627,,,
1367443,Depok,-6.409456,106.856152,,,118.91666475931804,,,
1367443,Depok,-6.409456,106.856152,,,141.9124984741211,,,
1367443,Depok,-6.409456,106.856152,,,104.57916641235352,,,
1367443,Depok,-6.409456,106.856152,,,91.89583333333331,,,
1367443,Depok,-6.409456,106.856152,,,70.46249961853027,,,
1367443,Depok,-6.409456,106.856152,,,72.57499885559082,,,
1367443,Depok,-6.409456,106.856152,,,74.20833396911621,,,
1367443,Depok,-6.409456,106.856152,,,76.1583309173584,,,
1367443,Depok,-6.409456,106.856152,,,71.28333377838135,,,
1367443,Depok,-6.409456,106.856152,,,54.82500044504801,,,
1367443,Depok,-6.409456,106.856152,,,43.29583263397217,,,
1367443,Depok,-6.409456,106.856152,,,45.6875,,,
1367443,Depok,-6.409456,106.856152,,,91.0333309173584,,,
1367443,Depok,-6.409456,106.856152,,,112.52916653951009,,,
1367443,Depok,-6.409456,106.856152,,,120.42499923706056,,,
1367443,Depok,-6.409456,106.856152,,,97.02083269755046,,,
1367443,Depok,-6.409456,106.856152,,,103.72500038146973,,,
1367443,Depok,-6.409456,106.856152,,,99.23333485921223,,,
1367443,Depok,-6.409456,106.856152,,,99.4958330790202,,,
1367443,Depok,-6.409456,106.856152,,,94.97083282470705,,,
1367443,Depok,-6.409456,106.856152,,,101.80416679382324,,,
1367443,Depok,-6.409456,106.856152,,,52.52916749318441,,,
1367443,Depok,-6.409456,106.856152,,,46.479166984558105,,,
1367443,Depok,-6.409456,106.856152,,,46.22083314259847,,31.987500190734863,
1367443,Depok,-6.409456,106.856152,,,44.71249993642172,,33.32499980926514,
1367443,Depok,-6.409456,106.856152,,,50.63750044504801,,33.874999364217125,
1367443,Depok,-6.409456,106.856152,,,51.34999974568685,,33.52916685740153,
1367443,Depok,-6.409456,106.856152,,,44.41666666666666,,33.15833314259847,
1367443,Depok,-6.409456,106.856152,,,47.12083307902018,,31.983333269755047,
1367443,Depok,-6.409456,106.856152,,,55.84583377838135,,30.9416667620341,
1367443,Depok,-6.409456,106.856152,,,64.65000057220459,,30.266666730244957,
1367443,Depok,-6.409456,106.856152,,,59.64583396911621,,29.81249984105428,
1367443,Depok,-6.409456,106.856152,,,84.95833333333333,,,
1367443,Depok,-6.409456,106.856152,,,89.26249821980794,,,
1367443,Depok,-6.409456,106.856152,,,96.60833231608072,,,
1367443,Depok,-6.409456,106.856152,,,122.5458329518636,,,
1367443,Depok,-6.409456,106.856152,,,66.95833396911621,,,
1367443,Depok,-6.409456,106.856152,,,84.77916526794434,,,
1367443,Depok,-6.409456,106.856152,,,109.82916577657063,,,
1367443,Depok,-6.409456,106.856152,,,134.1125005086263,,,
1367443,Depok,-6.409456,106.856152,,,123.03333346048991,,,
1367443,Depok,-6.409456,106.856152,,,111.28333282470705,,,
1367443,Depok,-6.409456,106.856152,,,115.52499961853027,,,
1367443,Depok,-6.409456,106.856152,,,122.75833320617676,,,
1367443,Depok,-6.409456,106.856152,,,110.27499834696452,,,
1367443,Depok,-6.409456,106.856152,,,115.86250114440918,,,
1367443,Depok,-6.409456,106.856152,,,119.81249936421712,,,
1367443,Depok,-6.409456,106.856152,,,93.73333422342937,,,
1367443,Depok,-6.409456,106.856152,,,82.63333384195964,,,
1367443,Depok,-6.409456,106.856152,,,77.22083409627278,,,
1367443,Depok,-6.409456,106.856152,,,73.51250012715657,,,
1367443,Depok,-6.409456,106.856152,,,69.7333329518636,,,
1367443,Depok,-6.409456,106.856152,,,69.01666768391927,,,
1367443,Depok,-6.409456,106.856152,,,82.05416615804036,,,
1367443,Depok,-6.409456,106.856152,,,73.04583422342937,,,
1367443,Depok,-6.409456,106.856152,,,66.55833339691162,,,
1367443,Depok,-6.409456,106.856152,,,61.60416634877523,,,
1367443,Depok,-6.409456,106.856152,,,68.51666641235352,,,
1367443,Depok,-6.409456,106.856152,,,79.40416781107585,,,
1367443,Depok,-6.409456,106.856152,,,71.10416666666667,,,
1367443,Depok,-6.409456,106.856152,,,101.8125,,,
1367443,Depok,-6.409456,106.856152,,,136.31250063578287,,,
1367443,Depok,-6.409456,106.856152,,,89.85833231608073,,,
1367443,Depok,-6.409456,106.856152,,,79.13750076293945,,,
1367443,Depok,-6.409456,106.856152,,,87.88333257039388,,,
1367443,Depok,-6.409456,106.856152,,,89.53749974568684,,,
1367443,Depok,-6.409456,106.856152,,,78.54999860127766,,,
1367443,Depok,-6.409456,106.856152,,,64.07916514078777,,,
1367443,Depok,-6.409456,106.856152,,,58.91250038146973,,,
1367443,Depok,-6.409456,106.856152,,,82.17916615804036,,,
1367443,Depok,-6.409456,106.856152,,,120.4583339691162,,,
1367443,Depok,-6.409456,106.856152,,,102.3375021616618,,,
1367443,Depok,-6.409456,106.856152,,,81.53750038146973,,,
1367443,Depok,-6.409456,106.856152,,,82.55416679382324,,,
1367443,Depok,-6.409456,106.856152,,,92.3541653951009,,,
1367443,Depok,-6.409456,106.856152,,,83.48333104451497,,,
1367443,Depok,-6.409456,106.856152,,,76.76666831970215,,,
1367443,Depok,-6.409456,106.856152,,,83.79999923706055,,,
1367443,Depok,-6.409456,106.856152,,,76.50833320617676,,,
1367443,Depok,-6.409456,106.856152,,,59.26250012715658,,,
1367443,Depok,-6.409456,106.856152,,,58.57083288828532,,,
1367443,Depok,-6.409456,106.856152,,,62.662500063578285,,,
1367443,Depok,-6.409456,106.856152,,,74.06250127156575,,,
1367443,Depok,-6.409456,106.856152,,,91.7541669209798,,,
1367443,Depok,-6.409456,106.856152,,,124.40833473205566,,,
1367443,Depok,-6.409456,106.856152,,,132.73750114440918,,,
1367443,Depok,-6.409456,106.856152,,,59.83181797374379,,,
1367443,Depok,-6.409456,106.856152,,,75.24444580078125,,32.8500001695421,
1367443,Depok,-6.409456,106.856152,,,67.24583498636882,,34.870834032694496,
1367443,Depok,-6.409456,106.856152,,,57.41250038146973,,34.27916685740153,
1367443,Depok,-6.409456,106.856152,,,51.84583377838135,,32.66666650772095,
1367443,Depok,-6.409456,106.856152,,,55.920833905537926,,31.27499993642171,
1367443,Depok,-6.409456,106.856152,,,60.36666742960612,,30.199999968210857,
1367443,Depok,-6.409456,106.856152,,,56.48749987284342,,29.64583381017049,
1367443,Depok,-6.409456,106.856152,,,77.80416679382324,,29.52500009536743,
1367443,Depok,-6.409456,106.856152,,,75.7666670481364,,29.545833428700764,
1367443,Depok,-6.409456,106.856152,,,82.80416552225749,,29.53333346048991,
1367443,Depok,-6.409456,106.856152,,,88.46250025431316,,29.162500381469727,
1367443,Depok,-6.409456,106.856152,,,87.42083358764648,,29.012499968210857,
1367443,Depok,-6.409456,106.856152,,,105.59166653951009,,28.69166660308838,
1367443,Depok,-6.409456,106.856152,,,99.68333371480306,,28.35833311080933,
1367443,Depok,-6.409456,106.856152,,,89.86666742960612,,28.07083368301392,
1367443,Depok,-6.409456,106.856152,,,81.39583269755046,,27.94583320617676,
1367443,Depok,-6.409456,106.856152,,,97.13750076293944,,27.66250022252401,
1367443,Depok,-6.409456,106.856152,,,139.09166526794434,,27.31249984105428,
1367443,Depok,-6.409456,106.856152,,,124.32500012715656,,27.68749984105428,
1367443,Depok,-6.409456,106.856152,,,92.8000005086263,,28.80416663487752,
1367443,Depok,-6.409456,106.856152,,,87.27083333333333,,30.25,
1367443,Depok,-6.409456,106.856152,,,76.76250076293945,,33.06666692097982,
1367443,Depok,-6.409456,106.856152,,,72.65833346048991,,33.94166660308838,
1367443,Depok,-6.409456,106.856152,,,70.45416577657063,,34.22083346048991,
1367443,Depok,-6.409456,106.856152,,,64.72916634877522,,33.90416685740153,
1367443,Depok,-6.409456,106.856152,,,59.04166666666666,,32.791666666666664,
1367443,Depok,-6.409456,106.856152,,,61.05833371480306,,31.83749993642171,
1367443,Depok,-6.409456,106.856152,,,65.72499974568684,,30.81250015894572,
1367443,Depok,-6.409456,106.856152,,,63.63750044504801,,30.300000031789143,
1367443,Depok,-6.409456,106.856152,,,58.74166679382324,,30.354166348775227,
1367443,Depok,-6.409456,106.856152,,,54.22499974568685,,30.03333346048991,
1367443,Depok,-6.409456,106.856152,,,78.6458330154419,,29.81666612625122,
1367443,Depok,-6.409456,106.856152,,,80.08333269755046,,28.800000031789143,
1367443,Depok,-6.409456,106.856152,,,80.24166615804036,,28.45833333333333,
1367443,Depok,-6.409456,106.856152,,,84.20416768391927,,28.041666825612385,
1367443,Depok,-6.409456,106.856152,,,77.9583346048991,,27.63333336512248,
1367443,Depok,-6.409456,106.856152,,,79.0166670481364,,27.31666612625122,
1367443,Depok,-6.409456,106.856152,,,74.62916564941406,,27.05833371480306,
1367443,Depok,-6.409456,106.856152,,,135.60416539510092,,27.425000190734863,
1367443,Depok,-6.409456,106.856152,,,128.53749910990396,,28.541667143503823,
1367443,Depok,-6.409456,106.856152,,,76.60416793823242,,30.07083320617676,
1367443,Depok,-6.409456,106.856152,,,63.95000044504801,,31.233333428700764,
1367443,Depok,-6.409456,106.856152,,,60.19166692097982,,32.46666638056437,
1367443,Depok,-6.409456,106.856152,,,70.85833422342937,,33.44999980926514,
1367443,Depok,-6.409456,106.856152,,,68.77916622161865,,33.71666590372721,
1367443,Depok,-6.409456,106.856152,,,64.04999955495198,,33.483333587646484,
1367443,Depok,-6.409456,106.856152,,,62.61249955495199,,32.76250044504801,
1367443,Depok,-6.409456,106.856152,,,53.75833320617676,,31.862499872843426,
1367443,Depok,-6.409456,106.856152,,,56.53749974568685,,30.833333492279053,
1367443,Depok,-6.409456,106.856152,,,54.24583307902018,,30.266666730244957,
1367443,Depok,-6.409456,106.856152,,,56.57083320617676,,30.00416660308838,
1367443,Depok,-6.409456,106.856152,,,69.37083276112874,,29.933333079020183,
1367443,Depok,-6.409456,106.856152,,,76.42083231608073,,29.612500349680584,
1367443,Depok,-6.409456,106.856152,,,98.78749910990398,,29.32916641235352,
1367443,Depok,-6.409456,106.856152,,,106.39583333333331,,29.100000381469727,
1367443,Depok,-6.409456,106.856152,,,126.25416564941406,,28.63333320617676,
1367443,Depok,-6.409456,106.856152,,,117.95416514078777,,28.32499933242798,
1367443,Depok,-6.409456,106.856152,,,105.7958329518636,,28.045833428700764,
1367443,Depok,-6.409456,106.856152,,,101.14166577657063,,27.71666653951009,
1367443,Depok,-6.409456,106.856152,,,105.10416793823242,,27.279166380564373,
1367443,Depok,-6.409456,106.856152,,,121.02083269755046,,26.870832920074463,
1367443,Depok,-6.409456,106.856152,,,124.51250076293944,,26.662500699361164,
1367443,Depok,-6.409456,106.856152,,,121.67499987284344,,27.03749990463257,
1367443,Depok,-6.409456,106.856152,,,93.24583180745442,,28.33333333333333,
1367443,Depok,-6.409456,106.856152,,,82.56250127156575,,29.729166666666668,
1367443,Depok,-6.409456,106.856152,,,75.46250025431316,,31.420833587646484,
1367443,Depok,-6.409456,106.856152,,,67.62500031789143,,32.28333282470703,
1367443,Depok,-6.409456,106.856152,,,76.75416533152263,,32.316667238871254,
1367443,Depok,-6.409456,106.856152,,,73.41249942779541,,32.50000031789144,
1367443,Depok,-6.409456,106.856152,,,72.08750025431316,,33.11666679382324,
1367443,Depok,-6.409456,106.856152,,,70.55833466847737,,32.58333365122477,
1367443,Depok,-6.409456,106.856152,,,68.72499879201253,,31.95416641235352,
1367443,Depok,-6.409456,106.856152,,,71.74583307902019,,31.016666730244957,
1367443,Depok,-6.409456,106.856152,,,96.05416615804036,,30.33333301544189,
1367443,Depok,-6.409456,106.856152,,,108.11666615804036,,30.0041667620341,
1367443,Depok,-6.409456,106.856152,,,108.77083269755046,,29.862499396006267,
1367443,Depok,-6.409456,106.856152,,,99.07916514078777,,29.62500031789144,
1367443,Depok,-6.409456,106.856152,,,108.63333384195964,,29.27500009536743,
1367443,Depok,-6.409456,106.856152,,,81.04166634877522,,28.97083314259847,
1367443,Depok,-6.409456,106.856152,,,54.82916736602783,,28.612500190734863,
1367443,Depok,-6.409456,106.856152,,,49.63749980926514,,28.24583355585734,
1367443,Depok,-6.409456,106.856152,,,48.74166711171468,,28.129167238871258,
1367443,Depok,-6.409456,106.856152,,,48.23749955495199,,27.84999990463257,
1367443,Depok,-6.409456,106.856152,,,47.137501080830894,,27.39583301544189,
1367443,Depok,-6.409456,106.856152,,,51.6791664759318,,27.24166679382324,
1367443,Depok,-6.409456,106.856152,,,63.58333365122477,,27.28333314259847,
1367443,Depok,-6.409456,106.856152,,,62.69583479563395,,27.670833269755047,
1367443,Depok,-6.409456,106.856152,,,74.51666768391927,,29.716666380564373,
1367443,Depok,-6.409456,106.856152,,,74.74583180745442,,31.14583301544189,
1367443,Depok,-6.409456,106.856152,,,79.62083435058594,,32.46666669845581,
1367443,Depok,-6.409456,106.856152,,,60.52916749318441,,33.10000038146973,
1367443,Depok,-6.409456,106.856152,,,77.10416730244954,,33.10416634877523,
1367443,Depok,-6.409456,106.856152,,,77.0124994913737,,32.82916641235352,
1367443,Depok,-6.409456,106.856152,,,63.07916736602783,,31.95833317438761,
1367443,Depok,-6.409456,106.856152,,,56.06666660308838,,31.78333282470703,
1367443,Depok,-6.409456,106.856152,,,66.89999930063884,,31.0625,
1367443,Depok,-6.409456,106.856152,,,67.83333206176758,,30.40416653951009,
1367443,Depok,-6.409456,106.856152,,,71.39583333333333,,30.12500047683716,
1367443,Depok,-6.409456,106.856152,,,76.9499994913737,,29.804166475931805,
1367443,Depok,-6.409456,106.856152,,,86.68749936421712,,29.15000009536743,
1367443,Depok,-6.409456,106.856152,,,93.5708351135254,,28.870832920074463,
1367443,Depok,-6.409456,106.856152,,,95.17916615804036,,28.550000190734863,
1367443,Depok,-6.409456,106.856152,,,98.97916666666669,,28.12500031789144,
1367443,Depok,-6.409456,106.856152,,,108.12916628519694,,27.70000028610229,
1367443,Depok,-6.409456,106.856152,,,115.5874989827474,,27.366665999094646,
1367443,Depok,-6.409456,106.856152,,,118.1208324432373,,27.170833428700764,
1367443,Depok,-6.409456,106.856152,,,149.8499984741211,,26.9333332379659,
1367443,Depok,-6.409456,106.856152,,,142.42083485921225,,27.36666663487752,
1367443,Depok,-6.409456,106.856152,,,106.82916768391928,,28.35000006357829,
1367443,Depok,-6.409456,106.856152,,,108.67499987284344,,29.550000031789143,
1367443,Depok,-6.409456,106.856152,,,89.52500025431316,,31.28333346048991,
1367443,Depok,-6.409456,106.856152,,,84.59999974568684,,33.36250019073486,
1367443,Depok,-6.409456,106.856152,,,63.23333295186361,,33.93333307902018,
1367443,Depok,-6.409456,106.856152,,,54.91249942779541,,33.98750019073486,
1367443,Depok,-6.409456,106.856152,,,58.72500038146973,,33.79583295186361,
1367443,Depok,-6.409456,106.856152,,,65.52916653951009,,32.90416653951009,
1367443,Depok,-6.409456,106.856152,,,63.36666711171468,,31.516666253407795,
1367443,Depok,-6.409456,106.856152,,,61.56250031789144,,30.43333339691162,
1367443,Depok,-6.409456,106.856152,,,66.37500095367432,,30.02500009536743,
1367443,Depok,-6.409456,106.856152,,,61.27916685740153,,29.87499968210856,
1367443,Depok,-6.409456,106.856152,,,70.95833269755046,,29.266666889190677,
1367443,Depok,-6.409456,106.856152,,,74.89583524068196,,28.96666653951009,
1367443,Depok,-6.409456,106.856152,,,86.09583346048991,,28.68333387374878,
1367443,Depok,-6.409456,106.856152,,,96.07500012715656,,28.366666475931805,
1367443,Depok,-6.409456,106.856152,,,88.47083346048991,,28.100000381469727,
1367443,Depok,-6.409456,106.856152,,,75.95833333333333,,27.92083311080933,
1367443,Depok,-6.409456,106.856152,,,75.53333282470703,,27.77499993642171,
1367443,Depok,-6.409456,106.856152,,,122.58750025431316,,27.42916663487752,
1367443,Depok,-6.409456,106.856152,,,152.3499984741211,,27.220833778381348,
1367443,Depok,-6.409456,106.856152,,,125.48749923706056,,27.70000012715657,
1367443,Depok,-6.409456,106.856152,,,119.94166501363118,,28.612500190734863,
1367443,Depok,-6.409456,106.856152,,,105.68749936421712,,31.795833587646484,
1367443,Depok,-6.409456,106.856152,,,111.21666590372722,,33.00833320617676,
1367443,Depok,-6.409456,106.856152,,,108.94583447774252,,33.30833339691162,
1367443,Depok,-6.409456,106.856152,,,105.76666641235352,,33.59166685740153,
1367443,Depok,-6.409456,106.856152,,,89.39999961853027,,33.420833905537926,
1367443,Depok,-6.409456,106.856152,,,67.81666660308838,,32.454166094462074,
1367443,Depok,-6.409456,106.856152,,,58.20416673024496,,31.72499990463257,
1367443,Depok,-6.409456,106.856152,,,57.21250025431315,,30.987500031789143,
1367443,Depok,-6.409456,106.856152,,,58.53750038146973,,30.629167238871258,
1367443,Depok,-6.409456,106.856152,,,55.425000508626304,,30.366666158040363,
1367443,Depok,-6.409456,106.856152,,,55.63333320617676,,30.137500445048016,
1367443,Depok,-6.409456,106.856152,,,53.35833326975504,,29.92083295186361,
1367443,Depok,-6.409456,106.856152,,,52.80833339691162,,29.654167016347248,
1367443,Depok,-6.409456,106.856152,,,53.95416673024496,,29.391666253407795,
1367443,Depok,-6.409456,106.856152,,,64.32916577657063,,29.162500540415447,
1367443,Depok,-6.409456,106.856152,,,69.35416666666667,,28.979166666666668,
1367443,Depok,-6.409456,106.856152,,,113.70416641235352,,28.59166685740153,
1367443,Depok,-6.409456,106.856152,,,98.09999910990398,,28.324999809265137,
1367443,Depok,-6.409456,106.856152,,,97.30833371480306,,28.012499968210857,
1367443,Depok,-6.409456,106.856152,,,106.5875021616618,,27.96249993642171,
1367443,Depok,-6.409456,106.856152,,,117.97499910990398,,28.18333339691162,
1367443,Depok,-6.409456,106.856152,,,79.70416482289632,,30.28333314259847,
1367443,Depok,-6.409456,106.856152,,,79.98333358764648,,31.925000031789143,
1367443,Depok,-6.409456,106.856152,,,81.92916552225749,,32.48749987284342,
1367443,Depok,-6.409456,106.856152,,,82.02916590372722,,32.99583307902018,
1367443,Depok,-6.409456,106.856152,,,83.59583409627278,,33.87916692097982,
1367443,Depok,-6.409456,106.856152,,,85.9541670481364,,33.52916653951009,
1367443,Depok,-6.409456,106.856152,,,71.08333333333333,,33.21666653951009,
1367443,Depok,-6.409456,106.856152,,,67.7916653951009,,32.27916653951009,
1367443,Depok,-6.409456,106.856152,,,62.64583269755045,,31.24166679382324,
1367443,Depok,-6.409456,106.856152,,,60.43333339691162,,30.608333587646484,
1367443,Depok,-6.409456,106.856152,,,61.754165967305504,,30.054166952768963,
1367443,Depok,-6.409456,106.856152,,,58.7583335240682,,29.76666641235352,
1367443,Depok,-6.409456,106.856152,,,59.94583384195963,,29.587500254313152,
1367443,Depok,-6.409456,106.856152,,,60.75416628519694,,29.47083330154419,
1367443,Depok,-6.409456,106.856152,,,125.8666648864746,,29.05833371480306,
1367443,Depok,-6.409456,106.856152,,,119.08333269755046,,28.870832920074463,
1367443,Depok,-6.409456,106.856152,,,126.43749872843424,,28.64583381017049,
1367443,Depok,-6.409456,106.856152,,,117.07500076293944,,28.40833282470703,
1367443,Depok,-6.409456,106.856152,,,85.0124994913737,,28.22083346048991,
1367443,Depok,-6.409456,106.856152,,,125.92916742960612,,28.045833428700764,
1367443,Depok,-6.409456,106.856152,,,116.9958330790202,,28.487500190734863,
1367443,Depok,-6.409456,106.856152,,,112.5249989827474,,29.57083336512248,
1367443,Depok,-6.409456,106.856152,,,104.1208324432373,,31.108333269755047,
1367443,Depok,-6.409456,106.856152,,,82.91250038146973,,32.03749974568685,
1367443,Depok,-6.409456,106.856152,,,80.9541670481364,,33.05833371480306,
1367443,Depok,-6.409456,106.856152,,,81.78333346048991,,33.12916564941406,
1367443,Depok,-6.409456,106.856152,,,93.35416793823242,,33.78333314259847,
1367443,Depok,-6.409456,106.856152,,,94.96249961853027,,32.82083320617676,
1367443,Depok,-6.409456,106.856152,,,86.22916730244954,,32.22083314259847,
1367443,Depok,-6.409456,106.856152,,,78.49166615804036,,31.554166475931805,
1367443,Depok,-6.409456,106.856152,,,36.69999980926514,,28.31666644414266,
1367443,Depok,-6.409456,106.856152,,,45.24999968210856,,28.233333587646484,
1367443,Depok,-6.409456,106.856152,,,53.46250025431315,,28.220833778381348,
1367443,Depok,-6.409456,106.856152,,,61.98750082651774,,28.262499809265137,
1367443,Depok,-6.409456,106.856152,,,63.11666615804037,,28.229166984558105,
1367443,Depok,-6.409456,106.856152,,,96.133331934611,,28.091667016347248,
1367443,Depok,-6.409456,106.856152,,,61.93750063578288,,27.87499968210856,
1367443,Depok,-6.409456,106.856152,,,53.275001207987465,,27.60000022252401,
1367443,Depok,-6.409456,106.856152,,,54.645833333333336,,27.44166644414266,
1367443,Depok,-6.409456,106.856152,,,90.3916695912679,,27.78333330154419,
1367443,Depok,-6.409456,106.856152,,,92.95000139872234,,28.33333333333333,
1367443,Depok,-6.409456,106.856152,,,97.06250063578288,,28.675000031789143,
1367443,Depok,-6.409456,106.856152,,,103.8583329518636,,29.42083311080933,
1367443,Depok,-6.409456,106.856152,,,98.2749989827474,,31.45833317438761,
1367443,Depok,-6.409456,106.856152,,,97.4958330790202,,32.57500012715658,
1367443,Depok,-6.409456,106.856152,,,94.67916615804036,,32.69166628519694,
1367443,Depok,-6.409456,106.856152,,,77.45000139872234,,32.42500019073486,
1367443,Depok,-6.409456,106.856152,,,64.63750044504802,,31.64166657129924,
1367443,Depok,-6.409456,106.856152,,,100.6708329518636,,30.550000031789143,
1367443,Depok,-6.409456,106.856152,,,86.55416615804036,,29.416666666666668,
1367443,Depok,-6.409456,106.856152,,,76.43750127156575,,29.06250015894572,
1367443,Depok,-6.409456,106.856152,,,74.37499936421712,,28.579166889190677,
1367443,Depok,-6.409456,106.856152,,,89.2458324432373,,28.399999777475998,
1367443,Depok,-6.409456,106.856152,,,82.00833511352539,,28.100000381469727,
1367443,Depok,-6.409456,106.856152,,,70.68749936421712,,28.14166720708211,
1367443,Depok,-6.409456,106.856152,,,74.38333257039388,,28.06250015894572,
1367443,Depok,-6.409456,106.856152,,,88.67499923706055,,27.766666889190677,
1367443,Depok,-6.409456,106.856152,,,100.14583333333331,,,
1367443,Depok,-6.409456,106.856152,,,78.72083346048991,,,
1367443,Depok,-6.409456,106.856152,,,79.41666666666667,,,
1367443,Depok,-6.409456,106.856152,,,74.12083435058594,,,
1367443,Depok,-6.409456,106.856152,,,87.68749872843425,,,
1367443,Depok,-6.409456,106.856152,,,90.73749987284344,,33.558332761128746,
1367443,Depok,-6.409456,106.856152,,,72.58750089009602,,33.51250012715658,
1367443,Depok,-6.409456,106.856152,,,58.17499955495199,,33.13333320617676,
1367443,Depok,-6.409456,106.856152,,,60.604166984558105,,31.916666507720947,
1367443,Depok,-6.409456,106.856152,,,65.72500038146973,,30.883333524068195,
1367443,Depok,-6.409456,106.856152,,,68.96250089009602,,30.09583330154419,
1367443,Depok,-6.409456,106.856152,,,79.11249923706055,,29.61666679382324,
1367443,Depok,-6.409456,106.856152,,,92.77500025431316,,29.20000012715657,
1367443,Depok,-6.409456,106.856152,,,112.16666666666669,,28.74166663487752,
1367443,Depok,-6.409456,106.856152,,,126.06249872843424,,28.541666825612385,
1367443,Depok,-6.409456,106.856152,,,127.23749923706056,,28.308333079020183,
1367443,Depok,-6.409456,106.856152,,,132.63750012715658,,28.162500858306885,
1367443,Depok,-6.409456,106.856152,,,137.50416692097983,,27.99583339691162,
1367443,Depok,-6.409456,106.856152,,,133.24166679382324,,27.94166644414266,
1367443,Depok,-6.409456,106.856152,,,113.4166653951009,,27.799999872843426,
1367443,Depok,-6.409456,106.856152,,,116.97083409627278,,27.44583320617676,
1367443,Depok,-6.409456,106.856152,,,111.88333320617676,,27.17916711171468,
1367443,Depok,-6.409456,106.856152,,,145.4166660308838,,27.03333330154419,
1367443,Depok,-6.409456,106.856152,,,133.52916526794434,,27.55416663487752,
1367443,Depok,-6.409456,106.856152,,,108.3958314259847,,28.66250006357829,
1367443,Depok,-6.409456,106.856152,,,90.554168065389,,30.50416644414266,
1367443,Depok,-6.409456,106.856152,,,78.78333282470703,,32.0708335240682,
1367443,Depok,-6.409456,106.856152,,,72.72916666666667,,33.02916653951009,
1367443,Depok,-6.409456,106.856152,,,66.77499866485596,,33.59166653951009,
1367443,Depok,-6.409456,106.856152,,,62.30000146230062,,34.06666628519694,
1367443,Depok,-6.409456,106.856152,,,52.33750025431315,,33.68333339691162,
1367443,Depok,-6.409456,106.856152,,,58.91666730244955,,32.175000031789146,
1367443,Depok,-6.409456,106.856152,,,60.77500025431315,,30.862500031789143,
1367443,Depok,-6.409456,106.856152,,,57.20416673024496,,30.03333314259847,
1367443,Depok,-6.409456,106.856152,,,67.03750101725261,,29.608333269755047,
1367443,Depok,-6.409456,106.856152,,,71.5416653951009,,29.18750015894572,
1367443,Depok,-6.409456,106.856152,,,92.87083435058594,,28.78750006357829,
1367443,Depok,-6.409456,106.856152,,,102.75000063578288,,28.52916685740153,
1367443,Depok,-6.409456,106.856152,,,86.75833193461101,,28.40833314259847,
1367443,Depok,-6.409456,106.856152,,,104.34166653951009,,28.15833393732707,
1367443,Depok,-6.409456,106.856152,,,111.53750038146973,,27.91666618982951,
1367443,Depok,-6.409456,106.856152,,,120.34583282470705,,27.362499713897705,
1367443,Depok,-6.409456,106.856152,,,116.5208339691162,,27.137500445048016,
1367443,Depok,-6.409456,106.856152,,,120.53749974568684,,26.862499713897705,
1367443,Depok,-6.409456,106.856152,,,153.71249771118164,,26.629167079925537,
1367443,Depok,-6.409456,106.856152,,,128.89166641235352,,27.395833492279053,
1367443,Depok,-6.409456,106.856152,,,118.79583422342937,,28.512499968210857,
1367443,Depok,-6.409456,106.856152,,,100.4375,,30.44583320617676,
1367443,Depok,-6.409456,106.856152,,,90.92083358764648,,31.92083311080933,
1367443,Depok,-6.409456,106.856152,,,77.64583396911621,,33.72083314259847,
1367443,Depok,-6.409456,106.856152,,,73.22916603088379,,34.25416660308838,
1367443,Depok,-6.409456,106.856152,,,91.42083231608072,,34.12083307902018,
1367443,Depok,-6.409456,106.856152,,,93.84166653951009,,33.01249980926514,
1367443,Depok,-6.409456,106.856152,,,78.38750012715657,,32.01666673024496,
1367443,Depok,-6.409456,106.856152,,,71.49166742960612,,31.137499968210857,
1367443,Depok,-6.409456,106.856152,,,82.48333422342937,,30.46249993642171,
1367443,Depok,-6.409456,106.856152,,,76.09583536783855,,,
1367443,Depok,-6.409456,106.856152,,,76.33333333333333,,,
1367443,Depok,-6.409456,106.856152,,,106.70833206176758,,,
1367443,Depok,-6.409456,106.856152,,,111.87916564941406,,,
1367443,Depok,-6.409456,106.856152,,,,,27.804166316986084,
1367443,Depok,-6.409456,106.856152,,,,,27.71666717529297,
1367443,Depok,-6.409456,106.856152,,,,,28.337500254313152,
1367443,Depok,-6.409456,106.856152,,,,,29.45416657129924,
1367443,Depok,-6.409456,106.856152,,,,,30.83750009536743,
1367443,Depok,-6.409456,106.856152,,,,,31.116666475931805,
1367443,Depok,-6.409456,106.856152,,,,,32.82083288828532,
1367443,Depok,-6.409456,106.856152,,,,,33.22499974568685,
1367443,Depok,-6.409456,106.856152,,,,,33.337499936421715,
1367443,Depok,-6.409456,106.856152,,,,,33.99583339691162,
1367443,Depok,-6.409456,106.856152,,,,,32.833333015441895,
1367443,Depok,-6.409456,106.856152,,,,,31.81249984105428,
1367443,Depok,-6.409456,106.856152,,,,,30.87500015894572,
1367443,Depok,-6.409456,106.856152,,,,,30.254166920979817,
1367443,Depok,-6.409456,106.856152,,,,,29.85416618982951,
1367443,Depok,-6.409456,106.856152,,,,,29.65000057220459,
1367443,Depok,-6.409456,106.856152,,,,,29.3083332379659,
1367443,Depok,-6.409456,106.856152,,,,,29.27916622161865,
1367443,Depok,-6.409456,106.856152,,,,,29.09166717529297,
1367443,Depok,-6.409456,106.856152,,,,,28.85416618982951,
1367443,Depok,-6.409456,106.856152,,,,,28.591667016347248,
1367443,Depok,-6.409456,106.856152,,,,,28.14583396911621,
1367443,Depok,-6.409456,106.856152,,,,,27.93749968210856,
1367443,Depok,-6.409456,106.856152,,,,,27.808332443237305,
1367443,Depok,-6.409456,106.856152,,,,,28.24583339691162,
1367443,Depok,-6.409456,106.856152,,,,,29.299999872843426,
1367443,Depok,-6.409456,106.856152,,,,,30.854166507720947,
1367443,Depok,-6.409456,106.856152,,,88.09583282470703,,32.3291662534078,
1367443,Depok,-6.409456,106.856152,,,74.57083193461101,,33.47499974568685,
1367443,Depok,-6.409456,106.856152,,,69.9541670481364,,34.12916692097982,
1367443,Depok,-6.409456,106.856152,,,67.07499885559082,,34.91250038146973,
1367443,Depok,-6.409456,106.856152,,,68.79166666666667,,34.687500635782875,
1367443,Depok,-6.409456,106.856152,,,72.60000038146973,,34.1875,
1367443,Depok,-6.409456,106.856152,,,68.47500006357829,,,
1367443,Depok,-6.409456,106.856152,,,73.47500101725261,,,
1367443,Depok,-6.409456,106.856152,,,50.49583339691162,,,
1367443,Depok,-6.409456,106.856152,,,50.52083269755045,,,
1367443,Depok,-6.409456,106.856152,,,47.50416692097982,,,
1367443,Depok,-6.409456,106.856152,,,43.04583358764648,,,
1367443,Depok,-6.409456,106.856152,,,40.18750031789144,,,
1367443,Depok,-6.409456,106.856152,,,38.15416717529297,,,
1367443,Depok,-6.409456,106.856152,,,37.5541664759318,,,
1367443,Depok,-6.409456,106.856152,,,38.13333384195963,,,
1367443,Depok,-6.409456,106.856152,,,85.47916730244954,,,
1367443,Depok,-6.409456,106.856152,,,73.09166781107585,,,
1367443,Depok,-6.409456,106.856152,,,79.11666806538899,,,
1367443,Depok,-6.409456,106.856152,,,55.00416660308838,,,
1367443,Depok,-6.409456,106.856152,,,47.40416653951009,,,
1367443,Depok,-6.409456,106.856152,,,46.59583282470703,,,
1367443,Depok,-6.409456,106.856152,,,46.17499955495199,,,
1367443,Depok,-6.409456,106.856152,,,48.808332761128746,,,
1367443,Depok,-6.409456,106.856152,,,55.52916749318441,,,
1367443,Depok,-6.409456,106.856152,,,58.39166673024496,,,
1367443,Depok,-6.409456,106.856152,,,58.420833905537926,,,
1367443,Depok,-6.409456,106.856152,,,64.12499936421712,,,
1367443,Depok,-6.409456,106.856152,,,74.00833320617676,,,
1367443,Depok,-6.409456,106.856152,,,73.44166692097981,,,
1367443,Depok,-6.409456,106.856152,,,99.008331934611,,,
1367443,Depok,-6.409456,106.856152,,,115.3541653951009,,,
1367443,Depok,-6.409456,106.856152,,,94.4250005086263,,,
1367443,Depok,-6.409456,106.856152,,,104.96250025431316,,,
1367443,Depok,-6.409456,106.856152,,,90.9250005086263,,,
1367443,Depok,-6.409456,106.856152,,,79.27499961853027,,,
1367443,Depok,-6.409456,106.856152,,,80.37083435058594,,,
1367443,Depok,-6.409456,106.856152,,,63.14999930063883,,,
1367443,Depok,-6.409456,106.856152,,,68.10416730244954,,,
1367443,Depok,-6.409456,106.856152,,,86.32500139872234,,,
1367443,Depok,-6.409456,106.856152,,,118.6541690826416,,,
1367443,Depok,-6.409456,106.856152,,,119.77500025431316,,,
1367443,Depok,-6.409456,106.856152,,,91.71666717529295,,,
1367443,Depok,-6.409456,106.856152,,,60.69999980926514,,,
1367443,Depok,-6.409456,106.856152,,,49.85000069936117,,,
1367443,Depok,-6.409456,106.856152,,,50.50000063578288,,,
1367443,Depok,-6.409456,106.856152,,,55.23749923706055,,,
1367443,Depok,-6.409456,106.856152,,,58.57083320617676,,,
1367443,Depok,-6.409456,106.856152,,,55.85000038146973,,,
1367443,Depok,-6.409456,106.856152,,,54.48333326975504,,,
1367443,Depok,-6.409456,106.856152,,,56.395833333333336,,,
1367443,Depok,-6.409456,106.856152,,,54.24166679382324,,,
1367443,Depok,-6.409456,106.856152,,,59.78333377838135,,,
1367443,Depok,-6.409456,106.856152,,,65.67499955495198,,,
1367443,Depok,-6.409456,106.856152,,,98.4583346048991,,,
1367443,Depok,-6.409456,106.856152,,,81.29999923706055,,,
1367443,Depok,-6.409456,106.856152,,,105.62916564941406,,,
1367443,Depok,-6.409456,106.856152,,,88.37916437784831,,,
1367443,Depok,-6.409456,106.856152,,,73.95416577657063,,,
1367443,Depok,-6.409456,106.856152,,,63.23750019073486,,,
1367443,Depok,-6.409456,106.856152,,,55.70000012715658,,,
1367443,Depok,-6.409456,106.856152,,,66.17500146230061,,,
1367443,Depok,-6.409456,106.856152,,,81.13749885559082,,,
1367443,Depok,-6.409456,106.856152,,,80.07083320617676,,,
1367443,Depok,-6.409456,106.856152,,,76.67499987284343,,,
1367443,Depok,-6.409456,106.856152,,,76.63333384195964,,,
1367443,Depok,-6.409456,106.856152,,,70.85833517710368,,,
1367443,Depok,-6.409456,106.856152,,,63.09166717529297,,,
1367443,Depok,-6.409456,106.856152,,,75.7458324432373,,,
1367443,Depok,-6.409456,106.856152,,,69.77499898274739,,,
1367443,Depok,-6.409456,106.856152,,,71.54999923706055,,,
1367443,Depok,-6.409456,106.856152,,,75.57500139872234,,,
1367443,Depok,-6.409456,106.856152,,,62.19583225250244,,,
1367443,Depok,-6.409456,106.856152,,,56.287500063578285,,,
1367443,Depok,-6.409456,106.856152,,,59.84166622161865,,,
1367443,Depok,-6.409456,106.856152,,,63.65416653951009,,,
1367443,Depok,-6.409456,106.856152,,,72.22499910990398,,,
1367443,Depok,-6.409456,106.856152,,,103.01250076293944,,,
1367443,Depok,-6.409456,106.856152,,,97.1833324432373,,,
1367443,Depok,-6.409456,106.856152,,,108.6583309173584,,,
1367443,Depok,-6.409456,106.856152,,,94.97499910990398,,,
1367443,Depok,-6.409456,106.856152,,,111.0249989827474,,,
1367443,Depok,-6.409456,106.856152,,,98.72083473205566,,,
1367443,Depok,-6.409456,106.856152,,,94.875,,,
1367443,Depok,-6.409456,106.856152,,,91.54999923706056,,,
1367443,Depok,-6.409456,106.856152,,,108.0375010172526,,,
1367443,Depok,-6.409456,106.856152,,,145.32083638509116,,,
1367443,Depok,-6.409456,106.856152,,,111.37500127156576,,,
1367443,Depok,-6.409456,106.856152,,,82.18333371480306,,,
1367443,Depok,-6.409456,106.856152,,,101.0208346048991,,,
1367443,Depok,-6.409456,106.856152,,,98.0583330790202,,,
1367443,Depok,-6.409456,106.856152,,,86.97500038146973,,,
1367443,Depok,-6.409456,106.856152,,,86.0625,,,
1367443,Depok,-6.409456,106.856152,,,85.4499994913737,,,
1367443,Depok,-6.409456,106.856152,,,71.72916475931804,,,
1367443,Depok,-6.409456,106.856152,,,60.6875,,,
1367443,Depok,-6.409456,106.856152,,,107.5833339691162,,,
1367443,Depok,-6.409456,106.856152,,,83.91250038146973,,,
1367443,Depok,-6.409456,106.856152,,,75.91250038146973,,,
1367443,Depok,-6.409456,106.856152,,,101.94583320617676,,,
1367443,Depok,-6.409456,106.856152,,,107.44166628519694,,,
1367443,Depok,-6.409456,106.856152,,,85.39999961853027,,,
1367443,Depok,-6.409456,106.856152,,,67.22916634877522,,,
1367443,Depok,-6.409456,106.856152,,,96.68333371480306,,,
1367443,Depok,-6.409456,106.856152,,,89.75000190734863,,,
1367443,Depok,-6.409456,106.856152,,,99.97499910990398,,,
1367443,Depok,-6.409456,106.856152,,,109.0749994913737,,,
1367443,Depok,-6.409456,106.856152,,,77.52500089009602,,,
1367443,Depok,-6.409456,106.856152,,,115.7749989827474,,,
1367443,Depok,-6.409456,106.856152,,,92.21666653951009,,,
1367443,Depok,-6.409456,106.856152,,,81.72499910990398,,,
1367443,Depok,-6.409456,106.856152,,,82.26249885559082,,,
1367443,Depok,-6.409456,106.856152,,,91.0666669209798,,,
1367443,Depok,-6.409456,106.856152,,,94.1625010172526,,,
1367443,Depok,-6.409456,106.856152,,,73.24583371480306,,,
1367443,Depok,-6.409456,106.856152,,,61.62916660308838,,,
1367443,Depok,-6.409456,106.856152,,,57.32500044504801,,,
1367443,Depok,-6.409456,106.856152,,,65.05416679382324,,,
1367443,Depok,-6.409456,106.856152,,,79.70000012715657,,,
1367443,Depok,-6.409456,106.856152,,,86.40833282470703,,,
1367443,Depok,-6.409456,106.856152,,,92.33333333333331,,,
1367443,Depok,-6.409456,106.856152,,,87.33750025431316,,,
1367443,Depok,-6.409456,106.856152,,,75.47083409627278,,,
1367443,Depok,-6.409456,106.856152,,,62.64583396911621,,,
1367443,Depok,-6.409456,106.856152,,,61.42500019073486,,,
1367443,Depok,-6.409456,106.856152,,,79.35416666666667,,,
1367443,Depok,-6.409456,106.856152,,,95.27916653951009,,,
1367443,Depok,-6.409456,106.856152,,,70.8000005086263,,,
1367443,Depok,-6.409456,106.856152,,,77.83333333333333,,,
1367443,Depok,-6.409456,106.856152,,,73.23750178019206,,,
1367443,Depok,-6.409456,106.856152,,,67.28749974568684,,,
1367443,Depok,-6.409456,106.856152,,,71.91666666666667,,,
1367443,Depok,-6.409456,106.856152,,,75.05416679382324,,,
1367443,Depok,-6.409456,106.856152,,,75.86666615804036,,,
1367443,Depok,-6.409456,106.856152,,,85.82500012715657,,,
1367443,Depok,-6.409456,106.856152,,,89.4625015258789,,,
1367443,Depok,-6.409456,106.856152,,,67.92916584014893,,,
1367443,Depok,-6.409456,106.856152,,,60.33333365122477,,,
1367443,Depok,-6.409456,106.856152,,,66.83750025431316,,,
1367443,Depok,-6.409456,106.856152,,,71.48749891916911,,,
1367443,Depok,-6.409456,106.856152,,,68.49166584014893,,,
1367443,Depok,-6.409456,106.856152,,,48.21249993642172,,,
1367443,Depok,-6.409456,106.856152,,,47.27916685740153,,,
1367443,Depok,-6.409456,106.856152,,,42.98333326975504,,,
1367443,Depok,-6.409456,106.856152,,,40.34583282470703,,,
1367443,Depok,-6.409456,106.856152,,,41.13750012715658,,,
1367443,Depok,-6.409456,106.856152,,,49.14583428700765,,,
1367443,Depok,-6.409456,106.856152,,,40.933334032694496,,,
1367443,Depok,-6.409456,106.856152,,,41.879165967305504,,,
1367443,Depok,-6.409456,106.856152,,,45.295833905537926,,,
1367443,Depok,-6.409456,106.856152,,,50.38333320617676,,,
1367443,Depok,-6.409456,106.856152,,,55.29583358764648,,,
1367443,Depok,-6.409456,106.856152,,,63.34583282470703,,,
1367443,Depok,-6.409456,106.856152,,,61.020833333333336,,,
1367443,Depok,-6.409456,106.856152,,,59.60416730244955,,,
1367443,Depok,-6.409456,106.856152,,,66.59583218892415,,,
1367443,Depok,-6.409456,106.856152,,,82.00416692097981,,,
1367443,Depok,-6.409456,106.856152,,,84.21249961853027,,,
1367443,Depok,-6.409456,106.856152,,,67.7624994913737,,,
1367443,Depok,-6.409456,106.856152,,,67.37083276112874,,,
1367443,Depok,-6.409456,106.856152,,,73.9083325068156,,,
1367443,Depok,-6.409456,106.856152,,,69.0500005086263,,,
1367443,Depok,-6.409456,106.856152,,,70.79999860127766,,,
1367443,Depok,-6.409456,106.856152,,,57.145833333333336,,,
1367443,Depok,-6.409456,106.856152,,,77.65833409627278,,,
1367443,Depok,-6.409456,106.856152,,,69.1416670481364,,,
1367443,Depok,-6.409456,106.856152,,,99.8625005086263,,,
1367443,Depok,-6.409456,106.856152,,,98.09166781107584,,,
1367443,Depok,-6.409456,106.856152,,,66.92916647593181,,,
1367443,Depok,-6.409456,106.856152,,,54.51666673024496,,,
1367443,Depok,-6.409456,106.856152,,,80.04166603088379,,,
1367443,Depok,-6.409456,106.856152,,,101.52916590372722,,,
1367443,Depok,-6.409456,106.856152,,,78.47916762034099,,,
1367443,Depok,-6.409456,106.856152,,,76.0166670481364,,,
1367443,Depok,-6.409456,106.856152,,,73.42499923706055,,,
1367443,Depok,-6.409456,106.856152,,,61.04166603088379,,,
1367443,Depok,-6.409456,106.856152,,,51.98333326975504,,,
1367443,Depok,-6.409456,106.856152,,,43.45000044504801,,,
1367443,Depok,-6.409456,106.856152,,,39.64999993642172,,,
1367443,Depok,-6.409456,106.856152,,,37.54999923706055,,,
1367443,Depok,-6.409456,106.856152,,,33.93333307902018,,,
1367443,Depok,-6.409456,106.856152,,,36.42499987284342,,,
1367443,Depok,-6.409456,106.856152,,,44.15000057220459,,,
1367443,Depok,-6.409456,106.856152,,,49.18333339691162,,,
1367443,Depok,-6.409456,106.856152,,,58.79166666666666,,,
1367443,Depok,-6.409456,106.856152,,,79.98333358764648,,,
1367443,Depok,-6.409456,106.856152,,,79.96250025431316,,,
1367443,Depok,-6.409456,106.856152,,,62.379167556762695,,,
1367443,Depok,-6.409456,106.856152,,,54.76249980926514,,,
1367443,Depok,-6.409456,106.856152,,,50.34166685740153,,,
1367443,Depok,-6.409456,106.856152,,,50.76666704813639,,,
1367443,Depok,-6.409456,106.856152,,,51.07499980926514,,,
1367443,Depok,-6.409456,106.856152,,,55.10833358764648,,,
1367443,Depok,-6.409456,106.856152,,,88.74166679382324,,,
1367443,Depok,-6.409456,106.856152,,,94.79166666666669,,,
1367443,Depok,-6.409456,106.856152,,,80.04166730244954,,,
1367443,Depok,-6.409456,106.856152,,,58.86249923706055,,,
1367443,Depok,-6.409456,106.856152,,,43.30416742960612,,,
1367443,Depok,-6.409456,106.856152,,,58.929165840148926,,,
1367443,Depok,-6.409456,106.856152,,,42.59583377838135,,,
1367443,Depok,-6.409456,106.856152,,,34.641667207082115,,,
1367443,Depok,-6.409456,106.856152,,,35.354166666666664,,,
1367443,Depok,-6.409456,106.856152,,,32.59999990463257,,,
1367443,Depok,-6.409456,106.856152,,,38.35416634877523,,,
1367443,Depok,-6.409456,106.856152,,,60.91666603088379,,,
1367443,Depok,-6.409456,106.856152,,,47.48749987284342,,,
1367443,Depok,-6.409456,106.856152,,,52.8125,,,
1367443,Depok,-6.409456,106.856152,,,64.11666647593181,,,
1367443,Depok,-6.409456,106.856152,,,82.24583371480306,,,
1367443,Depok,-6.409456,106.856152,,,88.04166793823242,,,
1367443,Depok,-6.409456,106.856152,,,98.26250076293944,,,
1367443,Depok,-6.409456,106.856152,,,103.34583473205566,,,
1367443,Depok,-6.409456,106.856152,,,63.34166622161865,,,
1367443,Depok,-6.409456,106.856152,,,58.30833339691162,,,
1367443,Depok,-6.409456,106.856152,,,54.08749993642172,,,
1367443,Depok,-6.409456,106.856152,,,64.72083282470703,,,
1367443,Depok,-6.409456,106.856152,,,63.47500069936117,,,
1367443,Depok,-6.409456,106.856152,,,62.01666673024496,,,
1367443,Depok,-6.409456,106.856152,,,60.59583282470703,,,
1367443,Depok,-6.409456,106.856152,,,55.645833015441895,,,
1367443,Depok,-6.409456,106.856152,,,65.72083346048991,,,
1367443,Depok,-6.409456,106.856152,,,59.71666590372721,,,
1367443,Depok,-6.409456,106.856152,,,58.27083269755045,,,
1367443,Depok,-6.409456,106.856152,,,65.00833288828532,,,
1367443,Depok,-6.409456,106.856152,,,69.2333329518636,,,
1367443,Depok,-6.409456,106.856152,,,64.84583282470703,,,
1367443,Depok,-6.409456,106.856152,,,56.94166564941406,,,
1367443,Depok,-6.409456,106.856152,,,57.88750012715658,,,
1367443,Depok,-6.409456,106.856152,,,50.70000076293945,,,
1367443,Depok,-6.409456,106.856152,,,56.46666685740153,,,
1367443,Depok,-6.409456,106.856152,,,76.29583326975505,,,
1367443,Depok,-6.409456,106.856152,,,73.42916615804036,,,
1367443,Depok,-6.409456,106.856152,,,38.08749993642172,,,
1367443,Depok,-6.409456,106.856152,,,36.024999936421715,,,
1367443,Depok,-6.409456,106.856152,,,35.045833587646484,,,
1367443,Depok,-6.409456,106.856152,,,36.3125,,,
1367443,Depok,-6.409456,106.856152,,,35.35416730244955,,,
1367443,Depok,-6.409456,106.856152,,,37.19166628519694,,,
1367443,Depok,-6.409456,106.856152,,,42.70416641235352,,,
1367443,Depok,-6.409456,106.856152,,,47.83749993642172,,,
1367443,Depok,-6.409456,106.856152,,,45.36250019073486,,,
1367443,Depok,-6.409456,106.856152,,,48.10833358764648,,,
1367443,Depok,-6.409456,106.856152,,,48.27916622161865,,,
1367443,Depok,-6.409456,106.856152,,,46.25833257039388,,,
1367443,Depok,-6.409456,106.856152,,,47.895833333333336,,,
1367443,Depok,-6.409456,106.856152,,,136.38750203450522,,,
1367443,Depok,-6.409456,106.856152,,,64.64166641235352,,,
1367443,Depok,-6.409456,106.856152,,,74.96666653951009,,,
1367443,Depok,-6.409456,106.856152,,,71.56666723887126,,,
1367443,Depok,-6.409456,106.856152,,,63.16249974568685,,,
1367443,Depok,-6.409456,106.856152,,,63.041665395100914,,,
1367443,Depok,-6.409456,106.856152,,,74.63750076293945,,,
1367443,Depok,-6.409456,106.856152,,,82.90833155314128,,,
1367443,Depok,-6.409456,106.856152,,,99.17916615804036,,,
1367443,Depok,-6.409456,106.856152,,,77.8125,,,
1367443,Depok,-6.409456,106.856152,,,62.81250095367432,,,
1367443,Depok,-6.409456,106.856152,,,62.12916564941406,,,
1367443,Depok,-6.409456,106.856152,,,54.60833295186361,,,
1367443,Depok,-6.409456,106.856152,,,51.09166685740153,,,
1367443,Depok,-6.409456,106.856152,,,51.01666609446208,,,
1367443,Depok,-6.409456,106.856152,,,62.56249904632568,,,
1367443,Depok,-6.409456,106.856152,,,82.82499885559082,,,
1367443,Depok,-6.409456,106.856152,,,76.69583320617676,,,
1367443,Depok,-6.409456,106.856152,,,74.84166653951009,,,
1367443,Depok,-6.409456,106.856152,,,63.9999989100865,,,
1367443,Depok,-6.409456,106.856152,,,46.933332443237305,,,
1367443,Depok,-6.409456,106.856152,,,50.204999923706055,,,
1367443,Depok,-6.409456,106.856152,,,60.13750044504801,,,
1367443,Depok,-6.409456,106.856152,,,59.170833905537926,,,
1367443,Depok,-6.409456,106.856152,,,52.83749961853027,,,
1367443,Depok,-6.409456,106.856152,,,63.33750057220459,,,
1367443,Depok,-6.409456,106.856152,,,67.37499936421712,,,
1367443,Depok,-6.409456,106.856152,,,86.61249987284343,,,
1367443,Depok,-6.409456,106.856152,,,104.5041669209798,,,
1367443,Depok,-6.409456,106.856152,,,89.32916514078777,,,
1367443,Depok,-6.409456,106.856152,,,102.35416793823242,,,
1367443,Depok,-6.409456,106.856152,,,101.58333524068196,,,
1367443,Depok,-6.409456,106.856152,,,97.13750076293944,,,
1367443,Depok,-6.409456,106.856152,,,88.25833193461101,,,
1367443,Depok,-6.409456,106.856152,,,75.56666692097981,,,
1367443,Depok,-6.409456,106.856152,,,72.37916692097981,,,
1367443,Depok,-6.409456,106.856152,,,84.63333511352539,,,
1367443,Depok,-6.409456,106.856152,,,97.4416669209798,,,
1367443,Depok,-6.409456,106.856152,,,87.92916552225749,,,
1367443,Depok,-6.409456,106.856152,,,44.96666622161865,,,
1367443,Depok,-6.409456,106.856152,,,48.50833320617676,,,
1367443,Depok,-6.409456,106.856152,,,68.02916717529297,,,
1367443,Depok,-6.409456,106.856152,,,77.30833435058594,,,
1367443,Depok,-6.409456,106.856152,,,107.22500038146973,,,
1367443,Depok,-6.409456,106.856152,,,109.94583257039388,,,
1367443,Depok,-6.409456,106.856152,,,110.77500025431316,,,
1367443,Depok,-6.409456,106.856152,,,96.04999987284344,,,
1367443,Depok,-6.409456,106.856152,,,83.12499936421712,,,
1367443,Depok,-6.409456,106.856152,,,65.79166634877522,,,
1367443,Depok,-6.409456,106.856152,,,49.95416673024496,,,
1367443,Depok,-6.409456,106.856152,,,47.09166685740153,,,
1367443,Depok,-6.409456,106.856152,,,49.84999974568685,,,
1367443,Depok,-6.409456,106.856152,,,64.15000025431316,,,
1367443,Depok,-6.409456,106.856152,,,71.85416666666667,,,
1367443,Depok,-6.409456,106.856152,,,64.34999910990398,,,
1367443,Depok,-6.409456,106.856152,,,60.72499942779541,,,
1367443,Depok,-6.409456,106.856152,,,63.07916800181071,,,
1367443,Depok,-6.409456,106.856152,,,76.13333193461101,,,
1367443,Depok,-6.409456,106.856152,,,68.11666615804036,,,
1367443,Depok,-6.409456,106.856152,,,66.65416685740153,,,
1367443,Depok,-6.409456,106.856152,,,47.19583320617676,,,
1367443,Depok,-6.409456,106.856152,,,51.29166634877523,,,
1367443,Depok,-6.409456,106.856152,,,72.43750095367432,,,
1367443,Depok,-6.409456,106.856152,,,64.0833330154419,,,
1367443,Depok,-6.409456,106.856152,,,76.3818192915483,,,
1367443,Depok,-6.409456,106.856152,,,54.84583250681559,,,
1367443,Depok,-6.409456,106.856152,,,46.76666641235352,,,
1367443,Depok,-6.409456,106.856152,,,40.82083288828532,,,
1367443,Depok,-6.409456,106.856152,,,37.854166984558105,,,
1367443,Depok,-6.409456,106.856152,,,39.23750019073486,,,
1367443,Depok,-6.409456,106.856152,,,49.80833339691162,,,
1367443,Depok,-6.409456,106.856152,,,52.5708335240682,,,
1367443,Depok,-6.409456,106.856152,,,57.725000063578285,,,
1367443,Depok,-6.409456,106.856152,,,63.70416609446208,,,
1367443,Depok,-6.409456,106.856152,,,49.56666692097982,,,
1367443,Depok,-6.409456,106.856152,,,45.21666653951009,,,
1367443,Depok,-6.409456,106.856152,,,52.06249968210856,,,
1367443,Depok,-6.409456,106.856152,,,79.86250114440918,,,
1367443,Depok,-6.409456,106.856152,,,69.22916730244954,,,
1367443,Depok,-6.409456,106.856152,,,64.68333307902019,,,
1367443,Depok,-6.409456,106.856152,,,69.21249993642171,,,
1367443,Depok,-6.409456,106.856152,,,66.09999974568684,,,
1367443,Depok,-6.409456,106.856152,,,76.29583358764648,,,
1367443,Depok,-6.409456,106.856152,,,65.58333237965901,,,
1367443,Depok,-6.409456,106.856152,,,71.64166577657063,,,
1367443,Depok,-6.409456,106.856152,,,73.97083346048991,,,
1367443,Depok,-6.409456,106.856152,,,73.55833307902019,,,
1367443,Depok,-6.409456,106.856152,,,62.36666615804037,,,
1367443,Depok,-6.409456,106.856152,,,65.00000127156575,,,
1367443,Depok,-6.409456,106.856152,,,73.9416659673055,,,
1367443,Depok,-6.409456,106.856152,,,100.22083282470705,,,
1367443,Depok,-6.409456,106.856152,,,82.85833231608073,,,
1367443,Depok,-6.409456,106.856152,,,84.70416514078777,,,
1367443,Depok,-6.409456,106.856152,,,85.72916666666667,,,
1367443,Depok,-6.409456,106.856152,,,87.86666615804036,,,
1367443,Depok,-6.409456,106.856152,,,95.58333333333331,,,
1367443,Depok,-6.409456,106.856152,,,100.14999834696452,,,
1367443,Depok,-6.409456,106.856152,,,92.8125,,,
1367443,Depok,-6.409456,106.856152,,,60.50833320617676,,,
1367443,Depok,-6.409456,106.856152,,,75.33750025431316,,,
1367443,Depok,-6.409456,106.856152,,,87.09166781107585,,,
1367443,Depok,-6.409456,106.856152,,,69.63333511352539,,,
1367443,Depok,-6.409456,106.856152,,,66.2750015258789,,,
1367443,Depok,-6.409456,106.856152,,,63.691665967305504,,,
1367443,Depok,-6.409456,106.856152,,,70.09166685740153,,,
1367443,Depok,-6.409456,106.856152,,,43.354166984558105,,,
1367443,Depok,-6.409456,106.856152,,,41.14166704813639,,,
1367443,Depok,-6.409456,106.856152,,,41.162500063578285,,,
1367443,Depok,-6.409456,106.856152,,,47.88333384195963,,,
1367443,Depok,-6.409456,106.856152,,,48.72083346048991,,,
1367443,Depok,-6.409456,106.856152,,,52.95416641235352,,,
1367443,Depok,-6.409456,106.856152,,,70.27499993642171,,,
1367443,Depok,-6.409456,106.856152,,,110.47916666666669,,,
1367443,Depok,-6.409456,106.856152,,,77.5,,,
1367443,Depok,-6.409456,106.856152,,,82.37916564941406,,,
1367443,Depok,-6.409456,106.856152,,,93.95416768391928,,,
1367443,Depok,-6.409456,106.856152,,,105.84583346048991,,,
1367443,Depok,-6.409456,106.856152,,,93.28749974568684,,,
1367443,Depok,-6.409456,106.856152,,,58.32083320617676,,,
1367443,Depok,-6.409456,106.856152,,,52.583333333333336,,,
1367443,Depok,-6.409456,106.856152,,,49.412500063578285,,,
1367443,Depok,-6.409456,106.856152,,,58.050000508626304,,,
1367443,Depok,-6.409456,106.856152,,,54.82499980926514,,,
1367443,Depok,-6.409456,106.856152,,,53.62083371480306,,,
1367443,Depok,-6.409456,106.856152,,,48.52083365122477,,,
1367443,Depok,-6.409456,106.856152,,,63.26250012715658,,,
1367443,Depok,-6.409456,106.856152,,,69.55416742960612,,,
1367443,Depok,-6.409456,106.856152,,,94.20833333333331,,,
1367443,Depok,-6.409456,106.856152,,,96.7333329518636,,,
1367443,Depok,-6.409456,106.856152,,,73.14999898274739,,,
1367443,Depok,-6.409456,106.856152,,,51.26249980926514,,,
1367443,Depok,-6.409456,106.856152,,,47.69166628519694,,,
1367443,Depok,-6.409456,106.856152,,,44.833333015441895,,,
1367443,Depok,-6.409456,106.856152,,,44.4916664759318,,,
1367443,Depok,-6.409456,106.856152,,,45.16666666666666,,,
1367443,Depok,-6.409456,106.856152,,,47.99166679382324,,,
1367443,Depok,-6.409456,106.856152,,,73.47083346048991,,,
1367443,Depok,-6.409456,106.856152,,,71.16250038146973,,,
1367443,Depok,-6.409456,106.856152,,,89.58750089009602,,,
1367443,Depok,-6.409456,106.856152,,,98.52500025431316,,,
1367443,Depok,-6.409456,106.856152,,,74.50000031789143,,,
1367443,Depok,-6.409456,106.856152,,,54.51666673024496,,,
1367443,Depok,-6.409456,106.856152,,,72.64999961853027,,,
1367443,Depok,-6.409456,106.856152,,,75.22083409627278,,,
1367443,Depok,-6.409456,106.856152,,,70.99166742960612,,,
1367443,Depok,-6.409456,106.856152,,,79.09166653951009,,,
1367443,Depok,-6.409456,106.856152,,,82.77916653951009,,,
1367443,Depok,-6.409456,106.856152,,,72.92916647593181,,,
1367443,Depok,-6.409456,106.856152,,,67.65000089009602,,,
1367443,Depok,-6.409456,106.856152,,,77.71250025431316,,,
1367443,Depok,-6.409456,106.856152,,,97.7041670481364,,,
1367443,Depok,-6.409456,106.856152,,,97.29999987284344,,,
1367443,Depok,-6.409456,106.856152,,,73.70416577657063,,,
1367443,Depok,-6.409456,106.856152,,,59.124999364217125,,,
1367443,Depok,-6.409456,106.856152,,,54.94166692097982,,,
1367443,Depok,-6.409456,106.856152,,,50.77083396911621,,,
1367443,Depok,-6.409456,106.856152,,,44.1791664759318,,,
1367443,Depok,-6.409456,106.856152,,,63.87083307902018,,,
1367443,Depok,-6.409456,106.856152,,,60.34583377838135,,,
1367443,Depok,-6.409456,106.856152,,,40.48749955495199,,,
1367443,Depok,-6.409456,106.856152,,,43.0541664759318,,,
1367443,Depok,-6.409456,106.856152,,,32.96250009536743,,,
1367443,Depok,-6.409456,106.856152,,,30.33750009536743,,,
1367443,Depok,-6.409456,106.856152,,,49.26666736602783,,,
1367443,Depok,-6.409456,106.856152,,,25.145833492279053,,,
1367443,Depok,-6.409456,106.856152,,,62.99999968210856,,,
1367443,Depok,-6.409456,106.856152,,,58.38750012715658,,,
1367443,Depok,-6.409456,106.856152,,,69.52916717529297,,,
1367443,Depok,-6.409456,106.856152,,,83.27083396911621,,,
1367443,Depok,-6.409456,106.856152,,,55.68333339691162,,,
1367443,Depok,-6.409456,106.856152,,,49.22916571299235,,,
1367443,Depok,-6.409456,106.856152,,,60.86666679382324,,,
1367443,Depok,-6.409456,106.856152,,,55.01666704813639,,,
1367443,Depok,-6.409456,106.856152,,,58.17499987284342,,,
1367443,Depok,-6.409456,106.856152,,,55.92499955495199,,,
1367443,Depok,-6.409456,106.856152,,,49.80000019073486,,,
1367443,Depok,-6.409456,106.856152,,,44.1333335240682,,,
1367443,Depok,-6.409456,106.856152,,,40.100000063578285,,,
1367443,Depok,-6.409456,106.856152,,,47.18750031789144,,,
1367443,Depok,-6.409456,106.856152,,,88.2833325068156,,,
1367443,Depok,-6.409456,106.856152,,,82.81249809265137,,,
1367443,Depok,-6.409456,106.856152,,,54.237500508626304,,,
1367443,Depok,-6.409456,106.856152,,,52.51249980926514,,,
1367443,Depok,-6.409456,106.856152,,,54.850000063578285,,,
1367443,Depok,-6.409456,106.856152,,,67.66250069936116,,,
1367443,Depok,-6.409456,106.856152,,,70.29583358764648,,,
1367443,Depok,-6.409456,106.856152,,,65.97083346048991,,,
1367443,Depok,-6.409456,106.856152,,,54.79166634877523,,,
1367443,Depok,-6.409456,106.856152,,,46.90833377838135,,,
1367443,Depok,-6.409456,106.856152,,,50.04999923706055,,,
1367443,Depok,-6.409456,106.856152,,,50.47083346048991,,,
1367443,Depok,-6.409456,106.856152,,,52.120832761128746,,,
1367443,Depok,-6.409456,106.856152,,,56.520833333333336,,,
1367443,Depok,-6.409456,106.856152,,,56.77499993642172,,,
1367443,Depok,-6.409456,106.856152,,,55.41666634877523,,,
1367443,Depok,-6.409456,106.856152,,,44.5541664759318,,,
1367443,Depok,-6.409456,106.856152,,,39.77916622161865,,,
1367443,Depok,-6.409456,106.856152,,,39.12916723887125,,,
1367443,Depok,-6.409456,106.856152,,,41.91666634877523,,,
1367443,Depok,-6.409456,106.856152,,,41.94999980926514,,,
1367443,Depok,-6.409456,106.856152,,,43.72916634877523,,,
1367443,Depok,-6.409456,106.856152,,,48.04583263397217,,,
1367443,Depok,-6.409456,106.856152,,,59.94166692097982,,,
1367443,Depok,-6.409456,106.856152,,,101.15416463216144,,,
1367443,Depok,-6.409456,106.856152,,,75.79166603088379,,,
1367443,Depok,-6.409456,106.856152,,,64.11666679382324,,,
1367443,Depok,-6.409456,106.856152,,,64.50833193461101,,,
1367443,Depok,-6.409456,106.856152,,,53.93750031789144,,,
1367443,Depok,-6.409456,106.856152,,,49.73750019073486,,,
1367443,Depok,-6.409456,106.856152,,,62.61666679382324,,,
1367443,Depok,-6.409456,106.856152,,,75.59166717529297,,,
1367443,Depok,-6.409456,106.856152,,,69.65000025431316,,,
1367443,Depok,-6.409456,106.856152,,,69.97083218892415,,,
1367443,Depok,-6.409456,106.856152,,,75.1833324432373,,,
1367443,Depok,-6.409456,106.856152,,,73.89583333333333,,,
1367443,Depok,-6.409456,106.856152,,,82.62083307902019,,,
1367443,Depok,-6.409456,106.856152,,,86.79999987284343,,,
1367443,Depok,-6.409456,106.856152,,,95.33749961853027,,,
1367443,Depok,-6.409456,106.856152,,,65.77499961853027,,,
1367443,Depok,-6.409456,106.856152,,,53.08750025431315,,,
1367443,Depok,-6.409456,106.856152,,,54.350000063578285,,,
1367443,Depok,-6.409456,106.856152,,,59.71666622161865,,,
1367443,Depok,-6.409456,106.856152,,,70.15000025431316,,,
1367443,Depok,-6.409456,106.856152,,,50.38750012715658,,,
1367443,Depok,-6.409456,106.856152,,,46.94166660308838,,,
1367443,Depok,-6.409456,106.856152,,,57.13750044504801,,,
1367443,Depok,-6.409456,106.856152,,,64.76250076293945,,,
1367443,Depok,-6.409456,106.856152,,,66.52083365122478,,,
1367443,Depok,-6.409456,106.856152,,,55.76250012715658,,,
1367443,Depok,-6.409456,106.856152,,,58.15833377838135,,,
1367443,Depok,-6.409456,106.856152,,,56.50416692097982,,,
1367443,Depok,-6.409456,106.856152,,,49.50833320617676,,,
1367443,Depok,-6.409456,106.856152,,,46.5083335240682,,,
1367443,Depok,-6.409456,106.856152,,,45.72499942779541,,,
1367443,Depok,-6.409456,106.856152,,,47.12083371480306,,,
1367443,Depok,-6.409456,106.856152,,,45.020833333333336,,,
1367443,Depok,-6.409456,106.856152,,,47.420833905537926,,,
1367443,Depok,-6.409456,106.856152,,,48.2583335240682,,,
1367443,Depok,-6.409456,106.856152,,,59.074999491373696,,,
1367443,Depok,-6.409456,106.856152,,,66.2458324432373,,,
1367443,Depok,-6.409456,106.856152,,,52.75416660308838,,,
1367443,Depok,-6.409456,106.856152,,,48.42083295186361,,,
1367443,Depok,-6.409456,106.856152,,,46.01250012715658,,,
1367443,Depok,-6.409456,106.856152,,,38.12083307902018,,,
1367443,Depok,-6.409456,106.856152,,,38.52916622161865,,,
1367443,Depok,-6.409456,106.856152,,,35.87083371480306,,,
1367443,Depok,-6.409456,106.856152,,,38.91250038146973,,,
1367443,Depok,-6.409456,106.856152,,,48.63749885559082,,,
1367443,Depok,-6.409456,106.856152,,,47.55416711171468,,,
1367443,Depok,-6.409456,106.856152,,,71.97916571299235,,,
1367443,Depok,-6.409456,106.856152,,,71.2499984105428,,,
1367443,Depok,-6.409456,106.856152,,,48.69583288828532,,,
1367443,Depok,-6.409456,106.856152,,,45.67916679382324,,,
1367443,Depok,-6.409456,106.856152,,,60.06666692097982,,,
1367443,Depok,-6.409456,106.856152,,,50.34166685740153,,,
1367443,Depok,-6.409456,106.856152,,,51.30416615804037,,,
1367443,Depok,-6.409456,106.856152,,,48.38333320617676,,,
1367443,Depok,-6.409456,106.856152,,,45.96666622161865,,,
1367443,Depok,-6.409456,106.856152,,,50.00416660308838,,,
1367443,Depok,-6.409456,106.856152,,,52.92916742960612,,,
1367443,Depok,-6.409456,106.856152,,,48.89166736602783,,,
1367443,Depok,-6.409456,106.856152,,,57.12500158945719,,,
1367443,Depok,-6.409456,106.856152,,,72.00833447774251,,,
1367443,Depok,-6.409456,106.856152,,,103.61249987284344,,,
1367443,Depok,-6.409456,106.856152,,,61.616665840148926,,,
1367443,Depok,-6.409456,106.856152,,,56.420833905537926,,,
1367443,Depok,-6.409456,106.856152,,,56.34583377838135,,,
1367443,Depok,-6.409456,106.856152,,,50.18333307902018,,,
1367443,Depok,-6.409456,106.856152,,,50.71666653951009,,,
1367443,Depok,-6.409456,106.856152,,,51.51250012715658,,,
1367443,Depok,-6.409456,106.856152,,,52.245834032694496,,,
1367443,Depok,-6.409456,106.856152,,,77.60416603088379,,,
1367443,Depok,-6.409456,106.856152,,,87.20416514078777,,,
1367443,Depok,-6.409456,106.856152,,,77.55833307902019,,,
1367443,Depok,-6.409456,106.856152,,,61.20833396911621,,,
1367443,Depok,-6.409456,106.856152,,,52.30416711171468,,,
1367443,Depok,-6.409456,106.856152,,,51.10416666666666,,,
1367443,Depok,-6.409456,106.856152,,,53.058334032694496,,,
1367443,Depok,-6.409456,106.856152,,,49.44166692097982,,,
1367443,Depok,-6.409456,106.856152,,,42.629165967305504,,,
1367443,Depok,-6.409456,106.856152,,,39.61249987284342,,,
1367443,Depok,-6.409456,106.856152,,,50.03750038146973,,,
1367443,Depok,-6.409456,106.856152,,,69.17499955495198,,,
1367443,Depok,-6.409456,106.856152,,,76.06249872843425,,,
1367443,Depok,-6.409456,106.856152,,,89.19583352406819,,,
1367443,Depok,-6.409456,106.856152,,,50.91666762034098,,,
1367443,Depok,-6.409456,106.856152,,,47.50833320617676,,,
1367443,Depok,-6.409456,106.856152,,,47.93750031789144,,,
1367443,Depok,-6.409456,106.856152,,,46.833333333333336,,,
1367443,Depok,-6.409456,106.856152,,,48.93749968210856,,,
1367443,Depok,-6.409456,106.856152,,,48.16666634877523,,,
1367443,Depok,-6.409456,106.856152,,,48.94166787465414,,,
1367443,Depok,-6.409456,106.856152,,,63.84166685740153,,,
1367443,Depok,-6.409456,106.856152,,,87.85833390553792,,,
1367443,Depok,-6.409456,106.856152,,,80.9833329518636,,,
1367443,Depok,-6.409456,106.856152,,,52.30833339691162,,,
1367443,Depok,-6.409456,106.856152,,,52.41250038146973,,,
1367443,Depok,-6.409456,106.856152,,,52.05416679382324,,,
1367443,Depok,-6.409456,106.856152,,,41.60833295186361,,,
1367443,Depok,-6.409456,106.856152,,,40.83749961853027,,,
1367443,Depok,-6.409456,106.856152,,,38.00833320617676,,,
1367443,Depok,-6.409456,106.856152,,,40.37916628519694,,,
1367443,Depok,-6.409456,106.856152,,,43.56250031789144,,,
1367443,Depok,-6.409456,106.856152,,,43.80833371480306,,,
1367443,Depok,-6.409456,106.856152,,,38.0,,,
1367443,Depok,-6.409456,106.856152,,,38.76666641235352,,,
1367443,Depok,-6.409456,106.856152,,,47.65833346048991,,,
1367443,Depok,-6.409456,106.856152,,,52.84166685740153,,,
1367443,Depok,-6.409456,106.856152,,,56.28333282470703,,,
1367443,Depok,-6.409456,106.856152,,,61.91666603088379,,,
1367443,Depok,-6.409456,106.856152,,,108.09583282470705,,,
1367443,Depok,-6.409456,106.856152,,,,,29.29166603088379,
1367443,Depok,-6.409456,106.856152,,,,,29.77499993642171,
1367443,Depok,-6.409456,106.856152,,,,,29.6125005086263,
1367443,Depok,-6.409456,106.856152,,,,,29.28333346048991,
1367443,Depok,-6.409456,106.856152,,,,,29.07083336512248,
1367443,Depok,-6.409456,106.856152,,,,,28.866666158040363,
1367443,Depok,-6.409456,106.856152,,,,,28.68333371480306,
1367443,Depok,-6.409456,106.856152,,,,,28.44166644414266,
1367443,Depok,-6.409456,106.856152,,,,,28.47499990463257,
1367443,Depok,-6.409456,106.856152,,,,,28.95000012715657,
1367443,Depok,-6.409456,106.856152,,,,,29.84583346048991,
1367443,Depok,-6.409456,106.856152,,,,,30.94166660308838,
1367443,Depok,-6.409456,106.856152,,,,,31.77499993642171,
1367443,Depok,-6.409456,106.856152,,,,,32.38750012715658,
1367443,Depok,-6.409456,106.856152,,,,,33.15416685740153,
1367443,Depok,-6.409456,106.856152,,,,,33.84166622161865,
1367443,Depok,-6.409456,106.856152,,,,,34.050000508626304,
1367443,Depok,-6.409456,106.856152,,,,,33.441667238871254,
1367443,Depok,-6.409456,106.856152,,,,,31.891667048136394,
1367443,Depok,-6.409456,106.856152,,,,,30.42083295186361,
1367443,Depok,-6.409456,106.856152,,,,,29.38333288828532,
1367443,Depok,-6.409456,106.856152,,,,,29.32916593551636,
1367443,Depok,-6.409456,106.856152,,,,,29.35833279291789,
1367443,Depok,-6.409456,106.856152,,,,,29.31249968210856,
1367443,Depok,-6.409456,106.856152,,,,,29.34166590372721,
1367443,Depok,-6.409456,106.856152,,,,,29.179166952768963,
1367443,Depok,-6.409456,106.856152,,,,,29.05909104780717,
1367443,Depok,-6.409456,106.856152,,,,,28.862499554951984,
1367443,Depok,-6.409456,106.856152,,,,,28.71666685740153,
1367443,Depok,-6.409456,106.856152,,,,,28.55416679382324,
1367443,Depok,-6.409456,106.856152,,,,,28.35416603088379,
1367443,Depok,-6.409456,106.856152,,,,,28.46249993642171,
1367443,Depok,-6.409456,106.856152,,,,,29.14166657129924,
1367443,Depok,-6.409456,106.856152,,,,,30.020833492279053,
1367443,Depok,-6.409456,106.856152,,,,,32.19999980926514,
1367443,Depok,-6.409456,106.856152,,,,,30.37083339691162,
1367443,Depok,-6.409456,106.856152,,,,,28.57500012715657,
1367443,Depok,-6.409456,106.856152,,,,,28.299999237060547,
1367443,Depok,-6.409456,106.856152,,,,,28.462499777475998,
1367443,Depok,-6.409456,106.856152,,,,,28.5,
1367443,Depok,-6.409456,106.856152,,,,,28.49583339691162,
1367443,Depok,-6.409456,106.856152,,,,,28.487500031789143,
1367443,Depok,-6.409456,106.856152,,,,,28.27500009536743,
1367443,Depok,-6.409456,106.856152,,,,,29.27083333333333,
1367443,Depok,-6.409456,106.856152,,,,,30.129166920979817,
1367443,Depok,-6.409456,106.856152,,,,,31.20833333333333,
1367443,Depok,-6.409456,106.856152,,,,,31.95416657129924,
1367443,Depok,-6.409456,106.856152,,,,,32.45833365122477,
1367443,Depok,-6.409456,106.856152,,,,,32.995832761128746,
1367443,Depok,-6.409456,106.856152,,,,,32.262500286102295,
1367443,Depok,-6.409456,106.856152,,,,,30.608333269755047,
1367443,Depok,-6.409456,106.856152,,,,,28.608333269755047,
1367443,Depok,-6.409456,106.856152,,,,,28.308332602183025,
1367443,Depok,-6.409456,106.856152,,,,,28.333332697550457,
1367443,Depok,-6.409456,106.856152,,,,,28.308333079020183,
1367443,Depok,-6.409456,106.856152,,,,,28.212500254313152,
1367443,Depok,-6.409456,106.856152,,,,,28.229166984558105,
1367443,Depok,-6.409456,106.856152,,,,,28.333332697550457,
1367443,Depok,-6.409456,106.856152,,,,,28.145833651224773,
1367443,Depok,-6.409456,106.856152,,,,,27.94166644414266,
1367443,Depok,-6.409456,106.856152,,,,,27.808332920074463,
1367443,Depok,-6.409456,106.856152,,,,,27.6833340326945,
1367443,Depok,-6.409456,106.856152,,,,,27.4958332379659,
1367443,Depok,-6.409456,106.856152,,,,,27.391666253407795,
1367443,Depok,-6.409456,106.856152,,,,,27.470832983652752,
1367443,Depok,-6.409456,106.856152,,,,,28.229166825612385,
1367443,Depok,-6.409456,106.856152,,,,,30.116666475931805,
1367443,Depok,-6.409456,106.856152,,,,,30.99583339691162,
1367443,Depok,-6.409456,106.856152,,,,,31.67916663487752,
1367443,Depok,-6.409456,106.856152,,,,,32.45000044504801,
1367443,Depok,-6.409456,106.856152,,,,,33.12083339691162,
1367443,Depok,-6.409456,106.856152,,,,,33.354166984558105,
1367443,Depok,-6.409456,106.856152,,,,,32.86250019073486,
1367443,Depok,-6.409456,106.856152,,,,,31.137499968210857,
1367443,Depok,-6.409456,106.856152,,,,,29.487500190734863,
1367443,Depok,-6.409456,106.856152,,,,,28.82083320617676,
1367443,Depok,-6.409456,106.856152,,,,,28.700000762939453,
1367443,Depok,-6.409456,106.856152,,,,,28.6833340326945,
1367443,Depok,-6.409456,106.856152,,,,,28.675000190734863,
1367443,Depok,-6.409456,106.856152,,,,,28.587500254313152,
1367443,Depok,-6.409456,106.856152,,,,,28.404166380564373,
1367443,Depok,-6.409456,106.856152,,,,,28.216667016347248,
1367443,Depok,-6.409456,106.856152,,,,,28.070833524068195,
1367443,Depok,-6.409456,106.856152,,,,,27.95833317438761,
1367443,Depok,-6.409456,106.856152,,,,,27.82916609446208,
1367443,Depok,-6.409456,106.856152,,,,,27.81249968210856,
1367443,Depok,-6.409456,106.856152,,,,,28.400000254313152,
1367443,Depok,-6.409456,106.856152,,,,,29.166666348775227,
1367443,Depok,-6.409456,106.856152,,,,,30.579166730244957,
1367443,Depok,-6.409456,106.856152,,,,,31.31666660308838,
1367443,Depok,-6.409456,106.856152,,,,,31.887499968210857,
1367443,Depok,-6.409456,106.856152,,,,,30.38750012715657,
1367443,Depok,-6.409456,106.856152,,,,,28.50833336512248,
1367443,Depok,-6.409456,106.856152,,,,,28.262499809265137,
1367443,Depok,-6.409456,106.856152,,,,,28.137500603993733,
1367443,Depok,-6.409456,106.856152,,,,,28.00833336512248,
1367443,Depok,-6.409456,106.856152,,,,,27.8249994913737,
1367443,Depok,-6.409456,106.856152,,,,,27.77916622161865,
1367443,Depok,-6.409456,106.856152,,,,,27.78749942779541,
1367443,Depok,-6.409456,106.856152,,,,,27.779166380564373,
1367443,Depok,-6.409456,106.856152,,,,,27.58750041325887,
1367443,Depok,-6.409456,106.856152,,,,,27.38333288828532,
1367443,Depok,-6.409456,106.856152,,,,,27.18333339691162,
1367443,Depok,-6.409456,106.856152,,,,,27.100000381469727,
1367443,Depok,-6.409456,106.856152,,,,,26.737500031789143,
1367443,Depok,-6.409456,106.856152,,,,,26.920833587646484,
1367443,Depok,-6.409456,106.856152,,,,,27.8166667620341,
1367443,Depok,-6.409456,106.856152,,,,,28.62916660308838,
1367443,Depok,-6.409456,106.856152,,,,,32.12916628519694,
1367443,Depok,-6.409456,106.856152,,,,,32.162500063578285,
1367443,Depok,-6.409456,106.856152,,,,,30.30416679382324,
1367443,Depok,-6.409456,106.856152,,,,,29.620833079020183,
1367443,Depok,-6.409456,106.856152,,,,,29.21666685740153,
1367443,Depok,-6.409456,106.856152,,,,,29.087500254313152,
1367443,Depok,-6.409456,106.856152,,,,,28.57500012715657,
1367443,Depok,-6.409456,106.856152,,,,,28.62916739781697,
1367443,Depok,-6.409456,106.856152,,,,,28.416666348775227,
1367443,Depok,-6.409456,106.856152,,,,,28.19583384195964,
1367443,Depok,-6.409456,106.856152,,,,,28.008333524068195,
1367443,Depok,-6.409456,106.856152,,,,,27.804166316986084,
1367443,Depok,-6.409456,106.856152,,,,,27.600000381469727,
1367443,Depok,-6.409456,106.856152,,,,,27.75000015894572,
1367443,Depok,-6.409456,106.856152,,,,,28.300000031789143,
1367443,Depok,-6.409456,106.856152,,,,,30.15833314259847,
1367443,Depok,-6.409456,106.856152,,,,,30.80416679382324,
1367443,Depok,-6.409456,106.856152,,,,,31.83750009536743,
1367443,Depok,-6.409456,106.856152,,,,,32.699999491373696,
1367443,Depok,-6.409456,106.856152,,,,,32.81666660308838,
1367443,Depok,-6.409456,106.856152,,,,,32.87916628519694,
1367443,Depok,-6.409456,106.856152,,,,,32.23333342870077,
1367443,Depok,-6.409456,106.856152,,,,,31.34166685740153,
1367443,Depok,-6.409456,106.856152,,,,,30.71666685740153,
1367443,Depok,-6.409456,106.856152,,,,,30.33333333333333,
1367443,Depok,-6.409456,106.856152,,,,,29.929166316986084,
1367443,Depok,-6.409456,106.856152,,,,,29.899999618530277,
1367443,Depok,-6.409456,106.856152,,,,,29.87499952316284,
1367443,Depok,-6.409456,106.856152,,,,,29.654167016347248,
1367443,Depok,-6.409456,106.856152,,,,,29.387499809265137,
1367443,Depok,-6.409456,106.856152,,,,,29.02500009536743,
1367443,Depok,-6.409456,106.856152,,,,,28.8874994913737,
1367443,Depok,-6.409456,106.856152,,,,,28.72083314259847,
1367443,Depok,-6.409456,106.856152,,,,,28.51250012715657,
1367443,Depok,-6.409456,106.856152,,,,,28.28750006357829,
1367443,Depok,-6.409456,106.856152,,,,,28.05833355585734,
1367443,Depok,-6.409456,106.856152,,,,,28.016666730244957,
1367443,Depok,-6.409456,106.856152,,,,,28.47083314259847,
1367443,Depok,-6.409456,106.856152,,,,,29.358333428700764,
1367443,Depok,-6.409456,106.856152,,,,,30.40416653951009,
1367443,Depok,-6.409456,106.856152,,,,,31.612500190734863,
1367443,Depok,-6.409456,106.856152,,,,,31.96666606267293,
1367443,Depok,-6.409456,106.856152,,,,,32.38749980926514,
1367443,Depok,-6.409456,106.856152,,,,,32.85416634877523,
1367443,Depok,-6.409456,106.856152,,,,,32.94583288828532,
1367443,Depok,-6.409456,106.856152,,,,,32.59166590372721,
1367443,Depok,-6.409456,106.856152,,,,,31.84583314259847,
1367443,Depok,-6.409456,106.856152,,,,,31.02916653951009,
1367443,Depok,-6.409456,106.856152,,,,,30.720832983652752,
1367443,Depok,-6.409456,106.856152,,,,,30.33333317438761,
1367443,Depok,-6.409456,106.856152,,,,,29.97499990463257,
1367443,Depok,-6.409456,106.856152,,,,,29.74583339691162,
1367443,Depok,-6.409456,106.856152,,,,,29.600000381469727,
1367443,Depok,-6.409456,106.856152,,,,,29.45416657129924,
1367443,Depok,-6.409456,106.856152,,,,,29.31249968210856,
1367443,Depok,-6.409456,106.856152,,,,,29.104166984558105,
1367443,Depok,-6.409456,106.856152,,,,,28.75000015894572,
1367443,Depok,-6.409456,106.856152,,,,,28.670834223429363,
1367443,Depok,-6.409456,106.856152,,,,,28.53333346048991,
1367443,Depok,-6.409456,106.856152,,,,,28.32916609446208,
1367443,Depok,-6.409456,106.856152,,,,,28.45416641235352,
1367443,Depok,-6.409456,106.856152,,,,,28.96249993642171,
1367443,Depok,-6.409456,106.856152,,,,,29.608333269755047,
1367443,Depok,-6.409456,106.856152,,,,,30.52083301544189,
1367443,Depok,-6.409456,106.856152,,,,,29.32083320617676,
1367443,Depok,-6.409456,106.856152,,,,,30.199999968210857,
1367443,Depok,-6.409456,106.856152,,,,,31.07916657129924,
1367443,Depok,-6.409456,106.856152,,,,,31.84166653951009,
1367443,Depok,-6.409456,106.856152,,,,,32.33750025431315,
1367443,Depok,-6.409456,106.856152,,,,,33.09999942779541,
1367443,Depok,-6.409456,106.856152,,,,,32.429166316986084,
1367443,Depok,-6.409456,106.856152,,,,,30.716667016347248,
1367443,Depok,-6.409456,106.856152,,,,,28.93749936421712,
1367443,Depok,-6.409456,106.856152,,,,,28.70416720708211,
1367443,Depok,-6.409456,106.856152,,,,,28.52916669845581,
1367443,Depok,-6.409456,106.856152,,,,,28.38333336512248,
1367443,Depok,-6.409456,106.856152,,,,,27.99583339691162,
1367443,Depok,-6.409456,106.856152,,,,,27.71250041325887,
1367443,Depok,-6.409456,106.856152,,,,,27.362499713897705,
1367443,Depok,-6.409456,106.856152,,,,,27.225000381469727,
1367443,Depok,-6.409456,106.856152,,,,,27.32083257039388,
1367443,Depok,-6.409456,106.856152,,,,,27.46249993642171,
1367443,Depok,-6.409456,106.856152,,,,,27.49583339691162,
1367443,Depok,-6.409456,106.856152,,,,,27.50833336512248,
1367443,Depok,-6.409456,106.856152,,,,,27.4958332379659,
1367443,Depok,-6.409456,106.856152,,,,,27.34166606267293,
1367443,Depok,-6.409456,106.856152,,,,,27.49166679382324,
1367443,Depok,-6.409456,106.856152,,,,,27.916666507720947,
1367443,Depok,-6.409456,106.856152,,,,,28.64166720708211,
1367443,Depok,-6.409456,106.856152,,,,,28.6125005086263,
1367443,Depok,-6.409456,106.856152,,,,,28.579166889190677,
1367443,Depok,-6.409456,106.856152,,,,,28.50833336512248,
1367443,Depok,-6.409456,106.856152,,,,,28.47500006357829,
1367443,Depok,-6.409456,106.856152,,,,,27.758333524068195,
1367443,Depok,-6.409456,106.856152,,,,,27.61666711171468,
1367443,Depok,-6.409456,106.856152,,,,,27.5,
1367443,Depok,-6.409456,106.856152,,,,,27.53750006357829,
1367443,Depok,-6.409456,106.856152,,,,,27.695833524068195,
1367443,Depok,-6.409456,106.856152,,,,,28.316666920979817,
1367443,Depok,-6.409456,106.856152,,,,,29.079166730244957,
1367443,Depok,-6.409456,106.856152,,,,,31.08333317438761,
1367443,Depok,-6.409456,106.856152,,,,,31.73333311080933,
1367443,Depok,-6.409456,106.856152,,,,,31.96666653951009,
1367443,Depok,-6.409456,106.856152,,,,,32.45000012715658,
1367443,Depok,-6.409456,106.856152,,,,,28.65416669845581,
1367443,Depok,-6.409456,106.856152,,,,,27.983333269755047,
1367443,Depok,-6.409456,106.856152,,,,,28.80000038146973,
1367443,Depok,-6.409456,106.856152,,,,,28.387499809265137,
1367443,Depok,-6.409456,106.856152,,,,,28.15000073115031,
1367443,Depok,-6.409456,106.856152,,,,,27.9958332379659,
1367443,Depok,-6.409456,106.856152,,,,,27.916666348775227,
1367443,Depok,-6.409456,106.856152,,,,,27.89166609446208,
1367443,Depok,-6.409456,106.856152,,,,,27.65000057220459,
1367443,Depok,-6.409456,106.856152,,,,,27.49166663487752,
1367443,Depok,-6.409456,106.856152,,,,,27.25,
1367443,Depok,-6.409456,106.856152,,,,,27.15416733423869,
1367443,Depok,-6.409456,106.856152,,,,,27.12500047683716,
1367443,Depok,-6.409456,106.856152,,,,,27.045833428700764,
1367443,Depok,-6.409456,106.856152,,,,,27.112500349680584,
1367443,Depok,-6.409456,106.856152,,,,,27.670833269755047,
1367443,Depok,-6.409456,106.856152,,,,,28.699999968210857,
1367443,Depok,-6.409456,106.856152,,,,,29.3791667620341,
1367443,Depok,-6.409456,106.856152,,,,,30.324999809265137,
1367443,Depok,-6.409456,106.856152,,,,,31.004166920979817,
1367443,Depok,-6.409456,106.856152,,,,,31.59583314259847,
1367443,Depok,-6.409456,106.856152,,,,,32.15416638056437,
1367443,Depok,-6.409456,106.856152,,,,,32.21666717529297,
1367443,Depok,-6.409456,106.856152,,,,,32.07083320617676,
1367443,Depok,-6.409456,106.856152,,,,,30.71250009536743,
1367443,Depok,-6.409456,106.856152,,,,,29.77916653951009,
1367443,Depok,-6.409456,106.856152,,,,,29.13750012715657,
1367443,Depok,-6.409456,106.856152,,,,,28.85416603088379,
1367443,Depok,-6.409456,106.856152,,,,,28.92083311080933,
1367443,Depok,-6.409456,106.856152,,,,,28.99166663487752,
1367443,Depok,-6.409456,106.856152,,,,,28.899999618530277,
1367443,Depok,-6.409456,106.856152,,,,,28.72083346048991,
1367443,Depok,-6.409456,106.856152,,,,,28.587500254313152,
1367443,Depok,-6.409456,106.856152,,,,,28.462499777475998,
1367443,Depok,-6.409456,106.856152,,,,,28.1916667620341,
1367443,Depok,-6.409456,106.856152,,,,,28.100000381469727,
1367443,Depok,-6.409456,106.856152,,,,,28.191666920979817,
1367443,Depok,-6.409456,106.856152,,,,,28.78333330154419,
1367443,Depok,-6.409456,106.856152,,,,,29.5583332379659,
1367443,Depok,-6.409456,106.856152,,,,,30.170833587646484,
1367443,Depok,-6.409456,106.856152,,,,,30.95833333333333,
1367443,Depok,-6.409456,106.856152,,,,,31.36666679382324,
1367443,Depok,-6.409456,106.856152,,,,,32.016666889190674,
1367443,Depok,-6.409456,106.856152,,,,,32.51666641235352,
1367443,Depok,-6.409456,106.856152,,,,,32.30416615804037,
1367443,Depok,-6.409456,106.856152,,,,,30.84999990463257,
1367443,Depok,-6.409456,106.856152,,,,,29.50416660308838,
1367443,Depok,-6.409456,106.856152,,,,,27.854166348775227,
1367443,Depok,-6.409456,106.856152,,,,,27.63333336512248,
1367443,Depok,-6.409456,106.856152,,,,,27.487500031789143,
1367443,Depok,-6.409456,106.856152,,,,,27.62500047683716,
1367443,Depok,-6.409456,106.856152,,,,,27.729166666666668,
1367443,Depok,-6.409456,106.856152,,,,,27.691667238871258,
1367443,Depok,-6.409456,106.856152,,,,,27.65000057220459,
1367443,Depok,-6.409456,106.856152,,,,,27.233333587646484,
1367443,Depok,-6.409456,106.856152,,,,,27.12083387374878,
1367443,Depok,-6.409456,106.856152,,,,,27.17500066757202,
1367443,Depok,-6.409456,106.856152,,,,,27.200000762939453,
1367443,Depok,-6.409456,106.856152,,,,,27.299999713897705,
1367443,Depok,-6.409456,106.856152,,,,,27.77083333333333,
1367443,Depok,-6.409456,106.856152,,,,,28.26250028610229,
1367443,Depok,-6.409456,106.856152,16.116666793823242,28.40000057220459,,70.49166870117188,23.88333320617676,3107.6666259765625
1367443,Depok,-6.409456,106.856152,15.594940344492594,29.07500028610229,,42.91190497080485,32.82247066497803,3206.7574361165366
1367443,Depok,-6.409456,106.856152,18.92759773947976,34.40178541703658,,35.95665602250533,35.691071250221945,3822.746737393466
1367443,Depok,-6.409456,106.856152,31.324851195017494,59.71413707733154,,38.99196434020996,34.94330342610677,7494.520833333333
1367443,Depok,-6.409456,106.856152,28.65580368041992,54.14955361684164,,43.95491059621176,33.389732360839844,6524.9091796875
1367443,Depok,-6.409456,106.856152,29.143601099650063,55.458482106526695,,51.79062461853027,32.11339330673218,6701.269368489583
1367443,Depok,-6.409456,106.856152,28.27008946736653,53.931845347086586,,55.01309553782145,30.953125,6379.194905598958
1367443,Depok,-6.409456,106.856152,23.18705368041992,42.295833110809326,,58.69464302062988,29.98839298884074,4727.7678629557295
1367443,Depok,-6.409456,106.856152,15.785863081614176,26.323660850524902,,59.99925581614176,28.88020833333333,2894.5997111002603
1367443,Depok,-6.409456,106.856152,17.639137109120686,29.258482297261555,,61.13452339172363,28.29925600687663,3203.0743815104165
1367443,Depok,-6.409456,106.856152,24.22619040807088,45.46755917867025,,61.76860078175863,28.203572114308677,4964.944946289063
1367443,Depok,-6.409456,106.856152,28.066517512003585,54.64404773712158,,61.83199373881022,28.440624554951984,6258.2143147786455
1367443,Depok,-6.409456,106.856152,31.40580368041992,62.03363132476807,,62.02991072336832,28.464285532633465,7632.278238932292
1367443,Depok,-6.409456,106.856152,33.49315484364828,66.24389839172363,,62.01636854807536,28.440029621124268,8566.101236979166
1367443,Depok,-6.409456,106.856152,32.59330368041992,64.43005816141765,,62.276339848836265,28.353124459584556,8181.785766601562
1367443,Depok,-6.409456,106.856152,30.493601322174072,61.02619012196859,,62.60282675425211,28.260416507720947,7265.361653645833
1367443,Depok,-6.409456,106.856152,22.21101188659668,44.7738094329834,,63.38363107045492,27.902976512908936,4350.0967203776045
1367443,Depok,-6.409456,106.856152,17.25386889775594,32.10238107045492,,64.20282745361328,27.38333304723104,3151.958333333333
1367443,Depok,-6.409456,106.856152,20.905357201894123,40.82946427663168,,64.55967330932617,27.23050610224406,4070.6666666666665
1367443,Depok,-6.409456,106.856152,28.841071287790932,59.530357678731285,,65.4160722096761,27.217857519785564,6625.590779622396
1367443,Depok,-6.409456,106.856152,29.5944938659668,61.00029722849528,,64.82946427663167,27.723511854807537,6911.9033203125
1367443,Depok,-6.409456,106.856152,29.680803616841636,59.48392868041992,,61.49598217010498,28.52946424484253,6970.5520426432295
1367443,Depok,-6.409456,106.856152,33.28184445699056,67.17946529388428,,57.76145871480306,29.557886759440105,8455.910725911459
1367443,Depok,-6.409456,106.856152,29.8081849416097,60.28898779551188,,53.65818500518799,30.956101099650063,6979.3542073567705
1367443,Depok,-6.409456,106.856152,31.57098166147868,63.52172597249349,,50.44806512196859,31.739434719085693,7716.56396484375
1367443,Depok,-6.409456,106.856152,31.95372025171916,64.60684458414714,,46.86904780069987,32.77976163228353,7898.31396484375
1367443,Depok,-6.409456,106.856152,32.10297632217407,66.54151725769043,,47.276041984558105,32.29047648111979,7952.6800537109375
1367443,Depok,-6.409456,106.856152,30.91592264175415,63.91041723887125,,47.701636950174965,31.85535717010498,7421.47920735677
1367443,Depok,-6.409456,106.856152,28.873511791229248,59.21889845530192,,48.22410742441813,31.54255962371826,6620.0059000651045
1367443,Depok,-6.409456,106.856152,28.864285628000896,58.52723185221354,,49.646726290384926,31.04062509536743,6585.958333333333
1367443,Depok,-6.409456,106.856152,36.19107135136922,72.48407745361328,,52.223809560139976,30.526636918385822,9230.119099934896
1367443,Depok,-6.409456,106.856152,39.20372009277344,76.18541717529297,,53.99985122680664,30.169345537821453,10400.31095377604
1367443,Depok,-6.409456,106.856152,48.99330361684164,94.40863037109376,,55.959821701049805,29.88437493642171,12894.367513020834
1367443,Depok,-6.409456,106.856152,52.888095219930015,110.38660685221356,,57.958184242248535,29.54880968729655,13977.5
1367443,Depok,-6.409456,106.856152,54.06607087453207,111.87112998962402,,58.73035717010498,29.366666158040363,14257.736653645834
1367443,Depok,-6.409456,106.856152,46.54077402750651,90.81056467692058,,59.34627978006999,29.25565497080485,12328.39591471354
1367443,Depok,-6.409456,106.856152,42.10044638315836,81.93526776631673,,59.72619024912516,29.082143306732178,11163.39453125
1367443,Depok,-6.409456,106.856152,36.94092305501302,74.0486609141032,,59.42752997080485,28.888094743092854,9795.18603515625
1367443,Depok,-6.409456,106.856152,33.981845219930015,68.95982106526692,,58.95386950174967,28.70744053522746,8756.645751953125
1367443,Depok,-6.409456,106.856152,34.330803871154785,69.22485097249348,,58.08675638834635,28.408630688985188,8901.447916666666
1367443,Depok,-6.409456,106.856152,33.72142823537191,68.4160722096761,,56.55461311340332,28.1437505086263,8611.223266601562
1367443,Depok,-6.409456,106.856152,30.90282742182414,60.46636962890625,,55.6986608505249,27.911904493967693,7403.266357421875
1367443,Depok,-6.409456,106.856152,29.00639883677165,57.200446128845215,,56.39211241404215,27.680952707926437,6650.5149332682295
1367443,Depok,-6.409456,106.856152,44.20431518554688,85.2293160756429,,58.60863018035889,27.38124958674113,11570.358723958334
1367443,Depok,-6.409456,106.856152,58.262945810953774,109.12767855326337,,58.270684560139976,27.6330353418986,15315.076009114584
1367443,Depok,-6.409456,106.856152,52.57410717010498,99.60669581095378,,52.03883934020996,29.501041730244957,13873.952311197916
1367443,Depok,-6.409456,106.856152,40.22529808680216,78.28913720448811,,44.33928521474203,31.629463990529377,10426.388387044271
1367443,Depok,-6.409456,106.856152,30.86666679382324,61.01026725769043,,41.08288733164469,32.72485160827637,7344.782796223958
1367443,Depok,-6.409456,106.856152,32.14851188659668,64.15029811859131,,41.21874968210856,32.962350845336914,7873.459798177083
1367443,Depok,-6.409456,106.856152,33.615773836771645,67.12217203776042,,39.72083346048991,32.98377927144369,8355.226196289062
1367443,Depok,-6.409456,106.856152,33.412797609965004,64.867857615153,,40.666517893473305,32.35624980926514,8252.203776041666
1367443,Depok,-6.409456,106.856152,33.22604179382324,65.67351214090984,,40.95877933502197,32.062499364217125,8374.023844401041
1367443,Depok,-6.409456,106.856152,54.600148836771645,100.50863138834636,,44.301636377970375,31.593452135721844,14267.142903645834
1367443,Depok,-6.409456,106.856152,42.69464302062988,85.05134010314941,,48.56785678863525,30.988839626312256,11335.3037109375
1367443,Depok,-6.409456,106.856152,45.99657758076986,89.76622009277344,,51.528868675231934,29.77589289347331,12151.30517578125
1367443,Depok,-6.409456,106.856152,38.131399154663086,76.75237973531087,,51.78556569417318,29.39880911509196,10146.297688802084
1367443,Depok,-6.409456,106.856152,39.3608627319336,77.8194948832194,,53.39508978525797,29.028571605682373,10483.831868489584
1367443,Depok,-6.409456,106.856152,34.26190503438314,69.3537203470866,,52.8897320429484,28.768005688985188,8750.055053710938
1367443,Depok,-6.409456,106.856152,33.208482106526695,67.77574412027995,,53.30491097768148,28.5272323290507,8411.281290690104
1367443,Depok,-6.409456,106.856152,30.51413647333781,62.28482087453207,,52.990625063578285,28.235714276631672,7230.1428629557295
1367443,Depok,-6.409456,106.856152,33.44985103607178,67.11383883158366,,53.09910742441813,28.05416679382324,8349.796183268229
1367443,Depok,-6.409456,106.856152,43.08913707733154,81.74613126118977,,52.24017874399821,28.555803616841636,11423.255940755207
1367443,Depok,-6.409456,106.856152,34.062401135762535,69.29251162211101,,46.68968232472738,30.75808525085449,8756.632934570312
1367443,Depok,-6.409456,106.856152,30.200446367263797,60.80156230926514,,41.86049127578735,32.409374952316284,7128.763366699219
1367443,Depok,-6.409456,106.856152,29.617402336814187,58.64623399214311,,37.54313833063299,34.06335518576882,6961.278497869318
1367443,Depok,-6.409456,106.856152,25.87187512715657,50.294344902038574,,33.6726188659668,35.30520820617676,5482.989583333333
1367443,Depok,-6.409456,106.856152,30.725744088490803,61.39211336771647,,31.90014886856079,36.0866060256958,7390.630940755208
1367443,Depok,-6.409456,106.856152,32.73095258076986,65.49821535746257,,32.54404719670614,35.61622015635172,8239.441975911459
1367443,Depok,-6.409456,106.856152,37.56949392954508,72.63229115804036,,34.88303565979004,35.16220219930013,9871.2529296875
1367443,Depok,-6.409456,106.856152,47.71800581614176,86.70624987284343,,41.20565478006999,33.76190503438314,12553.78865559896
1367443,Depok,-6.409456,106.856152,51.42976220448812,95.21592267354328,,42.99315484364828,32.87172667185465,13495.020833333334
1367443,Depok,-6.409456,106.856152,56.290773709615074,105.5419642130534,,45.120981534322105,31.886458079020183,14690.871988932293
1367443,Depok,-6.409456,106.856152,59.24479134877523,112.30193519592284,,47.45654741923014,31.27901792526245,15430.855631510416
1367443,Depok,-6.409456,106.856152,62.834524154663086,119.14196395874023,,50.66860103607178,30.93556531270345,16317.06404622396
1367443,Depok,-6.409456,106.856152,68.07589308420818,133.4933032989502,,52.197619120279946,30.487351099650063,17594.177164713543
1367443,Depok,-6.409456,106.856152,57.57157707214356,107.97753016153972,,50.79151757558187,30.44732125600179,15003.145833333334
1367443,Depok,-6.409456,106.856152,53.77529716491699,101.62633895874023,,50.55922635396322,30.403124650319416,14098.315592447916
1367443,Depok,-6.409456,106.856152,81.49017937978108,161.65416463216147,,52.43139934539795,30.034375190734863,21056.388509114586
1367443,Depok,-6.409456,106.856152,81.79553604125977,161.20982106526694,,54.02380911509196,29.72380908330281,21094.900390625
1367443,Depok,-6.409456,106.856152,69.56131045023601,134.90595245361328,,54.40803527832031,29.37738053003947,18060.194986979168
1367443,Depok,-6.409456,106.856152,58.78913688659668,113.61562474568684,,54.62366040547689,29.111905097961422,15389.285807291666
1367443,Depok,-6.409456,106.856152,42.41279760996501,83.04657808939616,,54.58050664265951,28.768898646036785,11216.124918619793
1367443,Depok,-6.409456,106.856152,33.58526770273844,69.4941972096761,,54.41458320617676,28.50208330154419,8647.842244466146
1367443,Depok,-6.409456,106.856152,39.65937455495199,79.32827377319336,,48.52053610483805,28.62604157129924,10545.014973958334
1367443,Depok,-6.409456,106.856152,47.69345251719157,94.367857615153,,44.959226290384926,30.283035278320312,12660.871907552084
1367443,Depok,-6.409456,106.856152,44.7977679570516,88.52842267354329,,41.71666685740153,31.96101172765096,11892.078776041666
1367443,Depok,-6.409456,106.856152,41.00550587972005,82.6239579518636,,37.10431480407715,33.31592241923014,10903.174153645834
1367443,Depok,-6.409456,106.856152,34.00565449396769,70.01235135396321,,32.899702390035,34.2068452835083,8703.638264973959
1367443,Depok,-6.409456,106.856152,32.39077361424764,67.02857271830241,,30.41770839691162,34.885714530944824,8088.8601481119795
1367443,Depok,-6.409456,106.856152,32.40476210912069,66.58958307902019,,29.123809337615967,35.45297654469808,8086.011881510417
1367443,Depok,-6.409456,106.856152,33.32842270533244,67.8361603418986,,28.37291669845581,35.59925651550293,8407.961385091146
1367443,Depok,-6.409456,106.856152,34.89583365122477,70.47961362202962,,29.29077386856079,35.01071357727051,8994.389892578125
1367443,Depok,-6.409456,106.856152,40.51339340209961,78.32619031270345,,29.005059719085693,34.55252933502197,10559.641316731771
1367443,Depok,-6.409456,106.856152,51.223660945892334,95.07455444335938,,29.602455615997314,33.686384201049805,13441.359375
1367443,Depok,-6.409456,106.856152,40.06996744329279,74.95227258855647,,34.34648305719549,32.92949086969549,10632.391779119318
1367443,Depok,-6.409456,106.856152,45.47569370269776,83.49330393473308,,36.503274281819664,32.46547635396322,12037.670572916666
1367443,Depok,-6.409456,106.856152,82.61285781860352,152.6974998474121,,39.27660713195801,31.84500026702881,21293.14453125
1367443,Depok,-6.409456,106.856152,92.51249980926514,174.06392669677734,,42.08950805664063,31.27455353736877,23708.35205078125
1367443,Depok,-6.409456,106.856152,99.47381019592284,189.4074420928955,,43.42410707473755,31.057440757751465,25395.4462890625
1367443,Depok,-6.409456,106.856152,82.26235071818034,154.70193417867026,,44.73452377319336,30.041815280914307,21162.556640625
1367443,Depok,-6.409456,106.856152,49.665327390035,90.68348121643066,,44.30758921305338,29.61309544245402,13114.665283203123
1367443,Depok,-6.409456,106.856152,51.03303559621176,92.42053667704263,,44.85312461853027,29.298214117685955,13441.41658528646
1367443,Depok,-6.409456,106.856152,54.93764845530192,99.08050537109376,,46.97589238484701,28.747172514597576,14408.70841471354
1367443,Depok,-6.409456,106.856152,46.835862477620445,83.33288828531902,,47.08065478006999,28.428571224212646,12334.550618489584
1367443,Depok,-6.409456,106.856152,48.89211336771647,86.57827313741048,,46.817857106526695,28.21502987543742,12861.50138346354
1367443,Depok,-6.409456,106.856152,47.91994094848633,83.44568506876628,,46.28571478525797,27.92767874399821,12630.386881510416
1367443,Depok,-6.409456,106.856152,41.95119047164917,77.13630962371826,,26.77507448196411,35.86004400253296,11121.49853515625
1367443,Depok,-6.409456,106.856152,37.988213539123535,71.46142845153808,,28.84696407318115,35.41999969482422,9793.11240234375
1367443,Depok,-6.409456,106.856152,32.27772113255092,61.62040819440569,,33.93775449480329,34.21054458618164,7906.712611607143
1367443,Depok,-6.409456,106.856152,33.07812468210856,64.34940433502197,,34.96398798624674,32.963988622029625,8334.50146484375
1367443,Depok,-6.409456,106.856152,69.37068557739258,121.94137128194173,,35.42246945699056,32.2462797164917,17589.407796223957
1367443,Depok,-6.409456,106.856152,46.91259956359863,82.51463317871094,,35.40897782643636,32.307738304138184,12358.631510416666
1367443,Depok,-6.409456,106.856152,60.6299098332723,109.76904741923016,,38.26681582132975,32.03526814778646,15817.38533528646
1367443,Depok,-6.409456,106.856152,74.88005924224854,141.02157656351724,,41.41979249318441,31.1636905670166,19371.96419270833
1367443,Depok,-6.409456,106.856152,62.88958358764648,114.9861609141032,,43.393303553263344,30.99375009536743,16406.559488932293
1367443,Depok,-6.409456,106.856152,61.92827351888021,114.36116027832033,,44.53363164265951,30.739285628000896,16177.074462890623
1367443,Depok,-6.409456,106.856152,62.9805056254069,114.7321434020996,,45.28407700856527,30.1364582379659,16366.336100260416
1367443,Depok,-6.409456,106.856152,47.2736603418986,85.26756032307942,,45.57127952575684,29.84627930323283,12431.956868489584
1367443,Depok,-6.409456,106.856152,37.82142893473307,73.78497060139973,,45.10297616322836,29.64389928181966,10016.71134440104
1367443,Depok,-6.409456,106.856152,37.93511931101481,74.46294593811035,,44.77291679382324,29.387499650319416,10062.037190755207
1367443,Depok,-6.409456,106.856152,36.56964238484701,72.74702390034993,,43.96681594848633,29.079315821329757,9603.40486653646
1367443,Depok,-6.409456,106.856152,32.4538688659668,65.4705359141032,,43.67008876800537,28.98511902491252,8036.200846354167
1367443,Depok,-6.409456,106.856152,35.47410647074381,71.08750025431316,,45.00580374399821,28.4921129544576,9190.52685546875
1367443,Depok,-6.409456,106.856152,38.04285736083985,73.84791641235351,,44.793392944335935,28.66851100921631,10081.47861328125
1367443,Depok,-6.409456,106.856152,33.39865788546476,66.84774988347834,,37.17822508378463,31.242868250066586,8504.011363636364
1367443,Depok,-6.409456,106.856152,30.44925578435262,60.4619042078654,,32.78794638315836,32.83080323537191,7233.87646484375
1367443,Depok,-6.409456,106.856152,35.658928553263344,70.02023792266846,,32.59895849227905,33.161308924357094,9247.834920247396
1367443,Depok,-6.409456,106.856152,42.42012960260565,78.62451449307528,,31.195941578258168,34.14886335893111,11170.720880681818
1367443,Depok,-6.409456,106.856152,32.34222189585368,63.79571342468262,,28.159682591756184,35.70047569274902,7975.315104166667
1367443,Depok,-6.409456,106.856152,39.0185186598036,74.32619137234158,,31.300264994303387,34.30000008477105,10242.833333333334
1367443,Depok,-6.409456,106.856152,40.23777770996094,73.65079243977864,,32.0955556233724,33.22952397664388,10537.146158854166
1367443,Depok,-6.409456,106.856152,44.118898709615074,80.79047520955403,,34.03154754638672,31.72261889775594,11660.330322265623
1367443,Depok,-6.409456,106.856152,43.8208335240682,81.40312512715657,,38.03496996561686,30.736607392628983,11601.31697591146
1367443,Depok,-6.409456,106.856152,62.60535748799642,113.8867556254069,,39.764136950174965,30.572321732838947,16310.49267578125
1367443,Depok,-6.409456,106.856152,67.66696357727051,125.53764979044595,,40.19419638315836,30.546130975087483,17604.148763020832
1367443,Depok,-6.409456,106.856152,59.586011250813804,110.57827504475912,,41.01726214090983,30.069047451019287,15582.194986979166
1367443,Depok,-6.409456,106.856152,61.74761835734049,118.05610275268556,,41.83006032307943,29.495238145192463,16201.357177734377
1367443,Depok,-6.409456,106.856152,52.6681547164917,96.35357157389323,,43.84702396392822,29.115476608276367,13845.346761067707
1367443,Depok,-6.409456,106.856152,36.16398779551188,71.48184521993001,,44.432142893473305,28.94702370961507,9595.458333333334
1367443,Depok,-6.409456,106.856152,37.71175607045492,72.48526827494304,,43.27187442779541,28.76904757817586,10015.15478515625
1367443,Depok,-6.409456,106.856152,40.94672648111979,75.99285697937012,,44.217262268066406,28.46249993642171,10876.84822591146
1367443,Depok,-6.409456,106.856152,33.87321408589681,68.15416717529297,,43.34300581614176,28.265327612559,8709.465738932291
1367443,Depok,-6.409456,106.856152,33.42931524912516,67.30878035227458,,43.03943475087484,28.175000349680584,8530.809611002604
1367443,Depok,-6.409456,106.856152,43.5971425374349,83.5576171875,,41.96666717529297,28.485713958740234,11598.6142578125
1367443,Depok,-6.409456,106.856152,41.13860539027623,78.22618974958148,,41.6727044241769,28.735714503696983,10958.4736328125
1367443,Depok,-6.409456,106.856152,38.51416625976562,73.92285614013672,,38.32178497314453,30.997499847412108,10253.6
1367443,Depok,-6.409456,106.856152,40.30000019073486,75.60505930582683,,36.4651788075765,32.20520846048991,10664.690348307293
1367443,Depok,-6.409456,106.856152,37.31473255157471,72.59464327494304,,31.918303330739334,33.576785723368324,9812.377848307293
1367443,Depok,-6.409456,106.856152,36.19166660308838,73.2209825515747,,28.168601195017494,35.09583314259847,9202.610107421877
1367443,Depok,-6.409456,106.856152,30.61026763916016,60.98209381103516,,25.950297355651852,36.78551546732584,7296.119547526042
1367443,Depok,-6.409456,106.856152,30.117619132995607,58.91404724121094,,24.891428565979005,37.18500022888183,7104.568994140625
1367443,Depok,-6.409456,106.856152,30.8072747124566,61.58346515231662,,24.41560851203071,37.10026465521919,7403.398111979167
1367443,Depok,-6.409456,106.856152,35.2074408531189,70.20669746398926,,25.21250009536743,36.4502976735433,9003.226155598959
1367443,Depok,-6.409456,106.856152,47.56294631958008,82.5867551167806,,33.16190512975057,34.399702072143555,12477.843831380207
1367443,Depok,-6.409456,106.856152,51.86056550343832,91.71741104125977,,37.87991078694662,31.821725686391197,13599.246988932293
1367443,Depok,-6.409456,106.856152,44.83497015635172,84.65848159790039,,38.80267810821533,31.61666711171468,11706.693440755207
1367443,Depok,-6.409456,106.856152,33.41696421305338,65.8861608505249,,40.02172660827637,31.238987922668457,8519.708414713541
1367443,Depok,-6.409456,106.856152,31.681249777475998,62.07842222849528,,40.74538707733154,30.968452612559,7749.802083333333
1367443,Depok,-6.409456,106.856152,29.37482695146041,56.86137459494851,,41.22796492143111,30.675118879838426,6808.229225852273
1367443,Depok,-6.409456,106.856152,27.870386918385822,53.29568449656168,,42.36354160308838,29.93749984105428,6181.141357421875
1367443,Depok,-6.409456,106.856152,23.2886905670166,42.981993993123375,,43.190774281819664,29.30163701375325,4690.6250406901045
1367443,Depok,-6.409456,106.856152,24.032737890879314,45.0558032989502,,43.58154773712158,28.987053394317627,4893.33182779948
1367443,Depok,-6.409456,106.856152,26.857589562733967,52.06071472167969,,43.83080418904623,28.779761632283527,5809.6681722005205
1367443,Depok,-6.409456,106.856152,25.87678591410319,49.6175594329834,,44.380357106526695,28.49389886856079,5450.376383463542
1367443,Depok,-6.409456,106.856152,31.5119047164917,63.78333377838135,,45.36488119761149,28.16994047164917,7692.93896484375
1367443,Depok,-6.409456,106.856152,38.090773582458496,73.33452415466309,,46.58928616841634,27.88690439860026,10047.54923502604
1367443,Depok,-6.409456,106.856152,43.45941578258168,80.3715917413885,,45.89539996060458,27.93733718178489,11482.623401988636
1367443,Depok,-6.409456,106.856152,57.75297609965006,107.14151700337727,,44.97485160827637,28.284672419230144,15133.117431640623
1367443,Depok,-6.409456,106.856152,49.61860148111979,91.4226188659668,,40.84508927663168,30.5242559115092,13045.010498046877
1367443,Depok,-6.409456,106.856152,39.778571446736656,74.72366078694661,,36.131697018941246,32.481696446736656,10371.583455403646
1367443,Depok,-6.409456,106.856152,39.76101271311442,74.1788698832194,,32.363095124562584,33.498511950174965,10475.483642578123
1367443,Depok,-6.409456,106.856152,31.58764886856079,60.74211311340332,,30.05669641494751,34.28675619761149,7680.4866129557295
1367443,Depok,-6.409456,106.856152,27.274553298950195,51.11294651031494,,29.16607141494751,34.78824424743652,5964.947916666667
1367443,Depok,-6.409456,106.856152,29.49375009536743,56.12440554300944,,29.28869040807088,35.1166664759318,6807.553548177083
1367443,Depok,-6.409456,106.856152,33.329910119374595,64.08779811859131,,29.840922832489014,34.97544638315836,8380.337727864584
1367443,Depok,-6.409456,106.856152,34.17202345530192,65.8376480738322,,30.58035707473755,34.351637840271,8758.648803710938
1367443,Depok,-6.409456,106.856152,33.24107185999552,63.93154716491699,,31.95773839950561,33.876487731933594,8373.278238932291
1367443,Depok,-6.409456,106.856152,33.42440462112427,64.63273843129475,,36.44687557220459,32.63526852925619,8515.840657552084
1367443,Depok,-6.409456,106.856152,41.03452332814535,75.36830457051595,,39.00431537628174,31.82083288828532,10853.328857421877
1367443,Depok,-6.409456,106.856152,50.30758921305338,89.39999961853027,,41.4183038075765,31.23422622680664,13182.919677734377
1367443,Depok,-6.409456,106.856152,57.17202377319336,102.84821383158366,,42.74776713053385,30.783779621124268,14904.63533528646
1367443,Depok,-6.409456,106.856152,62.42053540547689,115.67708206176758,,44.46681499481201,30.370684146881104,16272.93904622396
1367443,Depok,-6.409456,106.856152,65.95684560139973,120.4834804534912,,45.60744031270345,30.085416952768963,17121.056640625
1367443,Depok,-6.409456,106.856152,54.86562474568685,97.92306645711264,,46.36532688140869,29.877827008565266,14343.30517578125
1367443,Depok,-6.409456,106.856152,57.37797578175863,103.3263390858968,,46.75877952575684,29.66205374399821,14936.73966471354
1367443,Depok,-6.409456,106.856152,66.11562569936116,120.54062461853027,,48.50297609965006,29.18407742182414,17141.78271484375
1367443,Depok,-6.409456,106.856152,54.42053572336832,97.55416742960612,,49.12500031789144,28.782291730244957,14210.074381510416
1367443,Depok,-6.409456,106.856152,40.44910685221354,75.65595245361328,,49.06503009796143,28.495238145192463,10694.06404622396
1367443,Depok,-6.409456,106.856152,39.77499993642172,75.25342178344727,,49.596428553263344,28.291963895161945,10534.15177408854
1367443,Depok,-6.409456,106.856152,57.888095219930015,104.41666793823242,,51.11726156870524,27.965624968210857,15084.43302408854
1367443,Depok,-6.409456,106.856152,68.43973191579182,126.27157656351726,,52.21755949656168,27.775892575581867,17712.739583333332
1367443,Depok,-6.409456,106.856152,64.22708288828532,121.97514979044595,,49.35863145192464,28.52455345789592,16750.697835286457
1367443,Depok,-6.409456,106.856152,49.551934242248535,94.2392857869466,,43.69285742441813,30.862797896067303,13099.008951822916
1367443,Depok,-6.409456,106.856152,43.07380962371826,79.45059585571289,,39.24181588490804,32.61235125859579,11405.173990885416
1367443,Depok,-6.409456,106.856152,31.57678620020549,60.65297635396322,,35.138392766316734,33.623661041259766,7736.160685221354
1367443,Depok,-6.409456,106.856152,29.62886905670166,57.60565503438314,,33.86800607045492,34.43080393473307,6935.9359944661455
1367443,Depok,-6.409456,106.856152,34.70744069417318,68.30714289347331,,34.803720474243164,34.17797660827637,9044.297688802084
1367443,Depok,-6.409456,106.856152,34.43854141235352,68.16904703776042,,33.75892861684164,34.84122053782145,8907.066975911459
1367443,Depok,-6.409456,106.856152,33.73735125859579,67.56860129038493,,34.03496996561686,34.78556537628174,8595.912068684896
1367443,Depok,-6.409456,106.856152,35.91309515635172,71.41934458414714,,36.47842280069987,33.87440458933512,9461.628011067707
1367443,Depok,-6.409456,106.856152,52.84702396392822,98.26562436421712,,41.72976207733154,32.600595792134605,13865.440511067707
1367443,Depok,-6.409456,106.856152,61.7922617594401,115.90565617879231,,44.56860192616781,31.583035469055176,16094.337890625
1367443,Depok,-6.409456,106.856152,63.68630854288737,121.3550599416097,,47.1242561340332,31.051934719085693,16551.313883463543
1367443,Depok,-6.409456,106.856152,65.15327326456706,124.42842229207356,,49.05029837290446,30.892261346181236,16929.413655598957
1367443,Depok,-6.409456,106.856152,62.69687493642172,118.03898747762044,,49.62782764434815,30.63750012715657,16282.99552408854
1367443,Depok,-6.409456,106.856152,57.49791717529297,106.3924109141032,,49.90773804982504,30.303571383158367,14983.331868489584
1367443,Depok,-6.409456,106.856152,52.72083346048991,95.38229115804036,,49.62291622161865,30.068601608276367,13744.025227864584
1367443,Depok,-6.409456,106.856152,56.53303559621176,104.31517918904622,,50.57767804463705,29.77187506357829,14735.663736979166
1367443,Depok,-6.409456,106.856152,50.1800594329834,92.0458329518636,,51.056845347086586,29.590476512908936,13123.41064453125
1367443,Depok,-6.409456,106.856152,39.34459336598714,75.03303527832031,,50.986656506856285,29.423809210459392,10274.21915690104
1367443,Depok,-6.409456,106.856152,30.887648741404217,61.294493993123375,,50.23392868041992,29.174851258595783,7295.557983398437
1367443,Depok,-6.409456,106.856152,26.51532777150472,53.46101156870524,,49.48377990722656,28.971874872843426,5802.665120442708
1367443,Depok,-6.409456,106.856152,27.6158930460612,56.81434472401937,,50.20139853159586,28.74601173400879,6159.726806640625
1367443,Depok,-6.409456,106.856152,37.61358413696289,74.31186943054199,,50.49592895507813,28.74344062805176,9836.797705078125
1367443,Depok,-6.409456,106.856152,37.23333358764648,73.69999694824219,,36.26666641235352,34.366668701171875,9908.6669921875
1367443,Depok,-6.409456,106.856152,42.298484802246094,81.75422113591975,,36.22375522960317,34.68252182006836,11175.989701704546
1367443,Depok,-6.409456,106.856152,55.75809555053711,107.73142852783204,,36.073332977294925,34.174285888671875,14575.4380859375
1367443,Depok,-6.409456,106.856152,33.57956314086914,67.49285380045573,,32.14226214090983,34.86666742960612,8653.926432291666
1367443,Depok,-6.409456,106.856152,30.863799008456144,61.33165532892401,,32.021591359918766,34.72857111150568,7408.775923295455
1367443,Depok,-6.409456,106.856152,29.48660723368327,58.62157726287842,,28.354464213053387,36.54017957051595,6844.412190755208
1367443,Depok,-6.409456,106.856152,28.308035850524902,55.76651763916016,,27.909375031789143,36.045089403788246,6350.0238037109375
1367443,Depok,-6.409456,106.856152,29.282142957051597,57.78452364603678,,28.15208339691162,35.73333295186361,6703.235107421875
1367443,Depok,-6.409456,106.856152,36.10000228881836,72.23332977294922,,30.899999618530277,36.5,9610.0
1367443,Depok,-6.409456,106.856152,38.311706119113495,75.54146745469835,,38.85958989461263,33.05204942491319,10293.038953993057
1367443,Depok,-6.409456,106.856152,39.63129207066128,75.79438781738281,,38.98197228567941,33.31122480119978,10580.821568080357
1367443,Depok,-6.409456,106.856152,40.13819471995036,76.2565975189209,,41.08442465464274,32.497470219930015,10716.05997721354
1367443,Depok,-6.409456,106.856152,45.17110339078036,84.57548453591086,,42.30275969071822,32.32402524081144,11976.654296875
1367443,Depok,-6.409456,106.856152,33.613839308420815,64.99270725250244,,41.66235097249349,31.986160437266037,8181.59521484375
1367443,Depok,-6.409456,106.856152,26.866071383158367,52.27961285909017,,40.89404773712158,31.851189931233723,5820.569864908855
1367443,Depok,-6.409456,106.856152,22.82548696344549,43.17824693159624,,40.38652593439276,31.605681506070223,4551.056773792614
1367443,Depok,-6.409456,106.856152,23.252529939015705,44.822767893473305,,41.475000063578285,31.13258949915568,4703.8779296875
1367443,Depok,-6.409456,106.856152,25.57857131958008,51.06324450174967,,42.35699303944906,30.856398423512776,5432.476196289063
1367443,Depok,-6.409456,106.856152,25.815178235371903,51.01711304982504,,42.910415967305504,30.52738094329834,5464.15625
1367443,Depok,-6.409456,106.856152,28.55282735824585,58.0549103418986,,43.44419638315836,30.11666663487752,6512.9241129557295
1367443,Depok,-6.409456,106.856152,32.52038685480753,66.452530225118,,44.13110097249349,29.822916507720947,8100.48653157552
1367443,Depok,-6.409456,106.856152,52.05178642272949,99.1257438659668,,44.26830418904623,29.713988780975345,13709.187337239584
1367443,Depok,-6.409456,106.856152,57.05193392435709,108.40720240275066,,43.76889832814535,29.94413677851359,15027.318115234377
1367443,Depok,-6.409456,106.856152,56.34181531270345,106.12261772155762,,43.18883959452311,30.98779757817586,14830.1904296875
1367443,Depok,-6.409456,106.856152,34.82175341519442,71.50871207497336,,29.50963193720037,36.08463217995384,9278.701882102272
1367443,Depok,-6.409456,106.856152,36.56101163228353,73.59136899312337,,28.996725877126057,36.0581849416097,9730.02384440104
1367443,Depok,-6.409456,106.856152,35.12142753601074,69.02142715454102,,30.635714530944824,36.264286041259766,9378.78564453125
1367443,Depok,-6.409456,106.856152,32.473512172698975,63.40744113922119,,32.86934566497803,34.74940458933512,8115.904703776042
1367443,Depok,-6.409456,106.856152,31.63482141494751,65.34776878356934,,41.027679443359375,31.09241104125977,7803.888427734375
1367443,Depok,-6.409456,106.856152,34.88526757558187,72.9898796081543,,40.44672648111979,31.60848204294841,9024.67110188802
1367443,Depok,-6.409456,106.856152,34.498511950174965,71.38095219930013,,37.568750063578285,33.01250044504801,9059.97314453125
1367443,Depok,-6.409456,106.856152,44.0089282989502,91.43586413065592,,32.217113176981606,34.93005975087484,11863.461263020834
1367443,Depok,-6.409456,106.856152,39.56815465291341,78.93050575256348,,31.337202390034992,35.15848191579183,10640.3154296875
1367443,Depok,-6.409456,106.856152,37.83318487803141,75.95357131958008,,30.878273804982506,35.1049108505249,10148.331868489584
1367443,Depok,-6.409456,106.856152,47.6095240910848,84.64285723368327,,34.849106788635254,34.73244031270345,12580.537109375
1367443,Depok,-6.409456,106.856152,53.52604166666666,96.07425626118976,,37.80803553263346,33.66755962371826,14068.50740559896
1367443,Depok,-6.409456,106.856152,53.56145826975504,97.23973274230956,,39.22752984364828,32.86904748280843,14070.46728515625
1367443,Depok,-6.409456,106.856152,54.96830368041992,96.6485112508138,,41.74449443817139,32.04270855585734,14350.825846354166
1367443,Depok,-6.409456,106.856152,59.55818462371826,106.97127978007,,45.475000063578285,31.36919641494751,15483.28125
1367443,Depok,-6.409456,106.856152,44.26860078175863,82.39151763916016,,43.90610154469808,31.05312522252401,11711.334798177084
1367443,Depok,-6.409456,106.856152,34.72455358505249,67.85252984364827,,42.98660755157471,30.83988046646118,8866.480590820312
1367443,Depok,-6.409456,106.856152,43.44836330413818,84.33868980407715,,44.476786295572914,30.64389928181966,11545.096761067707
1367443,Depok,-6.409456,106.856152,45.60550594329834,82.6569938659668,,45.79925600687663,30.50029770533244,12094.56396484375
1367443,Depok,-6.409456,106.856152,54.66860135396322,98.68392944335938,,46.78437487284342,30.191667079925537,14419.413818359377
1367443,Depok,-6.409456,106.856152,33.90327390034994,66.60238107045491,,44.16086292266846,30.16904830932617,8706.306559244791
1367443,Depok,-6.409456,106.856152,24.090476036071777,45.3703867594401,,43.06904824574789,29.77366097768148,4930.369018554688
1367443,Depok,-6.409456,106.856152,24.94345204035441,48.122172037760414,,44.11116059621176,29.47098191579183,5200.340779622396
1367443,Depok,-6.409456,106.856152,24.532291730244957,47.99196402231852,,44.77708307902018,29.123809655507404,5063.875
1367443,Depok,-6.409456,106.856152,24.00639883677165,46.78273868560791,,44.85610135396322,28.827380657196045,4901.776774088542
1367443,Depok,-6.409456,106.856152,27.38184499740601,53.80997053782145,,45.794493993123375,28.54300594329834,6021.971638997396
1367443,Depok,-6.409456,106.856152,31.24598201115926,62.72857189178467,,45.77901744842529,28.283184210459392,7602.837809244792
1367443,Depok,-6.409456,106.856152,40.03779760996501,82.8767859141032,,42.695685068766274,28.92619037628174,10628.769287109377
1367443,Depok,-6.409456,106.856152,31.898213863372803,63.55922667185465,,38.11622015635172,30.698511918385822,7899.562581380208
1367443,Depok,-6.409456,106.856152,30.26398801803589,60.84285640716553,,35.455803871154785,32.308333237965904,7207.5640055338545
1367443,Depok,-6.409456,106.856152,31.270684719085693,64.07008902231853,,32.8721726735433,33.73110103607178,7595.119099934895
1367443,Depok,-6.409456,106.856152,31.01235071818034,63.55550575256348,,30.518601258595783,34.71264902750651,7504.2098388671875
1367443,Depok,-6.409456,106.856152,35.37395826975504,72.61964225769043,,29.234375,35.434225718180336,9379.901692708334
1367443,Depok,-6.409456,106.856152,36.99479166666666,75.34464327494304,,28.43809509277344,35.763839403788246,9914.824544270834
1367443,Depok,-6.409456,106.856152,34.85505898793539,71.77812576293945,,28.666517734527588,35.215773582458496,9185.922607421877
1367443,Depok,-6.409456,106.856152,33.082590103149414,68.48705418904622,,28.846279462178547,34.9879461924235,8456.746988932291
1367443,Depok,-6.409456,106.856152,41.998512268066406,81.20833333333333,,32.55848248799642,34.10550594329834,11144.093668619793
1367443,Depok,-6.409456,106.856152,45.70014890034994,87.58050600687663,,36.95461304982504,32.68928591410319,12113.671061197916
1367443,Depok,-6.409456,106.856152,53.00684515635172,100.3345235188802,,40.85550594329834,31.74300559361776,13936.25439453125
1367443,Depok,-6.409456,106.856152,52.08735148111979,98.26369094848631,,42.18779786427816,31.51919651031494,13675.3095703125
1367443,Depok,-6.409456,106.856152,30.83616081873576,59.76964282989502,,38.30014896392822,31.530952612559,7170.6055908203125
1367443,Depok,-6.409456,106.856152,31.034374872843426,61.58124987284342,,39.22857093811035,31.10520855585734,7503.160725911458
1367443,Depok,-6.409456,106.856152,33.6607141494751,67.74657726287842,,40.93660736083984,30.78541644414266,8552.749959309896
1367443,Depok,-6.409456,106.856152,29.345089276631672,59.75892925262451,,42.05997085571289,30.459523677825928,6796.7425537109375
1367443,Depok,-6.409456,106.856152,30.697916825612385,62.92946402231852,,42.57767868041992,30.171131292978924,7318.5163981119795
1367443,Depok,-6.409456,106.856152,28.53482151031494,57.82693449656168,,42.46116065979004,29.88883892695109,6460.726155598958
1367443,Depok,-6.409456,106.856152,27.29508908589681,55.04136848449707,,43.02455393473307,29.65625063578288,5988.5238037109375
1367443,Depok,-6.409456,106.856152,29.23065455754598,60.03348255157471,,43.57366053263346,29.557291825612385,6773.687459309896
1367443,Depok,-6.409456,106.856152,29.75342257817586,61.04910723368327,,43.87261931101481,29.41145785649617,6975.931559244792
1367443,Depok,-6.409456,106.856152,25.191071192423504,50.28363132476807,,43.49241065979004,29.161309719085693,5296.860107421875
1367443,Depok,-6.409456,106.856152,26.36904748280843,51.875594774882,,43.983036041259766,28.925594965616863,5669.096761067708
1367443,Depok,-6.409456,106.856152,29.526785373687744,59.08735148111979,,43.4181547164917,29.302083492279053,6883.900349934896
1367443,Depok,-6.409456,106.856152,43.64866081873576,106.33616002400716,,41.16830317179362,30.41875012715657,11110.622111002604
1367443,Depok,-6.409456,106.856152,31.410416920979817,64.76279799143474,,39.6367556254069,32.122321128845215,7676.0537109375
1367443,Depok,-6.409456,106.856152,35.303551038106285,73.25681559244792,,37.38041687011719,33.38007958730062,9347.43693033854
1367443,Depok,-6.409456,106.856152,36.37916692097982,74.75342241923015,,34.02663644154867,34.19196478525797,9748.888427734377
1367443,Depok,-6.409456,106.856152,35.17812538146973,73.17797660827637,,32.04181512196859,34.2572914759318,9356.37947591146
1367443,Depok,-6.409456,106.856152,34.58779780069987,72.08497047424316,,30.54270839691162,34.63407802581787,9115.56689453125
1367443,Depok,-6.409456,106.856152,41.57008997599284,81.70074399312337,,33.52872006098429,34.275744120279946,10957.755940755207
1367443,Depok,-6.409456,106.856152,47.57187525431315,88.64002990722656,,39.45505905151367,33.35967254638672,12544.919596354166
1367443,Depok,-6.409456,106.856152,46.31205336252848,86.71502939860027,,40.82217248280843,32.55669657389323,12252.31095377604
1367443,Depok,-6.409456,106.856152,41.63603146870931,78.42912716335721,,40.43349202473959,32.11440510219998,10800.203667534724
1367443,Depok,-6.409456,106.856152,28.874107519785564,56.97946389516195,,40.9190476735433,31.375297387441,6608.415201822917
1367443,Depok,-6.409456,106.856152,30.18809493382772,60.3400297164917,,42.25505987803141,30.975892702738445,7122.9062906901045
1367443,Depok,-6.409456,106.856152,24.469940503438316,47.37113094329834,,43.41354242960612,30.403422673543293,5089.4419352213545
1367443,Depok,-6.409456,106.856152,25.552827676137287,50.27276770273844,,44.826786041259766,29.811755657196045,5394.235107421875
1367443,Depok,-6.409456,106.856152,23.22514883677165,46.164435068766274,,44.78467241923014,29.581250349680584,4708.760416666667
1367443,Depok,-6.409456,106.856152,20.38973204294841,38.45223236083984,,44.70550600687663,29.430803298950195,3863.8958333333335
1367443,Depok,-6.409456,106.856152,20.557886759440105,39.41904799143473,,45.17217286427816,29.25580358505249,3925.8675537109375
1367443,Depok,-6.409456,106.856152,21.41979169845581,42.29821427663168,,45.56413714090983,29.127232551574707,4143.148783365886
1367443,Depok,-6.409456,106.856152,20.263690789540608,38.96235116322836,,46.23452377319336,28.89880911509196,3831.187520345052
1367443,Depok,-6.409456,106.856152,17.741071542104084,32.78690481185913,,46.52559566497803,28.68750047683716,3263.750020345052
1367443,Depok,-6.409456,106.856152,20.24404764175415,38.712202390035,,46.94687493642172,28.560714562733967,3810.25
1367443,Depok,-6.409456,106.856152,23.196577231089275,46.90282726287842,,46.71889845530192,28.541518052419026,4714.1904296875
1367443,Depok,-6.409456,106.856152,28.280803362528484,56.881697018941246,,46.42604160308838,28.58392906188965,6420.6086018880205
1367443,Depok,-6.409456,106.856152,37.29866123199463,75.09985160827637,,45.45148754119873,28.927380561828613,9965.614583333334
1367443,Depok,-6.409456,106.856152,35.55892817179362,73.69434547424316,,45.10252952575684,29.730952262878414,9513.48201497396
1367443,Depok,-6.409456,106.856152,33.3592259089152,69.4894339243571,,42.70550568898519,31.30267858505249,8553.214314778646
1367443,Depok,-6.409456,106.856152,34.0081844329834,71.10133997599284,,41.22827339172363,31.6330353418986,8895.544677734375
1367443,Depok,-6.409456,106.856152,34.92113081614176,72.61130905151367,,39.6949405670166,32.11309560139974,9262.653238932293
1367443,Depok,-6.409456,106.856152,36.55089251200358,74.15907732645671,,38.953719774882,32.590922832489014,9737.967122395834
1367443,Depok,-6.409456,106.856152,39.32023779551188,77.50833320617676,,37.78705374399821,33.37812519073486,10463.729166666666
1367443,Depok,-6.409456,106.856152,35.0699405670166,71.8947925567627,,40.3005952835083,32.791666666666664,9152.159261067707
1367443,Depok,-6.409456,106.856152,32.67038710912069,66.5052080154419,,40.4078868230184,32.202827294667564,8151.502970377604
1367443,Depok,-6.409456,106.856152,32.760267893473305,65.70580418904622,,42.463393211364746,31.51592270533244,8233.797648111979
1367443,Depok,-6.409456,106.856152,34.69434452056885,69.28735160827637,,43.42217254638672,31.247767448425293,9086.630940755207
1367443,Depok,-6.409456,106.856152,34.84732182820638,69.11741002400716,,44.2151788075765,30.84434525171916,9172.956787109377
1367443,Depok,-6.409456,106.856152,41.12842273712158,76.82008934020996,,45.003274281819664,30.66547664006551,10896.19482421875
1367443,Depok,-6.409456,106.856152,45.729018211364746,84.24107106526692,,46.13883908589681,30.57812547683716,12096.888427734377
1367443,Depok,-6.409456,106.856152,39.966071446736656,76.56547737121582,,46.82871945699056,30.597916920979817,10682.641276041666
1367443,Depok,-6.409456,106.856152,37.68988068898519,73.60714276631673,,46.493898709615074,30.311309814453125,10089.909098307293
1367443,Depok,-6.409456,106.856152,38.58750089009603,73.94389788309734,,46.31979211171468,30.213393052419026,10289.58927408854
1367443,Depok,-6.409456,106.856152,38.25997002919515,73.15014839172363,,47.355655352274574,29.85744015375773,10122.2529296875
1367443,Depok,-6.409456,106.856152,29.21294657389323,58.21041711171468,,47.10059547424317,29.53869072596232,6780.4523518880205
1367443,Depok,-6.409456,106.856152,29.034226099650063,58.63273811340332,,48.0148811340332,29.17946481704712,6722.4375
1367443,Depok,-6.409456,106.856152,30.92232131958008,62.9971726735433,,48.7537202835083,29.00610113143921,7480.630981445312
1367443,Depok,-6.409456,106.856152,32.61860100428263,66.46205361684163,,48.60669708251953,28.862350781758625,8203.834920247396
1367443,Depok,-6.409456,106.856152,33.247767766316734,68.74270884195964,,48.83482138315836,28.664732615153,8509.450846354166
1367443,Depok,-6.409456,106.856152,33.7700891494751,68.60491116841634,,48.801785151163735,28.40059471130371,8729.675699869791
1367443,Depok,-6.409456,106.856152,41.52500025431315,81.78318468729655,,47.39970270792643,28.768749713897705,11128.06404622396
1367443,Depok,-6.409456,106.856152,36.01636950174967,74.23898760477702,,43.9302085240682,30.481547514597576,9578.2841796875
1367443,Depok,-6.409456,106.856152,38.11666679382324,76.69255956013997,,41.29360135396322,32.197470347086586,10159.974772135416
1367443,Depok,-6.409456,106.856152,40.80416711171468,78.3406244913737,,38.4145835240682,33.263839403788246,10849.20841471354
1367443,Depok,-6.409456,106.856152,41.26636918385824,78.19330406188965,,35.38229115804037,34.32619031270345,10921.75740559896
1367443,Depok,-6.409456,106.856152,34.82321421305338,69.9200890858968,,33.02083317438761,34.91845289866129,9029.235188802084
1367443,Depok,-6.409456,106.856152,33.80505975087484,68.08497047424316,,32.15193478266398,34.85877927144369,8626.620524088541
1367443,Depok,-6.409456,106.856152,39.09568532307943,77.84419695536296,,31.39062515894572,34.82589308420817,10123.400390625
1367443,Depok,-6.409456,106.856152,43.623810132344566,82.89657783508301,,32.59464248021444,34.41309483846029,11531.6279296875
1367443,Depok,-6.409456,106.856152,49.5980650583903,94.3608627319336,,37.06264845530192,33.04270807902018,13035.680013020834
1367443,Depok,-6.409456,106.856152,39.42886924743652,76.37351163228352,,41.94687525431315,32.08110109965006,10479.928548177084
1367443,Depok,-6.409456,106.856152,38.28229141235352,73.8273811340332,,42.65922609965006,31.43571392695109,10181.474690755207
1367443,Depok,-6.409456,106.856152,36.76160748799642,72.2014872233073,,41.00044663747152,31.18690538406372,9546.947916666666
1367443,Depok,-6.409456,106.856152,49.18854236602783,89.36384010314941,,42.64330323537191,30.99642864863078,12927.891438802084
1367443,Depok,-6.409456,106.856152,54.216368993123375,99.41562461853027,,45.27157751719157,30.63258934020996,14215.32462565104
1367443,Depok,-6.409456,106.856152,52.79747072855631,96.17142740885416,,47.09017848968506,30.44955348968506,13839.272542317707
1367443,Depok,-6.409456,106.856152,50.41770839691162,91.55773671468098,,48.13288720448812,30.09747044245402,13246.869140625
1367443,Depok,-6.409456,106.856152,47.959226290384926,87.6447925567627,,48.59910678863525,29.82485055923462,12645.0908203125
1367443,Depok,-6.409456,106.856152,46.36785761515299,84.65029780069987,,49.075297355651855,29.666369597117107,12230.75154622396
1367443,Depok,-6.409456,106.856152,48.79910723368327,89.09836387634277,,49.95014890034994,29.432886759440105,12859.052001953123
1367443,Depok,-6.409456,106.856152,46.091071128845215,83.85104242960612,,50.56547673543295,29.26309537887573,12174.567057291666
1367443,Depok,-6.409456,106.856152,43.07961304982504,80.53258895874023,,50.809969902038574,29.059672832489014,11416.741048177084
1367443,Depok,-6.409456,106.856152,43.03517837524414,80.95714416503907,,50.92142868041992,28.97928524017334,11399.6982421875
1367443,Depok,-6.409456,106.856152,99.47291628519694,199.56755956014,,53.24583307902018,28.520833492279053,25131.5712890625
1367443,Depok,-6.409456,106.856152,71.75193468729655,137.32083320617676,,53.03988107045492,28.75,18638.5625
1367443,Depok,-6.409456,106.856152,58.81934483846029,111.51056543986004,,47.427083333333336,30.350595156351726,15415.86759440104
1367443,Depok,-6.409456,106.856152,41.4523811340332,79.38065338134766,,38.631399154663086,32.25922600428263,11004.605631510416
1367443,Depok,-6.409456,106.856152,36.29985109965006,71.67023849487305,,34.596131006876625,33.697916984558105,9502.5283203125
1367443,Depok,-6.409456,106.856152,34.43973159790039,68.3206844329834,,32.66443427403768,34.73050626118978,8867.724690755209
1367443,Depok,-6.409456,106.856152,34.116219997406006,67.75744120279948,,30.920684337615967,35.62544600168864,8599.314005533854
1367443,Depok,-6.409456,106.856152,43.94458909468217,84.33852802623402,,28.9529221274636,36.53474079478871,11509.08602627841
1367443,Depok,-6.409456,106.856152,42.880526951381135,81.5654765537807,,29.83494894845145,36.4596928187779,11310.511021205357
1367443,Depok,-6.409456,106.856152,43.60342864990234,84.53385620117187,,33.06385726928711,35.20053482055664,11503.94287109375
1367443,Depok,-6.409456,106.856152,53.27842299143473,104.07648849487305,,37.982589403788246,33.53139845530192,14000.444986979166
1367443,Depok,-6.409456,106.856152,53.74970213572184,101.4580357869466,,43.81250031789144,31.93913698196411,14110.337809244793
1367443,Depok,-6.409456,106.856152,50.53701262040572,95.09253137761895,,45.11184969815341,31.39080082286488,13300.072088068182
1367443,Depok,-6.409456,106.856152,64.20372072855632,124.28824424743652,,45.99672603607178,31.08258930842082,16711.861572265625
1367443,Depok,-6.409456,106.856152,55.24627939860026,105.06071472167967,,47.42291641235352,31.073661009470623,14475.144368489584
1367443,Depok,-6.409456,106.856152,51.6889877319336,96.64999961853027,,47.94687493642172,31.02157735824585,13583.215738932293
1367443,Depok,-6.409456,106.856152,54.44836330413818,103.40357335408528,,48.13839308420817,31.03928565979004,14268.812581380207
1367443,Depok,-6.409456,106.856152,62.19728893703885,120.27810838487412,,49.49351840549045,30.41666645473904,16248.918511284724
1367443,Depok,-6.409456,106.856152,47.884727478027344,91.98073250906808,,46.62846864972796,31.12908145359584,12660.23423549107
1367443,Depok,-6.409456,106.856152,56.13690439860026,108.1607157389323,,46.39047622680664,31.111905415852863,14745.839192708334
1367443,Depok,-6.409456,106.856152,50.19999694824219,103.0,,40.650001525878906,32.70000076293945,13414.0
1367443,Depok,-6.409456,106.856152,47.95788764953613,97.79702377319336,,39.931845347086586,32.709226290384926,12842.690511067707
1367443,Depok,-6.409456,106.856152,49.528868993123375,100.67291641235352,,37.32217216491699,33.650744120279946,13186.983723958334
1367443,Depok,-6.409456,106.856152,47.1638396581014,96.3684533437093,,34.56383927663168,34.57619031270345,12617.814127604166
1367443,Depok,-6.409456,106.856152,48.43184502919515,98.53660774230956,,32.33616081873576,35.58883921305338,12944.367513020834
1367443,Depok,-6.409456,106.856152,47.26354185740153,95.84092140197754,,31.33363072077433,35.59791660308838,12645.116048177084
1367443,Depok,-6.409456,106.856152,45.22288386027018,90.91113959418402,,29.96876992119683,36.36783091227213,12122.033311631943
1367443,Depok,-6.409456,106.856152,48.70178540547689,91.2254155476888,,33.60499954223633,35.81505902608236,12869.091634114584
1367443,Depok,-6.409456,106.856152,41.79410743713379,78.91553421020508,,35.874464416503905,34.52089309692383,11088.0642578125
1367443,Depok,-6.409456,106.856152,40.76141526963976,77.72740597195096,,36.6781743367513,33.94775136311849,10849.427300347224
1367443,Depok,-6.409456,106.856152,45.97171401977539,85.71014251708985,,35.955475616455075,33.9985237121582,12128.1080078125
1367443,Depok,-6.409456,106.856152,43.293600718180336,83.20639928181966,,37.2077382405599,32.74330393473307,11505.87947591146
1367443,Depok,-6.409456,106.856152,56.159524281819664,106.61056518554688,,38.9720245997111,32.29255962371826,14735.22314453125
1367443,Depok,-6.409456,106.856152,48.17276827494303,91.91175524393718,,40.246131579081215,31.890178203582764,12768.452311197916
1367443,Depok,-6.409456,106.856152,40.17752965291341,77.90267944335938,,43.4366070429484,31.52127965291341,10603.03263346354
1367443,Depok,-6.409456,106.856152,45.47053623199463,87.46607144673665,,45.25803565979004,31.245089530944824,12067.610107421877
1367443,Depok,-6.409456,106.856152,43.00208346048991,82.3105640411377,,45.115922927856445,30.707143306732178,11382.233561197916
1367443,Depok,-6.409456,106.856152,32.30535666147868,64.48764928181966,,44.64255905151367,30.350297609965008,8067.2946370442705
1367443,Depok,-6.409456,106.856152,28.221726576487224,56.02752939860026,,44.75878047943115,30.010714371999104,6366.367594401042
1367443,Depok,-6.409456,106.856152,25.25208330154419,50.449851989746094,,45.139136950174965,29.765327135721844,5276.8422444661455
1367443,Depok,-6.409456,106.856152,26.405059655507404,53.0340773264567,,45.692261695861816,29.51398817698161,5648.0744222005205
1367443,Depok,-6.409456,106.856152,27.06309525171916,54.66279729207357,,46.317857106526695,29.190773804982506,5899.78271484375
1367443,Depok,-6.409456,106.856152,30.197618802388508,61.80238119761149,,46.53050581614176,28.8913688659668,7167.6518147786455
1367443,Depok,-6.409456,106.856152,40.83586311340332,80.58407656351726,,46.59077421824137,29.309374968210857,10866.306640625
1367443,Depok,-6.409456,106.856152,58.62485186258952,114.35982322692873,,45.54360167185465,30.65461317698161,15416.587809244793
1367443,Depok,-6.409456,106.856152,51.91860167185465,100.62187385559082,,40.77217324574789,32.26354122161865,13703.89412434896
1367443,Depok,-6.409456,106.856152,39.52872053782145,77.2891362508138,,35.54255930582682,33.67812474568685,10433.668050130207
1367443,Depok,-6.409456,106.856152,32.878125031789146,66.4486608505249,,32.84955342610677,34.559523582458496,8269.694946289062
1367443,Depok,-6.409456,106.856152,34.06636905670166,69.13035583496094,,31.34166653951009,35.252529780069985,8681.355590820312
1367443,Depok,-6.409456,106.856152,38.53883902231852,75.61388969421387,,31.638442039489743,35.07807604471842,10245.790201822916
1367443,Depok,-6.409456,106.856152,41.53690497080485,79.86770884195964,,30.37857182820638,35.655357360839844,11003.598307291666
1367443,Depok,-6.409456,106.856152,53.58794689178467,110.5403258005778,,31.72663720448812,34.84747060139974,14162.89453125
1367443,Depok,-6.409456,106.856152,50.98824405670166,97.89916610717772,,37.04017861684164,33.576964696248375,13420.41463216146
1367443,Depok,-6.409456,106.856152,41.554911295572914,80.83377901713054,,39.07217311859131,,11055.662353515623
1367443,Depok,-6.409456,106.856152,44.69136842091879,84.39270846048991,,41.23020839691162,,11801.7783203125
1367443,Depok,-6.409456,106.856152,50.81502978006999,95.28139940897624,,42.38422616322836,,13382.898763020834
1367443,Depok,-6.409456,106.856152,56.966071446736656,108.59017690022786,,43.12633895874024,,14933.991048177084
1367443,Depok,-6.409456,106.856152,55.01160717010498,102.43199475606282,,43.90014902750651,,14450.2783203125
1367443,Depok,-6.409456,106.856152,53.62023766835531,100.1372013092041,,44.17336304982504,,14107.854166666666
1367443,Depok,-6.409456,106.856152,51.29151757558187,95.54300626118976,,45.22336292266846,,13502.361572265623
1367443,Depok,-6.409456,106.856152,41.41994063059489,78.90952491760254,,45.96592299143473,,10999.947916666666
1367443,Depok,-6.409456,106.856152,36.602827390035,72.75282796223958,,46.0857146581014,,9723.0654296875
1367443,Depok,-6.409456,106.856152,33.42901770273844,67.97202428181966,,46.18050575256348,,8516.846598307291
1367443,Depok,-6.409456,106.856152,32.64166673024496,67.64122009277344,,45.84761873881022,,8204.455281575521
1367443,Depok,-6.409456,106.856152,33.67410755157471,71.51651763916016,,45.50877984364828,,8723.142903645834
1367443,Depok,-6.409456,106.856152,34.0199400583903,72.76026725769043,,46.30416679382324,,8866.334798177084
1367443,Depok,-6.409456,106.856152,70.86958902532405,139.68290155584162,,47.21001087535512,,18473.630948153408
1367443,Depok,-6.409456,106.856152,61.67886892954508,122.54910723368327,,46.56845188140869,,16297.034261067707
1367443,Depok,-6.409456,106.856152,53.09613132476807,105.12633832295737,,44.64553578694662,,14057.81982421875
1367443,Depok,-6.409456,106.856152,53.92507902781168,109.83175659179688,,40.94309520721436,,14310.612386067707
1367443,Depok,-6.409456,106.856152,42.58407688140869,81.96860122680664,,36.6494042078654,,11342.16072591146
1367443,Depok,-6.409456,106.856152,36.1651782989502,72.13809521993001,,33.60922654469808,,9575.331705729166
1367443,Depok,-6.409456,106.856152,37.106696446736656,72.92931429545085,,31.565029621124268,,9802.721842447916
1367443,Depok,-6.409456,106.856152,39.03958384195963,75.09746932983398,,29.828125,,10356.3271484375
1367443,Depok,-6.409456,106.856152,39.35967254638672,75.20520846048991,,28.689880847930908,,10441.931477864584
1367443,Depok,-6.409456,106.856152,40.10133934020996,75.86562538146973,,29.73809512456258,,10626.330403645834
1367443,Depok,-6.409456,106.856152,42.74494012196859,79.42767715454102,,31.455654621124268,,11279.645833333334
1367443,Depok,-6.409456,106.856152,51.13318475087484,94.60104242960612,,33.25625038146973,,13430.122151692707
1367443,Depok,-6.409456,106.856152,44.91205342610677,83.01889991760254,,37.71383953094482,,11853.071451822916
1367443,Depok,-6.409456,106.856152,51.87633927663168,96.5930061340332,,41.07589244842529,,13635.28271484375
1367443,Depok,-6.409456,106.856152,62.26502990722656,117.91726239522298,,41.93913650512695,,16251.96720377604
1367443,Depok,-6.409456,106.856152,64.11294587453206,121.34062512715656,,41.77901713053385,,16729.64306640625
1367443,Depok,-6.409456,106.856152,64.92053667704265,122.54479281107584,,42.98452377319336,,16935.734944661457
1367443,Depok,-6.409456,106.856152,73.25758934020996,140.1513385772705,,44.58497015635172,,19018.797770182293
1367443,Depok,-6.409456,106.856152,62.15074348449707,117.49077288309734,,46.30848248799642,,16228.635416666666
1367443,Depok,-6.409456,106.856152,42.61592260996501,81.16443506876628,,46.21026738484701,,11289.37052408854
1367443,Depok,-6.409456,106.856152,42.45922597249349,82.01041666666667,,46.60163720448812,,11277.764811197916
1367443,Depok,-6.409456,106.856152,45.3474702835083,87.15505981445312,,46.74553616841634,,12005.166748046877
1367443,Depok,-6.409456,106.856152,55.23720200856527,106.69434547424316,,47.247321446736656,,14485.440511067707
1367443,Depok,-6.409456,106.856152,62.14627997080485,119.0416685740153,,48.701934814453125,,16166.007486979166
1367443,Depok,-6.409456,106.856152,80.87738100687663,154.0617561340332,,50.180952390035,,20771.630859375
1367443,Depok,-6.409456,106.856152,90.6244036356608,187.03080368041992,,49.09583314259847,,23461.60872395833
1367443,Depok,-6.409456,106.856152,66.58377901713054,134.58734957377115,,46.569494565327965,,17488.717203776043
1367443,Depok,-6.409456,106.856152,45.59955342610677,86.23035748799641,,43.22068436940511,,12079.60701497396
1367443,Depok,-6.409456,106.856152,40.276041984558105,77.75803629557292,,37.02038701375326,,10725.930013020834
1367443,Depok,-6.409456,106.856152,34.25550651550293,68.25580342610677,,34.02931531270345,,8829.300618489584
1367443,Depok,-6.409456,106.856152,35.7769349416097,70.86071332295735,,32.73303540547689,,9437.7216796875
1367443,Depok,-6.409456,106.856152,36.1212797164917,70.9497013092041,,29.8712797164917,,9498.587809244793
1367443,Depok,-6.409456,106.856152,38.763094902038574,74.36145846048991,,30.51756000518799,,10268.84375
1367443,Depok,-6.409456,106.856152,39.01889864603678,75.1687494913737,,31.4693455696106,,10352.226236979166
1367443,Depok,-6.409456,106.856152,39.69357147216797,76.25535659790039,,34.107857131958006,,10523.34111328125
1367443,Depok,-6.409456,106.856152,37.79895846048991,74.43229230244954,,37.6166664759318,,10057.428629557293
1367443,Depok,-6.409456,106.856152,40.926785469055176,78.02023887634277,,39.02678521474203,,10887.09521484375
1367443,Depok,-6.409456,106.856152,42.5825891494751,81.15133857727051,,42.66220219930013,,11312.084798177084
1367443,Depok,-6.409456,106.856152,37.64864765514027,75.0598470514471,,43.17224017056552,,10052.413441051136
1367443,Depok,-6.409456,106.856152,37.82425594329834,75.75550651550293,,44.58630879720052,,10098.297688802084
1367443,Depok,-6.409456,106.856152,43.40937519073486,85.64345169067383,,47.294345219930015,,11505.632486979166
1367443,Depok,-6.409456,106.856152,56.95520814259847,110.02113087972003,,47.752678553263344,,14977.619059244793
1367443,Depok,-6.409456,106.856152,58.65505886077881,112.9013392130534,,47.87604173024496,,15358.074300130207
1367443,Depok,-6.409456,106.856152,39.78824361165365,77.4440466562907,,47.25877952575684,,10497.671061197916
1367443,Depok,-6.409456,106.856152,32.356845219930015,67.62633895874023,,47.07366053263346,,8081.288655598958
1367443,Depok,-6.409456,106.856152,32.81874974568685,68.91131019592285,,47.71949418385824,,8323.633870442709
1367443,Depok,-6.409456,106.856152,31.825297514597576,67.51577504475911,,47.88586330413818,,7872.602701822917
1367443,Depok,-6.409456,106.856152,30.97857157389323,65.94166628519694,,47.89315446217855,,7510.505940755208
1367443,Depok,-6.409456,106.856152,35.491964181264244,72.19553470611572,,48.89717165629069,,9253.190388997396
1367443,Depok,-6.409456,106.856152,34.975000063578285,71.86294619242351,,48.08556588490804,,9217.72615559896
1367443,Depok,-6.409456,106.856152,34.88824431101481,72.50684547424316,,45.08526802062988,,9205.21427408854
1367443,Depok,-6.409456,106.856152,40.01071421305338,79.04181543986003,,42.09613164265951,,10713.79451497396
1367443,Depok,-6.409456,106.856152,43.50957330067953,83.90758959452312,,39.35128943125407,,11605.487141927084
1367443,Depok,-6.409456,106.856152,39.83169682820638,78.43750063578288,,36.44404760996501,,10585.275309244793
1367443,Depok,-6.409456,106.856152,35.47936503092448,72.04543813069661,,33.002579583062065,,9355.674587673611
1367443,Depok,-6.409456,106.856152,46.59940528869629,89.68630981445312,,33.3898811340332,,12370.5595703125
1367443,Depok,-6.409456,106.856152,53.57926559448242,103.38239097595216,,35.62455336252848,,14145.991943359377
1367443,Depok,-6.409456,106.856152,50.99546432495117,99.12471313476564,,38.63903617858887,,13493.1892578125
1367443,Depok,-6.409456,106.856152,47.95860748291015,93.36964263916016,,42.94060707092285,,12737.2318359375
1367443,Depok,-6.409456,106.856152,44.92663701375326,87.46651713053386,,45.3525292078654,,11940.97314453125
1367443,Depok,-6.409456,106.856152,25.270535628000896,50.822916984558105,,48.171725591023765,,5494.934529622396
1367443,Depok,-6.409456,106.856152,20.79657745361328,40.01294660568237,,54.170684814453125,,4023.912190755209
1367443,Depok,-6.409456,106.856152,18.75438291376287,34.61168826710094,,52.55990253795277,,3515.756503018466
1367443,Depok,-6.409456,106.856152,23.16770855585734,45.650744120279946,,50.78348286946615,,4703.458333333333
1367443,Depok,-6.409456,106.856152,21.30997037887573,40.623661041259766,,50.426934560139976,,4116.410725911458
1367443,Depok,-6.409456,106.856152,21.98660723368327,43.522023836771645,,51.30014896392822,,4292.95389811198
1367443,Depok,-6.409456,106.856152,20.18705368041992,39.19166660308838,,50.95000012715658,,3803.0833333333335
1367443,Depok,-6.409456,106.856152,27.9386903444926,56.730804125467934,,51.597024281819664,,6493.86307779948
1367443,Depok,-6.409456,106.856152,28.54389905929565,57.68898804982504,,51.671875,,6759.962829589844
1367443,Depok,-6.409456,106.856152,18.67961311340332,37.16592311859131,,51.79330348968506,,3473.8839111328125
1367443,Depok,-6.409456,106.856152,22.93169641494751,45.77023855845133,,52.25982125600179,,4618.553588867188
1367443,Depok,-6.409456,106.856152,27.596875190734863,55.509970347086586,,52.94077396392822,,6149.6993408203125
1367443,Depok,-6.409456,106.856152,32.44732062021891,65.54657808939616,,53.42291704813639,,8094.949300130208
1367443,Depok,-6.409456,106.856152,33.38854122161865,67.43616040547688,,50.949405352274574,,8520.130940755209
1367443,Depok,-6.409456,106.856152,26.09910710652669,53.4651788075765,,46.71681594848633,,5718.726196289063
1367443,Depok,-6.409456,106.856152,31.78110154469808,65.78586324055989,,43.02529748280843,,7851.3408203125
1367443,Depok,-6.409456,106.856152,38.42098172505697,78.3345235188802,,41.68139902750651,,10283.18896484375
1367443,Depok,-6.409456,106.856152,46.41279760996501,87.98779614766438,,38.9971726735433,,12272.214192708334
1367443,Depok,-6.409456,106.856152,46.58943462371826,87.48273913065593,,37.24672635396322,,12318.8720703125
1367443,Depok,-6.409456,106.856152,44.06830374399821,83.38913663228352,,38.33035723368327,,11728.453776041666
1367443,Depok,-6.409456,106.856152,38.77713267008463,76.57142893473308,,44.73323408762614,,10329.669189453123
1367443,Depok,-6.409456,106.856152,34.35297600428263,70.36681493123372,,44.99151802062988,,8928.016316731771
1367443,Depok,-6.409456,106.856152,32.75788720448812,67.40252939860027,,44.98824405670166,,8295.685994466146
1367443,Depok,-6.409456,106.856152,29.06071416536967,58.19746939341227,,48.14583396911621,,7203.086415608724
1367443,Depok,-6.409456,106.856152,8.853273749351501,16.305506030718487,,55.95818392435709,,1726.037206013997
1367443,Depok,-6.409456,106.856152,19.287946383158367,36.38333304723104,,57.37113094329834,,3638.0833333333335
1367443,Depok,-6.409456,106.856152,21.7928573290507,41.44910717010498,,58.02529716491699,,4337.299133300781
1367443,Depok,-6.409456,106.856152,22.16205342610677,43.03705342610677,,58.22068468729655,,4393.750061035156
1367443,Depok,-6.409456,106.856152,22.292410850524902,42.92247009277344,,59.54940478006999,,4445.023783365886
1367443,Depok,-6.409456,106.856152,27.12416664759318,52.56360181172689,,59.67616081237793,,5979.7422281901045
1367443,Depok,-6.409456,106.856152,31.81413682301839,62.4815476735433,,59.74925581614176,,7856.0550537109375
1367443,Depok,-6.409456,106.856152,30.91919612884521,60.91636880238851,,59.31101131439209,,7460.7366129557295
1367443,Depok,-6.409456,106.856152,31.50431553522746,62.11145814259847,,59.654017766316734,,7726.9227294921875
1367443,Depok,-6.409456,106.856152,30.75059493382772,60.30044682820638,,59.26756000518799,,7394.410685221354
1367443,Depok,-6.409456,106.856152,26.39761892954509,50.978720347086586,,58.901488622029625,,5644.318440755208
1367443,Depok,-6.409456,106.856152,28.283333619435627,55.0202382405599,,59.45446427663168,,6375.278279622396
1367443,Depok,-6.409456,106.856152,28.55505927403768,55.56889947255453,,59.22648811340332,,6490.799153645833
1367443,Depok,-6.409456,106.856152,36.56175661087036,70.3891372680664,,58.22425587972005,,9468.81396484375
1367443,Depok,-6.409456,106.856152,26.87999997820173,52.45540836879185,,52.10173416137695,,5861.390834263393
1367443,Depok,-6.409456,106.856152,25.53095229466756,49.50461292266846,,46.97053591410319,,5434.197916666667
1367443,Depok,-6.409456,106.856152,25.24449396133423,48.03154722849528,,42.6025292078654,,5338.053588867188
1367443,Depok,-6.409456,106.856152,24.54747025171916,46.95476214090983,,41.23273849487305,,5119.5
1367443,Depok,-6.409456,106.856152,22.67172606786092,43.307143211364746,,38.67395782470703,,4533.47021484375
1367443,Depok,-6.409456,106.856152,26.444047451019287,51.4575891494751,,38.78898779551188,,5802.861653645833
1367443,Depok,-6.409456,106.856152,23.573660850524902,44.16309547424317,,41.49970213572184,,4776.351196289063
1367443,Depok,-6.409456,106.856152,33.83511924743652,65.36071395874023,,44.71473185221354,,8460.84521484375
1367443,Depok,-6.409456,106.856152,29.784969965616863,58.54062557220459,,53.6369047164917,,6918.013427734375
1367443,Depok,-6.409456,106.856152,28.894047896067303,58.21264902750651,,56.858185132344566,,6511.67557779948
1367443,Depok,-6.409456,106.856152,27.5473214785258,55.42053540547689,,59.32083288828532,,6048.7797444661455
1367443,Depok,-6.409456,106.856152,30.207291920979817,61.27812544504801,,59.15401808420817,,7155.855712890625
1367443,Depok,-6.409456,106.856152,35.55654748280843,70.87991078694661,,59.53422609965006,,9187.84228515625
1367443,Depok,-6.409456,106.856152,44.32812468210856,84.82500012715657,,59.49613094329834,,11737.18310546875
1367443,Depok,-6.409456,106.856152,55.481547355651855,105.27142842610677,,59.83645820617676,,14529.28865559896
1367443,Depok,-6.409456,106.856152,58.138392766316734,107.03779792785645,,60.45342286427816,,15188.15625
1367443,Depok,-6.409456,106.856152,60.72514947255453,112.16458257039388,,60.78601233164469,,15830.64599609375
1367443,Depok,-6.409456,106.856152,46.93407694498698,86.40863037109375,,60.10758908589681,,12380.229166666666
1367443,Depok,-6.409456,106.856152,38.410863081614174,74.39270846048991,,58.72663688659668,,10101.68904622396
1367443,Depok,-6.409456,106.856152,27.00758918126424,54.95595200856527,,56.33407751719157,,5945.214274088542
1367443,Depok,-6.409456,106.856152,23.77738078435262,50.24285697937012,,55.34761905670166,,4922.5342203776045
1367443,Depok,-6.409456,106.856152,26.60595242182414,55.82738081614176,,57.0157740910848,,5794.0208740234375
1367443,Depok,-6.409456,106.856152,29.43125009536743,61.86785729726156,,57.888243675231934,,6924.4731852213545
1367443,Depok,-6.409456,106.856152,38.20833365122477,75.8086306254069,,56.59300645192464,,10236.4345703125
1367443,Depok,-6.409456,106.856152,34.047767321268715,68.5818452835083,,52.0007438659668,,8816.556559244791
1367443,Depok,-6.409456,106.856152,28.61889886856079,57.57291603088379,,46.75848166147868,,6545.712849934896
1367443,Depok,-6.409456,106.856152,29.364285628000896,58.40491040547689,,41.89077313741048,,6844.336344401042
1367443,Depok,-6.409456,106.856152,27.004464149475098,53.24523798624674,,37.12455368041992,,5911.9701741536455
1367443,Depok,-6.409456,106.856152,26.095387140909832,51.145535469055176,,34.41473197937012,,5567.099772135417
1367443,Depok,-6.409456,106.856152,26.37113110224406,52.27008946736654,,32.803720474243164,,5653.035725911458
1367443,Depok,-6.409456,106.856152,29.15967257817586,58.22023836771647,,34.97366142272949,,6776.900268554688
1367443,Depok,-6.409456,106.856152,34.75446478525797,69.9208329518636,,41.80223178863525,,9163.453938802084
1367443,Depok,-6.409456,106.856152,40.069642861684166,79.51011943817139,,50.35744063059489,,10117.026733398438
1367443,Depok,-6.409456,106.856152,27.224999745686848,53.99494012196859,,50.18050607045492,,6044.9717203776045
1367443,Depok,-6.409456,106.856152,36.08794641494751,72.41160583496094,,52.7002976735433,,9396.113118489584
1367443,Depok,-6.409456,106.856152,30.28497012456258,60.763243993123375,,54.19479179382324,,7111.9836018880205
1367443,Depok,-6.409456,106.856152,39.81458314259847,77.08422597249348,,56.5083335240682,,10441.119059244793
1367443,Depok,-6.409456,106.856152,53.64122009277344,101.30089314778644,,57.24821472167969,,14082.638427734377
1367443,Depok,-6.409456,106.856152,36.79642868041992,71.08660729726155,,54.15863164265951,,9116.88240559896
1367443,Depok,-6.409456,106.856152,21.54895846048991,40.72842248280843,,52.36651738484701,,4154.578837076823
1367443,Depok,-6.409456,106.856152,19.99017858505249,36.80133883158366,,52.90119043986002,,3731.9300740559897
1367443,Depok,-6.409456,106.856152,17.959672609965008,32.11473194758097,,52.30401738484701,,3274.377970377604
1367443,Depok,-6.409456,106.856152,16.456844886144,29.29285717010498,,50.9383929570516,,3008.6919555664062
1367443,Depok,-6.409456,106.856152,15.725744088490805,27.680208524068195,,50.67663733164469,,2887.6369018554688
1367443,Depok,-6.409456,106.856152,16.57842254638672,29.2145832379659,,51.07797718048096,,3033.345255533854
1367443,Depok,-6.409456,106.856152,17.198065598805744,30.31726201375325,,50.661309560139976,,3153.377950032552
1367443,Depok,-6.409456,106.856152,21.200297514597576,38.50029722849528,,51.18913714090983,,4064.486612955729
1367443,Depok,-6.409456,106.856152,24.34017848968506,47.41577434539795,,50.208482106526695,,5082.5491129557295
1367443,Depok,-6.409456,106.856152,33.99806547164917,67.22782707214355,,50.639136950174965,,8701.148844401041
1367443,Depok,-6.409456,106.856152,42.84985097249349,81.5910701751709,,51.30282719930013,,11364.959798177084
1367443,Depok,-6.409456,106.856152,33.41160742441813,67.71086311340332,,43.12470308939616,,8546.657674153646
1367443,Depok,-6.409456,106.856152,34.83020798365275,68.23020712534587,,39.83750057220459,,8804.361612955729
1367443,Depok,-6.409456,106.856152,33.26770798365275,66.66235097249348,,36.64583365122477,,8483.500040690104
1367443,Depok,-6.409456,106.856152,36.66964213053385,72.0880953470866,,34.822619120279946,,9701.480550130207
1367443,Depok,-6.409456,106.856152,35.71741008758545,70.42232131958008,,35.891219774882,,9391.8720703125
1367443,Depok,-6.409456,106.856152,37.75982125600179,74.38526725769043,,39.75550587972005,,10110.815511067707
1367443,Depok,-6.409456,106.856152,34.92395846048991,70.05624898274739,,41.33705361684164,,9155.360026041666
1367443,Depok,-6.409456,106.856152,34.52395788828532,69.40907669067383,,42.83422565460205,,9047.119140625
1367443,Depok,-6.409456,106.856152,41.9907743136088,76.0290174484253,,41.56458377838135,,10885.48067220052
1367443,Depok,-6.409456,106.856152,37.31443500518799,70.852232615153,,42.78735065460205,,9717.038736979166
1367443,Depok,-6.409456,106.856152,52.34791628519694,95.59077390034992,,44.32187493642172,,13781.139892578123
1367443,Depok,-6.409456,106.856152,76.29002825419109,145.7117576599121,,46.6644344329834,,19826.092122395832
1367443,Depok,-6.409456,106.856152,66.65372117360432,123.38244120279948,,48.51175594329834,,17407.672607421875
1367443,Depok,-6.409456,106.856152,47.19717280069987,85.89002863566081,,49.47693475087484,,12472.78572591146
1367443,Depok,-6.409456,106.856152,33.70550616582235,67.1202376683553,,50.28333314259847,,8608.5029296875
1367443,Depok,-6.409456,106.856152,32.66994047164917,65.64523792266846,,51.33482233683268,,8240.246988932291
1367443,Depok,-6.409456,106.856152,35.12619050343832,70.51622072855632,,52.588690757751465,,9237.843831380207
1367443,Depok,-6.409456,106.856152,38.72291723887125,75.41264915466309,,53.90282789866129,,10279.46427408854
1367443,Depok,-6.409456,106.856152,39.11666679382324,75.82529703776042,,53.42946434020996,,10465.706868489584
1367443,Depok,-6.409456,106.856152,39.56845251719157,76.84821446736653,,53.56086285909017,,10577.702392578123
1367443,Depok,-6.409456,106.856152,47.26800568898519,88.3793150583903,,53.1488094329834,,12547.50447591146
1367443,Depok,-6.409456,106.856152,54.29613081614176,103.67217191060384,,50.853869120279946,,14326.43896484375
1367443,Depok,-6.409456,106.856152,40.36532751719157,79.34166653951009,,45.64851220448812,,10809.412109375
1367443,Depok,-6.409456,106.856152,36.436161835988365,72.30729262034099,,40.49062538146973,,9589.729248046877
1367443,Depok,-6.409456,106.856152,31.58169635136922,61.95014890034994,,35.955506006876625,,7642.8629964192705
1367443,Depok,-6.409456,106.856152,30.709969838460285,59.47544733683268,,34.37485154469808,,7321.791666666667
1367443,Depok,-6.409456,106.856152,28.05833355585734,53.5616070429484,,32.21577342351278,,6274.34228515625
1367443,Depok,-6.409456,106.856152,29.32901779810588,57.25580374399821,,30.01919682820638,,6782.88846842448
1367443,Depok,-6.409456,106.856152,30.979761918385822,60.6681547164917,,28.896130561828613,,7462.5
1367443,Depok,-6.409456,106.856152,33.645238399505615,66.03630987803142,,30.637946287790932,,8620.133911132812
1367443,Depok,-6.409456,106.856152,37.52886931101481,72.32559521993001,,34.79627958933512,,9951.075927734377
1367443,Depok,-6.409456,106.856152,37.68883991241455,72.87142944335938,,39.825595219930015,,10047.059651692707
1367443,Depok,-6.409456,106.856152,37.34925556182861,72.51160748799641,,43.21413707733154,,9902.229166666666
1367443,Depok,-6.409456,106.856152,44.357390721639,82.65575345357259,,45.661011695861816,,11707.855143229166
1367443,Depok,-6.409456,106.856152,53.53005949656168,100.29419581095378,,46.97008895874024,,14039.397216796877
1367443,Depok,-6.409456,106.856152,43.01205317179362,80.3264872233073,,47.403571128845215,,11380.412272135416
1367443,Depok,-6.409456,106.856152,44.56502946217855,82.25,,48.5127976735433,,11780.90185546875
1367443,Depok,-6.409456,106.856152,45.6711311340332,85.09479268391927,,48.027082761128746,,12022.412272135416
1367443,Depok,-6.409456,106.856152,33.94226201375326,68.49553616841634,,47.2583335240682,,8718.111653645834
1367443,Depok,-6.409456,106.856152,32.44851207733154,66.24434471130371,,47.19613107045492,,8122.735026041667
1367443,Depok,-6.409456,106.856152,31.581696192423504,64.56651878356934,,47.395237604777016,,7741.0788981119795
1367443,Depok,-6.409456,106.856152,32.81294600168864,68.1471741994222,,47.95252990722656,,8309.019246419271
1367443,Depok,-6.409456,106.856152,34.70297622680664,71.12961324055989,,48.51800537109375,,9042.624959309896
1367443,Depok,-6.409456,106.856152,36.759970347086586,74.58035596211751,,49.52127965291341,,9755.211263020834
1367443,Depok,-6.409456,106.856152,52.307291984558105,99.8336296081543,,49.479017893473305,,13767.555013020834
1367443,Depok,-6.409456,106.856152,58.82217248280843,111.19761912027997,,49.27470207214356,,15447.75732421875
1367443,Depok,-6.409456,106.856152,61.9724702835083,117.70610109965008,,50.46532726287842,,16217.200927734377
1367443,Depok,-6.409456,106.856152,55.81279722849528,108.24523798624676,,46.70744069417318,,14721.11466471354
1367443,Depok,-6.409456,106.856152,56.79092216491699,106.5104153951009,,41.47217273712158,,14914.333251953123
1367443,Depok,-6.409456,106.856152,41.42559464772543,78.65148798624675,,36.29747009277344,,10960.385416666666
1367443,Depok,-6.409456,106.856152,36.13407707214356,70.60550498962402,,32.313690980275474,,9444.988199869793
1367443,Depok,-6.409456,106.856152,42.77276770273844,78.84642728169759,,31.92871999740601,,11298.702311197916
1367443,Depok,-6.409456,106.856152,38.42425600687663,72.71770858764648,,32.01607116063436,,10139.355794270834
1367443,Depok,-6.409456,106.856152,34.552083333333336,67.49657758076985,,32.82083320617676,,8969.133992513021
1367443,Depok,-6.409456,106.856152,33.40744050343832,65.03005949656169,,37.10744031270345,,8453.956868489584
1367443,Depok,-6.409456,106.856152,38.88571421305338,72.7671127319336,,37.81726233164469,,10248.177083333334
1367443,Depok,-6.409456,106.856152,40.400595347086586,74.82142893473308,,37.64002990722656,,10704.586263020834
1367443,Depok,-6.409456,106.856152,49.76622009277344,88.54285748799641,,39.6726188659668,,13078.694986979166
1367443,Depok,-6.409456,106.856152,47.0544646581014,84.63928540547688,,42.18616008758545,,12407.53279622396
1367443,Depok,-6.409456,106.856152,60.076352552934125,112.41964236172764,,44.39361433549361,,15697.566139914772
1367443,Depok,-6.409456,106.856152,86.81889788309734,162.54642868041992,,45.41458384195963,,22253.767740885414
1367443,Depok,-6.409456,106.856152,68.07782745361328,124.07172584533691,,46.20833365122477,,17628.749837239582
1367443,Depok,-6.409456,106.856152,67.71145820617676,124.08809661865234,,47.69836298624674,,17561.669759114582
1367443,Depok,-6.409456,106.856152,67.31979242960612,123.22514661153156,,48.51458295186361,,17437.821451822918
1367443,Depok,-6.409456,106.856152,52.15744113922119,93.75937525431316,,48.42410723368327,,13652.081787109377
1367443,Depok,-6.409456,106.856152,59.74494012196859,109.2794640858968,,49.37619018554688,,15571.19189453125
1367443,Depok,-6.409456,106.856152,61.23303540547689,112.44345219930013,,50.00446478525797,,15909.60701497396
1367443,Depok,-6.409456,106.856152,63.12857151031494,114.73675537109376,,50.05119069417318,,16333.772379557293
1367443,Depok,-6.409456,106.856152,66.93318430582683,117.82440503438312,,50.24226220448812,,17356.602701822918
1367443,Depok,-6.409456,106.856152,71.4093755086263,129.4061018625895,,49.35892836252848,,18451.30354817708
1367443,Depok,-6.409456,106.856152,67.11592260996501,126.87336349487305,,48.28749974568685,,17350.952473958332
1367443,Depok,-6.409456,106.856152,82.82499980926514,155.01919746398926,,48.10193475087484,,21226.87060546875
1367443,Depok,-6.409456,106.856152,82.03854179382324,152.59464263916016,,47.23080317179362,,21033.424153645832
1367443,Depok,-6.409456,106.856152,56.52172660827637,106.4196434020996,,45.08169651031494,,14801.232096354166
1367443,Depok,-6.409456,106.856152,46.45282745361328,85.33080355326335,,39.9063990910848,,12232.6845703125
1367443,Depok,-6.409456,106.856152,38.82514890034994,75.02976290384929,,39.223511695861816,,10293.962890625
1367443,Depok,-6.409456,106.856152,32.33318471908569,64.6529769897461,,36.88422648111979,,8017.565551757812
1367443,Depok,-6.409456,106.856152,32.5873506863912,66.29240957895915,,36.19747002919515,,8187.071370442708
1367443,Depok,-6.409456,106.856152,36.26666673024496,70.53169759114583,,37.04627958933512,,9136.994099934896
1367443,Depok,-6.409456,106.856152,48.765625,90.50699424743652,,41.2215773264567,,12871.201009114584
1367443,Depok,-6.409456,106.856152,50.99494012196859,94.10074424743652,,46.55238087972005,,13430.160807291666
1367443,Depok,-6.409456,106.856152,52.24047597249349,97.99955304463704,,47.9686009089152,,13731.135416666666
1367443,Depok,-6.409456,106.856152,50.04702377319336,93.43125025431316,,48.518601417541504,,13192.700846354166
1367443,Depok,-6.409456,106.856152,46.67247009277344,85.61086336771648,,48.87023798624674,,12313.574381510416
1367443,Depok,-6.409456,106.856152,59.777679125467934,110.93571472167967,,50.14836343129476,,15588.144287109377
1367443,Depok,-6.409456,106.856152,74.46443462371826,141.8465773264567,,51.41294606526693,,19276.123616536457
1367443,Depok,-6.409456,106.856152,71.73392995198567,134.91502888997397,,52.0900297164917,,18605.39892578125
1367443,Depok,-6.409456,106.856152,62.12187417348226,114.89851188659668,,52.06473223368327,,16220.93611653646
1367443,Depok,-6.409456,106.856152,68.41845258076985,128.7394339243571,,54.02306588490804,,17795.898763020832
1367443,Depok,-6.409456,106.856152,67.81294600168864,129.1894334157308,,54.79494063059489,,17632.562744140625
1367443,Depok,-6.409456,106.856152,66.52410666147868,124.59717432657878,,55.239583333333336,,17271.385416666668
1367443,Depok,-6.409456,106.856152,54.26428635915121,100.58928616841634,,54.25089200337728,,14232.492513020834
1367443,Depok,-6.409456,106.856152,51.38824431101481,92.6255963643392,,53.10327434539795,,13519.116129557293
1367443,Depok,-6.409456,106.856152,45.50238100687663,85.39345296223958,,51.24494012196859,,12056.87939453125
1367443,Depok,-6.409456,106.856152,44.90788650512695,84.17023785909016,,45.48124980926514,,11947.68888346354
1367443,Depok,-6.409456,106.856152,42.60282754898071,78.55595366160075,,40.19910685221354,,11176.086263020834
1367443,Depok,-6.409456,106.856152,27.93154780069987,54.93779786427816,,36.50074481964111,,6245.1681722005205
1367443,Depok,-6.409456,106.856152,31.35714276631673,62.352827390035,,35.02485148111979,,7676.71142578125
1367443,Depok,-6.409456,106.856152,28.210714022318523,54.65267848968506,,33.18720213572184,,6335.687459309896
1367443,Depok,-6.409456,106.856152,25.747321605682373,49.11711343129476,,32.17351166407267,,5432.806518554688
1367443,Depok,-6.409456,106.856152,25.80401786168416,48.91145865122477,,33.691667238871254,,5430.906209309896
1367443,Depok,-6.409456,106.856152,28.44717264175415,55.18437480926514,,36.77485052744547,,6410.1339111328125
1367443,Depok,-6.409456,106.856152,32.16220251719157,62.77157783508301,,38.71770795186361,,7794.51485188802
1367443,Depok,-6.409456,106.856152,32.643006324768066,64.80089410146077,,40.50803597768148,,8174.940551757812
1367443,Depok,-6.409456,106.856152,36.066369692484535,71.50386810302734,,42.78154722849528,,9570.025146484377
1367443,Depok,-6.409456,106.856152,38.1047617594401,74.60133997599284,,45.05937480926514,,10166.796061197916
1367443,Depok,-6.409456,106.856152,39.84241040547689,76.6471716562907,,46.01517899831136,,10518.381022135416
1367443,Depok,-6.409456,106.856152,33.24940458933512,67.51369031270345,,45.85967254638672,,8459.934488932291
1367443,Depok,-6.409456,106.856152,33.84746996561686,68.32172711690266,,47.49687512715658,,8721.351236979166
1367443,Depok,-6.409456,106.856152,40.82514890034994,77.28095118204753,,47.919493675231934,,10834.0625
1367443,Depok,-6.409456,106.856152,37.4761905670166,74.10639826456706,,48.41324392954508,,9960.807942708334
1367443,Depok,-6.409456,106.856152,38.56666660308838,75.5675589243571,,49.49300575256348,,10247.40763346354
1367443,Depok,-6.409456,106.856152,41.73854223887125,79.05386797587077,,49.94002978006999,,11097.511881510416
1367443,Depok,-6.409456,106.856152,37.3992551167806,74.04330317179362,,49.9971726735433,,9964.770833333334
1367443,Depok,-6.409456,106.856152,42.400744120279946,77.76651827494304,,51.147619565327965,,11252.461263020834
1367443,Depok,-6.409456,106.856152,50.02336343129476,92.16875012715656,,52.24136892954508,,13177.897298177084
1367443,Depok,-6.409456,106.856152,57.88482157389323,107.73229153951009,,53.13333257039388,,15126.034342447916
1367443,Depok,-6.409456,106.856152,58.40267848968506,110.75625038146973,,50.94464270273844,,15325.894449869793
1367443,Depok,-6.409456,106.856152,59.890030225118,118.25758870442708,,47.232886950174965,,15783.74560546875
1367443,Depok,-6.409456,106.856152,44.53229141235352,86.79434585571289,,41.50431537628174,,11853.943440755207
1367443,Depok,-6.409456,106.856152,36.29360167185465,71.96934572855632,,36.69791634877523,,9549.1220703125
1367443,Depok,-6.409456,106.856152,35.977530002593994,70.42217222849528,,35.09092299143473,,9386.086303710938
1367443,Depok,-6.409456,106.856152,35.06949424743652,69.72172546386719,,33.604464530944824,,9215.94942220052
1367443,Depok,-6.409456,106.856152,32.106398582458496,64.5675589243571,,31.77127981185913,,7991.016357421875
1367443,Depok,-6.409456,106.856152,32.746874968210854,66.0471715927124,,33.222172260284424,,8207.675496419271
1367443,Depok,-6.409456,106.856152,31.66235113143921,63.476636250813804,,35.727976163228355,,7748.305013020833
1367443,Depok,-6.409456,106.856152,31.022172768910725,62.69017918904623,,39.77425543467204,,7508.5446370442705
1367443,Depok,-6.409456,106.856152,36.32038720448812,72.1160717010498,,44.043898582458496,,9563.864583333334
1367443,Depok,-6.409456,106.856152,37.57187493642172,74.43407821655273,,45.68705399831136,,9965.089192708334
1367443,Depok,-6.409456,106.856152,37.87648868560791,75.07708358764648,,46.90654754638672,,10079.874918619793
1367443,Depok,-6.409456,106.856152,32.903868675231934,66.52514870961507,,48.2534236907959,,8283.8720703125
1367443,Depok,-6.409456,106.856152,32.14970254898071,65.04017861684163,,49.1986608505249,,7943.781209309895
1367443,Depok,-6.409456,106.856152,33.77232138315836,68.63988176981609,,50.428273836771645,,8656.0029296875
1367443,Depok,-6.409456,106.856152,34.7108637491862,70.28452364603679,,51.09746996561686,,9047.9404296875
1367443,Depok,-6.409456,106.856152,33.83675607045492,68.70148785909016,,51.11041704813639,,8688.976196289062
1367443,Depok,-6.409456,106.856152,34.51294676462809,70.05134137471516,,51.20714314778646,,9007.56103515625
1367443,Depok,-6.409456,106.856152,28.248362859090168,56.4913698832194,,48.643601417541504,,6408.136962890625
1367443,Depok,-6.409456,106.856152,26.02440468470256,52.383334159851074,,49.22529760996501,,5525.5951741536455
1367443,Depok,-6.409456,106.856152,25.696726004282635,52.61904716491699,,49.31815497080485,,5442.391357421875
1367443,Depok,-6.409456,106.856152,25.71562512715657,52.37500031789144,,49.15907764434815,,5458.534138997396
1367443,Depok,-6.409456,106.856152,30.81071376800537,63.6212797164917,,49.57172616322836,,7461.9345703125
1367443,Depok,-6.409456,106.856152,44.26021798451742,85.63859176635742,,49.33789666493734,,11794.110677083334
1367443,Depok,-6.409456,106.856152,31.50952370961507,63.58348242441813,,47.71175607045492,,7761.691935221354
1367443,Depok,-6.409456,106.856152,32.529464403788246,66.25089295705159,,43.34925524393717,,8041.3674723307295
1367443,Depok,-6.409456,106.856152,35.41294638315836,73.41309547424316,,38.747618675231934,,9103.184529622396
1367443,Depok,-6.409456,106.856152,37.429017861684166,80.39776802062988,,36.61116091410319,,9851.038696289062
1367443,Depok,-6.409456,106.856152,35.39181550343832,73.25520896911621,,37.46443462371826,,9401.27978515625
1367443,Depok,-6.409456,106.856152,36.0239585240682,73.76205317179362,,38.33943462371826,,9586.071370442707
1367443,Depok,-6.409456,106.856152,34.28348159790039,70.52886899312337,,40.01994037628174,,8971.236572265625
1367443,Depok,-6.409456,106.856152,32.83288701375326,67.96994018554688,,39.65491072336832,,8304.142862955729
1367443,Depok,-6.409456,106.856152,32.6717259089152,67.65520858764648,,41.26889864603678,,8185.7097574869795
1367443,Depok,-6.409456,106.856152,30.9995535214742,64.74136956532796,,43.52142842610677,,7521.674072265625
1367443,Depok,-6.409456,106.856152,36.54479122161865,74.57604217529297,,45.35312525431315,,9683.682942708334
1367443,Depok,-6.409456,106.856152,39.03869024912516,78.66264979044597,,47.31815401713053,,10476.480712890623
1367443,Depok,-6.409456,106.856152,42.39122072855631,82.13125101725261,,47.631994565327965,,11263.071370442707
1367443,Depok,-6.409456,106.856152,43.69970258076986,83.25684483846028,,48.561458905537926,,11602.869222005207
1367443,Depok,-6.409456,106.856152,40.31354204813639,77.53690497080485,,48.30624961853027,,10471.25447591146
1367443,Depok,-6.409456,106.856152,28.135714213053387,55.05446434020996,,45.89940452575684,,6361.0059814453125
1367443,Depok,-6.409456,106.856152,23.49077383677165,45.365625063578285,,45.4138396581014,,4794.58182779948
1367443,Depok,-6.409456,106.856152,22.696577548980716,43.04166730244955,,45.74895795186361,,4520.741027832031
1367443,Depok,-6.409456,106.856152,19.89985116322835,34.876488049825035,,45.59196408589681,,3710.5669555664062
1367443,Depok,-6.409456,106.856152,18.36889886856079,30.409375031789143,,46.02217260996501,,3347.075887044271
1367443,Depok,-6.409456,106.856152,19.64761892954509,34.0303570429484,,46.650893211364746,,3627.0134073893223
1367443,Depok,-6.409456,106.856152,19.23928594589233,33.36279773712158,,46.01056543986002,,3563.577392578125
1367443,Depok,-6.409456,106.856152,23.709523995717365,44.98705418904623,,45.86354064941406,,4807.241068522136
1367443,Depok,-6.409456,106.856152,28.7541667620341,57.2848211924235,,44.7885414759318,,6593.6681722005205
1367443,Depok,-6.409456,106.856152,25.65639893213908,50.04092216491699,,40.04732100168864,,5421.130940755208
1367443,Depok,-6.409456,106.856152,28.60803604125977,56.78139845530192,,37.22470219930013,,6531.465779622396
1367443,Depok,-6.409456,106.856152,31.764880975087483,63.90639940897624,,34.955506324768066,,7821.290120442708
1367443,Depok,-6.409456,106.856152,39.78437519073486,76.04806582132976,,35.08110109965006,,10378.110066731771
1367443,Depok,-6.409456,106.856152,42.54732131958008,79.94330342610677,,34.10000069936117,,11214.37947591146
1367443,Depok,-6.409456,106.856152,38.29345226287842,74.06726201375325,,33.15014839172363,,10181.35408528646
1367443,Depok,-6.409456,106.856152,35.239434560139976,69.58006000518799,,32.0119047164917,,9205.028361002604
1367443,Depok,-6.409456,106.856152,29.0505952835083,56.54017861684164,,32.61741065979004,,6681.5937906901045
1367443,Depok,-6.409456,106.856152,28.096428553263348,53.78690433502197,,34.7388391494751,,6291.40771484375
1367443,Depok,-6.409456,106.856152,28.83536720275879,55.67321491241455,,36.77574443817139,,6609.3819580078125
1367443,Depok,-6.409456,106.856152,32.57127952575684,64.22380924224854,,38.19940439860026,,8147.01192220052
1367443,Depok,-6.409456,106.856152,34.62842273712158,67.6080363591512,,38.72172673543295,,9016.880859375
1367443,Depok,-6.409456,106.856152,33.42559560139974,65.31369050343831,,39.44032764434815,,8534.245524088541
1367443,Depok,-6.409456,106.856152,40.98124980926514,76.5074405670166,,40.18869018554688,,10846.485107421877
1367443,Depok,-6.409456,106.856152,52.14836311340332,96.19657707214355,,41.161160469055176,,13790.363037109377
1367443,Depok,-6.409456,106.856152,46.70952320098877,85.8657735188802,,41.33273792266846,,12393.037190755207
1367443,Depok,-6.409456,106.856152,54.337202390035,98.40342267354328,,42.99300575256348,,14268.656331380207
1367443,Depok,-6.409456,106.856152,58.73244063059489,105.8903268178304,,45.748214403788246,,15349.74552408854
1367443,Depok,-6.409456,106.856152,56.89999993642172,103.41309547424316,,46.796278953552246,,14875.944986979166
1367443,Depok,-6.409456,106.856152,56.56175645192464,104.4717248280843,,46.63407675425211,,14797.455403645834
1367443,Depok,-6.409456,106.856152,50.057142893473305,92.89672597249348,,46.25446446736654,,13191.922607421877
1367443,Depok,-6.409456,106.856152,46.87812487284342,86.36696370442708,,46.26964282989502,,12364.072916666666
1367443,Depok,-6.409456,106.856152,54.03750069936117,100.24345207214355,,46.41741148630778,,14186.198079427084
1367443,Depok,-6.409456,106.856152,63.40922578175863,118.84955406188963,,45.17336304982504,,16554.543131510418
1367443,Depok,-6.409456,106.856152,60.05104223887125,109.56979052225748,,42.03675556182861,,15696.866129557293
1367443,Depok,-6.409456,106.856152,43.80163733164469,80.56488037109375,,36.186011950174965,,11532.925618489584
1367443,Depok,-6.409456,106.856152,33.88645807902018,66.438094774882,,31.727083524068195,,8748.992594401041
1367443,Depok,-6.409456,106.856152,32.093154748280845,62.60773849487305,,28.9761905670166,,7927.136962890625
1367443,Depok,-6.409456,106.856152,28.43139918645223,54.70624987284342,,25.789881229400635,,6487.33182779948
1367443,Depok,-6.409456,106.856152,31.229315598805744,60.1415179570516,,25.23645814259847,,7612.056518554687
1367443,Depok,-6.409456,106.856152,30.824999650319416,58.756398836771645,,24.83020846048991,,7399.459798177083
1367443,Depok,-6.409456,106.856152,28.90803575515747,54.40833346048991,,26.78824392954509,,6606.866088867188
1367443,Depok,-6.409456,106.856152,31.92351182301839,60.63750012715658,,32.740476290384926,,7858.239705403645
1367443,Depok,-6.409456,106.856152,34.10044638315836,65.70133972167969,,35.38124942779541,,8848.940511067709
1367443,Depok,-6.409456,106.856152,38.61383946736654,71.1132443745931,,36.578719774882,,10204.465657552084
1367443,Depok,-6.409456,106.856152,34.67395846048991,66.32842286427815,,39.43437512715658,,8960.787150065104
1367443,Depok,-6.409456,106.856152,35.20312531789144,68.27559598286946,,41.24374993642172,,9254.25
1367443,Depok,-6.409456,106.856152,35.845535596211754,69.20089149475098,,43.21592330932617,,9448.321451822916
1367443,Depok,-6.409456,106.856152,42.96116097768148,77.07604153951009,,44.38958358764648,,11323.39884440104
1367443,Depok,-6.409456,106.856152,50.60729185740153,89.42812474568684,,45.43616040547689,,13282.65771484375
1367443,Depok,-6.409456,106.856152,57.05714257558187,103.12142753601074,,46.18943468729655,,14900.735107421877
1367443,Depok,-6.409456,106.856152,49.8831844329834,89.39196459452312,,45.94895839691162,,13067.611572265623
1367443,Depok,-6.409456,106.856152,52.50178559621176,95.1349703470866,,46.52901808420817,,13729.485107421877
1367443,Depok,-6.409456,106.856152,56.10967350006104,101.56041717529295,,47.459523836771645,,14619.9404296875
1367443,Depok,-6.409456,106.856152,58.87187480926514,107.69077428181966,,47.64880975087484,,15299.74560546875
1367443,Depok,-6.409456,106.856152,57.29166762034098,103.45669619242352,,47.44836298624674,,14896.72607421875
1367443,Depok,-6.409456,106.856152,63.933482805887856,116.72485160827635,,47.74657694498698,,16560.614664713543
1367443,Depok,-6.409456,106.856152,66.87068462371826,122.40907605489096,,46.30952390034994,,17308.486490885418
1367443,Depok,-6.409456,106.856152,52.895684560139976,94.46517817179362,,44.084375063578285,,13759.665120442707
1367443,Depok,-6.409456,106.856152,55.26964314778646,98.6540184020996,,39.5901788075765,,14393.983642578123
1367443,Depok,-6.409456,106.856152,43.28898843129476,78.17380905151367,,34.19627952575684,,11397.31095377604
1367443,Depok,-6.409456,106.856152,34.959672609965004,68.07425689697266,,30.889880657196045,,9155.891438802084
1367443,Depok,-6.409456,106.856152,34.03690497080485,66.32306543986003,,30.447768211364743,,8784.830485026041
1367443,Depok,-6.409456,106.856152,37.87619050343832,71.06919606526692,,30.30029757817586,,9929.604166666666
1367443,Depok,-6.409456,106.856152,38.08124923706055,71.56919606526692,,31.26562515894572,,10035.68611653646
1367443,Depok,-6.409456,106.856152,33.47470204035441,65.92559464772542,,34.223809560139976,,8518.581827799479
1367443,Depok,-6.409456,106.856152,35.995089530944824,69.8608627319336,,38.26845264434815,,9466.456787109377
1367443,Depok,-6.409456,106.856152,39.44300619761149,73.72782707214355,,39.89508883158366,,10413.825846354166
1367443,Depok,-6.409456,106.856152,46.947619120279946,83.4761905670166,,40.73139890034994,,12304.397216796877
1367443,Depok,-6.409456,106.856152,50.66324392954508,91.74806594848631,,41.62157758076986,,13268.863199869793
1367443,Depok,-6.409456,106.856152,45.57812531789144,83.03273836771648,,42.77663644154867,,11988.037272135416
1367443,Depok,-6.409456,106.856152,42.31845251719157,77.35386848449707,,46.13020896911621,,11132.049072265623
1367443,Depok,-6.409456,106.856152,45.269345919291176,81.57172457377116,,48.34345308939616,,11893.337890625
1367443,Depok,-6.409456,106.856152,63.54747009277344,118.24077288309734,,48.94121996561686,,16514.931559244793
1367443,Depok,-6.409456,106.856152,73.32619031270345,137.64717292785645,,49.22663720448812,,18932.424153645832
1367443,Depok,-6.409456,106.856152,61.36175664265951,111.86488151550292,,48.82842222849528,,15976.767822265623
1367443,Depok,-6.409456,106.856152,54.3677085240682,97.66904767354328,,48.76681486765544,,14225.443277994793
1367443,Depok,-6.409456,106.856152,41.40000057220459,76.99687512715657,,47.44330342610677,,10941.761881510416
1367443,Depok,-6.409456,106.856152,39.22916730244955,74.72544606526692,,47.55669657389323,,10389.56095377604
1367443,Depok,-6.409456,106.856152,43.992112477620445,80.06860097249348,,47.88452402750651,,11597.31689453125
1367443,Depok,-6.409456,106.856152,41.52991072336832,78.37172508239746,,44.99360148111979,,10894.21736653646
1367443,Depok,-6.409456,106.856152,32.800297578175865,65.01130962371826,,40.349851290384926,,8236.955322265625
1367443,Depok,-6.409456,106.856152,33.71011861165365,67.01384035746257,,36.135268211364746,,8676.90625
1367443,Depok,-6.409456,106.856152,33.34003003438314,66.09315554300944,,33.06994024912516,,8478.805013020834
1367443,Depok,-6.409456,106.856152,33.541964848836265,66.2708330154419,,30.66026798884074,,8570.200846354166
1367443,Depok,-6.409456,106.856152,37.03854115804037,72.13898849487305,,29.89077361424764,,9843.83341471354
1367443,Depok,-6.409456,106.856152,33.22633981704712,65.47708320617676,,29.244940439860027,,8405.942016601562
1367443,Depok,-6.409456,106.856152,35.52767848968506,67.8559528986613,,29.408779780069988,,9023.489624023438
1367443,Depok,-6.409456,106.856152,47.13571421305338,84.43586158752441,,36.372618993123375,,12383.81396484375
1367443,Depok,-6.409456,106.856152,48.26636950174967,86.39196395874023,,38.66874980926514,,12653.203776041666
1367443,Depok,-6.409456,106.856152,35.06339263916016,68.305357615153,,35.93124961853027,,9071.952392578123
1367443,Depok,-6.409456,106.856152,33.25669638315836,65.61309464772542,,37.38124974568685,,8423.735107421875
1367443,Depok,-6.409456,106.856152,40.30669593811035,76.36130841573079,,40.12693468729655,,10584.471761067707
1367443,Depok,-6.409456,106.856152,41.10133934020996,78.44732030232747,,42.848660469055176,,10873.633951822916
1367443,Depok,-6.409456,106.856152,39.54107125600179,74.47202428181966,,43.83199373881022,,10472.91951497396
1367443,Depok,-6.409456,106.856152,52.950446128845215,95.59925587972003,,45.0779759089152,,13824.15486653646
1367443,Depok,-6.409456,106.856152,38.239434560139976,73.1086311340332,,43.96443398793539,,10048.97322591146
1367443,Depok,-6.409456,106.856152,39.58943430582682,75.3706849416097,,44.09345245361328,,10480.766357421877
1367443,Depok,-6.409456,106.856152,44.21696376800537,81.69821357727051,,45.14985148111979,,11730.891357421877
1367443,Depok,-6.409456,106.856152,51.89017899831136,94.63958358764648,,46.4412202835083,,13654.617513020834
1367443,Depok,-6.409456,106.856152,46.86041641235352,84.25356992085774,,46.487649281819664,,12359.979166666666
1367443,Depok,-6.409456,106.856152,35.96101188659668,70.28735160827637,,45.53958288828532,,9367.62052408854
1367443,Depok,-6.409456,106.856152,35.96413644154867,70.13571484883626,,46.33883921305338,,9409.13533528646
1367443,Depok,-6.409456,106.856152,45.89196395874024,83.6125005086263,,46.9458335240682,,12083.013509114584
1367443,Depok,-6.409456,106.856152,62.811011950174965,115.84806442260742,,46.66934553782145,,16362.293294270834
1367443,Depok,-6.409456,106.856152,61.09345245361328,111.67901802062988,,44.80386924743652,,15933.562418619793
1367443,Depok,-6.409456,106.856152,50.69985103607178,90.5821425120036,,41.670982678731285,,13303.903157552084
1367443,Depok,-6.409456,106.856152,47.48794651031494,85.50907770792644,,37.36607138315836,,12497.50439453125
1367443,Depok,-6.409456,106.856152,45.75297609965006,81.83868980407715,,34.40848159790039,,12049.489501953123
1367443,Depok,-6.409456,106.856152,43.893303553263344,79.31369018554688,,33.03824424743652,,11594.650309244793
1367443,Depok,-6.409456,106.856152,44.07127984364828,79.69508997599284,,32.97232151031494,,11629.053466796877
1367443,Depok,-6.409456,106.856152,41.05669593811035,76.56636810302734,,31.952678362528484,,10861.803629557293
1367443,Depok,-6.409456,106.856152,45.85744031270345,84.16368993123372,,33.651487827301025,,12055.503011067707
1367443,Depok,-6.409456,106.856152,63.75029850006104,115.1544640858968,,39.433482805887856,,16527.639811197918
1367443,Depok,-6.409456,106.856152,70.41517766316731,128.68050702412924,,44.06800524393717,,18141.19189453125
1367443,Depok,-6.409456,106.856152,65.68154843648274,121.28660774230956,,46.20729128519694,,16946.434651692707
1367443,Depok,-6.409456,106.856152,56.39047622680664,102.18943405151369,,46.26770814259847,,14645.450846354166
1367443,Depok,-6.409456,106.856152,45.48497072855631,85.89196459452312,,43.2828868230184,,11990.22322591146
1367443,Depok,-6.409456,106.856152,48.27380975087484,90.6245543162028,,41.1331844329834,,12742.054931640623
1367443,Depok,-6.409456,106.856152,46.8284231821696,84.31532732645671,,42.10610103607178,,12369.55810546875
1367443,Depok,-6.409456,106.856152,59.52246983846029,110.2300599416097,,46.0965773264567,,15526.31689453125
1367443,Depok,-6.409456,106.856152,64.46845213572185,116.64970270792644,,46.9296137491862,,16758.128011067707
1367443,Depok,-6.409456,106.856152,72.58526802062988,132.9982147216797,,47.32574431101481,,18766.16064453125
1367443,Depok,-6.409456,106.856152,69.65104293823242,128.45877838134766,,47.22857125600179,,18073.107096354168
1367443,Depok,-6.409456,106.856152,68.48318354288737,125.84330304463704,,48.92767779032389,,17732.071451822918
1367443,Depok,-6.409456,106.856152,67.31220245361328,123.18764940897624,,49.48035748799642,,17442.4521484375
1367443,Depok,-6.409456,106.856152,65.25104077657063,121.61651865641277,,50.17202377319336,,16945.719075520832
1367443,Depok,-6.409456,106.856152,65.98824278513591,124.34270985921223,,49.84270826975504,,17174.374755859375
1367443,Depok,-6.409456,106.856152,69.64047622680664,131.22931543986002,,47.62053553263346,,18078.473307291668
1367443,Depok,-6.409456,106.856152,46.24404716491699,83.87871996561687,,43.11235078175863,,12155.010416666666
1367443,Depok,-6.409456,106.856152,51.30059496561686,92.05044682820638,,40.30863126118978,,13440.114583333334
1367443,Depok,-6.409456,106.856152,53.9995543162028,96.2081839243571,,37.7233632405599,,14114.930013020834
1367443,Depok,-6.409456,106.856152,45.81101163228353,80.84776751200359,,33.24568510055542,,12062.49259440104
1367443,Depok,-6.409456,106.856152,36.725297927856445,70.17738215128581,,31.807886759440105,,9652.821370442707
1367443,Depok,-6.409456,106.856152,36.4293155670166,68.5976193745931,,30.673213958740234,,9341.57442220052
1367443,Depok,-6.409456,106.856152,47.240774154663086,84.52946345011394,,32.94077364603678,,12401.12052408854
1367443,Depok,-6.409456,106.856152,39.45089308420817,73.57500012715657,,35.88080374399821,,10413.84822591146
1367443,Depok,-6.409456,106.856152,44.71116065979004,80.55342229207356,,37.78244018554688,,11755.14298502604
1367443,Depok,-6.409456,106.856152,50.15669631958008,88.38541730244954,,40.717113176981606,,13126.8037109375
1367443,Depok,-6.409456,106.856152,38.49226252237956,72.38184611002605,,43.14910729726156,,10166.54923502604
1367443,Depok,-6.409456,106.856152,41.153868675231934,76.28035672505696,,44.13377952575684,,10864.28564453125
1367443,Depok,-6.409456,106.856152,50.73452345530192,90.87901814778644,,45.359225591023765,,13234.427083333334
1367443,Depok,-6.409456,106.856152,39.13095219930013,73.09077326456706,,48.00401814778646,,10257.943522135416
1367443,Depok,-6.409456,106.856152,35.40937519073486,67.73005930582683,,49.29241053263346,,9156.153238932293
1367443,Depok,-6.409456,106.856152,38.586161295572914,72.08839225769043,,49.65133921305338,,10146.581949869793
1367443,Depok,-6.409456,106.856152,41.97857125600179,75.63556480407715,,49.72782770792643,,11013.52978515625
1367443,Depok,-6.409456,106.856152,46.2046127319336,81.59642791748047,,50.185118993123375,,12070.312418619793
1367443,Depok,-6.409456,106.856152,60.9642858505249,111.4385420481364,,50.99895826975504,,15755.69482421875
1367443,Depok,-6.409456,106.856152,78.85669644673665,149.38244120279947,,52.510714848836265,,20282.40169270833
1367443,Depok,-6.409456,106.856152,71.52440516153972,132.40848350524902,,52.77083428700765,,18384.40771484375
1367443,Depok,-6.409456,106.856152,65.78883934020996,121.50967343648274,,52.804612477620445,,16950.328938802082
1367443,Depok,-6.409456,106.856152,79.5194943745931,149.29628117879233,,53.43124993642172,,20391.57747395833
1367443,Depok,-6.409456,106.856152,76.76860078175862,145.72916666666666,,51.652380307515465,,19754.24975585937
1367443,Depok,-6.409456,106.856152,54.46056524912516,99.29583358764648,,47.89776802062988,,14173.450846354166
1367443,Depok,-6.409456,106.856152,64.04880873362224,123.35104115804036,,43.49657726287842,,16672.80224609375
1367443,Depok,-6.409456,106.856152,61.13735103607178,112.38110097249348,,39.54732163747152,,15886.572998046877
1367443,Depok,-6.409456,106.856152,56.06696446736654,99.86130905151369,,35.56592241923014,,14617.123372395834
1367443,Depok,-6.409456,106.856152,50.08928616841634,88.23690541585286,,32.72380987803141,,13125.01033528646
1367443,Depok,-6.409456,106.856152,43.76711368560791,78.40178553263347,,30.95252990722656,,11522.834798177084
1367443,Depok,-6.409456,106.856152,37.24300543467204,70.95059585571289,,30.096577008565266,,9796.93009440104
1367443,Depok,-6.409456,106.856152,31.910714149475098,61.59717305501302,,30.5666667620341,,7836.727701822917
1367443,Depok,-6.409456,106.856152,32.09285720189413,61.42068386077881,,36.075297355651855,,7906.736653645833
1367443,Depok,-6.409456,106.856152,31.63303581873576,61.1369047164917,,39.94717248280843,,7699.8883870442705
1367443,Depok,-6.409456,106.856152,32.23645814259847,62.86562633514404,,42.42291673024496,,7963.800577799479
1367443,Depok,-6.409456,106.856152,37.14925638834635,71.18020884195964,,44.53839238484701,,9647.700846354166
1367443,Depok,-6.409456,106.856152,43.00803597768148,80.0226198832194,,45.57886950174967,,11337.724772135416
1367443,Depok,-6.409456,106.856152,50.82738049825033,92.03839365641277,,48.96041711171468,,13266.528238932293
1367443,Depok,-6.409456,106.856152,46.901190757751465,85.89866065979004,,50.16607157389323,,12298.666666666666
1367443,Depok,-6.409456,106.856152,46.162500063578285,84.08229192097981,,50.941667556762695,,12112.962890625
1367443,Depok,-6.409456,106.856152,43.435863176981606,79.34092330932617,,51.27991072336832,,11401.489583333334
1367443,Depok,-6.409456,106.856152,39.61086304982504,74.87574323018391,,48.81041685740153,,10516.932942708334
1367443,Depok,-6.409456,106.856152,40.60089302062988,75.84494018554688,,48.64806524912516,,10736.7216796875
1367443,Depok,-6.409456,106.856152,38.10654671986898,73.26934496561687,,48.44107151031494,,10114.6533203125
1367443,Depok,-6.409456,106.856152,36.1413688659668,71.43065388997395,,48.20729192097982,,9511.05509440104
1367443,Depok,-6.409456,106.856152,36.8610118230184,72.78407732645671,,48.28482151031494,,9790.074381510416
1367443,Depok,-6.409456,106.856152,51.87812487284342,96.71949577331544,,48.436458905537926,,13639.78125
1367443,Depok,-6.409456,106.856152,56.7464288075765,109.18824450174968,,46.98556550343832,,14984.41072591146
1367443,Depok,-6.409456,106.856152,53.94181569417318,104.9154764811198,,44.12291717529297,,14254.758951822916
1367443,Depok,-6.409456,106.856152,49.93749968210856,96.34375063578288,,39.33898798624674,,13257.49259440104
1367443,Depok,-6.409456,106.856152,37.92634010314941,73.79241116841634,,33.93407758076986,,10110.442057291666
1367443,Depok,-6.409456,106.856152,37.544047355651855,70.96562576293945,,31.211459000905357,,9773.093709309896
1367443,Depok,-6.409456,106.856152,35.19434531529745,67.82232093811035,,29.471279780069988,,9024.074503580729
1367443,Depok,-6.409456,106.856152,43.97098191579183,79.62499936421712,,30.03526798884074,,11629.456705729166
1367443,Depok,-6.409456,106.856152,43.53020826975504,78.38258997599284,,34.85937531789144,,11508.642903645834
1367443,Depok,-6.409456,106.856152,42.169344902038574,78.1313985188802,,38.17589282989502,,11124.15478515625
1367443,Depok,-6.409456,106.856152,38.0171127319336,73.26756032307942,,38.01532777150472,,9992.174072265623
1367443,Depok,-6.409456,106.856152,35.99375025431315,69.95863024393718,,39.262648582458496,,9448.4033203125
1367443,Depok,-6.409456,106.856152,36.95684464772543,71.44032732645671,,41.12098185221354,,9739.442057291666
1367443,Depok,-6.409456,106.856152,36.15431531270345,70.66264979044597,,43.20074431101481,,9445.97314453125
1367443,Depok,-6.409456,106.856152,36.32232093811035,71.29493967692058,,45.56919574737549,,9452.046223958334
1367443,Depok,-6.409456,106.856152,47.33348242441813,86.87589263916016,,46.60253016153971,,12428.224772135416
1367443,Depok,-6.409456,106.856152,61.522322018941246,113.45416641235352,,47.79627990722656,,15954.46435546875
1367443,Depok,-6.409456,106.856152,61.838392893473305,113.8962796529134,,48.78095245361328,,16043.217122395834
1367443,Depok,-6.409456,106.856152,66.90327421824138,124.7349713643392,,49.849107106526695,,17332.797770182293
1367443,Depok,-6.409456,106.856152,72.64776865641277,136.94062423706055,,50.475000063578285,,18793.548990885414
1367443,Depok,-6.409456,106.856152,61.07723236083984,115.0220235188802,,50.623214403788246,,15948.696370442707
1367443,Depok,-6.409456,106.856152,59.777380307515465,112.02514902750652,,50.412351290384926,,15559.989583333334
1367443,Depok,-6.409456,106.856152,61.73482131958008,116.11800575256348,,51.29375044504801,,16069.42423502604
1367443,Depok,-6.409456,106.856152,57.9605655670166,108.85059483846028,,51.41607093811035,,15098.629557291666
1367443,Depok,-6.409456,106.856152,69.48154735565186,130.09568405151367,,51.79568449656168,,17991.421142578125
1367443,Depok,-6.409456,106.856152,68.65119012196858,131.38556671142578,,51.95937474568685,,17842.385335286457
1367443,Depok,-6.409456,106.856152,60.89434496561686,120.77128092447916,,50.04761918385824,,15986.06404622396
1367443,Depok,-6.409456,106.856152,57.7471726735433,119.17678515116374,,45.27261924743652,,15292.549153645834
1367443,Depok,-6.409456,106.856152,53.95505936940511,107.34821446736652,,39.96473217010498,,14289.3408203125
1367443,Depok,-6.409456,106.856152,51.911309560139976,101.55491065979004,,37.35952313741048,,13748.178548177084
1367443,Depok,-6.409456,106.856152,47.96741072336832,93.13571484883626,,34.89270846048991,,12747.858561197916
1367443,Depok,-6.409456,106.856152,37.99523830413818,75.01547686258952,,29.43913698196411,,10093.456787109377
1367443,Depok,-6.409456,106.856152,44.85744031270345,83.76056543986003,,29.73467254638672,,11907.84220377604
1367443,Depok,-6.409456,106.856152,41.428273836771645,77.12485122680664,,36.84940465291341,,10961.022379557293
1367443,Depok,-6.409456,106.856152,40.32500012715658,75.94761975606282,,40.50491078694662,,10688.641438802084
1367443,Depok,-6.409456,106.856152,49.17782751719157,89.21235084533691,,41.93526808420817,,12906.989501953123
1367443,Depok,-6.409456,106.856152,40.24151770273844,75.94717216491699,,42.352827390035,,10661.6591796875
1367443,Depok,-6.409456,106.856152,40.55476188659668,76.18616104125977,,41.58586343129476,,10708.730712890623
1367443,Depok,-6.409456,106.856152,39.0662202835083,74.79523785909016,,42.15386962890625,,10354.549153645834
1367443,Depok,-6.409456,106.856152,39.94895807902018,75.89449501037598,,43.80014896392822,,10560.011800130207
1367443,Depok,-6.409456,106.856152,38.62514845530192,74.67574501037598,,44.69419574737549,,10216.745361328123
1367443,Depok,-6.409456,106.856152,45.74970277150472,87.09330368041992,,45.81473223368327,,12048.62646484375
1367443,Depok,-6.409456,106.856152,68.54821459452312,130.94493865966797,,47.84717210133871,,17778.613037109375
1367443,Depok,-6.409456,106.856152,66.14791711171468,126.39762051900227,,48.5711301167806,,17209.130696614582
1367443,Depok,-6.409456,106.856152,65.26413663228352,124.99062474568684,,49.112649281819664,,16985.715901692707
1367443,Depok,-6.409456,106.856152,66.57559458414714,128.31502978006998,,49.94568379720052,,17295.138509114582
1367443,Depok,-6.409456,106.856152,70.28705342610677,135.556396484375,,50.66785621643066,,18229.979166666668
1367443,Depok,-6.409456,106.856152,68.50699424743652,130.77619043986002,,50.95193449656168,,17763.50439453125
1367443,Depok,-6.409456,106.856152,81.54479217529297,152.97455024719238,,51.03065427144369,,20973.91520182292
1367443,Depok,-6.409456,106.856152,75.62380949656169,143.61785825093588,,50.66026782989502,,19537.502848307293
1367443,Depok,-6.409456,106.856152,49.55818430582682,93.0766372680664,,46.022172927856445,,13019.71435546875
1367443,Depok,-6.409456,106.856152,47.13288752237956,89.92321395874023,,40.68244012196859,,12455.894287109377
1367443,Depok,-6.409456,106.856152,50.59970219930013,96.72604179382324,,37.48467286427816,,13358.869059244793
1367443,Depok,-6.409456,106.856152,52.15238126118978,99.33006032307942,,34.35044638315836,,13777.90763346354
1367443,Depok,-6.409456,106.856152,45.02157719930013,85.87514940897624,,31.46502955754598,,11947.608561197916
1367443,Depok,-6.409456,106.856152,49.80803553263346,93.3297627766927,,32.15803527832031,,13145.87947591146
1367443,Depok,-6.409456,106.856152,43.951636950174965,81.70386950174968,,37.53928597768148,,11634.260498046877
1367443,Depok,-6.409456,106.856152,34.40431531270345,68.73660659790039,,37.80089314778646,,8880.266479492188
1367443,Depok,-6.409456,106.856152,35.756250063578285,70.92128117879231,,39.667856534322105,,9416.05802408854
1367443,Depok,-6.409456,106.856152,37.734375,72.7060998280843,,42.39002958933512,,9936.010498046877
1367443,Depok,-6.409456,106.856152,40.48482100168864,76.36458333333333,,42.8285722732544,,10709.022298177084
1367443,Depok,-6.409456,106.856152,36.41473229726156,72.13526725769043,,45.35357189178467,,9573.959798177084
1367443,Depok,-6.409456,106.856152,43.10312493642172,83.12827364603679,,46.668304125467934,,11331.29158528646
1367443,Depok,-6.409456,106.856152,54.98839251200358,101.80699348449708,,47.89642779032389,,14417.328938802084
1367443,Depok,-6.409456,106.856152,62.55297565460205,118.88437525431316,,48.92663606007894,,16345.925537109377
1367443,Depok,-6.409456,106.856152,62.42648792266846,119.54181671142578,,49.11160659790039,,16275.010498046877
1367443,Depok,-6.409456,106.856152,54.26785691579183,103.25431442260742,,49.46398893992106,,14235.22615559896
1367443,Depok,-6.409456,106.856152,44.52321402231852,82.93467330932617,,49.10610103607178,,11712.42423502604
1367443,Depok,-6.409456,106.856152,38.95580418904623,74.6389897664388,,48.20997047424317,,10221.741048177084
1367443,Depok,-6.409456,106.856152,37.18854173024496,71.86488151550293,,47.70119063059489,,9665.955322265623
1367443,Depok,-6.409456,106.856152,50.39851156870524,94.04494094848631,,47.93913650512695,,13217.391357421877
1367443,Depok,-6.409456,106.856152,59.40119043986002,114.69434483846028,,48.79717350006104,,15547.791666666666
1367443,Depok,-6.409456,106.856152,74.0473222732544,144.0812505086263,,49.1608632405599,,19193.623697916668
1367443,Depok,-6.409456,106.856152,63.84523741404215,120.64984957377116,,45.60788663228353,,16640.134033203125
1367443,Depok,-6.409456,106.856152,41.5394344329834,77.99985122680664,,41.70267836252848,,11008.489583333334
1367443,Depok,-6.409456,106.856152,41.25208314259847,77.77857144673665,,37.86815516153971,,10916.209798177084
1367443,Depok,-6.409456,106.856152,36.52648766835531,70.5233637491862,,34.447916666666664,,9492.459798177084
1367443,Depok,-6.409456,106.856152,36.80014801025391,71.45997047424316,,32.73645846048991,,9620.6279296875
1367443,Depok,-6.409456,106.856152,36.77678553263346,71.08675575256348,,32.62395826975504,,9647.91072591146
1367443,Depok,-6.409456,106.856152,45.9142853418986,83.38184483846028,,34.01383876800537,,12067.659342447916
1367443,Depok,-6.409456,106.856152,38.74523798624674,73.76503117879231,,35.89761892954508,,10174.03572591146
1367443,Depok,-6.409456,106.856152,34.372767766316734,67.08303642272949,,38.947023709615074,,8750.461344401041
1367443,Depok,-6.409456,106.856152,34.02306524912516,66.68303553263347,,39.106844902038574,,8681.102620442709
1367443,Depok,-6.409456,106.856152,36.75937525431315,70.98556518554688,,43.12470277150472,,9608.077392578123
1367443,Depok,-6.409456,106.856152,42.30654684702555,78.33571497599284,,45.87455368041992,,11143.87654622396
1367443,Depok,-6.409456,106.856152,41.63214333852133,78.76622072855632,,47.99374961853027,,10992.46134440104
1367443,Depok,-6.409456,106.856152,48.1721731821696,87.45669682820638,,48.076786041259766,,12627.84220377604
1367443,Depok,-6.409456,106.856152,46.028273582458496,85.61889966328938,,49.06473255157471,,12106.857096354166
1367443,Depok,-6.409456,106.856152,40.3279759089152,77.25357119242351,,50.64449373881022,,10659.77384440104
1367443,Depok,-6.409456,106.856152,46.50089263916016,90.26398785909016,,52.60714213053385,,12233.931477864584
1367443,Depok,-6.409456,106.856152,47.72946453094482,92.76696459452312,,53.68392817179362,,12566.995442708334
1367443,Depok,-6.409456,106.856152,41.03422609965006,80.74568430582683,,54.02425543467204,,10849.53279622396
1367443,Depok,-6.409456,106.856152,40.70877965291341,80.70491027832031,,54.27336279551188,,10793.68904622396
1367443,Depok,-6.409456,106.856152,38.932143211364746,76.50148709615071,,53.18556563059489,,10337.28572591146
1367443,Depok,-6.409456,106.856152,38.10729185740153,75.00684483846028,,50.19226264953613,,10179.375
