location_id,location_name,datetimeUtc,latitude,longitude,co,no,no2,o3,pm10,pm25,so2
4323,ESCUELAS AGUIRRE,2018-01-01 01:00:00+00:00,40.42166665995589,-3.682222219837608,300.0,,64.0,32.42,9.0,4.0,3.0
4323,ESCUELAS AGUIRRE,2018-01-01 03:00:00+00:00,40.42166665995589,-3.682222219837608,300.0,,51.0,39.77,7.0,1.0,2.0
4323,ESCUELAS AGUIRRE,2018-01-01 04:00:00+00:00,40.42166665995589,-3.682222219837608,300.0,,57.0,33.15,6.0,2.0,2.0
4323,ESCUELAS AGUIRRE,2018-01-01 05:00:00+00:00,40.42166665995589,-3.682222219837608,300.0,,45.0,36.2,6.0,3.0,2.0
4323,ESCUELAS AGUIRRE,2018-01-01 06:00:00+00:00,40.42166665995589,-3.682222219837608,300.0,,51.0,30.39,8.0,5.0,2.0
4323,ESCUELAS AGUIRRE,2018-01-01 07:00:00+00:00,40.42166665995589,-3.682222219837608,300.0,,58.0,23.76,9.0,5.0,2.0
4323,ESCUELAS AGUIRRE,2018-01-01 08:00:00+00:00,40.42166665995589,-3.682222219837608,300.0,,53.0,23.13,9.0,6.0,2.0
4323,ESCUELAS AGUIRRE,2018-01-01 09:00:00+00:00,40.42166665995589,-3.682222219837608,,,,,,,2.0
4323,ESCUELAS AGUIRRE,2018-01-01 10:00:00+00:00,40.42166665995589,-3.682222219837608,300.0,,40.0,37.64,8.0,5.0,3.0
4323,ESCUELAS AGUIRRE,2018-01-01 11:00:00+00:00,40.42166665995589,-3.682222219837608,300.0,,39.0,42.84,10.0,5.0,4.0
4323,ESCUELAS AGUIRRE,2018-01-01 12:00:00+00:00,40.42166665995589,-3.682222219837608,300.0,,35.0,50.26,6.0,1.0,3.0
4323,ESCUELAS AGUIRRE,2018-01-01 13:00:00+00:00,40.42166665995589,-3.682222219837608,300.0,,33.0,52.06,7.0,3.0,3.0
4323,ESCUELAS AGUIRRE,2018-01-01 14:00:00+00:00,40.42166665995589,-3.682222219837608,300.0,,31.0,55.91,12.0,7.0,3.0
4323,ESCUELAS AGUIRRE,2018-01-01 15:00:00+00:00,40.42166665995589,-3.682222219837608,300.0,,31.0,54.01,15.0,11.0,3.0
4323,ESCUELAS AGUIRRE,2018-01-01 16:00:00+00:00,40.42166665995589,-3.682222219837608,300.0,,38.0,47.53,14.0,10.0,3.0
4323,ESCUELAS AGUIRRE,2018-01-01 17:00:00+00:00,40.42166665995589,-3.682222219837608,300.0,,46.0,39.6,8.0,4.0,3.0
4323,ESCUELAS AGUIRRE,2018-01-01 18:00:00+00:00,40.42166665995589,-3.682222219837608,300.0,,47.0,36.16,10.0,5.0,2.0
4323,ESCUELAS AGUIRRE,2018-01-01 19:00:00+00:00,40.42166665995589,-3.682222219837608,300.0,,56.0,31.4,13.0,7.0,2.0
4323,ESCUELAS AGUIRRE,2018-01-01 20:00:00+00:00,40.42166665995589,-3.682222219837608,400.0,,64.0,27.51,11.0,6.0,3.0
4323,ESCUELAS AGUIRRE,2018-01-01 21:00:00+00:00,40.42166665995589,-3.682222219837608,400.0,,60.0,27.52,9.0,4.0,3.0
4323,ESCUELAS AGUIRRE,2018-01-01 22:00:00+00:00,40.42166665995589,-3.682222219837608,400.0,,54.0,32.5,14.0,10.0,3.0
4323,ESCUELAS AGUIRRE,2018-01-01 23:00:00+00:00,40.42166665995589,-3.682222219837608,300.0,,34.0,46.38,6.0,4.0,2.0
4323,ESCUELAS AGUIRRE,2018-01-03 00:00:00+00:00,40.42166665995589,-3.682222219837608,300.0,,31.0,32.57,5.0,3.0,2.0
4323,ESCUELAS AGUIRRE,2018-01-03 01:00:00+00:00,40.42166665995589,-3.682222219837608,200.0,,22.0,38.86,9.0,7.0,2.0
4323,ESCUELAS AGUIRRE,2018-01-03 02:00:00+00:00,40.42166665995589,-3.682222219837608,200.0,,28.0,27.15,9.0,7.0,2.0
4323,ESCUELAS AGUIRRE,2018-01-03 03:00:00+00:00,40.42166665995589,-3.682222219837608,300.0,,28.0,24.99,2.0,1.0,2.0
4323,ESCUELAS AGUIRRE,2018-01-03 04:00:00+00:00,40.42166665995589,-3.682222219837608,200.0,,17.0,37.16,7.0,5.0,2.0
4323,ESCUELAS AGUIRRE,2018-01-03 05:00:00+00:00,40.42166665995589,-3.682222219837608,200.0,,26.0,31.59,6.0,4.0,2.0
4323,ESCUELAS AGUIRRE,2018-01-03 06:00:00+00:00,40.42166665995589,-3.682222219837608,300.0,,66.0,5.82,5.0,6.0,3.0
4323,ESCUELAS AGUIRRE,2018-01-03 07:00:00+00:00,40.42166665995589,-3.682222219837608,400.0,,71.0,4.37,4.0,2.0,3.0
4323,ESCUELAS AGUIRRE,2018-01-03 08:00:00+00:00,40.42166665995589,-3.682222219837608,400.0,,64.0,6.36,8.0,7.0,3.0
4323,ESCUELAS AGUIRRE,2018-01-03 09:00:00+00:00,40.42166665995589,-3.682222219837608,600.0,,73.0,5.84,9.0,6.0,3.0
4323,ESCUELAS AGUIRRE,2018-01-03 10:00:00+00:00,40.42166665995589,-3.682222219837608,500.0,,59.0,13.76,4.0,2.0,3.0
4323,ESCUELAS AGUIRRE,2018-01-03 11:00:00+00:00,40.42166665995589,-3.682222219837608,400.0,,50.0,18.23,6.0,5.0,2.0
4323,ESCUELAS AGUIRRE,2018-01-03 12:00:00+00:00,40.42166665995589,-3.682222219837608,400.0,,55.0,19.36,13.0,10.0,3.0
4323,ESCUELAS AGUIRRE,2018-01-03 13:00:00+00:00,40.42166665995589,-3.682222219837608,500.0,,53.0,21.4,21.0,17.0,3.0
4323,ESCUELAS AGUIRRE,2018-01-03 14:00:00+00:00,40.42166665995589,-3.682222219837608,400.0,,47.0,24.09,9.0,4.0,3.0
4323,ESCUELAS AGUIRRE,2018-01-03 15:00:00+00:00,40.42166665995589,-3.682222219837608,300.0,,39.0,28.4,11.0,8.0,3.0
4323,ESCUELAS AGUIRRE,2018-01-03 16:00:00+00:00,40.42166665995589,-3.682222219837608,300.0,,46.0,22.11,5.0,3.0,3.0
4323,ESCUELAS AGUIRRE,2018-01-03 17:00:00+00:00,40.42166665995589,-3.682222219837608,500.0,,60.0,13.48,9.0,5.0,3.0
4323,ESCUELAS AGUIRRE,2018-01-03 18:00:00+00:00,40.42166665995589,-3.682222219837608,400.0,,68.0,5.7,6.0,3.0,3.0
4323,ESCUELAS AGUIRRE,2018-01-03 19:00:00+00:00,40.42166665995589,-3.682222219837608,500.0,,71.0,4.57,12.0,9.0,3.0
4323,ESCUELAS AGUIRRE,2018-01-03 20:00:00+00:00,40.42166665995589,-3.682222219837608,600.0,,76.0,5.01,16.0,13.0,3.0
4323,ESCUELAS AGUIRRE,2018-01-03 21:00:00+00:00,40.42166665995589,-3.682222219837608,600.0,,77.0,5.13,13.0,10.0,3.0
4323,ESCUELAS AGUIRRE,2018-01-03 22:00:00+00:00,40.42166665995589,-3.682222219837608,500.0,,67.0,3.97,12.0,9.0,3.0
4323,ESCUELAS AGUIRRE,2018-01-03 23:00:00+00:00,40.42166665995589,-3.682222219837608,500.0,,63.0,3.64,14.0,11.0,3.0
4323,ESCUELAS AGUIRRE,2018-01-04 00:00:00+00:00,40.42166665995589,-3.682222219837608,500.0,,60.0,3.4,13.0,10.0,3.0
4323,ESCUELAS AGUIRRE,2018-01-04 01:00:00+00:00,40.42166665995589,-3.682222219837608,400.0,,54.0,5.33,9.0,6.0,3.0
4323,ESCUELAS AGUIRRE,2018-01-04 02:00:00+00:00,40.42166665995589,-3.682222219837608,300.0,,35.0,16.15,8.0,7.0,2.0
4323,ESCUELAS AGUIRRE,2018-01-04 03:00:00+00:00,40.42166665995589,-3.682222219837608,300.0,,34.0,10.26,5.0,4.0,2.0
4323,ESCUELAS AGUIRRE,2018-01-04 04:00:00+00:00,40.42166665995589,-3.682222219837608,300.0,,22.0,20.39,6.0,5.0,2.0
4323,ESCUELAS AGUIRRE,2018-01-04 05:00:00+00:00,40.42166665995589,-3.682222219837608,200.0,,24.0,25.99,4.0,3.0,2.0
4323,ESCUELAS AGUIRRE,2018-01-04 06:00:00+00:00,40.42166665995589,-3.682222219837608,200.0,,34.0,21.53,9.0,8.0,2.0
4323,ESCUELAS AGUIRRE,2018-01-04 07:00:00+00:00,40.42166665995589,-3.682222219837608,300.0,,47.0,14.49,8.0,7.0,2.0
4323,ESCUELAS AGUIRRE,2018-01-04 08:00:00+00:00,40.42166665995589,-3.682222219837608,400.0,,53.0,11.59,8.0,5.0,2.0
4323,ESCUELAS AGUIRRE,2018-01-04 09:00:00+00:00,40.42166665995589,-3.682222219837608,400.0,,56.0,11.31,9.0,6.0,2.0
4323,ESCUELAS AGUIRRE,2018-01-04 10:00:00+00:00,40.42166665995589,-3.682222219837608,400.0,,58.0,12.47,12.0,10.0,3.0
4323,ESCUELAS AGUIRRE,2018-01-04 11:00:00+00:00,40.42166665995589,-3.682222219837608,400.0,,51.0,16.37,13.0,9.0,2.0
4323,ESCUELAS AGUIRRE,2018-01-04 12:00:00+00:00,40.42166665995589,-3.682222219837608,400.0,,50.0,21.76,11.0,7.0,3.0
4323,ESCUELAS AGUIRRE,2018-01-07 00:00:00+00:00,40.42166665995589,-3.682222219837608,300.0,,56.0,30.35,5.0,5.0,3.0
4323,ESCUELAS AGUIRRE,2018-01-07 01:00:00+00:00,40.42166665995589,-3.682222219837608,300.0,,59.0,26.69,4.0,3.0,3.0
4323,ESCUELAS AGUIRRE,2018-01-07 02:00:00+00:00,40.42166665995589,-3.682222219837608,300.0,,46.0,39.32,3.0,2.0,3.0
4323,ESCUELAS AGUIRRE,2018-01-07 03:00:00+00:00,40.42166665995589,-3.682222219837608,200.0,,26.0,56.71,2.0,1.0,3.0
4323,ESCUELAS AGUIRRE,2018-01-07 04:00:00+00:00,40.42166665995589,-3.682222219837608,200.0,,24.0,57.01,1.0,1.0,3.0
4323,ESCUELAS AGUIRRE,2018-01-07 05:00:00+00:00,40.42166665995589,-3.682222219837608,200.0,,25.0,55.49,1.0,1.0,3.0
4323,ESCUELAS AGUIRRE,2018-01-07 06:00:00+00:00,40.42166665995589,-3.682222219837608,200.0,,26.0,55.03,3.0,3.0,3.0
4323,ESCUELAS AGUIRRE,2018-01-07 07:00:00+00:00,40.42166665995589,-3.682222219837608,300.0,,31.0,51.51,4.0,4.0,3.0
4323,ESCUELAS AGUIRRE,2018-01-07 08:00:00+00:00,40.42166665995589,-3.682222219837608,300.0,,34.0,50.37,7.0,7.0,4.0
4323,ESCUELAS AGUIRRE,2018-01-07 09:00:00+00:00,40.42166665995589,-3.682222219837608,400.0,,39.0,45.01,4.0,4.0,4.0
4323,ESCUELAS AGUIRRE,2018-01-07 10:00:00+00:00,40.42166665995589,-3.682222219837608,300.0,,45.0,38.91,4.0,5.0,5.0
4323,ESCUELAS AGUIRRE,2018-01-07 11:00:00+00:00,40.42166665995589,-3.682222219837608,300.0,,55.0,29.0,5.0,5.0,4.0
4323,ESCUELAS AGUIRRE,2018-01-07 12:00:00+00:00,40.42166665995589,-3.682222219837608,400.0,,49.0,34.31,4.0,3.0,4.0
4323,ESCUELAS AGUIRRE,2018-01-07 13:00:00+00:00,40.42166665995589,-3.682222219837608,300.0,,46.0,38.87,4.0,3.0,3.0
4323,ESCUELAS AGUIRRE,2018-01-07 14:00:00+00:00,40.42166665995589,-3.682222219837608,300.0,,43.0,41.59,3.0,2.0,4.0
4323,ESCUELAS AGUIRRE,2018-01-07 15:00:00+00:00,40.42166665995589,-3.682222219837608,300.0,,38.0,44.29,5.0,4.0,3.0
4323,ESCUELAS AGUIRRE,2018-01-07 16:00:00+00:00,40.42166665995589,-3.682222219837608,300.0,,43.0,35.7,8.0,7.0,3.0
4323,ESCUELAS AGUIRRE,2018-01-07 17:00:00+00:00,40.42166665995589,-3.682222219837608,300.0,,45.0,30.32,8.0,7.0,3.0
4323,ESCUELAS AGUIRRE,2018-01-07 18:00:00+00:00,40.42166665995589,-3.682222219837608,300.0,,46.0,27.92,7.0,6.0,3.0
4323,ESCUELAS AGUIRRE,2018-01-07 19:00:00+00:00,40.42166665995589,-3.682222219837608,400.0,,69.0,12.67,8.0,7.0,3.0
4323,ESCUELAS AGUIRRE,2018-01-07 20:00:00+00:00,40.42166665995589,-3.682222219837608,400.0,,75.0,7.92,9.0,7.0,4.0
4323,ESCUELAS AGUIRRE,2018-01-07 21:00:00+00:00,40.42166665995589,-3.682222219837608,400.0,,71.0,13.56,10.0,9.0,4.0
4323,ESCUELAS AGUIRRE,2018-01-07 22:00:00+00:00,40.42166665995589,-3.682222219837608,400.0,,75.0,9.26,12.0,11.0,4.0
4323,ESCUELAS AGUIRRE,2018-01-07 23:00:00+00:00,40.42166665995589,-3.682222219837608,500.0,,71.0,9.84,11.0,9.0,6.0
4323,ESCUELAS AGUIRRE,2018-01-08 00:00:00+00:00,40.42166665995589,-3.682222219837608,400.0,,53.0,20.35,7.0,6.0,5.0
4323,ESCUELAS AGUIRRE,2018-01-08 01:00:00+00:00,40.42166665995589,-3.682222219837608,300.0,,39.0,28.22,8.0,7.0,4.0
4323,ESCUELAS AGUIRRE,2018-01-08 02:00:00+00:00,40.42166665995589,-3.682222219837608,300.0,,26.0,36.43,7.0,6.0,4.0
4323,ESCUELAS AGUIRRE,2018-01-08 03:00:00+00:00,40.42166665995589,-3.682222219837608,300.0,,24.0,36.47,7.0,6.0,4.0
4323,ESCUELAS AGUIRRE,2018-01-08 04:00:00+00:00,40.42166665995589,-3.682222219837608,300.0,,21.0,42.51,5.0,5.0,4.0
4323,ESCUELAS AGUIRRE,2018-01-08 05:00:00+00:00,40.42166665995589,-3.682222219837608,300.0,,25.0,42.27,6.0,6.0,4.0
4323,ESCUELAS AGUIRRE,2018-01-08 06:00:00+00:00,40.42166665995589,-3.682222219837608,300.0,,41.0,30.56,10.0,9.0,4.0
4323,ESCUELAS AGUIRRE,2018-01-08 07:00:00+00:00,40.42166665995589,-3.682222219837608,400.0,,78.0,9.7,6.0,4.0,4.0
4323,ESCUELAS AGUIRRE,2018-01-08 08:00:00+00:00,40.42166665995589,-3.682222219837608,600.0,,94.0,4.19,13.0,10.0,6.0
4323,ESCUELAS AGUIRRE,2018-01-08 09:00:00+00:00,40.42166665995589,-3.682222219837608,600.0,,91.0,8.39,18.0,14.0,7.0
4323,ESCUELAS AGUIRRE,2018-01-08 10:00:00+00:00,40.42166665995589,-3.682222219837608,500.0,,79.0,16.06,14.0,9.0,9.0
4323,ESCUELAS AGUIRRE,2018-01-08 11:00:00+00:00,40.42166665995589,-3.682222219837608,400.0,,69.0,25.4,11.0,6.0,10.0
4323,ESCUELAS AGUIRRE,2018-01-08 12:00:00+00:00,40.42166665995589,-3.682222219837608,400.0,,64.0,29.87,13.0,8.0,13.0
4323,ESCUELAS AGUIRRE,2018-01-08 13:00:00+00:00,40.42166665995589,-3.682222219837608,400.0,,63.0,33.37,13.0,9.0,12.0
4323,ESCUELAS AGUIRRE,2018-01-08 14:00:00+00:00,40.42166665995589,-3.682222219837608,400.0,,56.0,40.94,8.0,5.0,8.0
4323,ESCUELAS AGUIRRE,2018-01-08 15:00:00+00:00,40.42166665995589,-3.682222219837608,400.0,,58.0,41.82,12.0,9.0,10.0
4323,ESCUELAS AGUIRRE,2018-01-08 16:00:00+00:00,40.42166665995589,-3.682222219837608,400.0,,63.0,37.32,9.0,5.0,7.0
4323,ESCUELAS AGUIRRE,2018-01-08 17:00:00+00:00,40.42166665995589,-3.682222219837608,,,,,8.0,,
4323,ESCUELAS AGUIRRE,2018-01-08 18:00:00+00:00,40.42166665995589,-3.682222219837608,500.0,,99.0,11.53,11.0,7.0,10.0
4323,ESCUELAS AGUIRRE,2018-01-08 19:00:00+00:00,40.42166665995589,-3.682222219837608,700.0,,129.0,3.17,21.0,12.0,7.0
4323,ESCUELAS AGUIRRE,2018-01-08 20:00:00+00:00,40.42166665995589,-3.682222219837608,1000.0,,140.0,2.74,26.0,14.0,7.0
4323,ESCUELAS AGUIRRE,2018-01-08 21:00:00+00:00,40.42166665995589,-3.682222219837608,800.0,,102.0,2.95,27.0,17.0,5.0
4323,ESCUELAS AGUIRRE,2018-01-08 22:00:00+00:00,40.42166665995589,-3.682222219837608,500.0,,84.0,7.67,17.0,13.0,4.0
4323,ESCUELAS AGUIRRE,2018-01-08 23:00:00+00:00,40.42166665995589,-3.682222219837608,400.0,,75.0,12.65,13.0,9.0,4.0
4323,ESCUELAS AGUIRRE,2018-01-09 01:00:00+00:00,40.42166665995589,-3.682222219837608,300.0,,50.0,23.35,12.0,10.0,3.0
4323,ESCUELAS AGUIRRE,2018-01-10 01:00:00+00:00,40.42166665995589,-3.682222219837608,400.0,,69.0,3.28,18.0,16.0,3.0
4323,ESCUELAS AGUIRRE,2018-01-11 01:00:00+00:00,40.42166665995589,-3.682222219837608,300.0,,40.0,48.1,5.0,2.0,3.0
4323,ESCUELAS AGUIRRE,2018-01-12 01:00:00+00:00,40.42166665995589,-3.682222219837608,300.0,,52.0,30.59,3.0,2.0,3.0
4323,ESCUELAS AGUIRRE,2018-01-14 01:00:00+00:00,40.42166665995589,-3.682222219837608,300.0,,47.0,30.83,13.0,10.0,3.0
4323,ESCUELAS AGUIRRE,2018-01-14 02:00:00+00:00,40.42166665995589,-3.682222219837608,300.0,,40.0,34.88,11.0,9.0,3.0
4323,ESCUELAS AGUIRRE,2018-01-14 03:00:00+00:00,40.42166665995589,-3.682222219837608,300.0,,35.0,37.54,4.0,2.0,3.0
4323,ESCUELAS AGUIRRE,2018-01-14 04:00:00+00:00,40.42166665995589,-3.682222219837608,300.0,,38.0,33.77,4.0,2.0,3.0
4323,ESCUELAS AGUIRRE,2018-01-15 01:00:00+00:00,40.42166665995589,-3.682222219837608,300.0,,39.0,33.04,3.0,2.0,6.0
4323,ESCUELAS AGUIRRE,2018-01-15 02:00:00+00:00,40.42166665995589,-3.682222219837608,,,,,5.0,,
4323,ESCUELAS AGUIRRE,2018-01-17 01:00:00+00:00,40.42166665995589,-3.682222219837608,,,,,1.0,,
4323,ESCUELAS AGUIRRE,2018-01-19 01:00:00+00:00,40.42166665995589,-3.682222219837608,600.0,,90.0,2.74,,13.0,10.0
4323,ESCUELAS AGUIRRE,2018-01-21 01:00:00+00:00,40.42166665995589,-3.682222219837608,500.0,,66.0,15.47,8.0,4.0,4.0
4323,ESCUELAS AGUIRRE,2018-01-21 02:00:00+00:00,40.42166665995589,-3.682222219837608,400.0,,74.0,,,5.0,
4323,ESCUELAS AGUIRRE,2018-01-21 03:00:00+00:00,40.42166665995589,-3.682222219837608,400.0,,67.0,,,5.0,
4323,ESCUELAS AGUIRRE,2018-01-21 04:00:00+00:00,40.42166665995589,-3.682222219837608,300.0,,35.0,,,2.0,
4323,ESCUELAS AGUIRRE,2018-01-21 05:00:00+00:00,40.42166665995589,-3.682222219837608,200.0,,24.0,,,2.0,
4323,ESCUELAS AGUIRRE,2018-01-21 06:00:00+00:00,40.42166665995589,-3.682222219837608,300.0,,43.0,,,1.0,
4323,ESCUELAS AGUIRRE,2018-01-21 07:00:00+00:00,40.42166665995589,-3.682222219837608,700.0,,79.0,,,5.0,
4323,ESCUELAS AGUIRRE,2018-01-21 08:00:00+00:00,40.42166665995589,-3.682222219837608,900.0,,56.0,,,11.0,
4323,ESCUELAS AGUIRRE,2018-01-21 09:00:00+00:00,40.42166665995589,-3.682222219837608,300.0,,40.0,,,6.0,
4323,ESCUELAS AGUIRRE,2018-01-21 10:00:00+00:00,40.42166665995589,-3.682222219837608,1000.0,,71.0,,,13.0,
4323,ESCUELAS AGUIRRE,2018-01-21 11:00:00+00:00,40.42166665995589,-3.682222219837608,600.0,,49.0,,,19.0,
4323,ESCUELAS AGUIRRE,2018-01-21 12:00:00+00:00,40.42166665995589,-3.682222219837608,400.0,,40.0,,,18.0,
4323,ESCUELAS AGUIRRE,2018-01-21 13:00:00+00:00,40.42166665995589,-3.682222219837608,400.0,,52.0,,,13.0,
4323,ESCUELAS AGUIRRE,2018-01-21 14:00:00+00:00,40.42166665995589,-3.682222219837608,400.0,,53.0,,,22.0,
4323,ESCUELAS AGUIRRE,2018-01-21 15:00:00+00:00,40.42166665995589,-3.682222219837608,400.0,,44.0,,,14.0,
4323,ESCUELAS AGUIRRE,2018-01-21 16:00:00+00:00,40.42166665995589,-3.682222219837608,400.0,,41.0,,,3.0,
4323,ESCUELAS AGUIRRE,2018-01-21 17:00:00+00:00,40.42166665995589,-3.682222219837608,300.0,,52.0,,,9.0,
4323,ESCUELAS AGUIRRE,2018-01-21 18:00:00+00:00,40.42166665995589,-3.682222219837608,500.0,,91.0,,,4.0,
4323,ESCUELAS AGUIRRE,2018-01-22 01:00:00+00:00,40.42166665995589,-3.682222219837608,300.0,,30.0,22.94,6.0,5.0,5.0
4323,ESCUELAS AGUIRRE,2018-01-22 02:00:00+00:00,40.42166665995589,-3.682222219837608,200.0,,17.0,29.93,,1.0,5.0
4323,ESCUELAS AGUIRRE,2018-01-23 01:00:00+00:00,40.42166665995589,-3.682222219837608,300.0,,38.0,17.22,10.0,8.0,6.0
4323,ESCUELAS AGUIRRE,2018-01-24 01:00:00+00:00,40.42166665995589,-3.682222219837608,400.0,,50.0,8.74,8.0,6.0,7.0
4323,ESCUELAS AGUIRRE,2018-01-24 02:00:00+00:00,40.42166665995589,-3.682222219837608,300.0,,40.0,,,6.0,
4323,ESCUELAS AGUIRRE,2018-01-25 02:00:00+00:00,40.42166665995589,-3.682222219837608,900.0,,93.0,,,27.0,
4323,ESCUELAS AGUIRRE,2018-01-26 01:00:00+00:00,40.42166665995589,-3.682222219837608,200.0,,14.0,66.67,1.0,1.0,4.0
4323,ESCUELAS AGUIRRE,2018-01-28 01:00:00+00:00,40.42166665995589,-3.682222219837608,300.0,,55.0,26.08,9.0,8.0,6.0
4323,ESCUELAS AGUIRRE,2018-01-28 02:00:00+00:00,40.42166665995589,-3.682222219837608,300.0,,43.0,35.17,5.0,4.0,6.0
4323,ESCUELAS AGUIRRE,2018-01-28 03:00:00+00:00,40.42166665995589,-3.682222219837608,,,,,3.0,,
4323,ESCUELAS AGUIRRE,2018-01-28 04:00:00+00:00,40.42166665995589,-3.682222219837608,,,,,4.0,,
4323,ESCUELAS AGUIRRE,2018-01-30 01:00:00+00:00,40.42166665995589,-3.682222219837608,500.0,,91.0,3.15,18.0,12.0,2.0
4323,ESCUELAS AGUIRRE,2018-01-31 01:00:00+00:00,40.42166665995589,-3.682222219837608,500.0,,83.0,3.95,,12.0,5.0
4323,ESCUELAS AGUIRRE,2018-02-02 01:00:00+00:00,40.42166665995589,-3.682222219837608,300.0,,28.0,52.39,2.0,2.0,3.0
4323,ESCUELAS AGUIRRE,2018-02-06 01:00:00+00:00,40.42166665995589,-3.682222219837608,300.0,,29.0,39.83,,3.0,3.0
4323,ESCUELAS AGUIRRE,2018-02-07 01:00:00+00:00,40.42166665995589,-3.682222219837608,300.0,,40.0,34.8,3.0,1.0,3.0
4323,ESCUELAS AGUIRRE,2018-02-07 02:00:00+00:00,40.42166665995589,-3.682222219837608,300.0,,,,11.0,,
4323,ESCUELAS AGUIRRE,2018-02-07 03:00:00+00:00,40.42166665995589,-3.682222219837608,300.0,,,,10.0,,
4323,ESCUELAS AGUIRRE,2018-02-07 04:00:00+00:00,40.42166665995589,-3.682222219837608,300.0,,,,7.0,,
4323,ESCUELAS AGUIRRE,2018-02-07 05:00:00+00:00,40.42166665995589,-3.682222219837608,300.0,,,,6.0,,
4323,ESCUELAS AGUIRRE,2018-02-07 06:00:00+00:00,40.42166665995589,-3.682222219837608,400.0,,,,4.0,,
4323,ESCUELAS AGUIRRE,2018-02-09 01:00:00+00:00,40.42166665995589,-3.682222219837608,600.0,,109.0,2.66,19.0,13.0,3.0
4323,ESCUELAS AGUIRRE,2018-02-09 02:00:00+00:00,40.42166665995589,-3.682222219837608,,,,2.84,15.0,,3.0
4323,ESCUELAS AGUIRRE,2018-02-10 01:00:00+00:00,40.42166665995589,-3.682222219837608,300.0,,30.0,59.01,,,4.0
4323,ESCUELAS AGUIRRE,2018-02-11 01:00:00+00:00,40.42166665995589,-3.682222219837608,500.0,,94.0,4.76,20.0,15.0,3.0
4323,ESCUELAS AGUIRRE,2018-02-11 02:00:00+00:00,40.42166665995589,-3.682222219837608,500.0,,93.0,4.17,,13.0,3.0
4323,ESCUELAS AGUIRRE,2018-02-11 03:00:00+00:00,40.42166665995589,-3.682222219837608,400.0,,88.0,3.27,,11.0,2.0
4323,ESCUELAS AGUIRRE,2018-02-11 04:00:00+00:00,40.42166665995589,-3.682222219837608,500.0,,87.0,2.6,,13.0,3.0
4323,ESCUELAS AGUIRRE,2018-02-11 05:00:00+00:00,40.42166665995589,-3.682222219837608,500.0,,85.0,3.21,,10.0,3.0
4323,ESCUELAS AGUIRRE,2018-02-11 06:00:00+00:00,40.42166665995589,-3.682222219837608,600.0,,81.0,2.92,,11.0,3.0
4323,ESCUELAS AGUIRRE,2018-02-12 02:00:00+00:00,40.42166665995589,-3.682222219837608,200.0,,21.0,50.41,,5.0,
4323,ESCUELAS AGUIRRE,2018-02-12 03:00:00+00:00,40.42166665995589,-3.682222219837608,200.0,,22.0,47.38,,2.0,2.0
4323,ESCUELAS AGUIRRE,2018-02-12 04:00:00+00:00,40.42166665995589,-3.682222219837608,200.0,,18.0,53.98,,6.0,2.0
4323,ESCUELAS AGUIRRE,2018-02-12 05:00:00+00:00,40.42166665995589,-3.682222219837608,200.0,,29.0,47.89,,3.0,2.0
4323,ESCUELAS AGUIRRE,2018-02-28 01:00:00+00:00,40.42166665995589,-3.682222219837608,400.0,,73.0,5.43,12.0,10.0,4.0
4323,ESCUELAS AGUIRRE,2018-03-05 01:00:00+00:00,40.42166665995589,-3.682222219837608,200.0,,20.0,75.24,1.0,1.0,3.0
4323,ESCUELAS AGUIRRE,2018-03-05 02:00:00+00:00,40.42166665995589,-3.682222219837608,200.0,,17.0,85.1,11.0,11.0,3.0
4323,ESCUELAS AGUIRRE,2018-03-05 03:00:00+00:00,40.42166665995589,-3.682222219837608,200.0,,13.0,79.9,3.0,,3.0
4323,ESCUELAS AGUIRRE,2018-03-05 04:00:00+00:00,40.42166665995589,-3.682222219837608,200.0,,15.0,74.3,1.0,,3.0
4323,ESCUELAS AGUIRRE,2018-03-05 05:00:00+00:00,40.42166665995589,-3.682222219837608,200.0,,19.0,69.53,5.0,,3.0
4323,ESCUELAS AGUIRRE,2018-03-05 06:00:00+00:00,40.42166665995589,-3.682222219837608,200.0,,32.0,61.55,4.0,,3.0
4323,ESCUELAS AGUIRRE,2018-03-05 07:00:00+00:00,40.42166665995589,-3.682222219837608,300.0,,66.0,39.02,11.0,,3.0
4323,ESCUELAS AGUIRRE,2018-03-05 08:00:00+00:00,40.42166665995589,-3.682222219837608,400.0,,83.0,26.94,8.0,,3.0
4323,ESCUELAS AGUIRRE,2018-03-06 01:00:00+00:00,40.42166665995589,-3.682222219837608,300.0,,25.0,59.74,1.0,1.0,3.0
4323,ESCUELAS AGUIRRE,2018-03-07 01:00:00+00:00,40.42166665995589,-3.682222219837608,300.0,,38.0,50.62,11.0,10.0,4.0
4323,ESCUELAS AGUIRRE,2018-03-08 02:00:00+00:00,40.42166665995589,-3.682222219837608,200.0,,20.0,,,4.0,
4323,ESCUELAS AGUIRRE,2018-03-08 03:00:00+00:00,40.42166665995589,-3.682222219837608,200.0,,16.0,,,2.0,
4323,ESCUELAS AGUIRRE,2018-03-08 04:00:00+00:00,40.42166665995589,-3.682222219837608,200.0,,22.0,,,10.0,
4323,ESCUELAS AGUIRRE,2018-03-08 05:00:00+00:00,40.42166665995589,-3.682222219837608,200.0,,22.0,,,4.0,
4323,ESCUELAS AGUIRRE,2018-03-09 01:00:00+00:00,40.42166665995589,-3.682222219837608,500.0,,81.0,4.88,,14.0,
4323,ESCUELAS AGUIRRE,2018-03-11 01:00:00+00:00,40.42166665995589,-3.682222219837608,200.0,,31.0,61.1,13.0,12.0,3.0
4323,ESCUELAS AGUIRRE,2018-03-11 02:00:00+00:00,40.42166665995589,-3.682222219837608,300.0,,30.0,63.24,3.0,2.0,3.0
4323,ESCUELAS AGUIRRE,2018-03-11 03:00:00+00:00,40.42166665995589,-3.682222219837608,200.0,,24.0,70.13,1.0,1.0,3.0
4323,ESCUELAS AGUIRRE,2018-03-11 04:00:00+00:00,40.42166665995589,-3.682222219837608,200.0,,21.0,71.03,2.0,1.0,3.0
4323,ESCUELAS AGUIRRE,2018-03-11 05:00:00+00:00,40.42166665995589,-3.682222219837608,200.0,,18.0,74.97,1.0,1.0,3.0
4323,ESCUELAS AGUIRRE,2018-03-11 06:00:00+00:00,40.42166665995589,-3.682222219837608,200.0,,,,4.0,4.0,3.0
4323,ESCUELAS AGUIRRE,2018-03-11 07:00:00+00:00,40.42166665995589,-3.682222219837608,200.0,,,,,2.0,
4323,ESCUELAS AGUIRRE,2018-03-11 08:00:00+00:00,40.42166665995589,-3.682222219837608,200.0,,,,,1.0,
4323,ESCUELAS AGUIRRE,2018-03-11 09:00:00+00:00,40.42166665995589,-3.682222219837608,200.0,,,,,4.0,
4323,ESCUELAS AGUIRRE,2018-03-11 10:00:00+00:00,40.42166665995589,-3.682222219837608,200.0,,,,,2.0,
4323,ESCUELAS AGUIRRE,2018-03-11 11:00:00+00:00,40.42166665995589,-3.682222219837608,300.0,,,,,4.0,
4323,ESCUELAS AGUIRRE,2018-03-11 12:00:00+00:00,40.42166665995589,-3.682222219837608,300.0,,,,,12.0,
4323,ESCUELAS AGUIRRE,2018-03-11 13:00:00+00:00,40.42166665995589,-3.682222219837608,300.0,,,,,13.0,
4323,ESCUELAS AGUIRRE,2018-03-11 14:00:00+00:00,40.42166665995589,-3.682222219837608,300.0,,,,,5.0,
4323,ESCUELAS AGUIRRE,2018-03-11 15:00:00+00:00,40.42166665995589,-3.682222219837608,300.0,,,,,4.0,
4323,ESCUELAS AGUIRRE,2018-03-11 16:00:00+00:00,40.42166665995589,-3.682222219837608,300.0,,,,,7.0,
4323,ESCUELAS AGUIRRE,2018-03-11 17:00:00+00:00,40.42166665995589,-3.682222219837608,300.0,,,,,4.0,
4323,ESCUELAS AGUIRRE,2018-03-11 18:00:00+00:00,40.42166665995589,-3.682222219837608,300.0,,,,,1.0,
4323,ESCUELAS AGUIRRE,2018-03-11 19:00:00+00:00,40.42166665995589,-3.682222219837608,300.0,,,,,3.0,
4323,ESCUELAS AGUIRRE,2018-03-11 20:00:00+00:00,40.42166665995589,-3.682222219837608,300.0,,,,,2.0,
4323,ESCUELAS AGUIRRE,2018-03-12 01:00:00+00:00,40.42166665995589,-3.682222219837608,200.0,,17.0,71.71,6.0,5.0,3.0
4323,ESCUELAS AGUIRRE,2018-03-12 02:00:00+00:00,40.42166665995589,-3.682222219837608,200.0,,12.0,74.89,2.0,1.0,3.0
4323,ESCUELAS AGUIRRE,2018-03-13 01:00:00+00:00,40.42166665995589,-3.682222219837608,300.0,,23.0,57.33,8.0,4.0,3.0
4323,ESCUELAS AGUIRRE,2018-03-13 02:00:00+00:00,40.42166665995589,-3.682222219837608,,,,,5.0,,
4323,ESCUELAS AGUIRRE,2018-03-15 01:00:00+00:00,40.42166665995589,-3.682222219837608,200.0,,21.0,83.34,8.0,7.0,3.0
4323,ESCUELAS AGUIRRE,2018-03-16 01:00:00+00:00,40.42166665995589,-3.682222219837608,300.0,,31.0,54.66,,6.0,3.0
4323,ESCUELAS AGUIRRE,2018-03-18 01:00:00+00:00,40.42166665995589,-3.682222219837608,400.0,,67.0,32.11,2.0,1.0,4.0
4323,ESCUELAS AGUIRRE,2018-03-18 02:00:00+00:00,40.42166665995589,-3.682222219837608,300.0,,64.0,32.83,11.0,9.0,4.0
4323,ESCUELAS AGUIRRE,2018-03-18 03:00:00+00:00,40.42166665995589,-3.682222219837608,300.0,,48.0,45.25,3.0,2.0,4.0
4323,ESCUELAS AGUIRRE,2018-03-18 04:00:00+00:00,40.42166665995589,-3.682222219837608,300.0,,51.0,40.4,8.0,7.0,4.0
4323,ESCUELAS AGUIRRE,2018-03-18 05:00:00+00:00,40.42166665995589,-3.682222219837608,300.0,,46.0,40.77,5.0,3.0,4.0
4323,ESCUELAS AGUIRRE,2018-03-18 08:00:00+00:00,40.42166665995589,-3.682222219837608,300.0,,,47.87,6.0,3.0,
4323,ESCUELAS AGUIRRE,2018-03-18 09:00:00+00:00,40.42166665995589,-3.682222219837608,,,,,,,4.0
4323,ESCUELAS AGUIRRE,2018-03-18 10:00:00+00:00,40.42166665995589,-3.682222219837608,300.0,,32.0,63.55,3.0,2.0,4.0
4323,ESCUELAS AGUIRRE,2018-03-20 01:00:00+00:00,40.42166665995589,-3.682222219837608,300.0,,17.0,70.97,5.0,4.0,4.0
4323,ESCUELAS AGUIRRE,2018-03-22 01:00:00+00:00,40.42166665995589,-3.682222219837608,,,,65.45,,,
4323,ESCUELAS AGUIRRE,2018-03-22 02:00:00+00:00,40.42166665995589,-3.682222219837608,,,,73.75,,,
4323,ESCUELAS AGUIRRE,2018-03-22 03:00:00+00:00,40.42166665995589,-3.682222219837608,,,,76.23,,,
4323,ESCUELAS AGUIRRE,2018-03-22 04:00:00+00:00,40.42166665995589,-3.682222219837608,,,,73.46,,,
4323,ESCUELAS AGUIRRE,2018-03-22 05:00:00+00:00,40.42166665995589,-3.682222219837608,,,,65.4,,,
4323,ESCUELAS AGUIRRE,2018-03-22 06:00:00+00:00,40.42166665995589,-3.682222219837608,,,,33.83,,,
4323,ESCUELAS AGUIRRE,2018-03-22 07:00:00+00:00,40.42166665995589,-3.682222219837608,,,,5.26,,,
4323,ESCUELAS AGUIRRE,2018-03-22 08:00:00+00:00,40.42166665995589,-3.682222219837608,,,,15.1,,,
4323,ESCUELAS AGUIRRE,2018-03-22 09:00:00+00:00,40.42166665995589,-3.682222219837608,,,,29.15,,,
4323,ESCUELAS AGUIRRE,2018-03-22 10:00:00+00:00,40.42166665995589,-3.682222219837608,,,,29.51,,,
4323,ESCUELAS AGUIRRE,2018-03-22 11:00:00+00:00,40.42166665995589,-3.682222219837608,,,,46.63,,,
4323,ESCUELAS AGUIRRE,2018-03-22 12:00:00+00:00,40.42166665995589,-3.682222219837608,,,,45.81,,,
4323,ESCUELAS AGUIRRE,2018-03-22 13:00:00+00:00,40.42166665995589,-3.682222219837608,,,,52.24,,,
4323,ESCUELAS AGUIRRE,2018-03-22 14:00:00+00:00,40.42166665995589,-3.682222219837608,,,,62.78,,,
4323,ESCUELAS AGUIRRE,2018-03-22 15:00:00+00:00,40.42166665995589,-3.682222219837608,,,,66.19,,,
4323,ESCUELAS AGUIRRE,2018-03-22 16:00:00+00:00,40.42166665995589,-3.682222219837608,,,,74.96,,,
4323,ESCUELAS AGUIRRE,2018-03-22 17:00:00+00:00,40.42166665995589,-3.682222219837608,,,,63.28,,,
4323,ESCUELAS AGUIRRE,2018-03-22 18:00:00+00:00,40.42166665995589,-3.682222219837608,,,,49.1,,,
4323,ESCUELAS AGUIRRE,2018-03-22 19:00:00+00:00,40.42166665995589,-3.682222219837608,,,,24.36,,,
4323,ESCUELAS AGUIRRE,2018-03-22 20:00:00+00:00,40.42166665995589,-3.682222219837608,,,,19.69,,,
4323,ESCUELAS AGUIRRE,2018-03-22 21:00:00+00:00,40.42166665995589,-3.682222219837608,,,,22.55,,,
4323,ESCUELAS AGUIRRE,2018-03-22 22:00:00+00:00,40.42166665995589,-3.682222219837608,,,,23.84,,,
4323,ESCUELAS AGUIRRE,2018-03-22 23:00:00+00:00,40.42166665995589,-3.682222219837608,,,,9.67,,,
4323,ESCUELAS AGUIRRE,2018-03-23 00:00:00+00:00,40.42166665995589,-3.682222219837608,,,,6.26,,,
4323,ESCUELAS AGUIRRE,2018-03-23 01:00:00+00:00,40.42166665995589,-3.682222219837608,,,,6.44,,,
4323,ESCUELAS AGUIRRE,2018-03-23 02:00:00+00:00,40.42166665995589,-3.682222219837608,,,,5.27,,,
4323,ESCUELAS AGUIRRE,2018-03-23 03:00:00+00:00,40.42166665995589,-3.682222219837608,,,,5.83,,,
4323,ESCUELAS AGUIRRE,2018-03-23 04:00:00+00:00,40.42166665995589,-3.682222219837608,,,,21.78,,,
4323,ESCUELAS AGUIRRE,2018-03-23 05:00:00+00:00,40.42166665995589,-3.682222219837608,,,,49.39,,,
4323,ESCUELAS AGUIRRE,2018-03-23 06:00:00+00:00,40.42166665995589,-3.682222219837608,,,,42.11,,,
4323,ESCUELAS AGUIRRE,2018-03-23 07:00:00+00:00,40.42166665995589,-3.682222219837608,,,,13.83,,,
4323,ESCUELAS AGUIRRE,2018-03-23 08:00:00+00:00,40.42166665995589,-3.682222219837608,,,,7.48,,,
4323,ESCUELAS AGUIRRE,2018-03-23 09:00:00+00:00,40.42166665995589,-3.682222219837608,,,,7.22,,,
4323,ESCUELAS AGUIRRE,2018-03-23 10:00:00+00:00,40.42166665995589,-3.682222219837608,,,,15.77,,,
4323,ESCUELAS AGUIRRE,2018-03-23 11:00:00+00:00,40.42166665995589,-3.682222219837608,500.0,,77.0,27.54,18.0,11.0,6.0
4323,ESCUELAS AGUIRRE,2018-03-23 12:00:00+00:00,40.42166665995589,-3.682222219837608,500.0,,,,16.0,,
4323,ESCUELAS AGUIRRE,2018-03-23 13:00:00+00:00,40.42166665995589,-3.682222219837608,500.0,,51.0,,14.0,,
4323,ESCUELAS AGUIRRE,2018-03-23 14:00:00+00:00,40.42166665995589,-3.682222219837608,600.0,,67.0,,9.0,,
4323,ESCUELAS AGUIRRE,2018-03-23 15:00:00+00:00,40.42166665995589,-3.682222219837608,500.0,,62.0,,14.0,,
4323,ESCUELAS AGUIRRE,2018-03-23 16:00:00+00:00,40.42166665995589,-3.682222219837608,400.0,,53.0,,15.0,,
4323,ESCUELAS AGUIRRE,2018-03-23 17:00:00+00:00,40.42166665995589,-3.682222219837608,400.0,,53.0,,2.0,,
4323,ESCUELAS AGUIRRE,2018-03-23 18:00:00+00:00,40.42166665995589,-3.682222219837608,400.0,,52.0,,2.0,,
4323,ESCUELAS AGUIRRE,2018-03-23 19:00:00+00:00,40.42166665995589,-3.682222219837608,400.0,,57.0,,2.0,,
4323,ESCUELAS AGUIRRE,2018-03-23 20:00:00+00:00,40.42166665995589,-3.682222219837608,400.0,,48.0,,3.0,,
4323,ESCUELAS AGUIRRE,2018-03-24 01:00:00+00:00,40.42166665995589,-3.682222219837608,200.0,,29.0,,,12.0,
4323,ESCUELAS AGUIRRE,2018-03-24 02:00:00+00:00,40.42166665995589,-3.682222219837608,,,21.0,,,,
4323,ESCUELAS AGUIRRE,2018-03-24 03:00:00+00:00,40.42166665995589,-3.682222219837608,,,20.0,,,,
4323,ESCUELAS AGUIRRE,2018-03-24 04:00:00+00:00,40.42166665995589,-3.682222219837608,,,18.0,,,,
4323,ESCUELAS AGUIRRE,2018-03-24 05:00:00+00:00,40.42166665995589,-3.682222219837608,,,24.0,,,,
4323,ESCUELAS AGUIRRE,2018-03-24 06:00:00+00:00,40.42166665995589,-3.682222219837608,,,24.0,,,,
4323,ESCUELAS AGUIRRE,2018-03-25 01:00:00+00:00,40.42166665995589,-3.682222219837608,300.0,,42.0,55.65,6.0,3.0,6.0
4323,ESCUELAS AGUIRRE,2018-03-25 02:00:00+00:00,40.42166665995589,-3.682222219837608,300.0,,41.0,58.73,5.0,3.0,6.0
4323,ESCUELAS AGUIRRE,2018-03-25 03:00:00+00:00,40.42166665995589,-3.682222219837608,300.0,,45.0,54.56,3.0,1.0,6.0
4323,ESCUELAS AGUIRRE,2018-03-26 01:00:00+00:00,40.42166665995589,-3.682222219837608,300.0,,54.0,31.88,5.0,2.0,6.0
4323,ESCUELAS AGUIRRE,2018-03-27 01:00:00+00:00,40.42166665995589,-3.682222219837608,300.0,,33.0,58.44,5.0,2.0,6.0
4323,ESCUELAS AGUIRRE,2018-03-29 01:00:00+00:00,40.42166665995589,-3.682222219837608,200.0,,19.0,43.24,3.0,2.0,6.0
4323,ESCUELAS AGUIRRE,2018-04-01 01:00:00+00:00,40.42166665995589,-3.682222219837608,300.0,,42.0,47.72,,2.0,
4323,ESCUELAS AGUIRRE,2018-04-02 01:00:00+00:00,40.42166665995589,-3.682222219837608,300.0,,38.0,52.82,7.0,5.0,7.0
4323,ESCUELAS AGUIRRE,2018-04-03 01:00:00+00:00,40.42166665995589,-3.682222219837608,200.0,,11.0,70.77,6.0,4.0,1.0
4323,ESCUELAS AGUIRRE,2018-04-04 01:00:00+00:00,40.42166665995589,-3.682222219837608,200.0,,12.0,88.35,1.0,1.0,1.0
4323,ESCUELAS AGUIRRE,2018-04-05 01:00:00+00:00,40.42166665995589,-3.682222219837608,300.0,,44.0,41.01,19.0,5.0,1.0
4323,ESCUELAS AGUIRRE,2018-04-05 19:00:00+00:00,40.42166665995589,-3.682222219837608,,,,,,14.0,
4323,ESCUELAS AGUIRRE,2018-04-05 20:00:00+00:00,40.42166665995589,-3.682222219837608,,,,,,9.0,
4323,ESCUELAS AGUIRRE,2018-04-05 21:00:00+00:00,40.42166665995589,-3.682222219837608,,,,,,11.0,
4323,ESCUELAS AGUIRRE,2018-04-05 22:00:00+00:00,40.42166665995589,-3.682222219837608,,,,,,5.0,
4323,ESCUELAS AGUIRRE,2018-04-05 23:00:00+00:00,40.42166665995589,-3.682222219837608,,,,,,8.0,
4323,ESCUELAS AGUIRRE,2018-04-06 00:00:00+00:00,40.42166665995589,-3.682222219837608,,,,,,7.0,
4323,ESCUELAS AGUIRRE,2018-04-08 01:00:00+00:00,40.42166665995589,-3.682222219837608,300.0,,44.0,45.27,2.0,2.0,1.0
4323,ESCUELAS AGUIRRE,2018-04-10 01:00:00+00:00,40.42166665995589,-3.682222219837608,,,,,1.0,1.0,1.0
4323,ESCUELAS AGUIRRE,2018-04-11 01:00:00+00:00,40.42166665995589,-3.682222219837608,200.0,,23.0,73.13,3.0,3.0,1.0
4323,ESCUELAS AGUIRRE,2018-04-13 01:00:00+00:00,40.42166665995589,-3.682222219837608,200.0,,16.0,70.62,8.0,8.0,1.0
4323,ESCUELAS AGUIRRE,2018-04-17 01:00:00+00:00,40.42166665995589,-3.682222219837608,300.0,,51.0,21.71,4.0,2.0,1.0
4323,ESCUELAS AGUIRRE,2018-04-19 01:00:00+00:00,40.42166665995589,-3.682222219837608,200.0,,20.0,75.41,21.0,8.0,1.0
4323,ESCUELAS AGUIRRE,2018-04-23 01:00:00+00:00,40.42166665995589,-3.682222219837608,300.0,,60.0,26.54,19.0,10.0,1.0
4323,ESCUELAS AGUIRRE,2018-04-24 01:00:00+00:00,40.42166665995589,-3.682222219837608,200.0,,17.0,56.08,11.0,2.0,1.0
4323,ESCUELAS AGUIRRE,2018-04-26 01:00:00+00:00,40.42166665995589,-3.682222219837608,300.0,,40.0,60.74,2.0,1.0,1.0
4323,ESCUELAS AGUIRRE,2018-04-27 01:00:00+00:00,40.42166665995589,-3.682222219837608,300.0,,42.0,49.95,19.0,10.0,1.0
4323,ESCUELAS AGUIRRE,2018-04-28 01:00:00+00:00,40.42166665995589,-3.682222219837608,200.0,,25.0,48.67,14.0,10.0,
4323,ESCUELAS AGUIRRE,2018-04-29 01:00:00+00:00,40.42166665995589,-3.682222219837608,200.0,,26.0,67.03,8.0,5.0,1.0
4323,ESCUELAS AGUIRRE,2018-04-30 01:00:00+00:00,40.42166665995589,-3.682222219837608,200.0,,15.0,65.06,3.0,3.0,1.0
4323,ESCUELAS AGUIRRE,2018-05-01 01:00:00+00:00,40.42166665995589,-3.682222219837608,300.0,,46.0,46.65,6.0,5.0,4.0
4323,ESCUELAS AGUIRRE,2018-05-02 01:00:00+00:00,40.42166665995589,-3.682222219837608,300.0,,47.0,43.27,14.0,8.0,4.0
4323,ESCUELAS AGUIRRE,2018-05-04 01:00:00+00:00,40.42166665995589,-3.682222219837608,200.0,,17.0,81.18,,7.0,4.0
4323,ESCUELAS AGUIRRE,2018-05-05 01:00:00+00:00,40.42166665995589,-3.682222219837608,,,,,,,4.0
4323,ESCUELAS AGUIRRE,2018-05-06 01:00:00+00:00,40.42166665995589,-3.682222219837608,200.0,,33.0,65.33,1.0,1.0,4.0
4323,ESCUELAS AGUIRRE,2018-05-08 01:00:00+00:00,40.42166665995589,-3.682222219837608,300.0,,38.0,33.18,7.0,6.0,4.0
4323,ESCUELAS AGUIRRE,2018-05-09 01:00:00+00:00,40.42166665995589,-3.682222219837608,300.0,,22.0,64.41,10.0,7.0,4.0
4323,ESCUELAS AGUIRRE,2018-05-10 01:00:00+00:00,40.42166665995589,-3.682222219837608,300.0,,24.0,64.13,11.0,8.0,4.0
4323,ESCUELAS AGUIRRE,2018-05-11 01:00:00+00:00,40.42166665995589,-3.682222219837608,300.0,,34.0,52.07,14.0,10.0,4.0
4323,ESCUELAS AGUIRRE,2018-05-12 01:00:00+00:00,40.42166665995589,-3.682222219837608,300.0,,52.0,50.22,8.0,4.0,4.0
4323,ESCUELAS AGUIRRE,2018-05-13 01:00:00+00:00,40.42166665995589,-3.682222219837608,200.0,,26.0,72.45,4.0,3.0,4.0
4323,ESCUELAS AGUIRRE,2018-05-19 01:00:00+00:00,40.42166665995589,-3.682222219837608,300.0,,52.0,47.11,18.0,14.0,4.0
4323,ESCUELAS AGUIRRE,2018-05-21 01:00:00+00:00,40.42166665995589,-3.682222219837608,200.0,,22.0,67.55,3.0,2.0,4.0
4323,ESCUELAS AGUIRRE,2018-05-22 01:00:00+00:00,40.42166665995589,-3.682222219837608,200.0,,31.0,61.7,12.0,10.0,4.0
4323,ESCUELAS AGUIRRE,2018-05-23 01:00:00+00:00,40.42166665995589,-3.682222219837608,400.0,,68.0,29.81,15.0,12.0,4.0
4323,ESCUELAS AGUIRRE,2018-05-25 01:00:00+00:00,40.42166665995589,-3.682222219837608,200.0,,26.0,63.51,15.0,12.0,4.0
4323,ESCUELAS AGUIRRE,2018-05-26 01:00:00+00:00,40.42166665995589,-3.682222219837608,300.0,,62.0,12.24,18.0,16.0,4.0
4323,ESCUELAS AGUIRRE,2018-05-27 01:00:00+00:00,40.42166665995589,-3.682222219837608,700.0,,101.0,10.53,25.0,19.0,4.0
4323,ESCUELAS AGUIRRE,2018-05-28 01:00:00+00:00,40.42166665995589,-3.682222219837608,200.0,,22.0,59.57,11.0,8.0,4.0
4323,ESCUELAS AGUIRRE,2018-05-29 01:00:00+00:00,40.42166665995589,-3.682222219837608,,,37.0,37.08,5.0,,4.0
4323,ESCUELAS AGUIRRE,2018-05-30 01:00:00+00:00,40.42166665995589,-3.682222219837608,200.0,,,70.9,,,4.0
4323,ESCUELAS AGUIRRE,2018-05-31 01:00:00+00:00,40.42166665995589,-3.682222219837608,200.0,,30.0,57.02,10.0,9.0,4.0
4323,ESCUELAS AGUIRRE,2018-06-01 01:00:00+00:00,40.42166665995589,-3.682222219837608,400.0,,65.0,20.11,8.0,6.0,4.0
4323,ESCUELAS AGUIRRE,2018-06-02 01:00:00+00:00,40.42166665995589,-3.682222219837608,200.0,,23.0,77.33,1.0,1.0,4.0
4323,ESCUELAS AGUIRRE,2018-06-03 01:00:00+00:00,40.42166665995589,-3.682222219837608,300.0,,74.0,14.3,3.0,2.0,4.0
4323,ESCUELAS AGUIRRE,2018-06-04 01:00:00+00:00,40.42166665995589,-3.682222219837608,200.0,,,,,,
4323,ESCUELAS AGUIRRE,2018-06-06 01:00:00+00:00,40.42166665995589,-3.682222219837608,200.0,,11.0,65.96,17.0,15.0,3.0
4323,ESCUELAS AGUIRRE,2018-06-07 01:00:00+00:00,40.42166665995589,-3.682222219837608,300.0,,65.0,20.41,1.0,1.0,4.0
4323,ESCUELAS AGUIRRE,2018-06-08 01:00:00+00:00,40.42166665995589,-3.682222219837608,200.0,,19.0,68.31,13.0,6.0,4.0
4323,ESCUELAS AGUIRRE,2018-06-09 01:00:00+00:00,40.42166665995589,-3.682222219837608,,,,23.32,,,
4323,ESCUELAS AGUIRRE,2018-06-10 01:00:00+00:00,40.42166665995589,-3.682222219837608,300.0,,67.0,15.93,12.0,3.0,4.0
4323,ESCUELAS AGUIRRE,2018-06-11 01:00:00+00:00,40.42166665995589,-3.682222219837608,200.0,,18.0,66.72,8.0,5.0,4.0
4323,ESCUELAS AGUIRRE,2018-06-12 01:00:00+00:00,40.42166665995589,-3.682222219837608,200.0,,42.0,36.44,4.0,2.0,4.0
4323,ESCUELAS AGUIRRE,2018-06-13 01:00:00+00:00,40.42166665995589,-3.682222219837608,200.0,,14.0,83.64,9.0,6.0,4.0
4323,ESCUELAS AGUIRRE,2018-06-14 01:00:00+00:00,40.42166665995589,-3.682222219837608,200.0,,15.0,70.52,6.0,2.0,4.0
4323,ESCUELAS AGUIRRE,2018-06-15 01:00:00+00:00,40.42166665995589,-3.682222219837608,200.0,,30.0,58.76,23.0,15.0,4.0
4323,ESCUELAS AGUIRRE,2018-06-16 01:00:00+00:00,40.42166665995589,-3.682222219837608,200.0,,20.0,28.67,19.0,12.0,4.0
4323,ESCUELAS AGUIRRE,2018-06-18 01:00:00+00:00,40.42166665995589,-3.682222219837608,200.0,,12.0,75.74,7.0,3.0,4.0
4323,ESCUELAS AGUIRRE,2018-06-19 01:00:00+00:00,40.42166665995589,-3.682222219837608,200.0,,12.0,76.64,15.0,8.0,4.0
4323,ESCUELAS AGUIRRE,2018-06-20 01:00:00+00:00,40.42166665995589,-3.682222219837608,200.0,,24.0,78.16,31.0,15.0,4.0
4323,ESCUELAS AGUIRRE,2018-06-20 02:00:00+00:00,40.42166665995589,-3.682222219837608,,,24.0,70.98,26.0,,4.0
4323,ESCUELAS AGUIRRE,2018-06-20 03:00:00+00:00,40.42166665995589,-3.682222219837608,,,27.0,61.46,23.0,,4.0
4323,ESCUELAS AGUIRRE,2018-06-20 04:00:00+00:00,40.42166665995589,-3.682222219837608,,,26.0,66.4,20.0,,4.0
4323,ESCUELAS AGUIRRE,2018-06-21 01:00:00+00:00,40.42166665995589,-3.682222219837608,200.0,,16.0,85.35,27.0,10.0,4.0
4323,ESCUELAS AGUIRRE,2018-06-22 01:00:00+00:00,40.42166665995589,-3.682222219837608,400.0,,81.0,32.03,28.0,13.0,4.0
4323,ESCUELAS AGUIRRE,2018-06-23 01:00:00+00:00,40.42166665995589,-3.682222219837608,200.0,,24.0,62.31,25.0,16.0,4.0
4323,ESCUELAS AGUIRRE,2018-06-23 02:00:00+00:00,40.42166665995589,-3.682222219837608,200.0,,22.0,62.7,29.0,19.0,4.0
4323,ESCUELAS AGUIRRE,2018-06-23 03:00:00+00:00,40.42166665995589,-3.682222219837608,200.0,,23.0,59.21,29.0,19.0,4.0
4323,ESCUELAS AGUIRRE,2018-06-23 04:00:00+00:00,40.42166665995589,-3.682222219837608,200.0,,20.0,60.38,28.0,17.0,4.0
4323,ESCUELAS AGUIRRE,2018-06-23 05:00:00+00:00,40.42166665995589,-3.682222219837608,200.0,,24.0,56.79,22.0,13.0,4.0
4323,ESCUELAS AGUIRRE,2018-06-23 06:00:00+00:00,40.42166665995589,-3.682222219837608,200.0,,31.0,51.17,23.0,15.0,4.0
4323,ESCUELAS AGUIRRE,2018-06-23 07:00:00+00:00,40.42166665995589,-3.682222219837608,200.0,,43.0,47.37,22.0,13.0,4.0
4323,ESCUELAS AGUIRRE,2018-06-23 08:00:00+00:00,40.42166665995589,-3.682222219837608,300.0,,46.0,60.0,27.0,16.0,4.0
4323,ESCUELAS AGUIRRE,2018-06-23 09:00:00+00:00,40.42166665995589,-3.682222219837608,300.0,,44.0,75.25,31.0,18.0,4.0
4323,ESCUELAS AGUIRRE,2018-06-23 10:00:00+00:00,40.42166665995589,-3.682222219837608,300.0,,43.0,94.78,32.0,16.0,4.0
4323,ESCUELAS AGUIRRE,2018-06-23 11:00:00+00:00,40.42166665995589,-3.682222219837608,200.0,,36.0,116.8,27.0,12.0,4.0
4323,ESCUELAS AGUIRRE,2018-06-23 12:00:00+00:00,40.42166665995589,-3.682222219837608,200.0,,33.0,139.2,24.0,10.0,4.0
4323,ESCUELAS AGUIRRE,2018-06-23 13:00:00+00:00,40.42166665995589,-3.682222219837608,200.0,,32.0,141.6,38.0,23.0,4.0
4323,ESCUELAS AGUIRRE,2018-06-23 14:00:00+00:00,40.42166665995589,-3.682222219837608,200.0,,29.0,141.6,32.0,17.0,4.0
4323,ESCUELAS AGUIRRE,2018-06-23 15:00:00+00:00,40.42166665995589,-3.682222219837608,200.0,,19.0,151.3,31.0,14.0,4.0
4323,ESCUELAS AGUIRRE,2018-06-23 16:00:00+00:00,40.42166665995589,-3.682222219837608,200.0,,33.0,143.9,34.0,14.0,4.0
4323,ESCUELAS AGUIRRE,2018-06-23 17:00:00+00:00,40.42166665995589,-3.682222219837608,200.0,,32.0,149.0,41.0,13.0,4.0
4323,ESCUELAS AGUIRRE,2018-06-23 18:00:00+00:00,40.42166665995589,-3.682222219837608,200.0,,36.0,152.3,55.0,27.0,4.0
4323,ESCUELAS AGUIRRE,2018-06-23 19:00:00+00:00,40.42166665995589,-3.682222219837608,300.0,,74.0,125.7,57.0,28.0,4.0
4323,ESCUELAS AGUIRRE,2018-06-23 20:00:00+00:00,40.42166665995589,-3.682222219837608,400.0,,128.0,64.58,59.0,28.0,4.0
4323,ESCUELAS AGUIRRE,2018-06-23 21:00:00+00:00,40.42166665995589,-3.682222219837608,400.0,,77.0,67.36,48.0,25.0,4.0
4323,ESCUELAS AGUIRRE,2018-06-23 22:00:00+00:00,40.42166665995589,-3.682222219837608,300.0,,53.0,73.79,21.0,14.0,4.0
4323,ESCUELAS AGUIRRE,2018-06-23 23:00:00+00:00,40.42166665995589,-3.682222219837608,300.0,,39.0,76.96,25.0,15.0,4.0
4323,ESCUELAS AGUIRRE,2018-06-24 00:00:00+00:00,40.42166665995589,-3.682222219837608,200.0,,46.0,65.5,26.0,15.0,4.0
4323,ESCUELAS AGUIRRE,2018-06-24 01:00:00+00:00,40.42166665995589,-3.682222219837608,200.0,,45.0,59.62,24.0,13.0,4.0
4323,ESCUELAS AGUIRRE,2018-06-24 02:00:00+00:00,40.42166665995589,-3.682222219837608,300.0,,50.0,52.07,25.0,14.0,4.0
4323,ESCUELAS AGUIRRE,2018-06-24 03:00:00+00:00,40.42166665995589,-3.682222219837608,200.0,,35.0,64.84,26.0,15.0,4.0
4323,ESCUELAS AGUIRRE,2018-06-24 04:00:00+00:00,40.42166665995589,-3.682222219837608,200.0,,25.0,71.37,25.0,15.0,4.0
4323,ESCUELAS AGUIRRE,2018-06-24 05:00:00+00:00,40.42166665995589,-3.682222219837608,200.0,,28.0,65.81,19.0,9.0,4.0
4323,ESCUELAS AGUIRRE,2018-06-24 06:00:00+00:00,40.42166665995589,-3.682222219837608,200.0,,28.0,65.38,18.0,9.0,4.0
4323,ESCUELAS AGUIRRE,2018-06-24 07:00:00+00:00,40.42166665995589,-3.682222219837608,200.0,,29.0,61.91,20.0,10.0,4.0
4323,ESCUELAS AGUIRRE,2018-06-24 08:00:00+00:00,40.42166665995589,-3.682222219837608,200.0,,38.0,59.84,25.0,13.0,4.0
4323,ESCUELAS AGUIRRE,2018-06-24 09:00:00+00:00,40.42166665995589,-3.682222219837608,200.0,,28.0,85.16,28.0,13.0,4.0
4323,ESCUELAS AGUIRRE,2018-06-24 10:00:00+00:00,40.42166665995589,-3.682222219837608,200.0,,28.0,94.14,29.0,14.0,4.0
4323,ESCUELAS AGUIRRE,2018-06-24 11:00:00+00:00,40.42166665995589,-3.682222219837608,200.0,,28.0,110.5,28.0,11.0,4.0
4323,ESCUELAS AGUIRRE,2018-06-24 12:00:00+00:00,40.42166665995589,-3.682222219837608,300.0,,33.0,125.3,33.0,17.0,4.0
4323,ESCUELAS AGUIRRE,2018-06-24 13:00:00+00:00,40.42166665995589,-3.682222219837608,300.0,,35.0,140.1,33.0,16.0,4.0
4323,ESCUELAS AGUIRRE,2018-06-24 14:00:00+00:00,40.42166665995589,-3.682222219837608,200.0,,31.0,147.4,55.0,23.0,4.0
4323,ESCUELAS AGUIRRE,2018-06-24 15:00:00+00:00,40.42166665995589,-3.682222219837608,200.0,,29.0,145.6,67.0,26.0,4.0
4323,ESCUELAS AGUIRRE,2018-06-24 16:00:00+00:00,40.42166665995589,-3.682222219837608,200.0,,31.0,125.4,70.0,29.0,4.0
4323,ESCUELAS AGUIRRE,2018-06-24 17:00:00+00:00,40.42166665995589,-3.682222219837608,200.0,,28.0,123.7,92.0,33.0,4.0
4323,ESCUELAS AGUIRRE,2018-06-24 18:00:00+00:00,40.42166665995589,-3.682222219837608,200.0,,33.0,119.6,110.0,40.0,4.0
4323,ESCUELAS AGUIRRE,2018-06-24 19:00:00+00:00,40.42166665995589,-3.682222219837608,300.0,,61.0,97.66,117.0,40.0,4.0
4323,ESCUELAS AGUIRRE,2018-06-25 01:00:00+00:00,40.42166665995589,-3.682222219837608,200.0,,15.0,83.0,27.0,13.0,4.0
4323,ESCUELAS AGUIRRE,2018-06-26 01:00:00+00:00,40.42166665995589,-3.682222219837608,200.0,,35.0,70.18,52.0,22.0,4.0
4323,ESCUELAS AGUIRRE,2018-06-27 01:00:00+00:00,40.42166665995589,-3.682222219837608,300.0,,37.0,63.5,42.0,23.0,4.0
4323,ESCUELAS AGUIRRE,2018-06-28 01:00:00+00:00,40.42166665995589,-3.682222219837608,200.0,,24.0,62.64,29.0,18.0,4.0
4323,ESCUELAS AGUIRRE,2018-06-29 01:00:00+00:00,40.42166665995589,-3.682222219837608,200.0,,38.0,58.03,34.0,23.0,4.0
4323,ESCUELAS AGUIRRE,2018-07-01 01:00:00+00:00,40.42166665995589,-3.682222219837608,200.0,,42.0,47.01,18.0,7.0,4.0
4323,ESCUELAS AGUIRRE,2018-07-02 01:00:00+00:00,40.42166665995589,-3.682222219837608,200.0,,19.0,83.34,10.0,4.0,4.0
4323,ESCUELAS AGUIRRE,2018-07-03 01:00:00+00:00,40.42166665995589,-3.682222219837608,200.0,,19.0,72.95,16.0,9.0,4.0
4323,ESCUELAS AGUIRRE,2018-07-04 01:00:00+00:00,40.42166665995589,-3.682222219837608,400.0,,98.0,7.94,29.0,15.0,4.0
4323,ESCUELAS AGUIRRE,2018-07-05 01:00:00+00:00,40.42166665995589,-3.682222219837608,200.0,,25.0,68.7,17.0,9.0,4.0
4323,ESCUELAS AGUIRRE,2018-07-06 01:00:00+00:00,40.42166665995589,-3.682222219837608,200.0,,23.0,75.06,13.0,6.0,4.0
4323,ESCUELAS AGUIRRE,2018-07-11 01:00:00+00:00,40.42166665995589,-3.682222219837608,200.0,,19.0,98.6,19.0,12.0,4.0
4323,ESCUELAS AGUIRRE,2018-07-12 01:00:00+00:00,40.42166665995589,-3.682222219837608,200.0,,17.0,87.12,26.0,11.0,4.0
4323,ESCUELAS AGUIRRE,2018-07-13 01:00:00+00:00,40.42166665995589,-3.682222219837608,200.0,,17.0,93.1,24.0,14.0,4.0
4323,ESCUELAS AGUIRRE,2018-07-15 01:00:00+00:00,40.42166665995589,-3.682222219837608,300.0,,42.0,67.72,26.0,13.0,4.0
4323,ESCUELAS AGUIRRE,2018-07-16 01:00:00+00:00,40.42166665995589,-3.682222219837608,200.0,,18.0,70.93,18.0,10.0,4.0
4323,ESCUELAS AGUIRRE,2018-07-18 01:00:00+00:00,40.42166665995589,-3.682222219837608,200.0,,15.0,95.86,40.0,9.0,4.0
4323,ESCUELAS AGUIRRE,2018-07-20 01:00:00+00:00,40.42166665995589,-3.682222219837608,400.0,,58.0,50.83,22.0,10.0,4.0
4323,ESCUELAS AGUIRRE,2018-07-21 01:00:00+00:00,40.42166665995589,-3.682222219837608,200.0,,31.0,67.1,13.0,8.0,4.0
4323,ESCUELAS AGUIRRE,2018-07-22 01:00:00+00:00,40.42166665995589,-3.682222219837608,200.0,,21.0,73.44,12.0,7.0,4.0
4323,ESCUELAS AGUIRRE,2018-07-23 01:00:00+00:00,40.42166665995589,-3.682222219837608,200.0,,24.0,59.38,19.0,12.0,4.0
4323,ESCUELAS AGUIRRE,2018-07-27 01:00:00+00:00,40.42166665995589,-3.682222219837608,300.0,,53.0,54.88,21.0,12.0,4.0
4323,ESCUELAS AGUIRRE,2018-07-29 01:00:00+00:00,40.42166665995589,-3.682222219837608,300.0,,44.0,57.43,21.0,12.0,4.0
4323,ESCUELAS AGUIRRE,2018-07-30 01:00:00+00:00,40.42166665995589,-3.682222219837608,300.0,,41.0,47.99,35.0,25.0,4.0
4323,ESCUELAS AGUIRRE,2018-07-31 01:00:00+00:00,40.42166665995589,-3.682222219837608,400.0,,79.0,14.1,35.0,22.0,4.0
4323,ESCUELAS AGUIRRE,2018-08-01 01:00:00+00:00,40.42166665995589,-3.682222219837608,500.0,,79.0,32.09,39.0,22.0,5.0
4323,ESCUELAS AGUIRRE,2018-08-02 01:00:00+00:00,40.42166665995589,-3.682222219837608,500.0,,90.0,36.07,51.0,27.0,5.0
4323,ESCUELAS AGUIRRE,2018-08-03 01:00:00+00:00,40.42166665995589,-3.682222219837608,200.0,,21.0,90.44,43.0,23.0,4.0
4323,ESCUELAS AGUIRRE,2018-08-05 01:00:00+00:00,40.42166665995589,-3.682222219837608,200.0,,20.0,93.28,37.0,17.0,4.0
4323,ESCUELAS AGUIRRE,2018-08-06 01:00:00+00:00,40.42166665995589,-3.682222219837608,200.0,,22.0,93.37,28.0,15.0,4.0
4323,ESCUELAS AGUIRRE,2018-08-07 01:00:00+00:00,40.42166665995589,-3.682222219837608,200.0,,17.0,99.68,95.0,33.0,4.0
4323,ESCUELAS AGUIRRE,2018-08-09 01:00:00+00:00,40.42166665995589,-3.682222219837608,200.0,,21.0,79.03,23.0,9.0,4.0
4323,ESCUELAS AGUIRRE,2018-08-12 06:00:00+00:00,40.42166665995589,-3.682222219837608,,,20.0,48.67,,,
4323,ESCUELAS AGUIRRE,2018-08-12 07:00:00+00:00,40.42166665995589,-3.682222219837608,,,22.0,49.68,,,
4323,ESCUELAS AGUIRRE,2018-08-12 08:00:00+00:00,40.42166665995589,-3.682222219837608,,,21.0,55.25,,,
4323,ESCUELAS AGUIRRE,2018-08-12 09:00:00+00:00,40.42166665995589,-3.682222219837608,,,20.0,64.23,,,
4323,ESCUELAS AGUIRRE,2018-08-12 10:00:00+00:00,40.42166665995589,-3.682222219837608,,,18.0,78.16,,,
4323,ESCUELAS AGUIRRE,2018-08-12 11:00:00+00:00,40.42166665995589,-3.682222219837608,,,15.0,99.42,,,
4323,ESCUELAS AGUIRRE,2018-08-12 12:00:00+00:00,40.42166665995589,-3.682222219837608,,,16.0,113.3,,,
4323,ESCUELAS AGUIRRE,2018-08-12 13:00:00+00:00,40.42166665995589,-3.682222219837608,,,24.0,,,,
4323,ESCUELAS AGUIRRE,2018-08-12 14:00:00+00:00,40.42166665995589,-3.682222219837608,,,21.0,,,,
4323,ESCUELAS AGUIRRE,2018-08-12 15:00:00+00:00,40.42166665995589,-3.682222219837608,,,23.0,,,,
4323,ESCUELAS AGUIRRE,2018-08-12 16:00:00+00:00,40.42166665995589,-3.682222219837608,,,27.0,,,,
4323,ESCUELAS AGUIRRE,2018-08-12 17:00:00+00:00,40.42166665995589,-3.682222219837608,,,35.0,,,,
4323,ESCUELAS AGUIRRE,2018-08-12 18:00:00+00:00,40.42166665995589,-3.682222219837608,,,40.0,,,,
4323,ESCUELAS AGUIRRE,2018-08-12 19:00:00+00:00,40.42166665995589,-3.682222219837608,,,52.0,,,,
4323,ESCUELAS AGUIRRE,2018-08-12 20:00:00+00:00,40.42166665995589,-3.682222219837608,,,65.0,,,,
4323,ESCUELAS AGUIRRE,2018-08-12 21:00:00+00:00,40.42166665995589,-3.682222219837608,,,71.0,65.12,,,
4323,ESCUELAS AGUIRRE,2018-08-12 23:00:00+00:00,40.42166665995589,-3.682222219837608,,,43.0,64.18,,,
4323,ESCUELAS AGUIRRE,2018-08-13 00:00:00+00:00,40.42166665995589,-3.682222219837608,,,37.0,61.18,,,
4323,ESCUELAS AGUIRRE,2018-08-13 01:00:00+00:00,40.42166665995589,-3.682222219837608,,,32.0,59.41,,,4.0
4323,ESCUELAS AGUIRRE,2018-08-13 02:00:00+00:00,40.42166665995589,-3.682222219837608,,,23.0,63.93,,,4.0
4323,ESCUELAS AGUIRRE,2018-08-13 03:00:00+00:00,40.42166665995589,-3.682222219837608,,,19.0,67.18,,,4.0
4323,ESCUELAS AGUIRRE,2018-08-13 04:00:00+00:00,40.42166665995589,-3.682222219837608,,,26.0,54.59,,,4.0
4323,ESCUELAS AGUIRRE,2018-08-13 05:00:00+00:00,40.42166665995589,-3.682222219837608,,,35.0,39.33,,,4.0
4323,ESCUELAS AGUIRRE,2018-08-13 06:00:00+00:00,40.42166665995589,-3.682222219837608,200.0,,54.0,25.62,32.0,15.0,4.0
4323,ESCUELAS AGUIRRE,2018-08-13 07:00:00+00:00,40.42166665995589,-3.682222219837608,300.0,,71.0,16.6,37.0,21.0,4.0
4323,ESCUELAS AGUIRRE,2018-08-13 08:00:00+00:00,40.42166665995589,-3.682222219837608,300.0,,60.0,28.31,38.0,19.0,4.0
4323,ESCUELAS AGUIRRE,2018-08-13 09:00:00+00:00,40.42166665995589,-3.682222219837608,300.0,,50.0,42.88,50.0,29.0,4.0
4323,ESCUELAS AGUIRRE,2018-08-13 10:00:00+00:00,40.42166665995589,-3.682222219837608,300.0,,49.0,,,,4.0
4323,ESCUELAS AGUIRRE,2018-08-13 11:00:00+00:00,40.42166665995589,-3.682222219837608,300.0,,48.0,68.83,,,4.0
4323,ESCUELAS AGUIRRE,2018-08-13 12:00:00+00:00,40.42166665995589,-3.682222219837608,200.0,,37.0,81.63,28.0,13.0,4.0
4323,ESCUELAS AGUIRRE,2018-08-13 13:00:00+00:00,40.42166665995589,-3.682222219837608,200.0,,33.0,70.45,38.0,21.0,4.0
4323,ESCUELAS AGUIRRE,2018-08-14 01:00:00+00:00,40.42166665995589,-3.682222219837608,200.0,,15.0,63.41,24.0,16.0,4.0
4323,ESCUELAS AGUIRRE,2018-08-15 01:00:00+00:00,40.42166665995589,-3.682222219837608,200.0,,13.0,63.66,5.0,1.0,4.0
4323,ESCUELAS AGUIRRE,2018-08-17 01:00:00+00:00,40.42166665995589,-3.682222219837608,200.0,,18.0,77.62,30.0,16.0,4.0
4323,ESCUELAS AGUIRRE,2018-08-18 01:00:00+00:00,40.42166665995589,-3.682222219837608,200.0,,11.0,46.2,,6.0,4.0
4323,ESCUELAS AGUIRRE,2018-08-19 01:00:00+00:00,40.42166665995589,-3.682222219837608,200.0,,,,18.0,11.0,4.0
4323,ESCUELAS AGUIRRE,2018-08-20 01:00:00+00:00,40.42166665995589,-3.682222219837608,200.0,,23.0,64.94,21.0,14.0,4.0
4323,ESCUELAS AGUIRRE,2018-08-21 01:00:00+00:00,40.42166665995589,-3.682222219837608,200.0,,27.0,70.49,24.0,14.0,4.0
4323,ESCUELAS AGUIRRE,2018-08-24 01:00:00+00:00,40.42166665995589,-3.682222219837608,200.0,,23.0,81.76,30.0,21.0,4.0
4323,ESCUELAS AGUIRRE,2018-08-24 02:00:00+00:00,40.42166665995589,-3.682222219837608,200.0,,29.0,,,15.0,
4323,ESCUELAS AGUIRRE,2018-08-24 03:00:00+00:00,40.42166665995589,-3.682222219837608,200.0,,28.0,,,18.0,
4323,ESCUELAS AGUIRRE,2018-08-25 01:00:00+00:00,40.42166665995589,-3.682222219837608,200.0,,21.0,60.3,25.0,18.0,4.0
4323,ESCUELAS AGUIRRE,2018-08-26 01:00:00+00:00,40.42166665995589,-3.682222219837608,200.0,,21.0,59.06,23.0,14.0,4.0
4323,ESCUELAS AGUIRRE,2018-08-27 01:00:00+00:00,40.42166665995589,-3.682222219837608,300.0,,35.0,72.09,42.0,30.0,4.0
4323,ESCUELAS AGUIRRE,2018-08-28 01:00:00+00:00,40.42166665995589,-3.682222219837608,400.0,,63.0,51.81,39.0,25.0,5.0
4323,ESCUELAS AGUIRRE,2018-08-29 01:00:00+00:00,40.42166665995589,-3.682222219837608,300.0,,35.0,82.19,30.0,14.0,4.0
4323,ESCUELAS AGUIRRE,2018-08-30 01:00:00+00:00,40.42166665995589,-3.682222219837608,200.0,,11.0,80.13,40.0,27.0,4.0
4323,ESCUELAS AGUIRRE,2018-08-31 01:00:00+00:00,40.42166665995589,-3.682222219837608,200.0,,22.0,65.3,37.0,26.0,4.0
4323,ESCUELAS AGUIRRE,2018-09-02 01:00:00+00:00,40.42166665995589,-3.682222219837608,200.0,,22.0,52.14,28.0,21.0,4.0
4323,ESCUELAS AGUIRRE,2018-09-03 01:00:00+00:00,40.42166665995589,-3.682222219837608,200.0,,24.0,74.41,65.0,38.0,4.0
4323,ESCUELAS AGUIRRE,2018-09-04 01:00:00+00:00,40.42166665995589,-3.682222219837608,300.0,,29.0,70.08,63.0,38.0,4.0
4323,ESCUELAS AGUIRRE,2018-09-05 01:00:00+00:00,40.42166665995589,-3.682222219837608,300.0,,23.0,78.07,58.0,37.0,4.0
4323,ESCUELAS AGUIRRE,2018-09-06 01:00:00+00:00,40.42166665995589,-3.682222219837608,300.0,,36.0,52.78,62.0,45.0,4.0
4323,ESCUELAS AGUIRRE,2018-09-07 01:00:00+00:00,40.42166665995589,-3.682222219837608,200.0,,12.0,82.81,12.0,8.0,4.0
4323,ESCUELAS AGUIRRE,2018-09-09 01:00:00+00:00,40.42166665995589,-3.682222219837608,600.0,,87.0,7.08,32.0,17.0,5.0
4323,ESCUELAS AGUIRRE,2018-09-10 01:00:00+00:00,40.42166665995589,-3.682222219837608,200.0,,20.0,72.27,7.0,3.0,4.0
4323,ESCUELAS AGUIRRE,2018-09-11 01:00:00+00:00,40.42166665995589,-3.682222219837608,200.0,,36.0,49.47,10.0,6.0,4.0
4323,ESCUELAS AGUIRRE,2018-09-16 01:00:00+00:00,40.42166665995589,-3.682222219837608,200.0,,30.0,50.96,12.0,7.0,4.0
4323,ESCUELAS AGUIRRE,2018-09-16 02:00:00+00:00,40.42166665995589,-3.682222219837608,200.0,,30.0,47.62,14.0,8.0,4.0
4323,ESCUELAS AGUIRRE,2018-09-16 03:00:00+00:00,40.42166665995589,-3.682222219837608,200.0,,25.0,55.84,9.0,4.0,4.0
4323,ESCUELAS AGUIRRE,2018-09-16 04:00:00+00:00,40.42166665995589,-3.682222219837608,200.0,,22.0,59.29,7.0,2.0,4.0
4323,ESCUELAS AGUIRRE,2018-09-16 05:00:00+00:00,40.42166665995589,-3.682222219837608,200.0,,33.0,47.59,9.0,5.0,4.0
4323,ESCUELAS AGUIRRE,2018-09-16 06:00:00+00:00,40.42166665995589,-3.682222219837608,200.0,,31.0,46.53,7.0,3.0,4.0
4323,ESCUELAS AGUIRRE,2018-09-16 07:00:00+00:00,40.42166665995589,-3.682222219837608,200.0,,29.0,51.29,12.0,5.0,4.0
4323,ESCUELAS AGUIRRE,2018-09-16 08:00:00+00:00,40.42166665995589,-3.682222219837608,200.0,,34.0,51.67,14.0,3.0,4.0
4323,ESCUELAS AGUIRRE,2018-09-16 09:00:00+00:00,40.42166665995589,-3.682222219837608,200.0,,28.0,63.81,17.0,6.0,4.0
4323,ESCUELAS AGUIRRE,2018-09-16 10:00:00+00:00,40.42166665995589,-3.682222219837608,200.0,,30.0,67.23,17.0,8.0,4.0
4323,ESCUELAS AGUIRRE,2018-09-16 11:00:00+00:00,40.42166665995589,-3.682222219837608,200.0,,31.0,73.39,19.0,9.0,4.0
4323,ESCUELAS AGUIRRE,2018-09-16 12:00:00+00:00,40.42166665995589,-3.682222219837608,200.0,,26.0,89.3,19.0,7.0,4.0
4323,ESCUELAS AGUIRRE,2018-09-16 13:00:00+00:00,40.42166665995589,-3.682222219837608,200.0,,24.0,104.0,17.0,6.0,4.0
4323,ESCUELAS AGUIRRE,2018-09-16 14:00:00+00:00,40.42166665995589,-3.682222219837608,200.0,,20.0,115.2,22.0,13.0,5.0
4323,ESCUELAS AGUIRRE,2018-09-16 15:00:00+00:00,40.42166665995589,-3.682222219837608,200.0,,15.0,119.8,18.0,9.0,5.0
4323,ESCUELAS AGUIRRE,2018-09-16 16:00:00+00:00,40.42166665995589,-3.682222219837608,200.0,,17.0,118.0,16.0,7.0,4.0
4323,ESCUELAS AGUIRRE,2018-09-16 17:00:00+00:00,40.42166665995589,-3.682222219837608,200.0,,23.0,115.6,19.0,9.0,4.0
4323,ESCUELAS AGUIRRE,2018-09-16 18:00:00+00:00,40.42166665995589,-3.682222219837608,300.0,,43.0,93.3,32.0,9.0,4.0
4323,ESCUELAS AGUIRRE,2018-09-16 19:00:00+00:00,40.42166665995589,-3.682222219837608,400.0,,98.0,46.83,101.0,16.0,4.0
4323,ESCUELAS AGUIRRE,2018-09-16 20:00:00+00:00,40.42166665995589,-3.682222219837608,500.0,,112.0,23.72,68.0,13.0,5.0
4323,ESCUELAS AGUIRRE,2018-09-16 21:00:00+00:00,40.42166665995589,-3.682222219837608,700.0,,142.0,5.8,46.0,16.0,5.0
4323,ESCUELAS AGUIRRE,2018-09-16 22:00:00+00:00,40.42166665995589,-3.682222219837608,700.0,,140.0,4.21,42.0,22.0,5.0
4323,ESCUELAS AGUIRRE,2018-09-16 23:00:00+00:00,40.42166665995589,-3.682222219837608,900.0,,151.0,4.63,43.0,23.0,6.0
4323,ESCUELAS AGUIRRE,2018-09-17 00:00:00+00:00,40.42166665995589,-3.682222219837608,600.0,,103.0,19.5,31.0,15.0,5.0
4323,ESCUELAS AGUIRRE,2018-09-17 01:00:00+00:00,40.42166665995589,-3.682222219837608,400.0,,84.0,19.98,28.0,17.0,4.0
4323,ESCUELAS AGUIRRE,2018-09-17 02:00:00+00:00,40.42166665995589,-3.682222219837608,300.0,,52.0,34.71,21.0,11.0,4.0
4323,ESCUELAS AGUIRRE,2018-09-17 03:00:00+00:00,40.42166665995589,-3.682222219837608,200.0,,25.0,50.51,13.0,6.0,4.0
4323,ESCUELAS AGUIRRE,2018-09-17 04:00:00+00:00,40.42166665995589,-3.682222219837608,200.0,,25.0,52.97,13.0,6.0,4.0
4323,ESCUELAS AGUIRRE,2018-09-17 05:00:00+00:00,40.42166665995589,-3.682222219837608,200.0,,36.0,44.06,13.0,6.0,4.0
4323,ESCUELAS AGUIRRE,2018-09-17 06:00:00+00:00,40.42166665995589,-3.682222219837608,200.0,,63.0,25.66,15.0,8.0,4.0
4323,ESCUELAS AGUIRRE,2018-09-17 07:00:00+00:00,40.42166665995589,-3.682222219837608,400.0,,86.0,13.24,19.0,8.0,5.0
4323,ESCUELAS AGUIRRE,2018-09-17 08:00:00+00:00,40.42166665995589,-3.682222219837608,400.0,,78.0,21.11,27.0,12.0,5.0
4323,ESCUELAS AGUIRRE,2018-09-17 09:00:00+00:00,40.42166665995589,-3.682222219837608,400.0,,75.0,28.91,25.0,10.0,4.0
4323,ESCUELAS AGUIRRE,2018-09-17 10:00:00+00:00,40.42166665995589,-3.682222219837608,300.0,,58.0,51.0,22.0,10.0,4.0
4323,ESCUELAS AGUIRRE,2018-09-17 11:00:00+00:00,40.42166665995589,-3.682222219837608,200.0,,42.0,71.29,26.0,14.0,4.0
4323,ESCUELAS AGUIRRE,2018-09-17 12:00:00+00:00,40.42166665995589,-3.682222219837608,200.0,,35.0,84.71,23.0,10.0,4.0
4323,ESCUELAS AGUIRRE,2018-09-17 13:00:00+00:00,40.42166665995589,-3.682222219837608,200.0,,33.0,91.51,28.0,12.0,4.0
4323,ESCUELAS AGUIRRE,2018-09-18 01:00:00+00:00,40.42166665995589,-3.682222219837608,200.0,,18.0,74.36,11.0,7.0,4.0
4323,ESCUELAS AGUIRRE,2018-09-19 01:00:00+00:00,40.42166665995589,-3.682222219837608,300.0,,43.0,40.81,16.0,11.0,4.0
4323,ESCUELAS AGUIRRE,2018-09-20 01:00:00+00:00,40.42166665995589,-3.682222219837608,400.0,,65.0,37.55,19.0,10.0,5.0
4323,ESCUELAS AGUIRRE,2018-09-21 01:00:00+00:00,40.42166665995589,-3.682222219837608,400.0,,45.0,53.51,23.0,12.0,4.0
4323,ESCUELAS AGUIRRE,2018-09-22 14:00:00+00:00,40.42166665995589,-3.682222219837608,300.0,,41.0,126.2,30.0,15.0,5.0
4323,ESCUELAS AGUIRRE,2018-09-22 15:00:00+00:00,40.42166665995589,-3.682222219837608,300.0,,33.0,126.3,22.0,9.0,4.0
4323,ESCUELAS AGUIRRE,2018-09-22 16:00:00+00:00,40.42166665995589,-3.682222219837608,300.0,,39.0,122.2,27.0,14.0,4.0
4323,ESCUELAS AGUIRRE,2018-09-22 17:00:00+00:00,40.42166665995589,-3.682222219837608,300.0,,43.0,108.3,28.0,11.0,4.0
4323,ESCUELAS AGUIRRE,2018-09-22 18:00:00+00:00,40.42166665995589,-3.682222219837608,400.0,,84.0,66.45,50.0,12.0,4.0
4323,ESCUELAS AGUIRRE,2018-09-22 19:00:00+00:00,40.42166665995589,-3.682222219837608,500.0,,124.0,29.34,94.0,15.0,5.0
4323,ESCUELAS AGUIRRE,2018-09-22 20:00:00+00:00,40.42166665995589,-3.682222219837608,600.0,,145.0,11.99,91.0,17.0,5.0
4323,ESCUELAS AGUIRRE,2018-09-22 21:00:00+00:00,40.42166665995589,-3.682222219837608,900.0,,164.0,5.18,62.0,28.0,6.0
4323,ESCUELAS AGUIRRE,2018-09-22 22:00:00+00:00,40.42166665995589,-3.682222219837608,1000.0,,140.0,7.41,55.0,32.0,5.0
4323,ESCUELAS AGUIRRE,2018-09-22 23:00:00+00:00,40.42166665995589,-3.682222219837608,600.0,,86.0,35.88,32.0,16.0,5.0
4323,ESCUELAS AGUIRRE,2018-09-23 00:00:00+00:00,40.42166665995589,-3.682222219837608,300.0,,56.0,51.52,22.0,12.0,4.0
4323,ESCUELAS AGUIRRE,2018-09-23 01:00:00+00:00,40.42166665995589,-3.682222219837608,300.0,,40.0,56.62,19.0,11.0,4.0
4323,ESCUELAS AGUIRRE,2018-09-23 02:00:00+00:00,40.42166665995589,-3.682222219837608,200.0,,30.0,59.43,15.0,8.0,4.0
4323,ESCUELAS AGUIRRE,2018-09-23 03:00:00+00:00,40.42166665995589,-3.682222219837608,200.0,,28.0,59.15,12.0,6.0,4.0
4323,ESCUELAS AGUIRRE,2018-09-23 04:00:00+00:00,40.42166665995589,-3.682222219837608,200.0,,28.0,59.45,12.0,6.0,4.0
4323,ESCUELAS AGUIRRE,2018-09-23 05:00:00+00:00,40.42166665995589,-3.682222219837608,200.0,,25.0,61.56,12.0,6.0,4.0
4323,ESCUELAS AGUIRRE,2018-09-23 06:00:00+00:00,40.42166665995589,-3.682222219837608,200.0,,27.0,58.29,12.0,6.0,4.0
4323,ESCUELAS AGUIRRE,2018-09-23 07:00:00+00:00,40.42166665995589,-3.682222219837608,200.0,,32.0,50.84,13.0,6.0,4.0
4323,ESCUELAS AGUIRRE,2018-09-23 08:00:00+00:00,40.42166665995589,-3.682222219837608,200.0,,34.0,50.16,17.0,10.0,4.0
4323,ESCUELAS AGUIRRE,2018-09-23 09:00:00+00:00,40.42166665995589,-3.682222219837608,200.0,,34.0,56.23,18.0,10.0,4.0
4323,ESCUELAS AGUIRRE,2018-09-23 10:00:00+00:00,40.42166665995589,-3.682222219837608,300.0,,48.0,61.69,17.0,5.0,4.0
4323,ESCUELAS AGUIRRE,2018-09-23 11:00:00+00:00,40.42166665995589,-3.682222219837608,300.0,,51.0,78.38,24.0,8.0,4.0
4323,ESCUELAS AGUIRRE,2018-09-23 12:00:00+00:00,40.42166665995589,-3.682222219837608,300.0,,48.0,102.6,28.0,13.0,5.0
4323,ESCUELAS AGUIRRE,2018-09-23 13:00:00+00:00,40.42166665995589,-3.682222219837608,300.0,,42.0,123.0,27.0,11.0,5.0
4323,ESCUELAS AGUIRRE,2018-09-23 14:00:00+00:00,40.42166665995589,-3.682222219837608,200.0,,27.0,140.5,17.0,5.0,5.0
4323,ESCUELAS AGUIRRE,2018-09-23 15:00:00+00:00,40.42166665995589,-3.682222219837608,200.0,,30.0,148.7,25.0,14.0,4.0
4323,ESCUELAS AGUIRRE,2018-09-23 16:00:00+00:00,40.42166665995589,-3.682222219837608,300.0,,37.0,141.3,28.0,16.0,4.0
4323,ESCUELAS AGUIRRE,2018-09-23 17:00:00+00:00,40.42166665995589,-3.682222219837608,200.0,,39.0,135.9,36.0,17.0,4.0
4323,ESCUELAS AGUIRRE,2018-09-23 18:00:00+00:00,40.42166665995589,-3.682222219837608,300.0,,82.0,86.32,43.0,11.0,4.0
4323,ESCUELAS AGUIRRE,2018-09-23 19:00:00+00:00,40.42166665995589,-3.682222219837608,500.0,,145.0,20.99,98.0,19.0,5.0
4323,ESCUELAS AGUIRRE,2018-09-23 20:00:00+00:00,40.42166665995589,-3.682222219837608,500.0,,97.0,43.77,102.0,21.0,4.0
4323,ESCUELAS AGUIRRE,2018-09-23 21:00:00+00:00,40.42166665995589,-3.682222219837608,400.0,,76.0,46.57,16.0,5.0,5.0
4323,ESCUELAS AGUIRRE,2018-09-23 22:00:00+00:00,40.42166665995589,-3.682222219837608,300.0,,54.0,58.29,17.0,9.0,4.0
4323,ESCUELAS AGUIRRE,2018-09-23 23:00:00+00:00,40.42166665995589,-3.682222219837608,300.0,,55.0,50.46,16.0,8.0,5.0
4323,ESCUELAS AGUIRRE,2018-09-24 00:00:00+00:00,40.42166665995589,-3.682222219837608,200.0,,22.0,65.66,20.0,12.0,4.0
4323,ESCUELAS AGUIRRE,2018-09-24 01:00:00+00:00,40.42166665995589,-3.682222219837608,200.0,,14.0,63.71,15.0,6.0,4.0
4323,ESCUELAS AGUIRRE,2018-09-24 02:00:00+00:00,40.42166665995589,-3.682222219837608,200.0,,12.0,61.53,9.0,2.0,4.0
4323,ESCUELAS AGUIRRE,2018-09-24 03:00:00+00:00,40.42166665995589,-3.682222219837608,200.0,,12.0,59.41,9.0,2.0,4.0
4323,ESCUELAS AGUIRRE,2018-09-24 04:00:00+00:00,40.42166665995589,-3.682222219837608,200.0,,12.0,59.13,12.0,7.0,4.0
4323,ESCUELAS AGUIRRE,2018-09-24 05:00:00+00:00,40.42166665995589,-3.682222219837608,200.0,,21.0,49.53,13.0,9.0,4.0
4323,ESCUELAS AGUIRRE,2018-09-24 06:00:00+00:00,40.42166665995589,-3.682222219837608,200.0,,49.0,27.46,11.0,5.0,4.0
4323,ESCUELAS AGUIRRE,2018-09-24 07:00:00+00:00,40.42166665995589,-3.682222219837608,300.0,,61.0,17.63,12.0,4.0,5.0
4323,ESCUELAS AGUIRRE,2018-09-24 08:00:00+00:00,40.42166665995589,-3.682222219837608,400.0,,56.0,,18.0,7.0,5.0
4323,ESCUELAS AGUIRRE,2018-09-24 09:00:00+00:00,40.42166665995589,-3.682222219837608,300.0,,47.0,,17.0,5.0,5.0
4323,ESCUELAS AGUIRRE,2018-09-24 10:00:00+00:00,40.42166665995589,-3.682222219837608,300.0,,42.0,,17.0,5.0,4.0
4323,ESCUELAS AGUIRRE,2018-09-25 01:00:00+00:00,40.42166665995589,-3.682222219837608,200.0,,17.0,46.39,9.0,5.0,4.0
4323,ESCUELAS AGUIRRE,2018-09-25 02:00:00+00:00,40.42166665995589,-3.682222219837608,200.0,,17.0,51.01,3.0,1.0,4.0
4323,ESCUELAS AGUIRRE,2018-09-25 03:00:00+00:00,40.42166665995589,-3.682222219837608,200.0,,15.0,56.11,3.0,1.0,4.0
4323,ESCUELAS AGUIRRE,2018-09-25 04:00:00+00:00,40.42166665995589,-3.682222219837608,200.0,,15.0,59.14,8.0,3.0,4.0
4323,ESCUELAS AGUIRRE,2018-09-25 05:00:00+00:00,40.42166665995589,-3.682222219837608,200.0,,26.0,51.73,10.0,4.0,4.0
4323,ESCUELAS AGUIRRE,2018-09-25 06:00:00+00:00,40.42166665995589,-3.682222219837608,200.0,,58.0,29.83,12.0,2.0,4.0
4323,ESCUELAS AGUIRRE,2018-09-25 07:00:00+00:00,40.42166665995589,-3.682222219837608,300.0,,81.0,20.42,2.0,1.0,5.0
4323,ESCUELAS AGUIRRE,2018-09-26 01:00:00+00:00,40.42166665995589,-3.682222219837608,200.0,,13.0,60.63,14.0,5.0,4.0
4323,ESCUELAS AGUIRRE,2018-09-27 01:00:00+00:00,40.42166665995589,-3.682222219837608,200.0,,17.0,72.27,12.0,5.0,4.0
4323,ESCUELAS AGUIRRE,2018-09-28 01:00:00+00:00,40.42166665995589,-3.682222219837608,300.0,,38.0,52.94,31.0,13.0,4.0
4323,ESCUELAS AGUIRRE,2018-09-29 01:00:00+00:00,40.42166665995589,-3.682222219837608,500.0,,82.0,12.09,31.0,17.0,5.0
4323,ESCUELAS AGUIRRE,2018-09-30 01:00:00+00:00,40.42166665995589,-3.682222219837608,400.0,,57.0,38.98,22.0,10.0,4.0
4323,ESCUELAS AGUIRRE,2018-10-01 01:00:00+00:00,40.42166665995589,-3.682222219837608,200.0,,15.0,76.62,8.0,1.0,4.0
4323,ESCUELAS AGUIRRE,2018-10-02 01:00:00+00:00,40.42166665995589,-3.682222219837608,200.0,,14.0,73.09,11.0,2.0,4.0
4323,ESCUELAS AGUIRRE,2018-10-03 01:00:00+00:00,40.42166665995589,-3.682222219837608,200.0,,26.0,53.98,7.0,2.0,4.0
4323,ESCUELAS AGUIRRE,2018-10-04 01:00:00+00:00,40.42166665995589,-3.682222219837608,300.0,,25.0,48.86,8.0,1.0,4.0
4323,ESCUELAS AGUIRRE,2018-10-05 01:00:00+00:00,40.42166665995589,-3.682222219837608,400.0,,90.0,7.91,30.0,12.0,5.0
4323,ESCUELAS AGUIRRE,2018-10-07 01:00:00+00:00,40.42166665995589,-3.682222219837608,200.0,,27.0,50.01,26.0,10.0,4.0
4323,ESCUELAS AGUIRRE,2018-10-08 01:00:00+00:00,40.42166665995589,-3.682222219837608,200.0,,19.0,56.88,6.0,2.0,4.0
4323,ESCUELAS AGUIRRE,2018-10-09 01:00:00+00:00,40.42166665995589,-3.682222219837608,200.0,,17.0,50.87,6.0,1.0,4.0
4323,ESCUELAS AGUIRRE,2018-10-10 01:00:00+00:00,40.42166665995589,-3.682222219837608,200.0,,17.0,67.97,9.0,6.0,4.0
4323,ESCUELAS AGUIRRE,2018-10-11 01:00:00+00:00,40.42166665995589,-3.682222219837608,300.0,,36.0,28.65,21.0,11.0,4.0
4323,ESCUELAS AGUIRRE,2018-10-12 01:00:00+00:00,40.42166665995589,-3.682222219837608,200.0,,32.0,26.73,15.0,10.0,4.0
4323,ESCUELAS AGUIRRE,2018-10-13 01:00:00+00:00,40.42166665995589,-3.682222219837608,,,,,21.0,,
4323,ESCUELAS AGUIRRE,2018-10-14 01:00:00+00:00,40.42166665995589,-3.682222219837608,200.0,,21.0,44.46,16.0,7.0,4.0
4323,ESCUELAS AGUIRRE,2018-10-16 01:00:00+00:00,40.42166665995589,-3.682222219837608,200.0,,35.0,26.16,22.0,15.0,4.0
4323,ESCUELAS AGUIRRE,2018-10-17 01:00:00+00:00,40.42166665995589,-3.682222219837608,300.0,,53.0,19.26,10.0,5.0,5.0
4323,ESCUELAS AGUIRRE,2018-10-18 01:00:00+00:00,40.42166665995589,-3.682222219837608,400.0,,64.0,22.35,23.0,15.0,5.0
4323,ESCUELAS AGUIRRE,2018-10-19 01:00:00+00:00,40.42166665995589,-3.682222219837608,200.0,,12.0,57.38,6.0,4.0,5.0
4323,ESCUELAS AGUIRRE,2018-10-20 01:00:00+00:00,40.42166665995589,-3.682222219837608,200.0,,26.0,54.89,4.0,3.0,5.0
4323,ESCUELAS AGUIRRE,2018-10-20 02:00:00+00:00,40.42166665995589,-3.682222219837608,200.0,,25.0,50.85,6.0,3.0,5.0
4323,ESCUELAS AGUIRRE,2018-10-20 03:00:00+00:00,40.42166665995589,-3.682222219837608,200.0,,30.0,43.38,6.0,3.0,5.0
4323,ESCUELAS AGUIRRE,2018-10-20 04:00:00+00:00,40.42166665995589,-3.682222219837608,200.0,,30.0,43.15,5.0,2.0,5.0
4323,ESCUELAS AGUIRRE,2018-10-20 05:00:00+00:00,40.42166665995589,-3.682222219837608,200.0,,34.0,39.25,7.0,4.0,5.0
4323,ESCUELAS AGUIRRE,2018-10-20 06:00:00+00:00,40.42166665995589,-3.682222219837608,200.0,,42.0,30.51,8.0,5.0,5.0
4323,ESCUELAS AGUIRRE,2018-10-20 07:00:00+00:00,40.42166665995589,-3.682222219837608,300.0,,40.0,33.15,10.0,6.0,5.0
4323,ESCUELAS AGUIRRE,2018-10-20 08:00:00+00:00,40.42166665995589,-3.682222219837608,300.0,,41.0,34.93,13.0,8.0,5.0
4323,ESCUELAS AGUIRRE,2018-10-20 09:00:00+00:00,40.42166665995589,-3.682222219837608,300.0,,42.0,40.56,10.0,3.0,5.0
4323,ESCUELAS AGUIRRE,2018-10-20 10:00:00+00:00,40.42166665995589,-3.682222219837608,300.0,,41.0,46.15,14.0,7.0,5.0
4323,ESCUELAS AGUIRRE,2018-10-20 11:00:00+00:00,40.42166665995589,-3.682222219837608,300.0,,36.0,54.56,8.0,1.0,5.0
4323,ESCUELAS AGUIRRE,2018-10-20 12:00:00+00:00,40.42166665995589,-3.682222219837608,300.0,,37.0,57.58,13.0,6.0,5.0
4323,ESCUELAS AGUIRRE,2018-10-20 13:00:00+00:00,40.42166665995589,-3.682222219837608,300.0,,35.0,64.68,17.0,8.0,5.0
4323,ESCUELAS AGUIRRE,2018-10-20 14:00:00+00:00,40.42166665995589,-3.682222219837608,300.0,,34.0,62.53,22.0,13.0,5.0
4323,ESCUELAS AGUIRRE,2018-10-20 15:00:00+00:00,40.42166665995589,-3.682222219837608,,,37.0,,,12.0,5.0
4323,ESCUELAS AGUIRRE,2018-10-21 01:00:00+00:00,40.42166665995589,-3.682222219837608,300.0,,34.0,39.4,18.0,10.0,5.0
4323,ESCUELAS AGUIRRE,2018-10-22 01:00:00+00:00,40.42166665995589,-3.682222219837608,400.0,,64.0,17.31,23.0,9.0,5.0
4323,ESCUELAS AGUIRRE,2018-10-23 01:00:00+00:00,40.42166665995589,-3.682222219837608,200.0,,14.0,78.88,11.0,7.0,5.0
4323,ESCUELAS AGUIRRE,2018-10-24 01:00:00+00:00,40.42166665995589,-3.682222219837608,300.0,,36.0,40.16,34.0,17.0,5.0
4323,ESCUELAS AGUIRRE,2018-10-25 01:00:00+00:00,40.42166665995589,-3.682222219837608,400.0,,59.0,21.89,29.0,14.0,6.0
4323,ESCUELAS AGUIRRE,2018-10-26 01:00:00+00:00,40.42166665995589,-3.682222219837608,600.0,,89.0,10.99,35.0,20.0,6.0
4323,ESCUELAS AGUIRRE,2018-10-27 01:00:00+00:00,40.42166665995589,-3.682222219837608,400.0,,63.0,10.94,18.0,13.0,5.0
4323,ESCUELAS AGUIRRE,2018-10-28 02:00:00+00:00,40.42166665995589,-3.682222219837608,300.0,,47.0,33.75,7.0,5.0,5.0
4323,ESCUELAS AGUIRRE,2018-10-29 01:00:00+00:00,40.42166665995589,-3.682222219837608,300.0,,28.0,47.56,3.0,1.0,5.0
4323,ESCUELAS AGUIRRE,2018-10-29 02:00:00+00:00,40.42166665995589,-3.682222219837608,,,,,7.0,,
4323,ESCUELAS AGUIRRE,2018-10-30 01:00:00+00:00,40.42166665995589,-3.682222219837608,200.0,,19.0,60.73,9.0,3.0,5.0
4323,ESCUELAS AGUIRRE,2018-10-31 01:00:00+00:00,40.42166665995589,-3.682222219837608,200.0,,37.0,37.63,6.0,4.0,4.0
4323,ESCUELAS AGUIRRE,2018-10-31 02:00:00+00:00,40.42166665995589,-3.682222219837608,200.0,,31.0,46.23,8.0,7.0,4.0
4323,ESCUELAS AGUIRRE,2018-11-01 01:00:00+00:00,40.42166665995589,-3.682222219837608,700.0,,74.0,3.5,21.0,12.0,5.0
4323,ESCUELAS AGUIRRE,2018-11-02 01:00:00+00:00,40.42166665995589,-3.682222219837608,300.0,,39.0,35.47,13.0,8.0,5.0
4323,ESCUELAS AGUIRRE,2018-11-03 01:00:00+00:00,40.42166665995589,-3.682222219837608,300.0,,65.0,19.37,6.0,3.0,6.0
4323,ESCUELAS AGUIRRE,2018-11-05 01:00:00+00:00,40.42166665995589,-3.682222219837608,200.0,,24.0,30.95,11.0,9.0,5.0
4323,ESCUELAS AGUIRRE,2018-11-05 02:00:00+00:00,40.42166665995589,-3.682222219837608,200.0,,22.0,29.01,17.0,14.0,
4323,ESCUELAS AGUIRRE,2018-11-06 01:00:00+00:00,40.42166665995589,-3.682222219837608,200.0,,19.0,57.15,9.0,5.0,5.0
4323,ESCUELAS AGUIRRE,2018-11-06 02:00:00+00:00,40.42166665995589,-3.682222219837608,200.0,,18.0,58.46,3.0,1.0,5.0
4323,ESCUELAS AGUIRRE,2018-11-07 01:00:00+00:00,40.42166665995589,-3.682222219837608,200.0,,22.0,58.08,13.0,6.0,5.0
4323,ESCUELAS AGUIRRE,2018-11-07 02:00:00+00:00,40.42166665995589,-3.682222219837608,,,21.0,53.75,10.0,4.0,5.0
4323,ESCUELAS AGUIRRE,2018-11-08 01:00:00+00:00,40.42166665995589,-3.682222219837608,500.0,,71.0,3.28,21.0,11.0,5.0
4323,ESCUELAS AGUIRRE,2018-11-09 01:00:00+00:00,40.42166665995589,-3.682222219837608,300.0,,41.0,40.22,4.0,1.0,5.0
4323,ESCUELAS AGUIRRE,2018-11-10 01:00:00+00:00,40.42166665995589,-3.682222219837608,300.0,,34.0,50.14,14.0,5.0,5.0
4323,ESCUELAS AGUIRRE,2018-11-11 01:00:00+00:00,40.42166665995589,-3.682222219837608,200.0,,27.0,38.2,12.0,7.0,5.0
4323,ESCUELAS AGUIRRE,2018-11-11 02:00:00+00:00,40.42166665995589,-3.682222219837608,200.0,,19.0,43.85,6.0,3.0,5.0
4323,ESCUELAS AGUIRRE,2018-11-11 03:00:00+00:00,40.42166665995589,-3.682222219837608,200.0,,19.0,40.72,5.0,3.0,5.0
4323,ESCUELAS AGUIRRE,2018-11-11 04:00:00+00:00,40.42166665995589,-3.682222219837608,200.0,,22.0,44.79,5.0,3.0,5.0
4323,ESCUELAS AGUIRRE,2018-11-11 05:00:00+00:00,40.42166665995589,-3.682222219837608,200.0,,22.0,49.82,9.0,5.0,5.0
4323,ESCUELAS AGUIRRE,2018-11-11 06:00:00+00:00,40.42166665995589,-3.682222219837608,200.0,,19.0,51.75,8.0,4.0,5.0
4323,ESCUELAS AGUIRRE,2018-11-11 07:00:00+00:00,40.42166665995589,-3.682222219837608,200.0,,22.0,53.83,7.0,4.0,5.0
4323,ESCUELAS AGUIRRE,2018-11-11 08:00:00+00:00,40.42166665995589,-3.682222219837608,200.0,,25.0,51.93,6.0,2.0,5.0
4323,ESCUELAS AGUIRRE,2018-11-11 09:00:00+00:00,40.42166665995589,-3.682222219837608,200.0,,26.0,53.33,13.0,6.0,5.0
4323,ESCUELAS AGUIRRE,2018-11-11 10:00:00+00:00,40.42166665995589,-3.682222219837608,300.0,,31.0,53.57,16.0,8.0,5.0
4323,ESCUELAS AGUIRRE,2018-11-11 11:00:00+00:00,40.42166665995589,-3.682222219837608,200.0,,21.0,67.64,15.0,7.0,5.0
4323,ESCUELAS AGUIRRE,2018-11-11 12:00:00+00:00,40.42166665995589,-3.682222219837608,200.0,,21.0,64.21,18.0,10.0,5.0
4323,ESCUELAS AGUIRRE,2018-11-11 13:00:00+00:00,40.42166665995589,-3.682222219837608,300.0,,31.0,58.92,18.0,11.0,5.0
4323,ESCUELAS AGUIRRE,2018-11-11 14:00:00+00:00,40.42166665995589,-3.682222219837608,300.0,,24.0,69.79,10.0,4.0,5.0
4323,ESCUELAS AGUIRRE,2018-11-11 15:00:00+00:00,40.42166665995589,-3.682222219837608,200.0,,26.0,64.57,14.0,9.0,5.0
4323,ESCUELAS AGUIRRE,2018-11-11 16:00:00+00:00,40.42166665995589,-3.682222219837608,200.0,,27.0,61.62,12.0,5.0,5.0
4323,ESCUELAS AGUIRRE,2018-11-11 17:00:00+00:00,40.42166665995589,-3.682222219837608,300.0,,37.0,46.72,10.0,4.0,5.0
4323,ESCUELAS AGUIRRE,2018-11-11 18:00:00+00:00,40.42166665995589,-3.682222219837608,300.0,,46.0,37.66,8.0,4.0,5.0
4323,ESCUELAS AGUIRRE,2018-11-11 19:00:00+00:00,40.42166665995589,-3.682222219837608,300.0,,51.0,33.23,13.0,8.0,5.0
4323,ESCUELAS AGUIRRE,2018-11-11 20:00:00+00:00,40.42166665995589,-3.682222219837608,300.0,,65.0,20.19,14.0,9.0,5.0
4323,ESCUELAS AGUIRRE,2018-11-11 21:00:00+00:00,40.42166665995589,-3.682222219837608,300.0,,61.0,21.04,19.0,13.0,5.0
4323,ESCUELAS AGUIRRE,2018-11-11 22:00:00+00:00,40.42166665995589,-3.682222219837608,300.0,,45.0,29.46,16.0,11.0,5.0
4323,ESCUELAS AGUIRRE,2018-11-11 23:00:00+00:00,40.42166665995589,-3.682222219837608,200.0,,33.0,36.87,12.0,8.0,5.0
4323,ESCUELAS AGUIRRE,2018-11-12 00:00:00+00:00,40.42166665995589,-3.682222219837608,200.0,,34.0,36.34,3.0,1.0,5.0
4323,ESCUELAS AGUIRRE,2018-11-12 01:00:00+00:00,40.42166665995589,-3.682222219837608,200.0,,20.0,53.66,5.0,1.0,5.0
4323,ESCUELAS AGUIRRE,2018-11-12 02:00:00+00:00,40.42166665995589,-3.682222219837608,200.0,,16.0,60.79,5.0,2.0,5.0
4323,ESCUELAS AGUIRRE,2018-11-12 03:00:00+00:00,40.42166665995589,-3.682222219837608,200.0,,13.0,65.05,3.0,1.0,5.0
4323,ESCUELAS AGUIRRE,2018-11-12 04:00:00+00:00,40.42166665995589,-3.682222219837608,200.0,,16.0,59.68,2.0,1.0,5.0
4323,ESCUELAS AGUIRRE,2018-11-12 05:00:00+00:00,40.42166665995589,-3.682222219837608,200.0,,29.0,52.02,3.0,1.0,5.0
4323,ESCUELAS AGUIRRE,2018-11-12 06:00:00+00:00,40.42166665995589,-3.682222219837608,200.0,,64.0,21.69,5.0,2.0,5.0
4323,ESCUELAS AGUIRRE,2018-11-12 07:00:00+00:00,40.42166665995589,-3.682222219837608,300.0,,92.0,8.34,11.0,5.0,5.0
4323,ESCUELAS AGUIRRE,2018-11-12 08:00:00+00:00,40.42166665995589,-3.682222219837608,500.0,,91.0,7.59,15.0,9.0,6.0
4323,ESCUELAS AGUIRRE,2018-11-12 09:00:00+00:00,40.42166665995589,-3.682222219837608,500.0,,77.0,11.88,17.0,8.0,5.0
4323,ESCUELAS AGUIRRE,2018-11-12 10:00:00+00:00,40.42166665995589,-3.682222219837608,400.0,,62.0,22.12,19.0,11.0,5.0
4323,ESCUELAS AGUIRRE,2018-11-13 01:00:00+00:00,40.42166665995589,-3.682222219837608,300.0,,38.0,22.03,12.0,7.0,8.0
4323,ESCUELAS AGUIRRE,2018-11-15 01:00:00+00:00,40.42166665995589,-3.682222219837608,300.0,,39.0,37.32,19.0,7.0,6.0
4323,ESCUELAS AGUIRRE,2018-11-15 02:00:00+00:00,40.42166665995589,-3.682222219837608,200.0,,22.0,54.19,19.0,8.0,6.0
4323,ESCUELAS AGUIRRE,2018-11-16 01:00:00+00:00,40.42166665995589,-3.682222219837608,300.0,,35.0,25.35,18.0,10.0,6.0
4323,ESCUELAS AGUIRRE,2018-11-16 02:00:00+00:00,40.42166665995589,-3.682222219837608,200.0,,23.0,33.66,17.0,12.0,6.0
4323,ESCUELAS AGUIRRE,2018-11-24 01:00:00+00:00,40.42166665995589,-3.682222219837608,400.0,,58.0,21.58,16.0,10.0,6.0
4323,ESCUELAS AGUIRRE,2018-11-27 01:00:00+00:00,40.42166665995589,-3.682222219837608,300.0,,34.0,42.73,7.0,4.0,7.0
4323,ESCUELAS AGUIRRE,2018-11-27 02:00:00+00:00,40.42166665995589,-3.682222219837608,300.0,,32.0,45.4,7.0,3.0,6.0
4323,ESCUELAS AGUIRRE,2018-12-01 15:00:00+00:00,40.42166665995589,-3.682222219837608,500.0,,54.0,31.51,34.0,22.0,8.0
4323,ESCUELAS AGUIRRE,2018-12-01 16:00:00+00:00,40.42166665995589,-3.682222219837608,400.0,,43.0,43.65,22.0,14.0,7.0
4323,ESCUELAS AGUIRRE,2018-12-01 17:00:00+00:00,40.42166665995589,-3.682222219837608,400.0,,49.0,37.09,12.0,5.0,7.0
4323,ESCUELAS AGUIRRE,2018-12-01 18:00:00+00:00,40.42166665995589,-3.682222219837608,400.0,,57.0,26.96,16.0,8.0,7.0
4323,ESCUELAS AGUIRRE,2018-12-01 19:00:00+00:00,40.42166665995589,-3.682222219837608,500.0,,75.0,11.58,20.0,11.0,7.0
4323,ESCUELAS AGUIRRE,2018-12-01 20:00:00+00:00,40.42166665995589,-3.682222219837608,500.0,,84.0,9.02,24.0,13.0,7.0
4323,ESCUELAS AGUIRRE,2018-12-01 21:00:00+00:00,40.42166665995589,-3.682222219837608,600.0,,91.0,6.56,25.0,13.0,8.0
4323,ESCUELAS AGUIRRE,2018-12-01 22:00:00+00:00,40.42166665995589,-3.682222219837608,600.0,,88.0,6.75,23.0,12.0,8.0
4323,ESCUELAS AGUIRRE,2018-12-01 23:00:00+00:00,40.42166665995589,-3.682222219837608,600.0,,75.0,9.3,27.0,15.0,7.0
4323,ESCUELAS AGUIRRE,2018-12-02 00:00:00+00:00,40.42166665995589,-3.682222219837608,600.0,,84.0,6.74,26.0,16.0,7.0
4323,ESCUELAS AGUIRRE,2018-12-02 01:00:00+00:00,40.42166665995589,-3.682222219837608,600.0,,80.0,6.56,29.0,17.0,7.0
4323,ESCUELAS AGUIRRE,2018-12-02 02:00:00+00:00,40.42166665995589,-3.682222219837608,600.0,,72.0,6.65,32.0,20.0,7.0
4323,ESCUELAS AGUIRRE,2018-12-02 03:00:00+00:00,40.42166665995589,-3.682222219837608,500.0,,60.0,7.19,26.0,16.0,7.0
4323,ESCUELAS AGUIRRE,2018-12-02 04:00:00+00:00,40.42166665995589,-3.682222219837608,400.0,,55.0,8.11,23.0,15.0,7.0
4323,ESCUELAS AGUIRRE,2018-12-02 05:00:00+00:00,40.42166665995589,-3.682222219837608,400.0,,52.0,7.33,20.0,11.0,6.0
4323,ESCUELAS AGUIRRE,2018-12-02 06:00:00+00:00,40.42166665995589,-3.682222219837608,400.0,,53.0,6.56,21.0,12.0,7.0
4323,ESCUELAS AGUIRRE,2018-12-02 07:00:00+00:00,40.42166665995589,-3.682222219837608,500.0,,52.0,6.48,24.0,15.0,7.0
4323,ESCUELAS AGUIRRE,2018-12-02 08:00:00+00:00,40.42166665995589,-3.682222219837608,400.0,,47.0,8.58,26.0,17.0,6.0
4323,ESCUELAS AGUIRRE,2018-12-02 09:00:00+00:00,40.42166665995589,-3.682222219837608,300.0,,42.0,15.55,28.0,20.0,6.0
4323,ESCUELAS AGUIRRE,2018-12-02 10:00:00+00:00,40.42166665995589,-3.682222219837608,400.0,,48.0,13.67,32.0,24.0,7.0
4323,ESCUELAS AGUIRRE,2018-12-02 11:00:00+00:00,40.42166665995589,-3.682222219837608,400.0,,46.0,16.68,32.0,25.0,6.0
4323,ESCUELAS AGUIRRE,2018-12-02 12:00:00+00:00,40.42166665995589,-3.682222219837608,400.0,,50.0,16.76,32.0,25.0,7.0
4323,ESCUELAS AGUIRRE,2018-12-02 13:00:00+00:00,40.42166665995589,-3.682222219837608,400.0,,52.0,19.87,34.0,25.0,7.0
4323,ESCUELAS AGUIRRE,2018-12-02 14:00:00+00:00,40.42166665995589,-3.682222219837608,400.0,,51.0,24.77,30.0,23.0,7.0
4323,ESCUELAS AGUIRRE,2018-12-02 15:00:00+00:00,40.42166665995589,-3.682222219837608,400.0,,53.0,25.15,26.0,20.0,7.0
4323,ESCUELAS AGUIRRE,2018-12-02 16:00:00+00:00,40.42166665995589,-3.682222219837608,500.0,,61.0,16.98,31.0,23.0,7.0
4323,ESCUELAS AGUIRRE,2018-12-02 17:00:00+00:00,40.42166665995589,-3.682222219837608,500.0,,71.0,9.15,34.0,25.0,7.0
4323,ESCUELAS AGUIRRE,2018-12-02 18:00:00+00:00,40.42166665995589,-3.682222219837608,600.0,,75.0,6.72,31.0,21.0,7.0
4323,ESCUELAS AGUIRRE,2018-12-02 19:00:00+00:00,40.42166665995589,-3.682222219837608,600.0,,80.0,6.47,31.0,20.0,8.0
4323,ESCUELAS AGUIRRE,2018-12-02 20:00:00+00:00,40.42166665995589,-3.682222219837608,800.0,,84.0,6.66,35.0,23.0,8.0
4323,ESCUELAS AGUIRRE,2018-12-02 21:00:00+00:00,40.42166665995589,-3.682222219837608,700.0,,75.0,6.72,38.0,26.0,8.0
4323,ESCUELAS AGUIRRE,2018-12-02 22:00:00+00:00,40.42166665995589,-3.682222219837608,500.0,,67.0,6.87,34.0,25.0,7.0
4323,ESCUELAS AGUIRRE,2018-12-02 23:00:00+00:00,40.42166665995589,-3.682222219837608,600.0,,69.0,6.48,24.0,17.0,8.0
4323,ESCUELAS AGUIRRE,2018-12-03 00:00:00+00:00,40.42166665995589,-3.682222219837608,700.0,,68.0,6.81,37.0,27.0,8.0
4323,ESCUELAS AGUIRRE,2018-12-03 01:00:00+00:00,40.42166665995589,-3.682222219837608,600.0,,65.0,6.92,35.0,27.0,7.0
4323,ESCUELAS AGUIRRE,2018-12-03 02:00:00+00:00,40.42166665995589,-3.682222219837608,400.0,,59.0,7.37,33.0,26.0,7.0
4323,ESCUELAS AGUIRRE,2018-12-03 03:00:00+00:00,40.42166665995589,-3.682222219837608,300.0,,41.0,18.44,26.0,19.0,6.0
4323,ESCUELAS AGUIRRE,2018-12-03 04:00:00+00:00,40.42166665995589,-3.682222219837608,400.0,,52.0,9.85,26.0,21.0,6.0
4323,ESCUELAS AGUIRRE,2018-12-03 05:00:00+00:00,40.42166665995589,-3.682222219837608,400.0,,56.0,6.49,30.0,24.0,7.0
4323,ESCUELAS AGUIRRE,2018-12-03 06:00:00+00:00,40.42166665995589,-3.682222219837608,400.0,,58.0,7.11,33.0,26.0,7.0
4323,ESCUELAS AGUIRRE,2018-12-03 07:00:00+00:00,40.42166665995589,-3.682222219837608,400.0,,62.0,6.83,30.0,22.0,7.0
4323,ESCUELAS AGUIRRE,2018-12-03 08:00:00+00:00,40.42166665995589,-3.682222219837608,600.0,,67.0,6.87,35.0,26.0,7.0
4323,ESCUELAS AGUIRRE,2018-12-03 09:00:00+00:00,40.42166665995589,-3.682222219837608,600.0,,66.0,7.52,42.0,31.0,8.0
4323,ESCUELAS AGUIRRE,2018-12-03 10:00:00+00:00,40.42166665995589,-3.682222219837608,600.0,,65.0,7.97,36.0,25.0,8.0
4323,ESCUELAS AGUIRRE,2018-12-03 11:00:00+00:00,40.42166665995589,-3.682222219837608,600.0,,66.0,8.29,38.0,26.0,8.0
4323,ESCUELAS AGUIRRE,2018-12-03 12:00:00+00:00,40.42166665995589,-3.682222219837608,700.0,,68.0,8.8,46.0,31.0,9.0
4323,ESCUELAS AGUIRRE,2018-12-03 13:00:00+00:00,40.42166665995589,-3.682222219837608,600.0,,67.0,9.81,47.0,31.0,9.0
4323,ESCUELAS AGUIRRE,2018-12-03 14:00:00+00:00,40.42166665995589,-3.682222219837608,700.0,,70.0,9.94,51.0,37.0,10.0
4323,ESCUELAS AGUIRRE,2018-12-03 15:00:00+00:00,40.42166665995589,-3.682222219837608,700.0,,71.0,10.06,55.0,41.0,10.0
4323,ESCUELAS AGUIRRE,2018-12-03 16:00:00+00:00,40.42166665995589,-3.682222219837608,700.0,,79.0,8.25,60.0,42.0,9.0
4323,ESCUELAS AGUIRRE,2018-12-17 01:00:00+00:00,40.42166665995589,-3.682222219837608,200.0,,28.0,60.61,2.0,1.0,7.0
4323,ESCUELAS AGUIRRE,2018-12-17 02:00:00+00:00,40.42166665995589,-3.682222219837608,300.0,,28.0,57.03,3.0,1.0,6.0
4323,ESCUELAS AGUIRRE,2018-12-17 03:00:00+00:00,40.42166665995589,-3.682222219837608,200.0,,22.0,62.88,4.0,1.0,6.0
4323,ESCUELAS AGUIRRE,2018-12-17 04:00:00+00:00,40.42166665995589,-3.682222219837608,200.0,,28.0,55.66,8.0,3.0,7.0
4323,ESCUELAS AGUIRRE,2018-12-18 01:00:00+00:00,40.42166665995589,-3.682222219837608,400.0,,61.0,16.04,20.0,12.0,8.0
4323,ESCUELAS AGUIRRE,2018-12-19 01:00:00+00:00,40.42166665995589,-3.682222219837608,600.0,,78.0,4.41,29.0,18.0,8.0
4323,ESCUELAS AGUIRRE,2018-12-19 02:00:00+00:00,40.42166665995589,-3.682222219837608,500.0,,70.0,4.78,27.0,18.0,7.0
4323,ESCUELAS AGUIRRE,2018-12-22 01:00:00+00:00,40.42166665995589,-3.682222219837608,,,,,26.0,,
4323,ESCUELAS AGUIRRE,2018-12-24 01:00:00+00:00,40.42166665995589,-3.682222219837608,1000.0,,78.0,4.56,30.0,22.0,9.0
4323,ESCUELAS AGUIRRE,2018-12-24 02:00:00+00:00,40.42166665995589,-3.682222219837608,900.0,,62.0,4.25,26.0,19.0,8.0
4323,ESCUELAS AGUIRRE,2018-12-26 01:00:00+00:00,40.42166665995589,-3.682222219837608,500.0,,63.0,4.06,,,8.0
4323,ESCUELAS AGUIRRE,2018-12-26 02:00:00+00:00,40.42166665995589,-3.682222219837608,500.0,,54.0,4.24,,,8.0
4323,ESCUELAS AGUIRRE,2018-12-27 01:00:00+00:00,40.42166665995589,-3.682222219837608,600.0,,62.0,4.34,30.0,21.0,9.0
4323,ESCUELAS AGUIRRE,2018-12-27 02:00:00+00:00,40.42166665995589,-3.682222219837608,400.0,,51.0,5.24,22.0,16.0,8.0
4323,ESCUELAS AGUIRRE,2018-12-30 01:00:00+00:00,40.42166665995589,-3.682222219837608,300.0,,33.0,39.87,9.0,4.0,10.0
4323,ESCUELAS AGUIRRE,2018-12-30 02:00:00+00:00,40.42166665995589,-3.682222219837608,300.0,,24.0,48.9,9.0,4.0,9.0
4323,ESCUELAS AGUIRRE,2019-01-09 11:00:00+00:00,40.42166665995589,-3.682222219837608,,,,,21.0,,
4323,ESCUELAS AGUIRRE,2019-01-09 12:00:00+00:00,40.42166665995589,-3.682222219837608,,,,,36.0,,13.0
4323,ESCUELAS AGUIRRE,2019-01-09 13:00:00+00:00,40.42166665995589,-3.682222219837608,500.0,,100.0,18.23,47.0,24.0,13.0
4323,ESCUELAS AGUIRRE,2019-01-09 14:00:00+00:00,40.42166665995589,-3.682222219837608,400.0,,85.0,27.2,30.0,15.0,12.0
4323,ESCUELAS AGUIRRE,2019-01-09 15:00:00+00:00,40.42166665995589,-3.682222219837608,200.0,,66.0,40.84,24.0,10.0,12.0
4323,ESCUELAS AGUIRRE,2019-01-09 16:00:00+00:00,40.42166665995589,-3.682222219837608,200.0,,61.0,42.99,24.0,7.0,13.0
4323,ESCUELAS AGUIRRE,2019-01-09 17:00:00+00:00,40.42166665995589,-3.682222219837608,200.0,,71.0,30.81,18.0,4.0,16.0
4323,ESCUELAS AGUIRRE,2019-01-09 18:00:00+00:00,40.42166665995589,-3.682222219837608,200.0,,85.0,21.16,10.0,3.0,14.0
4323,ESCUELAS AGUIRRE,2019-01-09 19:00:00+00:00,40.42166665995589,-3.682222219837608,300.0,,93.0,16.23,12.0,6.0,19.0
4323,ESCUELAS AGUIRRE,2019-01-09 20:00:00+00:00,40.42166665995589,-3.682222219837608,300.0,,94.0,12.63,13.0,7.0,16.0
4323,ESCUELAS AGUIRRE,2019-01-09 21:00:00+00:00,40.42166665995589,-3.682222219837608,500.0,,112.0,7.07,18.0,7.0,18.0
4323,ESCUELAS AGUIRRE,2019-01-09 22:00:00+00:00,40.42166665995589,-3.682222219837608,500.0,,101.0,12.66,22.0,8.0,11.0
4323,ESCUELAS AGUIRRE,2019-01-09 23:00:00+00:00,40.42166665995589,-3.682222219837608,100.0,,44.0,42.65,15.0,6.0,10.0
4323,ESCUELAS AGUIRRE,2019-01-10 00:00:00+00:00,40.42166665995589,-3.682222219837608,100.0,,43.0,39.8,8.0,3.0,9.0
4323,ESCUELAS AGUIRRE,2019-01-10 01:00:00+00:00,40.42166665995589,-3.682222219837608,100.0,,30.0,48.73,7.0,3.0,9.0
4323,ESCUELAS AGUIRRE,2019-01-10 02:00:00+00:00,40.42166665995589,-3.682222219837608,100.0,,27.0,49.67,4.0,1.0,9.0
4323,ESCUELAS AGUIRRE,2019-01-10 03:00:00+00:00,40.42166665995589,-3.682222219837608,100.0,,26.0,52.18,7.0,4.0,8.0
4323,ESCUELAS AGUIRRE,2019-01-10 04:00:00+00:00,40.42166665995589,-3.682222219837608,100.0,,20.0,57.47,9.0,3.0,8.0
4323,ESCUELAS AGUIRRE,2019-01-10 05:00:00+00:00,40.42166665995589,-3.682222219837608,100.0,,41.0,27.39,9.0,2.0,8.0
4323,ESCUELAS AGUIRRE,2019-01-10 06:00:00+00:00,40.42166665995589,-3.682222219837608,100.0,,73.0,10.32,10.0,4.0,9.0
4323,ESCUELAS AGUIRRE,2019-01-10 07:00:00+00:00,40.42166665995589,-3.682222219837608,300.0,,101.0,6.22,21.0,9.0,10.0
4323,ESCUELAS AGUIRRE,2019-01-10 08:00:00+00:00,40.42166665995589,-3.682222219837608,300.0,,91.0,14.8,21.0,10.0,12.0
4323,ESCUELAS AGUIRRE,2019-01-10 09:00:00+00:00,40.42166665995589,-3.682222219837608,300.0,,89.0,18.46,17.0,7.0,13.0
4323,ESCUELAS AGUIRRE,2019-01-10 10:00:00+00:00,40.42166665995589,-3.682222219837608,200.0,,75.0,28.65,19.0,7.0,12.0
4323,ESCUELAS AGUIRRE,2019-01-10 11:00:00+00:00,40.42166665995589,-3.682222219837608,200.0,,62.0,40.33,15.0,7.0,13.0
4323,ESCUELAS AGUIRRE,2019-01-10 12:00:00+00:00,40.42166665995589,-3.682222219837608,200.0,,54.0,46.76,7.0,6.0,11.0
4323,ESCUELAS AGUIRRE,2019-01-10 13:00:00+00:00,40.42166665995589,-3.682222219837608,200.0,,51.0,51.39,9.0,3.0,11.0
4323,ESCUELAS AGUIRRE,2019-01-10 14:00:00+00:00,40.42166665995589,-3.682222219837608,200.0,,50.0,53.47,12.0,6.0,11.0
4323,ESCUELAS AGUIRRE,2019-01-10 15:00:00+00:00,40.42166665995589,-3.682222219837608,100.0,,46.0,59.11,12.0,7.0,9.0
4323,ESCUELAS AGUIRRE,2019-01-10 16:00:00+00:00,40.42166665995589,-3.682222219837608,200.0,,59.0,50.34,12.0,5.0,13.0
4323,ESCUELAS AGUIRRE,2019-01-10 17:00:00+00:00,40.42166665995589,-3.682222219837608,200.0,,76.0,34.69,14.0,5.0,15.0
4323,ESCUELAS AGUIRRE,2019-01-10 18:00:00+00:00,40.42166665995589,-3.682222219837608,200.0,,82.0,26.63,13.0,5.0,14.0
4323,ESCUELAS AGUIRRE,2019-01-10 19:00:00+00:00,40.42166665995589,-3.682222219837608,200.0,,81.0,25.26,15.0,7.0,13.0
4323,ESCUELAS AGUIRRE,2019-01-10 20:00:00+00:00,40.42166665995589,-3.682222219837608,300.0,,84.0,20.8,13.0,7.0,14.0
4323,ESCUELAS AGUIRRE,2019-01-10 21:00:00+00:00,40.42166665995589,-3.682222219837608,200.0,,65.0,29.86,14.0,6.0,12.0
4323,ESCUELAS AGUIRRE,2019-01-10 22:00:00+00:00,40.42166665995589,-3.682222219837608,200.0,,56.0,34.41,10.0,5.0,11.0
4323,ESCUELAS AGUIRRE,2019-01-10 23:00:00+00:00,40.42166665995589,-3.682222219837608,200.0,,51.0,40.47,11.0,8.0,10.0
4323,ESCUELAS AGUIRRE,2019-01-11 00:00:00+00:00,40.42166665995589,-3.682222219837608,100.0,,32.0,53.74,7.0,3.0,9.0
4323,ESCUELAS AGUIRRE,2019-01-11 01:00:00+00:00,40.42166665995589,-3.682222219837608,100.0,,36.0,47.74,8.0,3.0,10.0
4323,ESCUELAS AGUIRRE,2019-01-11 02:00:00+00:00,40.42166665995589,-3.682222219837608,100.0,,18.0,63.06,7.0,5.0,10.0
4323,ESCUELAS AGUIRRE,2019-01-11 03:00:00+00:00,40.42166665995589,-3.682222219837608,100.0,,31.0,48.85,8.0,3.0,9.0
4323,ESCUELAS AGUIRRE,2019-01-11 04:00:00+00:00,40.42166665995589,-3.682222219837608,100.0,,27.0,55.12,15.0,4.0,9.0
4323,ESCUELAS AGUIRRE,2019-01-11 05:00:00+00:00,40.42166665995589,-3.682222219837608,100.0,,43.0,35.76,9.0,3.0,8.0
4323,ESCUELAS AGUIRRE,2019-01-11 06:00:00+00:00,40.42166665995589,-3.682222219837608,100.0,,79.0,7.34,13.0,4.0,8.0
4323,ESCUELAS AGUIRRE,2019-01-11 07:00:00+00:00,40.42166665995589,-3.682222219837608,300.0,,111.0,5.43,17.0,4.0,10.0
4323,ESCUELAS AGUIRRE,2019-01-11 08:00:00+00:00,40.42166665995589,-3.682222219837608,500.0,,139.0,5.27,34.0,9.0,11.0
4323,ESCUELAS AGUIRRE,2019-01-11 09:00:00+00:00,40.42166665995589,-3.682222219837608,500.0,,127.0,11.58,47.0,16.0,12.0
4323,ESCUELAS AGUIRRE,2019-01-11 10:00:00+00:00,40.42166665995589,-3.682222219837608,300.0,,97.0,21.71,,9.0,13.0
4323,ESCUELAS AGUIRRE,2019-01-11 11:00:00+00:00,40.42166665995589,-3.682222219837608,200.0,,92.0,,,9.0,
4323,ESCUELAS AGUIRRE,2019-01-11 12:00:00+00:00,40.42166665995589,-3.682222219837608,300.0,,89.0,,,11.0,
4323,ESCUELAS AGUIRRE,2019-01-14 01:00:00+00:00,40.42166665995589,-3.682222219837608,600.0,,112.0,5.69,34.0,25.0,12.0
4323,ESCUELAS AGUIRRE,2019-01-14 02:00:00+00:00,40.42166665995589,-3.682222219837608,500.0,,85.0,5.63,36.0,25.0,11.0
4323,ESCUELAS AGUIRRE,2019-01-14 03:00:00+00:00,40.42166665995589,-3.682222219837608,300.0,,71.0,5.17,33.0,23.0,10.0
4323,ESCUELAS AGUIRRE,2019-01-14 04:00:00+00:00,40.42166665995589,-3.682222219837608,300.0,,65.0,5.18,28.0,20.0,9.0
4323,ESCUELAS AGUIRRE,2019-01-14 05:00:00+00:00,40.42166665995589,-3.682222219837608,300.0,,77.0,5.61,28.0,20.0,9.0
4323,ESCUELAS AGUIRRE,2019-01-14 06:00:00+00:00,40.42166665995589,-3.682222219837608,400.0,,86.0,5.41,33.0,24.0,12.0
4323,ESCUELAS AGUIRRE,2019-01-14 07:00:00+00:00,40.42166665995589,-3.682222219837608,500.0,,108.0,5.78,37.0,24.0,13.0
4323,ESCUELAS AGUIRRE,2019-01-14 08:00:00+00:00,40.42166665995589,-3.682222219837608,800.0,,137.0,5.77,43.0,21.0,13.0
4323,ESCUELAS AGUIRRE,2019-01-28 00:00:00+00:00,40.42166665995589,-3.682222219837608,100.0,,14.0,69.96,6.0,3.0,7.0
4323,ESCUELAS AGUIRRE,2019-01-28 01:00:00+00:00,40.42166665995589,-3.682222219837608,100.0,,17.0,65.13,5.0,2.0,7.0
4323,ESCUELAS AGUIRRE,2019-01-28 02:00:00+00:00,40.42166665995589,-3.682222219837608,100.0,,15.0,68.34,6.0,3.0,7.0
4323,ESCUELAS AGUIRRE,2019-01-28 03:00:00+00:00,40.42166665995589,-3.682222219837608,100.0,,19.0,65.63,7.0,4.0,7.0
4323,ESCUELAS AGUIRRE,2019-01-28 04:00:00+00:00,40.42166665995589,-3.682222219837608,100.0,,15.0,70.71,6.0,2.0,8.0
4323,ESCUELAS AGUIRRE,2019-01-28 05:00:00+00:00,40.42166665995589,-3.682222219837608,100.0,,23.0,62.95,7.0,3.0,7.0
4323,ESCUELAS AGUIRRE,2019-01-28 06:00:00+00:00,40.42166665995589,-3.682222219837608,100.0,,38.0,53.8,9.0,4.0,8.0
4323,ESCUELAS AGUIRRE,2019-01-28 07:00:00+00:00,40.42166665995589,-3.682222219837608,200.0,,81.0,22.93,17.0,10.0,8.0
4323,ESCUELAS AGUIRRE,2019-01-28 08:00:00+00:00,40.42166665995589,-3.682222219837608,400.0,,107.0,8.7,17.0,5.0,9.0
4323,ESCUELAS AGUIRRE,2019-01-28 09:00:00+00:00,40.42166665995589,-3.682222219837608,400.0,,94.0,18.23,26.0,10.0,9.0
4323,ESCUELAS AGUIRRE,2019-01-28 10:00:00+00:00,40.42166665995589,-3.682222219837608,300.0,,95.0,18.37,23.0,5.0,10.0
4323,ESCUELAS AGUIRRE,2019-01-28 11:00:00+00:00,40.42166665995589,-3.682222219837608,200.0,,68.0,42.08,22.0,6.0,8.0
4323,ESCUELAS AGUIRRE,2019-01-28 12:00:00+00:00,40.42166665995589,-3.682222219837608,,,53.0,,20.0,7.0,9.0
4323,ESCUELAS AGUIRRE,2019-01-28 13:00:00+00:00,40.42166665995589,-3.682222219837608,200.0,,46.0,56.74,16.0,3.0,8.0
4323,ESCUELAS AGUIRRE,2019-01-28 14:00:00+00:00,40.42166665995589,-3.682222219837608,200.0,,43.0,58.63,19.0,4.0,8.0
4323,ESCUELAS AGUIRRE,2019-01-28 15:00:00+00:00,40.42166665995589,-3.682222219837608,200.0,,42.0,59.93,13.0,2.0,8.0
4323,ESCUELAS AGUIRRE,2019-01-28 16:00:00+00:00,40.42166665995589,-3.682222219837608,200.0,,48.0,57.05,12.0,2.0,8.0
4323,ESCUELAS AGUIRRE,2019-01-28 17:00:00+00:00,40.42166665995589,-3.682222219837608,200.0,,58.0,49.04,15.0,4.0,8.0
4323,ESCUELAS AGUIRRE,2019-01-28 18:00:00+00:00,40.42166665995589,-3.682222219837608,200.0,,75.0,34.81,14.0,5.0,8.0
4323,ESCUELAS AGUIRRE,2019-01-28 19:00:00+00:00,40.42166665995589,-3.682222219837608,300.0,,72.0,35.94,14.0,6.0,8.0
4323,ESCUELAS AGUIRRE,2019-01-28 20:00:00+00:00,40.42166665995589,-3.682222219837608,200.0,,61.0,42.16,16.0,8.0,8.0
4323,ESCUELAS AGUIRRE,2019-01-28 21:00:00+00:00,40.42166665995589,-3.682222219837608,200.0,,51.0,47.22,11.0,5.0,8.0
4323,ESCUELAS AGUIRRE,2019-01-28 22:00:00+00:00,40.42166665995589,-3.682222219837608,100.0,,38.0,57.16,13.0,7.0,8.0
4323,ESCUELAS AGUIRRE,2019-01-28 23:00:00+00:00,40.42166665995589,-3.682222219837608,,,,60.81,7.0,,7.0
4323,ESCUELAS AGUIRRE,2019-01-29 01:00:00+00:00,40.42166665995589,-3.682222219837608,100.0,,17.0,64.49,10.0,6.0,7.0
4323,ESCUELAS AGUIRRE,2019-01-29 02:00:00+00:00,40.42166665995589,-3.682222219837608,100.0,,12.0,68.19,10.0,7.0,7.0
4323,ESCUELAS AGUIRRE,2019-01-29 03:00:00+00:00,40.42166665995589,-3.682222219837608,100.0,,13.0,66.83,8.0,4.0,7.0
4323,ESCUELAS AGUIRRE,2019-01-29 04:00:00+00:00,40.42166665995589,-3.682222219837608,100.0,,13.0,70.54,8.0,4.0,8.0
4323,ESCUELAS AGUIRRE,2019-01-29 05:00:00+00:00,40.42166665995589,-3.682222219837608,100.0,,16.0,70.11,9.0,2.0,7.0
4323,ESCUELAS AGUIRRE,2019-01-29 06:00:00+00:00,40.42166665995589,-3.682222219837608,100.0,,46.0,49.23,9.0,2.0,8.0
4323,ESCUELAS AGUIRRE,2019-01-29 07:00:00+00:00,40.42166665995589,-3.682222219837608,200.0,,72.0,31.55,15.0,7.0,8.0
4323,ESCUELAS AGUIRRE,2019-01-29 08:00:00+00:00,40.42166665995589,-3.682222219837608,300.0,,99.0,15.7,18.0,6.0,9.0
4323,ESCUELAS AGUIRRE,2019-01-29 09:00:00+00:00,40.42166665995589,-3.682222219837608,500.0,,96.0,19.53,26.0,9.0,9.0
4323,ESCUELAS AGUIRRE,2019-01-29 10:00:00+00:00,40.42166665995589,-3.682222219837608,300.0,,82.0,27.1,22.0,8.0,8.0
4323,ESCUELAS AGUIRRE,2019-01-29 11:00:00+00:00,40.42166665995589,-3.682222219837608,200.0,,72.0,30.02,21.0,9.0,8.0
4323,ESCUELAS AGUIRRE,2019-01-29 12:00:00+00:00,40.42166665995589,-3.682222219837608,200.0,,70.0,30.93,19.0,6.0,9.0
4323,ESCUELAS AGUIRRE,2019-01-29 13:00:00+00:00,40.42166665995589,-3.682222219837608,200.0,,64.0,36.23,25.0,13.0,8.0
4323,ESCUELAS AGUIRRE,2019-01-29 14:00:00+00:00,40.42166665995589,-3.682222219837608,300.0,,64.0,40.95,26.0,15.0,8.0
4323,ESCUELAS AGUIRRE,2019-01-29 15:00:00+00:00,40.42166665995589,-3.682222219837608,200.0,,53.0,43.96,22.0,10.0,8.0
4323,ESCUELAS AGUIRRE,2019-01-29 16:00:00+00:00,40.42166665995589,-3.682222219837608,200.0,,57.0,42.18,18.0,10.0,8.0
4323,ESCUELAS AGUIRRE,2019-01-29 17:00:00+00:00,40.42166665995589,-3.682222219837608,200.0,,62.0,36.23,20.0,9.0,8.0
4323,ESCUELAS AGUIRRE,2019-01-29 18:00:00+00:00,40.42166665995589,-3.682222219837608,300.0,,70.0,29.91,17.0,4.0,8.0
4323,ESCUELAS AGUIRRE,2019-01-29 19:00:00+00:00,40.42166665995589,-3.682222219837608,300.0,,67.0,27.37,20.0,7.0,8.0
4323,ESCUELAS AGUIRRE,2019-01-29 20:00:00+00:00,40.42166665995589,-3.682222219837608,200.0,,67.0,37.04,17.0,6.0,8.0
4323,ESCUELAS AGUIRRE,2019-01-29 21:00:00+00:00,40.42166665995589,-3.682222219837608,100.0,,41.0,57.34,12.0,6.0,8.0
4323,ESCUELAS AGUIRRE,2019-01-29 22:00:00+00:00,40.42166665995589,-3.682222219837608,100.0,,25.0,68.87,9.0,4.0,8.0
4323,ESCUELAS AGUIRRE,2019-01-29 23:00:00+00:00,40.42166665995589,-3.682222219837608,100.0,,30.0,64.84,6.0,3.0,7.0
4323,ESCUELAS AGUIRRE,2019-01-30 01:00:00+00:00,40.42166665995589,-3.682222219837608,100.0,,18.0,71.95,7.0,6.0,7.0
4323,ESCUELAS AGUIRRE,2019-01-30 02:00:00+00:00,40.42166665995589,-3.682222219837608,100.0,,11.0,77.93,3.0,2.0,7.0
4323,ESCUELAS AGUIRRE,2019-01-30 03:00:00+00:00,40.42166665995589,-3.682222219837608,100.0,,11.0,75.86,5.0,3.0,7.0
4323,ESCUELAS AGUIRRE,2019-01-30 04:00:00+00:00,40.42166665995589,-3.682222219837608,100.0,,8.0,79.88,6.0,1.0,7.0
4323,ESCUELAS AGUIRRE,2019-01-30 05:00:00+00:00,40.42166665995589,-3.682222219837608,100.0,,11.0,75.08,4.0,2.0,7.0
4323,ESCUELAS AGUIRRE,2019-01-30 06:00:00+00:00,40.42166665995589,-3.682222219837608,100.0,,34.0,57.08,6.0,3.0,8.0
4323,ESCUELAS AGUIRRE,2019-01-30 07:00:00+00:00,40.42166665995589,-3.682222219837608,200.0,,79.0,26.94,4.0,3.0,8.0
4323,ESCUELAS AGUIRRE,2019-01-30 08:00:00+00:00,40.42166665995589,-3.682222219837608,400.0,,106.0,12.74,7.0,5.0,9.0
4323,ESCUELAS AGUIRRE,2019-01-30 09:00:00+00:00,40.42166665995589,-3.682222219837608,400.0,,90.0,23.93,14.0,11.0,9.0
4323,ESCUELAS AGUIRRE,2019-01-30 10:00:00+00:00,40.42166665995589,-3.682222219837608,200.0,,68.0,43.29,9.0,6.0,9.0
4323,ESCUELAS AGUIRRE,2019-01-30 11:00:00+00:00,40.42166665995589,-3.682222219837608,200.0,,61.0,50.23,12.0,9.0,8.0
4323,ESCUELAS AGUIRRE,2019-01-30 12:00:00+00:00,40.42166665995589,-3.682222219837608,200.0,,56.0,57.31,9.0,5.0,8.0
4323,ESCUELAS AGUIRRE,2019-01-30 13:00:00+00:00,40.42166665995589,-3.682222219837608,200.0,,55.0,59.29,10.0,7.0,8.0
4323,ESCUELAS AGUIRRE,2019-01-30 14:00:00+00:00,40.42166665995589,-3.682222219837608,300.0,,55.0,61.31,15.0,12.0,8.0
4323,ESCUELAS AGUIRRE,2019-01-30 15:00:00+00:00,40.42166665995589,-3.682222219837608,200.0,,50.0,61.23,14.0,11.0,8.0
4323,ESCUELAS AGUIRRE,2019-01-30 16:00:00+00:00,40.42166665995589,-3.682222219837608,200.0,,57.0,54.97,15.0,11.0,8.0
4323,ESCUELAS AGUIRRE,2019-01-30 17:00:00+00:00,40.42166665995589,-3.682222219837608,200.0,,71.0,43.04,12.0,9.0,8.0
4323,ESCUELAS AGUIRRE,2019-01-30 18:00:00+00:00,40.42166665995589,-3.682222219837608,200.0,,63.0,45.24,12.0,9.0,8.0
4323,ESCUELAS AGUIRRE,2019-01-30 19:00:00+00:00,40.42166665995589,-3.682222219837608,200.0,,65.0,40.29,34.0,6.0,7.0
4323,ESCUELAS AGUIRRE,2019-01-30 20:00:00+00:00,40.42166665995589,-3.682222219837608,200.0,,61.0,37.8,12.0,5.0,7.0
4323,ESCUELAS AGUIRRE,2019-01-30 21:00:00+00:00,40.42166665995589,-3.682222219837608,200.0,,56.0,35.69,26.0,8.0,7.0
4323,ESCUELAS AGUIRRE,2019-01-30 22:00:00+00:00,40.42166665995589,-3.682222219837608,100.0,,39.0,43.92,28.0,5.0,7.0
4323,ESCUELAS AGUIRRE,2019-01-30 23:00:00+00:00,40.42166665995589,-3.682222219837608,,,,,9.0,,
4323,ESCUELAS AGUIRRE,2019-01-31 01:00:00+00:00,40.42166665995589,-3.682222219837608,100.0,,17.0,49.8,24.0,8.0,7.0
4323,ESCUELAS AGUIRRE,2019-01-31 02:00:00+00:00,40.42166665995589,-3.682222219837608,100.0,,13.0,52.49,5.0,4.0,7.0
4323,ESCUELAS AGUIRRE,2019-01-31 03:00:00+00:00,40.42166665995589,-3.682222219837608,100.0,,9.0,54.6,4.0,1.0,7.0
4323,ESCUELAS AGUIRRE,2019-01-31 04:00:00+00:00,40.42166665995589,-3.682222219837608,100.0,,10.0,52.24,35.0,2.0,7.0
4323,ESCUELAS AGUIRRE,2019-01-31 05:00:00+00:00,40.42166665995589,-3.682222219837608,100.0,,15.0,52.14,15.0,2.0,7.0
4323,ESCUELAS AGUIRRE,2019-01-31 06:00:00+00:00,40.42166665995589,-3.682222219837608,100.0,,30.0,43.67,16.0,3.0,7.0
4323,ESCUELAS AGUIRRE,2019-01-31 07:00:00+00:00,40.42166665995589,-3.682222219837608,100.0,,51.0,37.01,12.0,5.0,7.0
4323,ESCUELAS AGUIRRE,2019-01-31 08:00:00+00:00,40.42166665995589,-3.682222219837608,200.0,,61.0,32.88,6.0,4.0,7.0
4323,ESCUELAS AGUIRRE,2019-01-31 09:00:00+00:00,40.42166665995589,-3.682222219837608,200.0,,61.0,32.83,7.0,3.0,7.0
4323,ESCUELAS AGUIRRE,2019-01-31 10:00:00+00:00,40.42166665995589,-3.682222219837608,200.0,,61.0,33.35,8.0,2.0,7.0
4323,ESCUELAS AGUIRRE,2019-01-31 11:00:00+00:00,40.42166665995589,-3.682222219837608,100.0,,50.0,41.57,11.0,7.0,7.0
4323,ESCUELAS AGUIRRE,2019-01-31 12:00:00+00:00,40.42166665995589,-3.682222219837608,100.0,,45.0,46.77,18.0,11.0,8.0
4323,ESCUELAS AGUIRRE,2019-01-31 13:00:00+00:00,40.42166665995589,-3.682222219837608,100.0,,43.0,48.84,12.0,10.0,8.0
4323,ESCUELAS AGUIRRE,2019-01-31 14:00:00+00:00,40.42166665995589,-3.682222219837608,100.0,,41.0,49.82,9.0,7.0,8.0
4323,ESCUELAS AGUIRRE,2019-01-31 15:00:00+00:00,40.42166665995589,-3.682222219837608,100.0,,40.0,48.91,11.0,9.0,7.0
4323,ESCUELAS AGUIRRE,2019-01-31 16:00:00+00:00,40.42166665995589,-3.682222219837608,100.0,,43.0,45.17,5.0,4.0,7.0
4323,ESCUELAS AGUIRRE,2019-01-31 17:00:00+00:00,40.42166665995589,-3.682222219837608,100.0,,45.0,43.36,4.0,3.0,7.0
4323,ESCUELAS AGUIRRE,2019-01-31 18:00:00+00:00,40.42166665995589,-3.682222219837608,100.0,,44.0,46.3,5.0,4.0,7.0
4323,ESCUELAS AGUIRRE,2019-01-31 19:00:00+00:00,40.42166665995589,-3.682222219837608,200.0,,48.0,42.66,6.0,5.0,7.0
4323,ESCUELAS AGUIRRE,2019-01-31 20:00:00+00:00,40.42166665995589,-3.682222219837608,100.0,,39.0,48.05,6.0,5.0,7.0
4323,ESCUELAS AGUIRRE,2019-01-31 21:00:00+00:00,40.42166665995589,-3.682222219837608,100.0,,36.0,52.24,6.0,4.0,7.0
4323,ESCUELAS AGUIRRE,2019-01-31 22:00:00+00:00,40.42166665995589,-3.682222219837608,100.0,,36.0,43.01,10.0,4.0,7.0
4323,ESCUELAS AGUIRRE,2019-01-31 23:00:00+00:00,40.42166665995589,-3.682222219837608,100.0,,27.0,45.66,11.0,6.0,7.0
4323,ESCUELAS AGUIRRE,2019-02-01 06:00:00+00:00,40.42166665995589,-3.682222219837608,100.0,,28.0,61.68,1.0,1.0,7.0
4323,ESCUELAS AGUIRRE,2019-02-01 07:00:00+00:00,40.42166665995589,-3.682222219837608,100.0,,64.0,40.42,3.0,1.0,7.0
4323,ESCUELAS AGUIRRE,2019-02-01 08:00:00+00:00,40.42166665995589,-3.682222219837608,200.0,,82.0,33.04,16.0,5.0,7.0
4323,ESCUELAS AGUIRRE,2019-02-01 09:00:00+00:00,40.42166665995589,-3.682222219837608,300.0,,75.0,36.79,8.0,4.0,8.0
4323,ESCUELAS AGUIRRE,2019-02-01 10:00:00+00:00,40.42166665995589,-3.682222219837608,,,,,10.0,,
4323,ESCUELAS AGUIRRE,2019-02-01 11:00:00+00:00,40.42166665995589,-3.682222219837608,200.0,,51.0,57.34,,8.0,
4323,ESCUELAS AGUIRRE,2019-02-01 12:00:00+00:00,40.42166665995589,-3.682222219837608,100.0,,43.0,60.7,9.0,7.0,7.0
4323,ESCUELAS AGUIRRE,2019-02-01 13:00:00+00:00,40.42166665995589,-3.682222219837608,100.0,,48.0,55.84,9.0,8.0,7.0
4323,ESCUELAS AGUIRRE,2019-02-01 15:00:00+00:00,40.42166665995589,-3.682222219837608,200.0,,44.0,,,6.0,
4323,ESCUELAS AGUIRRE,2019-02-01 16:00:00+00:00,40.42166665995589,-3.682222219837608,100.0,,47.0,52.48,13.0,9.0,7.0
4323,ESCUELAS AGUIRRE,2019-02-01 17:00:00+00:00,40.42166665995589,-3.682222219837608,200.0,,57.0,45.62,,7.0,
4323,ESCUELAS AGUIRRE,2019-02-01 19:00:00+00:00,40.42166665995589,-3.682222219837608,,,64.0,52.76,5.0,3.0,7.0
4323,ESCUELAS AGUIRRE,2019-02-01 22:00:00+00:00,40.42166665995589,-3.682222219837608,100.0,,45.0,,9.0,,7.0
4323,ESCUELAS AGUIRRE,2019-02-01 23:00:00+00:00,40.42166665995589,-3.682222219837608,100.0,,31.0,72.0,5.0,1.0,7.0
4323,ESCUELAS AGUIRRE,2019-02-02 00:00:00+00:00,40.42166665995589,-3.682222219837608,100.0,,32.0,67.3,5.0,1.0,7.0
4323,ESCUELAS AGUIRRE,2019-02-02 06:00:00+00:00,40.42166665995589,-3.682222219837608,100.0,,16.0,71.2,2.0,1.0,7.0
4323,ESCUELAS AGUIRRE,2019-02-02 07:00:00+00:00,40.42166665995589,-3.682222219837608,100.0,,18.0,72.17,5.0,2.0,7.0
4323,ESCUELAS AGUIRRE,2019-02-02 10:00:00+00:00,40.42166665995589,-3.682222219837608,100.0,,48.0,51.61,9.0,3.0,10.0
4323,ESCUELAS AGUIRRE,2019-02-02 11:00:00+00:00,40.42166665995589,-3.682222219837608,100.0,,37.0,60.01,8.0,2.0,8.0
4323,ESCUELAS AGUIRRE,2019-02-02 12:00:00+00:00,40.42166665995589,-3.682222219837608,100.0,,36.0,60.5,11.0,7.0,8.0
4323,ESCUELAS AGUIRRE,2019-02-02 13:00:00+00:00,40.42166665995589,-3.682222219837608,100.0,,32.0,63.65,10.0,5.0,8.0
4323,ESCUELAS AGUIRRE,2019-02-02 14:00:00+00:00,40.42166665995589,-3.682222219837608,100.0,,31.0,64.67,6.0,2.0,10.0
4323,ESCUELAS AGUIRRE,2019-02-02 15:00:00+00:00,40.42166665995589,-3.682222219837608,100.0,,25.0,70.04,9.0,6.0,12.0
4323,ESCUELAS AGUIRRE,2019-02-02 16:00:00+00:00,40.42166665995589,-3.682222219837608,100.0,,25.0,68.81,13.0,10.0,11.0
4323,ESCUELAS AGUIRRE,2019-02-02 17:00:00+00:00,40.42166665995589,-3.682222219837608,,,,,8.0,,11.0
4323,ESCUELAS AGUIRRE,2019-02-02 18:00:00+00:00,40.42166665995589,-3.682222219837608,100.0,,48.0,49.74,7.0,5.0,13.0
4323,ESCUELAS AGUIRRE,2019-02-02 19:00:00+00:00,40.42166665995589,-3.682222219837608,100.0,,53.0,45.97,5.0,2.0,9.0
4323,ESCUELAS AGUIRRE,2019-02-02 20:00:00+00:00,40.42166665995589,-3.682222219837608,,,,,3.0,,9.0
4323,ESCUELAS AGUIRRE,2019-02-02 21:00:00+00:00,40.42166665995589,-3.682222219837608,200.0,,,27.48,8.0,4.0,8.0
4323,ESCUELAS AGUIRRE,2019-02-02 22:00:00+00:00,40.42166665995589,-3.682222219837608,200.0,,74.0,24.76,13.0,8.0,8.0
4323,ESCUELAS AGUIRRE,2019-02-02 23:00:00+00:00,40.42166665995589,-3.682222219837608,200.0,,64.0,30.65,13.0,7.0,8.0
4323,ESCUELAS AGUIRRE,2019-02-03 05:00:00+00:00,40.42166665995589,-3.682222219837608,100.0,,19.0,65.74,3.0,1.0,7.0
4323,ESCUELAS AGUIRRE,2019-02-03 06:00:00+00:00,40.42166665995589,-3.682222219837608,100.0,,25.0,56.22,8.0,4.0,7.0
4323,ESCUELAS AGUIRRE,2019-02-03 07:00:00+00:00,40.42166665995589,-3.682222219837608,100.0,,38.0,41.17,4.0,1.0,7.0
4323,ESCUELAS AGUIRRE,2019-02-03 08:00:00+00:00,40.42166665995589,-3.682222219837608,100.0,,59.0,27.75,7.0,3.0,8.0
4323,ESCUELAS AGUIRRE,2019-02-03 09:00:00+00:00,40.42166665995589,-3.682222219837608,100.0,,61.0,27.19,9.0,4.0,9.0
4323,ESCUELAS AGUIRRE,2019-02-03 10:00:00+00:00,40.42166665995589,-3.682222219837608,100.0,,47.0,48.4,12.0,6.0,9.0
4323,ESCUELAS AGUIRRE,2019-02-03 11:00:00+00:00,40.42166665995589,-3.682222219837608,100.0,,34.0,64.2,13.0,9.0,8.0
4323,ESCUELAS AGUIRRE,2019-02-03 12:00:00+00:00,40.42166665995589,-3.682222219837608,100.0,,30.0,67.26,6.0,4.0,8.0
4323,ESCUELAS AGUIRRE,2019-02-03 13:00:00+00:00,40.42166665995589,-3.682222219837608,100.0,,28.0,69.37,3.0,1.0,8.0
4323,ESCUELAS AGUIRRE,2019-02-03 14:00:00+00:00,40.42166665995589,-3.682222219837608,100.0,,31.0,67.13,5.0,1.0,10.0
4323,ESCUELAS AGUIRRE,2019-02-03 15:00:00+00:00,40.42166665995589,-3.682222219837608,100.0,,27.0,67.76,6.0,4.0,13.0
4323,ESCUELAS AGUIRRE,2019-02-03 16:00:00+00:00,40.42166665995589,-3.682222219837608,100.0,,28.0,64.42,8.0,5.0,13.0
4323,ESCUELAS AGUIRRE,2019-02-03 17:00:00+00:00,40.42166665995589,-3.682222219837608,100.0,,35.0,58.89,8.0,5.0,12.0
4323,ESCUELAS AGUIRRE,2019-02-03 18:00:00+00:00,40.42166665995589,-3.682222219837608,100.0,,53.0,42.4,8.0,5.0,14.0
4323,ESCUELAS AGUIRRE,2019-02-03 19:00:00+00:00,40.42166665995589,-3.682222219837608,200.0,,66.0,32.85,6.0,3.0,13.0
4323,ESCUELAS AGUIRRE,2019-02-03 20:00:00+00:00,40.42166665995589,-3.682222219837608,200.0,,76.0,23.35,5.0,1.0,14.0
4323,ESCUELAS AGUIRRE,2019-02-03 21:00:00+00:00,40.42166665995589,-3.682222219837608,200.0,,69.0,26.74,6.0,2.0,11.0
4323,ESCUELAS AGUIRRE,2019-02-03 22:00:00+00:00,40.42166665995589,-3.682222219837608,200.0,,69.0,23.25,7.0,3.0,14.0
4323,ESCUELAS AGUIRRE,2019-02-03 23:00:00+00:00,40.42166665995589,-3.682222219837608,300.0,,74.0,16.56,11.0,8.0,10.0
4323,ESCUELAS AGUIRRE,2019-02-04 06:00:00+00:00,40.42166665995589,-3.682222219837608,100.0,,77.0,9.3,12.0,7.0,8.0
4323,ESCUELAS AGUIRRE,2019-02-04 07:00:00+00:00,40.42166665995589,-3.682222219837608,,,106.0,3.7,20.0,10.0,10.0
4323,ESCUELAS AGUIRRE,2019-02-04 09:00:00+00:00,40.42166665995589,-3.682222219837608,800.0,,129.0,6.09,37.0,15.0,13.0
4323,ESCUELAS AGUIRRE,2019-02-04 10:00:00+00:00,40.42166665995589,-3.682222219837608,300.0,,76.0,23.21,33.0,17.0,10.0
4323,ESCUELAS AGUIRRE,2019-02-04 12:00:00+00:00,40.42166665995589,-3.682222219837608,300.0,,91.0,21.99,35.0,19.0,11.0
4323,ESCUELAS AGUIRRE,2019-02-04 13:00:00+00:00,40.42166665995589,-3.682222219837608,,,95.0,22.46,36.0,21.0,11.0
4323,ESCUELAS AGUIRRE,2019-02-04 15:00:00+00:00,40.42166665995589,-3.682222219837608,400.0,,96.0,26.38,28.0,15.0,11.0
4323,ESCUELAS AGUIRRE,2019-02-04 16:00:00+00:00,40.42166665995589,-3.682222219837608,300.0,,103.0,22.89,30.0,18.0,10.0
4323,ESCUELAS AGUIRRE,2019-02-04 17:00:00+00:00,40.42166665995589,-3.682222219837608,300.0,,109.0,13.8,38.0,23.0,10.0
4323,ESCUELAS AGUIRRE,2019-02-04 18:00:00+00:00,40.42166665995589,-3.682222219837608,400.0,,99.0,14.47,34.0,21.0,9.0
4323,ESCUELAS AGUIRRE,2019-02-04 19:00:00+00:00,40.42166665995589,-3.682222219837608,400.0,,98.0,12.32,25.0,14.0,9.0
4323,ESCUELAS AGUIRRE,2019-02-04 20:00:00+00:00,40.42166665995589,-3.682222219837608,400.0,,102.0,7.35,26.0,13.0,10.0
4323,ESCUELAS AGUIRRE,2019-02-04 21:00:00+00:00,40.42166665995589,-3.682222219837608,500.0,,122.0,5.26,28.0,12.0,11.0
4323,ESCUELAS AGUIRRE,2019-02-04 22:00:00+00:00,40.42166665995589,-3.682222219837608,600.0,,128.0,5.11,30.0,14.0,11.0
4323,ESCUELAS AGUIRRE,2019-02-04 23:00:00+00:00,40.42166665995589,-3.682222219837608,500.0,,131.0,5.51,38.0,21.0,12.0
4323,ESCUELAS AGUIRRE,2019-02-05 06:00:00+00:00,40.42166665995589,-3.682222219837608,300.0,,91.0,5.18,35.0,22.0,11.0
4323,ESCUELAS AGUIRRE,2019-02-05 07:00:00+00:00,40.42166665995589,-3.682222219837608,500.0,,108.0,4.89,39.0,22.0,11.0
4323,ESCUELAS AGUIRRE,2019-02-05 08:00:00+00:00,40.42166665995589,-3.682222219837608,700.0,,142.0,5.29,40.0,19.0,12.0
4323,ESCUELAS AGUIRRE,2019-02-05 09:00:00+00:00,40.42166665995589,-3.682222219837608,1100.0,,163.0,5.7,47.0,19.0,16.0
4323,ESCUELAS AGUIRRE,2019-02-11 09:00:00+00:00,40.42166665995589,-3.682222219837608,400.0,,98.0,14.63,21.0,9.0,11.0
4323,ESCUELAS AGUIRRE,2019-02-11 10:00:00+00:00,40.42166665995589,-3.682222219837608,,,,,23.0,,
4323,ESCUELAS AGUIRRE,2019-02-11 11:00:00+00:00,40.42166665995589,-3.682222219837608,200.0,,,,,,
4323,ESCUELAS AGUIRRE,2019-02-11 15:00:00+00:00,40.42166665995589,-3.682222219837608,100.0,,51.0,63.03,10.0,4.0,11.0
4323,ESCUELAS AGUIRRE,2019-02-11 17:00:00+00:00,40.42166665995589,-3.682222219837608,,,,,14.0,,
4323,ESCUELAS AGUIRRE,2019-02-11 18:00:00+00:00,40.42166665995589,-3.682222219837608,200.0,,94.0,23.08,16.0,7.0,11.0
4323,ESCUELAS AGUIRRE,2019-02-11 20:00:00+00:00,40.42166665995589,-3.682222219837608,300.0,,93.0,15.01,13.0,6.0,13.0
4323,ESCUELAS AGUIRRE,2019-02-11 22:00:00+00:00,40.42166665995589,-3.682222219837608,200.0,,63.0,33.16,9.0,3.0,10.0
4323,ESCUELAS AGUIRRE,2019-02-13 06:00:00+00:00,40.42166665995589,-3.682222219837608,100.0,,58.0,20.5,12.0,6.0,9.0
4323,ESCUELAS AGUIRRE,2019-02-13 07:00:00+00:00,40.42166665995589,-3.682222219837608,200.0,,100.0,4.33,19.0,12.0,11.0
4323,ESCUELAS AGUIRRE,2019-02-13 08:00:00+00:00,40.42166665995589,-3.682222219837608,500.0,,126.0,3.76,25.0,9.0,13.0
4323,ESCUELAS AGUIRRE,2019-02-13 09:00:00+00:00,40.42166665995589,-3.682222219837608,500.0,,113.0,8.4,34.0,13.0,12.0
4323,ESCUELAS AGUIRRE,2019-02-13 10:00:00+00:00,40.42166665995589,-3.682222219837608,400.0,,95.0,15.71,28.0,11.0,15.0
4323,ESCUELAS AGUIRRE,2019-02-13 11:00:00+00:00,40.42166665995589,-3.682222219837608,200.0,,82.0,28.48,27.0,13.0,13.0
4323,ESCUELAS AGUIRRE,2019-02-13 12:00:00+00:00,40.42166665995589,-3.682222219837608,200.0,,63.0,51.03,22.0,9.0,10.0
4323,ESCUELAS AGUIRRE,2019-02-13 13:00:00+00:00,40.42166665995589,-3.682222219837608,200.0,,63.0,55.09,23.0,11.0,11.0
4323,ESCUELAS AGUIRRE,2019-02-13 14:00:00+00:00,40.42166665995589,-3.682222219837608,200.0,,63.0,61.34,24.0,11.0,10.0
4323,ESCUELAS AGUIRRE,2019-02-13 15:00:00+00:00,40.42166665995589,-3.682222219837608,100.0,,57.0,62.47,23.0,12.0,9.0
4323,ESCUELAS AGUIRRE,2019-02-13 17:00:00+00:00,40.42166665995589,-3.682222219837608,100.0,,63.0,58.26,27.0,12.0,8.0
4323,ESCUELAS AGUIRRE,2019-02-13 18:00:00+00:00,40.42166665995589,-3.682222219837608,200.0,,91.0,34.02,21.0,6.0,9.0
4323,ESCUELAS AGUIRRE,2019-02-13 19:00:00+00:00,40.42166665995589,-3.682222219837608,,,,,45.0,,11.0
4323,ESCUELAS AGUIRRE,2019-02-13 20:00:00+00:00,40.42166665995589,-3.682222219837608,900.0,,170.0,4.14,78.0,21.0,17.0
4323,ESCUELAS AGUIRRE,2019-02-13 21:00:00+00:00,40.42166665995589,-3.682222219837608,,,,4.15,57.0,,
4323,ESCUELAS AGUIRRE,2019-02-13 22:00:00+00:00,40.42166665995589,-3.682222219837608,800.0,,150.0,3.84,37.0,17.0,19.0
4323,ESCUELAS AGUIRRE,2019-02-13 23:00:00+00:00,40.42166665995589,-3.682222219837608,500.0,,128.0,3.75,34.0,18.0,13.0
4323,ESCUELAS AGUIRRE,2019-02-14 08:00:00+00:00,40.42166665995589,-3.682222219837608,,,,,41.0,,
4323,ESCUELAS AGUIRRE,2019-02-14 10:00:00+00:00,40.42166665995589,-3.682222219837608,200.0,,84.0,27.53,24.0,9.0,10.0
4323,ESCUELAS AGUIRRE,2019-02-14 11:00:00+00:00,40.42166665995589,-3.682222219837608,200.0,,83.0,32.94,27.0,12.0,9.0
4323,ESCUELAS AGUIRRE,2019-02-14 12:00:00+00:00,40.42166665995589,-3.682222219837608,200.0,,67.0,43.85,25.0,12.0,9.0
4323,ESCUELAS AGUIRRE,2019-02-14 13:00:00+00:00,40.42166665995589,-3.682222219837608,100.0,,48.0,57.39,23.0,11.0,8.0
4323,ESCUELAS AGUIRRE,2019-02-14 14:00:00+00:00,40.42166665995589,-3.682222219837608,100.0,,46.0,60.63,22.0,9.0,8.0
4323,ESCUELAS AGUIRRE,2019-02-14 15:00:00+00:00,40.42166665995589,-3.682222219837608,100.0,,48.0,63.34,26.0,12.0,8.0
4323,ESCUELAS AGUIRRE,2019-02-14 16:00:00+00:00,40.42166665995589,-3.682222219837608,100.0,,46.0,65.13,24.0,12.0,8.0
4323,ESCUELAS AGUIRRE,2019-02-14 18:00:00+00:00,40.42166665995589,-3.682222219837608,200.0,,82.0,40.17,33.0,12.0,8.0
4323,ESCUELAS AGUIRRE,2019-02-14 19:00:00+00:00,40.42166665995589,-3.682222219837608,300.0,,107.0,18.13,38.0,7.0,9.0
4323,ESCUELAS AGUIRRE,2019-02-14 20:00:00+00:00,40.42166665995589,-3.682222219837608,600.0,,144.0,4.44,47.0,11.0,20.0
4323,ESCUELAS AGUIRRE,2019-02-14 21:00:00+00:00,40.42166665995589,-3.682222219837608,700.0,,142.0,4.05,40.0,20.0,16.0
4323,ESCUELAS AGUIRRE,2019-02-14 23:00:00+00:00,40.42166665995589,-3.682222219837608,300.0,,109.0,9.03,35.0,19.0,10.0
4323,ESCUELAS AGUIRRE,2019-02-15 06:00:00+00:00,40.42166665995589,-3.682222219837608,100.0,,,,,,
4323,ESCUELAS AGUIRRE,2019-02-15 07:00:00+00:00,40.42166665995589,-3.682222219837608,,,,,24.0,,
4323,ESCUELAS AGUIRRE,2019-02-15 08:00:00+00:00,40.42166665995589,-3.682222219837608,,,,,30.0,,
4323,ESCUELAS AGUIRRE,2019-02-15 09:00:00+00:00,40.42166665995589,-3.682222219837608,,,,,32.0,,
4323,ESCUELAS AGUIRRE,2019-02-15 10:00:00+00:00,40.42166665995589,-3.682222219837608,,,,,31.0,,
4323,ESCUELAS AGUIRRE,2019-02-15 11:00:00+00:00,40.42166665995589,-3.682222219837608,,,,,31.0,,
4323,ESCUELAS AGUIRRE,2019-02-15 12:00:00+00:00,40.42166665995589,-3.682222219837608,,,,,31.0,,
4323,ESCUELAS AGUIRRE,2019-02-15 13:00:00+00:00,40.42166665995589,-3.682222219837608,200.0,,64.0,58.32,28.0,15.0,11.0
4323,ESCUELAS AGUIRRE,2019-02-15 14:00:00+00:00,40.42166665995589,-3.682222219837608,200.0,,70.0,59.94,26.0,14.0,11.0
4323,ESCUELAS AGUIRRE,2019-02-15 15:00:00+00:00,40.42166665995589,-3.682222219837608,,,,,24.0,,
4323,ESCUELAS AGUIRRE,2019-02-15 16:00:00+00:00,40.42166665995589,-3.682222219837608,200.0,,75.0,51.87,29.0,14.0,9.0
4323,ESCUELAS AGUIRRE,2019-02-15 17:00:00+00:00,40.42166665995589,-3.682222219837608,,,,,32.0,,
4323,ESCUELAS AGUIRRE,2019-02-15 19:00:00+00:00,40.42166665995589,-3.682222219837608,400.0,,143.0,4.13,58.0,16.0,11.0
4323,ESCUELAS AGUIRRE,2019-02-15 20:00:00+00:00,40.42166665995589,-3.682222219837608,700.0,,163.0,4.02,74.0,21.0,14.0
4323,ESCUELAS AGUIRRE,2019-02-15 21:00:00+00:00,40.42166665995589,-3.682222219837608,1000.0,,179.0,4.45,72.0,27.0,18.0
4323,ESCUELAS AGUIRRE,2019-02-15 22:00:00+00:00,40.42166665995589,-3.682222219837608,800.0,,146.0,4.11,62.0,30.0,14.0
4323,ESCUELAS AGUIRRE,2019-02-15 23:00:00+00:00,40.42166665995589,-3.682222219837608,700.0,,134.0,3.68,54.0,28.0,15.0
4323,ESCUELAS AGUIRRE,2019-02-16 00:00:00+00:00,40.42166665995589,-3.682222219837608,600.0,,122.0,3.69,48.0,23.0,13.0
4323,ESCUELAS AGUIRRE,2019-02-17 08:00:00+00:00,40.42166665995589,-3.682222219837608,,,49.0,35.12,17.0,12.0,11.0
4323,ESCUELAS AGUIRRE,2019-02-17 09:00:00+00:00,40.42166665995589,-3.682222219837608,100.0,,45.0,41.99,14.0,9.0,14.0
4323,ESCUELAS AGUIRRE,2019-02-17 13:00:00+00:00,40.42166665995589,-3.682222219837608,100.0,,27.0,77.29,14.0,6.0,8.0
4323,ESCUELAS AGUIRRE,2019-02-17 14:00:00+00:00,40.42166665995589,-3.682222219837608,100.0,,22.0,80.87,17.0,6.0,8.0
4323,ESCUELAS AGUIRRE,2019-02-17 16:00:00+00:00,40.42166665995589,-3.682222219837608,100.0,,28.0,86.43,16.0,6.0,8.0
4323,ESCUELAS AGUIRRE,2019-02-17 17:00:00+00:00,40.42166665995589,-3.682222219837608,100.0,,40.0,77.33,22.0,5.0,7.0
4323,ESCUELAS AGUIRRE,2019-02-17 18:00:00+00:00,40.42166665995589,-3.682222219837608,,,77.0,44.58,,,8.0
4323,ESCUELAS AGUIRRE,2019-02-17 19:00:00+00:00,40.42166665995589,-3.682222219837608,300.0,,112.0,14.55,49.0,9.0,10.0
4323,ESCUELAS AGUIRRE,2019-02-17 20:00:00+00:00,40.42166665995589,-3.682222219837608,,,,,37.0,,
4323,ESCUELAS AGUIRRE,2019-02-17 21:00:00+00:00,40.42166665995589,-3.682222219837608,300.0,,82.0,30.91,28.0,7.0,10.0
4323,ESCUELAS AGUIRRE,2019-02-17 23:00:00+00:00,40.42166665995589,-3.682222219837608,100.0,,,,,8.0,9.0
4323,ESCUELAS AGUIRRE,2019-02-18 01:00:00+00:00,40.42166665995589,-3.682222219837608,100.0,,42.0,40.71,22.0,9.0,8.0
4323,ESCUELAS AGUIRRE,2019-02-18 02:00:00+00:00,40.42166665995589,-3.682222219837608,100.0,,32.0,49.55,20.0,12.0,8.0
4323,ESCUELAS AGUIRRE,2019-02-18 03:00:00+00:00,40.42166665995589,-3.682222219837608,100.0,,36.0,44.22,17.0,12.0,8.0
4323,ESCUELAS AGUIRRE,2019-02-18 04:00:00+00:00,40.42166665995589,-3.682222219837608,100.0,,28.0,48.96,17.0,10.0,8.0
4323,ESCUELAS AGUIRRE,2019-02-18 05:00:00+00:00,40.42166665995589,-3.682222219837608,100.0,,33.0,45.52,19.0,14.0,8.0
4323,ESCUELAS AGUIRRE,2019-02-18 06:00:00+00:00,40.42166665995589,-3.682222219837608,100.0,,55.0,24.8,18.0,12.0,8.0
4323,ESCUELAS AGUIRRE,2019-02-18 07:00:00+00:00,40.42166665995589,-3.682222219837608,200.0,,88.0,9.45,17.0,8.0,9.0
4323,ESCUELAS AGUIRRE,2019-02-18 08:00:00+00:00,40.42166665995589,-3.682222219837608,300.0,,105.0,7.97,24.0,14.0,10.0
4323,ESCUELAS AGUIRRE,2019-02-18 09:00:00+00:00,40.42166665995589,-3.682222219837608,400.0,,98.0,13.67,31.0,12.0,11.0
4323,ESCUELAS AGUIRRE,2019-02-18 10:00:00+00:00,40.42166665995589,-3.682222219837608,300.0,,86.0,21.99,34.0,15.0,11.0
4323,ESCUELAS AGUIRRE,2019-02-18 11:00:00+00:00,40.42166665995589,-3.682222219837608,200.0,,76.0,30.64,34.0,19.0,12.0
4323,ESCUELAS AGUIRRE,2019-02-18 12:00:00+00:00,40.42166665995589,-3.682222219837608,200.0,,69.0,41.02,31.0,16.0,10.0
4323,ESCUELAS AGUIRRE,2019-02-18 13:00:00+00:00,40.42166665995589,-3.682222219837608,200.0,,55.0,51.55,28.0,12.0,9.0
4323,ESCUELAS AGUIRRE,2019-02-18 14:00:00+00:00,40.42166665995589,-3.682222219837608,100.0,,46.0,57.37,,,9.0
4323,ESCUELAS AGUIRRE,2019-02-18 15:00:00+00:00,40.42166665995589,-3.682222219837608,100.0,,52.0,56.75,,,9.0
4323,ESCUELAS AGUIRRE,2019-02-18 16:00:00+00:00,40.42166665995589,-3.682222219837608,200.0,,51.0,59.41,33.0,11.0,9.0
4323,ESCUELAS AGUIRRE,2019-02-18 17:00:00+00:00,40.42166665995589,-3.682222219837608,100.0,,52.0,56.28,39.0,12.0,8.0
4323,ESCUELAS AGUIRRE,2019-02-18 18:00:00+00:00,40.42166665995589,-3.682222219837608,200.0,,74.0,40.09,40.0,9.0,8.0
4323,ESCUELAS AGUIRRE,2019-02-18 19:00:00+00:00,40.42166665995589,-3.682222219837608,300.0,,113.0,12.96,49.0,8.0,11.0
4323,ESCUELAS AGUIRRE,2019-02-18 20:00:00+00:00,40.42166665995589,-3.682222219837608,500.0,,120.0,7.43,50.0,14.0,17.0
4323,ESCUELAS AGUIRRE,2019-02-18 21:00:00+00:00,40.42166665995589,-3.682222219837608,500.0,,125.0,5.06,39.0,15.0,15.0
4323,ESCUELAS AGUIRRE,2019-02-18 23:00:00+00:00,40.42166665995589,-3.682222219837608,300.0,,106.0,6.71,42.0,16.0,10.0
4323,ESCUELAS AGUIRRE,2019-02-19 01:00:00+00:00,40.42166665995589,-3.682222219837608,100.0,,55.0,38.65,35.0,13.0,9.0
4323,ESCUELAS AGUIRRE,2019-02-19 02:00:00+00:00,40.42166665995589,-3.682222219837608,100.0,,45.0,44.46,34.0,12.0,8.0
4323,ESCUELAS AGUIRRE,2019-02-19 06:00:00+00:00,40.42166665995589,-3.682222219837608,,,71.0,,,12.0,
4323,ESCUELAS AGUIRRE,2019-02-19 07:00:00+00:00,40.42166665995589,-3.682222219837608,,,100.0,,,11.0,
4323,ESCUELAS AGUIRRE,2019-02-19 08:00:00+00:00,40.42166665995589,-3.682222219837608,500.0,,118.0,4.81,47.0,21.0,15.0
4323,ESCUELAS AGUIRRE,2019-02-19 09:00:00+00:00,40.42166665995589,-3.682222219837608,600.0,,124.0,9.13,54.0,26.0,16.0
4323,ESCUELAS AGUIRRE,2019-02-19 11:00:00+00:00,40.42166665995589,-3.682222219837608,200.0,,67.0,51.94,35.0,12.0,10.0
4323,ESCUELAS AGUIRRE,2019-02-19 12:00:00+00:00,40.42166665995589,-3.682222219837608,100.0,,57.0,,36.0,,
4323,ESCUELAS AGUIRRE,2019-02-19 14:00:00+00:00,40.42166665995589,-3.682222219837608,,,,60.67,,16.0,
4323,ESCUELAS AGUIRRE,2019-02-19 15:00:00+00:00,40.42166665995589,-3.682222219837608,,,,,,,8.0
4323,ESCUELAS AGUIRRE,2019-02-19 16:00:00+00:00,40.42166665995589,-3.682222219837608,,,56.0,,,20.0,8.0
4323,ESCUELAS AGUIRRE,2019-02-19 17:00:00+00:00,40.42166665995589,-3.682222219837608,200.0,,,49.17,,,8.0
4323,ESCUELAS AGUIRRE,2019-02-19 18:00:00+00:00,40.42166665995589,-3.682222219837608,,,,,,,8.0
4323,ESCUELAS AGUIRRE,2019-02-19 19:00:00+00:00,40.42166665995589,-3.682222219837608,300.0,,98.0,,78.0,16.0,
4323,ESCUELAS AGUIRRE,2019-02-19 22:00:00+00:00,40.42166665995589,-3.682222219837608,300.0,,92.0,19.95,53.0,22.0,9.0
4323,ESCUELAS AGUIRRE,2019-02-19 23:00:00+00:00,40.42166665995589,-3.682222219837608,300.0,,87.0,19.03,44.0,20.0,9.0
4323,ESCUELAS AGUIRRE,2019-02-20 01:00:00+00:00,40.42166665995589,-3.682222219837608,300.0,,92.0,16.46,39.0,17.0,9.0
4323,ESCUELAS AGUIRRE,2019-02-20 02:00:00+00:00,40.42166665995589,-3.682222219837608,500.0,,113.0,4.55,,21.0,9.0
4323,ESCUELAS AGUIRRE,2019-02-20 06:00:00+00:00,40.42166665995589,-3.682222219837608,100.0,,87.0,5.98,43.0,19.0,8.0
4323,ESCUELAS AGUIRRE,2019-02-20 07:00:00+00:00,40.42166665995589,-3.682222219837608,300.0,,101.0,,44.0,16.0,
4323,ESCUELAS AGUIRRE,2019-02-20 08:00:00+00:00,40.42166665995589,-3.682222219837608,400.0,,113.0,,50.0,,10.0
4323,ESCUELAS AGUIRRE,2019-02-20 09:00:00+00:00,40.42166665995589,-3.682222219837608,500.0,,110.0,11.14,56.0,26.0,12.0
4323,ESCUELAS AGUIRRE,2019-02-20 10:00:00+00:00,40.42166665995589,-3.682222219837608,300.0,,97.0,23.89,47.0,22.0,11.0
4323,ESCUELAS AGUIRRE,2019-02-20 11:00:00+00:00,40.42166665995589,-3.682222219837608,100.0,,69.0,41.82,40.0,19.0,10.0
4323,ESCUELAS AGUIRRE,2019-02-20 12:00:00+00:00,40.42166665995589,-3.682222219837608,100.0,,63.0,48.09,40.0,17.0,10.0
4323,ESCUELAS AGUIRRE,2019-02-20 13:00:00+00:00,40.42166665995589,-3.682222219837608,100.0,,61.0,50.84,46.0,22.0,11.0
4323,ESCUELAS AGUIRRE,2019-02-20 14:00:00+00:00,40.42166665995589,-3.682222219837608,200.0,,55.0,57.33,50.0,22.0,9.0
4323,ESCUELAS AGUIRRE,2019-02-20 15:00:00+00:00,40.42166665995589,-3.682222219837608,,,,59.1,,,8.0
4323,ESCUELAS AGUIRRE,2019-02-20 16:00:00+00:00,40.42166665995589,-3.682222219837608,200.0,,50.0,62.62,58.0,21.0,8.0
4323,ESCUELAS AGUIRRE,2019-02-20 17:00:00+00:00,40.42166665995589,-3.682222219837608,200.0,,57.0,56.33,54.0,18.0,
4323,ESCUELAS AGUIRRE,2019-02-20 18:00:00+00:00,40.42166665995589,-3.682222219837608,300.0,,79.0,39.6,56.0,15.0,8.0
4323,ESCUELAS AGUIRRE,2019-02-20 19:00:00+00:00,40.42166665995589,-3.682222219837608,300.0,,85.0,33.08,59.0,11.0,8.0
4323,ESCUELAS AGUIRRE,2019-02-20 20:00:00+00:00,40.42166665995589,-3.682222219837608,400.0,,117.0,12.58,75.0,16.0,9.0
4323,ESCUELAS AGUIRRE,2019-02-20 21:00:00+00:00,40.42166665995589,-3.682222219837608,500.0,,147.0,4.3,83.0,22.0,11.0
4323,ESCUELAS AGUIRRE,2019-02-20 22:00:00+00:00,40.42166665995589,-3.682222219837608,800.0,,145.0,4.92,78.0,27.0,12.0
4323,ESCUELAS AGUIRRE,2019-02-20 23:00:00+00:00,40.42166665995589,-3.682222219837608,700.0,,135.0,5.83,69.0,27.0,11.0
4323,ESCUELAS AGUIRRE,2019-02-21 00:00:00+00:00,40.42166665995589,-3.682222219837608,600.0,,129.0,6.03,62.0,25.0,12.0
4323,ESCUELAS AGUIRRE,2019-02-21 01:00:00+00:00,40.42166665995589,-3.682222219837608,300.0,,84.0,10.78,54.0,22.0,10.0
4323,ESCUELAS AGUIRRE,2019-02-21 02:00:00+00:00,40.42166665995589,-3.682222219837608,100.0,,50.0,27.28,43.0,17.0,9.0
4323,ESCUELAS AGUIRRE,2019-02-21 06:00:00+00:00,40.42166665995589,-3.682222219837608,100.0,,65.0,14.26,47.0,19.0,9.0
4323,ESCUELAS AGUIRRE,2019-02-21 07:00:00+00:00,40.42166665995589,-3.682222219837608,200.0,,,,,,
4323,ESCUELAS AGUIRRE,2019-02-21 08:00:00+00:00,40.42166665995589,-3.682222219837608,400.0,,102.0,5.86,54.0,24.0,11.0
4323,ESCUELAS AGUIRRE,2019-02-21 10:00:00+00:00,40.42166665995589,-3.682222219837608,300.0,,81.0,21.71,60.0,22.0,12.0
4323,ESCUELAS AGUIRRE,2019-02-21 11:00:00+00:00,40.42166665995589,-3.682222219837608,200.0,,66.0,37.36,58.0,23.0,11.0
4323,ESCUELAS AGUIRRE,2019-02-21 12:00:00+00:00,40.42166665995589,-3.682222219837608,200.0,,,48.78,,,
4323,ESCUELAS AGUIRRE,2019-02-21 15:00:00+00:00,40.42166665995589,-3.682222219837608,,,38.0,76.27,,19.0,8.0
4323,ESCUELAS AGUIRRE,2019-02-21 16:00:00+00:00,40.42166665995589,-3.682222219837608,,,,72.01,51.0,20.0,
4323,ESCUELAS AGUIRRE,2019-02-21 17:00:00+00:00,40.42166665995589,-3.682222219837608,,,54.0,66.2,45.0,14.0,
4323,ESCUELAS AGUIRRE,2019-02-21 18:00:00+00:00,40.42166665995589,-3.682222219837608,200.0,,87.0,41.02,56.0,17.0,8.0
4323,ESCUELAS AGUIRRE,2019-02-21 19:00:00+00:00,40.42166665995589,-3.682222219837608,300.0,,129.0,17.24,71.0,12.0,8.0
4323,ESCUELAS AGUIRRE,2019-02-21 20:00:00+00:00,40.42166665995589,-3.682222219837608,600.0,,173.0,4.2,108.0,18.0,12.0
4323,ESCUELAS AGUIRRE,2019-02-21 22:00:00+00:00,40.42166665995589,-3.682222219837608,800.0,,140.0,4.44,69.0,28.0,14.0
4323,ESCUELAS AGUIRRE,2019-02-21 23:00:00+00:00,40.42166665995589,-3.682222219837608,500.0,,96.0,15.81,57.0,24.0,10.0
4323,ESCUELAS AGUIRRE,2019-02-22 00:00:00+00:00,40.42166665995589,-3.682222219837608,200.0,,75.0,24.28,45.0,17.0,9.0
4323,ESCUELAS AGUIRRE,2019-02-22 01:00:00+00:00,40.42166665995589,-3.682222219837608,200.0,,66.0,28.82,42.0,15.0,9.0
4323,ESCUELAS AGUIRRE,2019-02-22 02:00:00+00:00,40.42166665995589,-3.682222219837608,100.0,,49.0,36.47,38.0,13.0,9.0
4323,ESCUELAS AGUIRRE,2019-02-22 06:00:00+00:00,40.42166665995589,-3.682222219837608,100.0,,61.0,25.34,29.0,10.0,9.0
4323,ESCUELAS AGUIRRE,2019-02-22 08:00:00+00:00,40.42166665995589,-3.682222219837608,400.0,,124.0,4.93,46.0,20.0,13.0
4323,ESCUELAS AGUIRRE,2019-02-22 09:00:00+00:00,40.42166665995589,-3.682222219837608,500.0,,113.0,10.14,55.0,21.0,13.0
4323,ESCUELAS AGUIRRE,2019-02-22 10:00:00+00:00,40.42166665995589,-3.682222219837608,300.0,,86.0,23.99,50.0,17.0,12.0
4323,ESCUELAS AGUIRRE,2019-02-22 11:00:00+00:00,40.42166665995589,-3.682222219837608,200.0,,79.0,35.95,46.0,16.0,11.0
4323,ESCUELAS AGUIRRE,2019-02-22 12:00:00+00:00,40.42166665995589,-3.682222219837608,200.0,,77.0,45.0,51.0,19.0,13.0
4323,ESCUELAS AGUIRRE,2019-02-22 13:00:00+00:00,40.42166665995589,-3.682222219837608,200.0,,,53.86,53.0,21.0,11.0
4323,ESCUELAS AGUIRRE,2019-02-22 14:00:00+00:00,40.42166665995589,-3.682222219837608,200.0,,,57.39,,19.0,8.0
4323,ESCUELAS AGUIRRE,2019-02-22 16:00:00+00:00,40.42166665995589,-3.682222219837608,200.0,,,49.95,,15.0,
4323,ESCUELAS AGUIRRE,2019-02-22 17:00:00+00:00,40.42166665995589,-3.682222219837608,200.0,,,42.79,35.0,12.0,8.0
4323,ESCUELAS AGUIRRE,2019-02-22 19:00:00+00:00,40.42166665995589,-3.682222219837608,300.0,,,,,8.0,
4323,ESCUELAS AGUIRRE,2019-02-22 20:00:00+00:00,40.42166665995589,-3.682222219837608,600.0,,,3.47,64.0,12.0,17.0
4323,ESCUELAS AGUIRRE,2019-02-22 21:00:00+00:00,40.42166665995589,-3.682222219837608,1000.0,,,3.9,64.0,20.0,24.0
4323,ESCUELAS AGUIRRE,2019-02-22 22:00:00+00:00,40.42166665995589,-3.682222219837608,1300.0,,,3.35,72.0,31.0,23.0
4323,ESCUELAS AGUIRRE,2019-02-23 00:00:00+00:00,40.42166665995589,-3.682222219837608,1400.0,,,3.04,71.0,34.0,18.0
4323,ESCUELAS AGUIRRE,2019-02-23 01:00:00+00:00,40.42166665995589,-3.682222219837608,500.0,,,6.24,45.0,21.0,10.0
4323,ESCUELAS AGUIRRE,2019-02-23 02:00:00+00:00,40.42166665995589,-3.682222219837608,300.0,,,6.26,33.0,14.0,9.0
4323,ESCUELAS AGUIRRE,2019-02-23 06:00:00+00:00,40.42166665995589,-3.682222219837608,100.0,,,23.75,31.0,13.0,8.0
4323,ESCUELAS AGUIRRE,2019-02-23 08:00:00+00:00,40.42166665995589,-3.682222219837608,100.0,,,13.58,34.0,13.0,9.0
4323,ESCUELAS AGUIRRE,2019-02-23 09:00:00+00:00,40.42166665995589,-3.682222219837608,,,,24.96,38.0,15.0,11.0
4323,ESCUELAS AGUIRRE,2019-02-23 10:00:00+00:00,40.42166665995589,-3.682222219837608,,,,17.78,,13.0,15.0
4323,ESCUELAS AGUIRRE,2019-02-23 11:00:00+00:00,40.42166665995589,-3.682222219837608,,,,,,28.0,14.0
4323,ESCUELAS AGUIRRE,2019-02-23 12:00:00+00:00,40.42166665995589,-3.682222219837608,,,,30.69,53.0,23.0,13.0
4323,ESCUELAS AGUIRRE,2019-02-23 14:00:00+00:00,40.42166665995589,-3.682222219837608,,,,44.32,57.0,,10.0
4323,ESCUELAS AGUIRRE,2019-02-23 15:00:00+00:00,40.42166665995589,-3.682222219837608,,,,51.15,49.0,22.0,9.0
4323,ESCUELAS AGUIRRE,2019-02-23 16:00:00+00:00,40.42166665995589,-3.682222219837608,,,,57.7,42.0,18.0,8.0
4323,ESCUELAS AGUIRRE,2019-02-23 17:00:00+00:00,40.42166665995589,-3.682222219837608,,,,,47.0,15.0,8.0
4323,ESCUELAS AGUIRRE,2019-02-23 18:00:00+00:00,40.42166665995589,-3.682222219837608,,,,,,13.0,9.0
4323,ESCUELAS AGUIRRE,2019-02-23 21:00:00+00:00,40.42166665995589,-3.682222219837608,,,,,61.0,25.0,22.0
4323,ESCUELAS AGUIRRE,2019-02-23 22:00:00+00:00,40.42166665995589,-3.682222219837608,,,,,63.0,29.0,17.0
4323,ESCUELAS AGUIRRE,2019-02-23 23:00:00+00:00,40.42166665995589,-3.682222219837608,,,,,54.0,26.0,12.0
4323,ESCUELAS AGUIRRE,2019-02-24 00:00:00+00:00,40.42166665995589,-3.682222219837608,,,,,42.0,19.0,9.0
4323,ESCUELAS AGUIRRE,2019-02-24 01:00:00+00:00,40.42166665995589,-3.682222219837608,,,,,40.0,18.0,10.0
4323,ESCUELAS AGUIRRE,2019-02-24 02:00:00+00:00,40.42166665995589,-3.682222219837608,,,,,40.0,19.0,9.0
4323,ESCUELAS AGUIRRE,2019-02-24 05:00:00+00:00,40.42166665995589,-3.682222219837608,,,,,29.0,12.0,8.0
4323,ESCUELAS AGUIRRE,2019-02-24 06:00:00+00:00,40.42166665995589,-3.682222219837608,,,,,23.0,8.0,8.0
4323,ESCUELAS AGUIRRE,2019-02-24 08:00:00+00:00,40.42166665995589,-3.682222219837608,,,,,27.0,,11.0
4323,ESCUELAS AGUIRRE,2019-02-24 09:00:00+00:00,40.42166665995589,-3.682222219837608,,,,,25.0,,13.0
4323,ESCUELAS AGUIRRE,2019-02-24 10:00:00+00:00,40.42166665995589,-3.682222219837608,,,,,26.0,,12.0
4323,ESCUELAS AGUIRRE,2019-02-24 11:00:00+00:00,40.42166665995589,-3.682222219837608,,,,,23.0,,13.0
4323,ESCUELAS AGUIRRE,2019-02-24 12:00:00+00:00,40.42166665995589,-3.682222219837608,,,,,22.0,,10.0
4323,ESCUELAS AGUIRRE,2019-02-24 14:00:00+00:00,40.42166665995589,-3.682222219837608,,,,,39.0,,8.0
4323,ESCUELAS AGUIRRE,2019-02-24 15:00:00+00:00,40.42166665995589,-3.682222219837608,,,,,37.0,,8.0
4323,ESCUELAS AGUIRRE,2019-02-24 16:00:00+00:00,40.42166665995589,-3.682222219837608,,,,,38.0,,8.0
4323,ESCUELAS AGUIRRE,2019-02-24 17:00:00+00:00,40.42166665995589,-3.682222219837608,,,,,,,8.0
4323,ESCUELAS AGUIRRE,2019-02-24 18:00:00+00:00,40.42166665995589,-3.682222219837608,,,,,54.0,,8.0
4323,ESCUELAS AGUIRRE,2019-02-24 19:00:00+00:00,40.42166665995589,-3.682222219837608,,,,,87.0,,9.0
4323,ESCUELAS AGUIRRE,2019-02-24 20:00:00+00:00,40.42166665995589,-3.682222219837608,,,,,92.0,,12.0
4323,ESCUELAS AGUIRRE,2019-02-24 21:00:00+00:00,40.42166665995589,-3.682222219837608,,,,,58.0,,11.0
4323,ESCUELAS AGUIRRE,2019-02-24 22:00:00+00:00,40.42166665995589,-3.682222219837608,,,,,44.0,,10.0
4323,ESCUELAS AGUIRRE,2019-02-24 23:00:00+00:00,40.42166665995589,-3.682222219837608,,,,,41.0,,11.0
4323,ESCUELAS AGUIRRE,2019-02-25 00:00:00+00:00,40.42166665995589,-3.682222219837608,,,,,36.0,,10.0
4323,ESCUELAS AGUIRRE,2019-02-25 01:00:00+00:00,40.42166665995589,-3.682222219837608,,,,,37.0,,11.0
4323,ESCUELAS AGUIRRE,2019-02-25 02:00:00+00:00,40.42166665995589,-3.682222219837608,,,,,,,10.0
4323,ESCUELAS AGUIRRE,2019-02-25 07:00:00+00:00,40.42166665995589,-3.682222219837608,,,,,33.0,,12.0
4323,ESCUELAS AGUIRRE,2019-02-25 08:00:00+00:00,40.42166665995589,-3.682222219837608,,,,,42.0,,12.0
4323,ESCUELAS AGUIRRE,2019-02-25 09:00:00+00:00,40.42166665995589,-3.682222219837608,,,,,46.0,,14.0
4323,ESCUELAS AGUIRRE,2019-02-25 10:00:00+00:00,40.42166665995589,-3.682222219837608,,,,,,,12.0
4323,ESCUELAS AGUIRRE,2019-02-25 11:00:00+00:00,40.42166665995589,-3.682222219837608,,,,,45.0,,14.0
4323,ESCUELAS AGUIRRE,2019-02-25 13:00:00+00:00,40.42166665995589,-3.682222219837608,,,,,,,8.0
4323,ESCUELAS AGUIRRE,2019-02-25 15:00:00+00:00,40.42166665995589,-3.682222219837608,,,,,31.0,,
4323,ESCUELAS AGUIRRE,2019-02-25 16:00:00+00:00,40.42166665995589,-3.682222219837608,,,,,,,8.0
4323,ESCUELAS AGUIRRE,2019-02-25 17:00:00+00:00,40.42166665995589,-3.682222219837608,,,,,33.0,,8.0
4323,ESCUELAS AGUIRRE,2019-02-25 18:00:00+00:00,40.42166665995589,-3.682222219837608,,,,,,,8.0
4323,ESCUELAS AGUIRRE,2019-02-25 19:00:00+00:00,40.42166665995589,-3.682222219837608,,,,,76.0,,
4323,ESCUELAS AGUIRRE,2019-02-25 20:00:00+00:00,40.42166665995589,-3.682222219837608,,,,,100.0,,
4323,ESCUELAS AGUIRRE,2019-02-25 21:00:00+00:00,40.42166665995589,-3.682222219837608,,,,,109.0,,
4323,ESCUELAS AGUIRRE,2023-03-29 11:00:00+00:00,40.42166665995589,-3.682222219837608,,10.0,,,,,
4323,ESCUELAS AGUIRRE,2023-03-29 12:00:00+00:00,40.42166665995589,-3.682222219837608,,9.0,,,,,
4323,ESCUELAS AGUIRRE,2023-03-29 13:00:00+00:00,40.42166665995589,-3.682222219837608,,10.0,,,,,
4323,ESCUELAS AGUIRRE,2023-03-29 14:00:00+00:00,40.42166665995589,-3.682222219837608,,5.0,,,,,
4323,ESCUELAS AGUIRRE,2023-03-29 15:00:00+00:00,40.42166665995589,-3.682222219837608,,7.0,,,,,
4323,ESCUELAS AGUIRRE,2023-03-29 16:00:00+00:00,40.42166665995589,-3.682222219837608,,6.0,,,,,
4323,ESCUELAS AGUIRRE,2023-03-29 17:00:00+00:00,40.42166665995589,-3.682222219837608,,8.0,,,,,
4323,ESCUELAS AGUIRRE,2023-03-29 18:00:00+00:00,40.42166665995589,-3.682222219837608,,6.0,,,,,
4323,ESCUELAS AGUIRRE,2023-03-29 19:00:00+00:00,40.42166665995589,-3.682222219837608,,2.0,,,,,
4323,ESCUELAS AGUIRRE,2023-03-29 20:00:00+00:00,40.42166665995589,-3.682222219837608,,1.0,,,,,
4323,ESCUELAS AGUIRRE,2023-03-29 21:00:00+00:00,40.42166665995589,-3.682222219837608,,1.0,,,,,
4323,ESCUELAS AGUIRRE,2023-03-29 22:00:00+00:00,40.42166665995589,-3.682222219837608,,1.0,,,,,
4323,ESCUELAS AGUIRRE,2023-03-29 23:00:00+00:00,40.42166665995589,-3.682222219837608,,2.0,,,,,
4323,ESCUELAS AGUIRRE,2023-03-30 00:00:00+00:00,40.42166665995589,-3.682222219837608,,1.0,,,,,
4323,ESCUELAS AGUIRRE,2023-03-30 01:00:00+00:00,40.42166665995589,-3.682222219837608,,1.0,,,,,
4323,ESCUELAS AGUIRRE,2023-03-30 02:00:00+00:00,40.42166665995589,-3.682222219837608,,1.0,,,,,
4323,ESCUELAS AGUIRRE,2023-03-30 03:00:00+00:00,40.42166665995589,-3.682222219837608,,1.0,,,,,
4323,ESCUELAS AGUIRRE,2023-03-30 04:00:00+00:00,40.42166665995589,-3.682222219837608,,1.0,,,,,
4323,ESCUELAS AGUIRRE,2023-03-30 05:00:00+00:00,40.42166665995589,-3.682222219837608,,1.0,,,,,
4323,ESCUELAS AGUIRRE,2023-03-30 06:00:00+00:00,40.42166665995589,-3.682222219837608,,6.0,,,,,
4323,ESCUELAS AGUIRRE,2023-03-30 07:00:00+00:00,40.42166665995589,-3.682222219837608,,7.0,,,,,
4323,ESCUELAS AGUIRRE,2023-03-30 08:00:00+00:00,40.42166665995589,-3.682222219837608,,17.0,,,,,
4323,ESCUELAS AGUIRRE,2023-03-30 09:00:00+00:00,40.42166665995589,-3.682222219837608,,20.0,,,,,
4323,ESCUELAS AGUIRRE,2023-03-30 10:00:00+00:00,40.42166665995589,-3.682222219837608,,11.0,,,,,
4323,ESCUELAS AGUIRRE,2023-03-30 11:00:00+00:00,40.42166665995589,-3.682222219837608,,13.0,,,,,
4323,ESCUELAS AGUIRRE,2023-03-30 12:00:00+00:00,40.42166665995589,-3.682222219837608,,11.0,,,,,
4323,ESCUELAS AGUIRRE,2023-03-30 13:00:00+00:00,40.42166665995589,-3.682222219837608,,8.0,,,,,
4323,ESCUELAS AGUIRRE,2023-03-30 14:00:00+00:00,40.42166665995589,-3.682222219837608,,6.0,,,,,
4323,ESCUELAS AGUIRRE,2023-03-30 15:00:00+00:00,40.42166665995589,-3.682222219837608,,5.0,,,,,
4323,ESCUELAS AGUIRRE,2023-03-30 16:00:00+00:00,40.42166665995589,-3.682222219837608,,7.0,,,,,
4323,ESCUELAS AGUIRRE,2023-03-30 17:00:00+00:00,40.42166665995589,-3.682222219837608,,6.0,,,,,
4323,ESCUELAS AGUIRRE,2023-03-30 18:00:00+00:00,40.42166665995589,-3.682222219837608,,4.0,,,,,
4323,ESCUELAS AGUIRRE,2023-03-30 19:00:00+00:00,40.42166665995589,-3.682222219837608,,4.0,,,,,
4323,ESCUELAS AGUIRRE,2023-03-30 20:00:00+00:00,40.42166665995589,-3.682222219837608,,3.0,,,,,
4323,ESCUELAS AGUIRRE,2023-03-30 21:00:00+00:00,40.42166665995589,-3.682222219837608,,3.0,,,,,
4323,ESCUELAS AGUIRRE,2023-03-30 22:00:00+00:00,40.42166665995589,-3.682222219837608,,2.0,,,,,
4323,ESCUELAS AGUIRRE,2023-03-30 23:00:00+00:00,40.42166665995589,-3.682222219837608,,2.0,,,,,
4323,ESCUELAS AGUIRRE,2023-03-31 00:00:00+00:00,40.42166665995589,-3.682222219837608,,1.0,,,,,
4323,ESCUELAS AGUIRRE,2023-03-31 01:00:00+00:00,40.42166665995589,-3.682222219837608,,1.0,,,,,
4323,ESCUELAS AGUIRRE,2023-03-31 02:00:00+00:00,40.42166665995589,-3.682222219837608,,1.0,,,,,
4323,ESCUELAS AGUIRRE,2023-03-31 03:00:00+00:00,40.42166665995589,-3.682222219837608,,1.0,,,,,
4323,ESCUELAS AGUIRRE,2023-03-31 04:00:00+00:00,40.42166665995589,-3.682222219837608,,1.0,,,,,
4323,ESCUELAS AGUIRRE,2023-03-31 05:00:00+00:00,40.42166665995589,-3.682222219837608,,2.0,,,,,
4323,ESCUELAS AGUIRRE,2023-03-31 06:00:00+00:00,40.42166665995589,-3.682222219837608,,5.0,,,,,
4323,ESCUELAS AGUIRRE,2023-03-31 07:00:00+00:00,40.42166665995589,-3.682222219837608,,12.0,,,,,
4323,ESCUELAS AGUIRRE,2023-03-31 08:00:00+00:00,40.42166665995589,-3.682222219837608,,13.0,,,,,
4323,ESCUELAS AGUIRRE,2023-03-31 09:00:00+00:00,40.42166665995589,-3.682222219837608,,15.0,,,,,
4323,ESCUELAS AGUIRRE,2023-03-31 10:00:00+00:00,40.42166665995589,-3.682222219837608,,14.0,,,,,
4323,ESCUELAS AGUIRRE,2023-03-31 11:00:00+00:00,40.42166665995589,-3.682222219837608,,9.0,,,,,
4323,ESCUELAS AGUIRRE,2023-03-31 12:00:00+00:00,40.42166665995589,-3.682222219837608,,10.0,,,,,
4323,ESCUELAS AGUIRRE,2023-03-31 13:00:00+00:00,40.42166665995589,-3.682222219837608,,8.0,,,,,
4323,ESCUELAS AGUIRRE,2023-03-31 14:00:00+00:00,40.42166665995589,-3.682222219837608,,7.0,,,,,
4323,ESCUELAS AGUIRRE,2023-03-31 15:00:00+00:00,40.42166665995589,-3.682222219837608,,6.0,,,,,
4323,ESCUELAS AGUIRRE,2023-03-31 16:00:00+00:00,40.42166665995589,-3.682222219837608,,5.0,,,,,
4323,ESCUELAS AGUIRRE,2023-03-31 17:00:00+00:00,40.42166665995589,-3.682222219837608,,5.0,,,,,
4323,ESCUELAS AGUIRRE,2023-03-31 18:00:00+00:00,40.42166665995589,-3.682222219837608,,5.0,,,,,
4323,ESCUELAS AGUIRRE,2023-03-31 19:00:00+00:00,40.42166665995589,-3.682222219837608,,4.0,,,,,
4323,ESCUELAS AGUIRRE,2023-03-31 20:00:00+00:00,40.42166665995589,-3.682222219837608,,3.0,,,,,
4323,ESCUELAS AGUIRRE,2023-03-31 21:00:00+00:00,40.42166665995589,-3.682222219837608,,2.0,,,,,
4323,ESCUELAS AGUIRRE,2023-03-31 22:00:00+00:00,40.42166665995589,-3.682222219837608,,2.0,,,,,
4323,ESCUELAS AGUIRRE,2023-03-31 23:00:00+00:00,40.42166665995589,-3.682222219837608,,1.0,,,,,
4323,ESCUELAS AGUIRRE,2023-04-01 00:00:00+00:00,40.42166665995589,-3.682222219837608,,1.0,,,,,
4323,ESCUELAS AGUIRRE,2023-04-01 01:00:00+00:00,40.42166665995589,-3.682222219837608,,1.0,,,,,
4323,ESCUELAS AGUIRRE,2023-04-01 02:00:00+00:00,40.42166665995589,-3.682222219837608,,1.0,,,,,
4323,ESCUELAS AGUIRRE,2023-04-01 03:00:00+00:00,40.42166665995589,-3.682222219837608,,1.0,,,,,
4323,ESCUELAS AGUIRRE,2023-04-01 04:00:00+00:00,40.42166665995589,-3.682222219837608,,1.0,,,,,
4323,ESCUELAS AGUIRRE,2023-04-01 05:00:00+00:00,40.42166665995589,-3.682222219837608,,1.0,,,,,
4323,ESCUELAS AGUIRRE,2023-04-01 06:00:00+00:00,40.42166665995589,-3.682222219837608,,1.0,,,,,
4323,ESCUELAS AGUIRRE,2023-04-01 07:00:00+00:00,40.42166665995589,-3.682222219837608,,1.0,,,,,
4323,ESCUELAS AGUIRRE,2023-04-01 08:00:00+00:00,40.42166665995589,-3.682222219837608,,2.0,,,,,
4323,ESCUELAS AGUIRRE,2023-04-01 09:00:00+00:00,40.42166665995589,-3.682222219837608,,3.0,,,,,
4323,ESCUELAS AGUIRRE,2023-04-01 10:00:00+00:00,40.42166665995589,-3.682222219837608,,3.0,,,,,
4323,ESCUELAS AGUIRRE,2023-04-01 11:00:00+00:00,40.42166665995589,-3.682222219837608,,2.0,,,,,
4323,ESCUELAS AGUIRRE,2023-04-01 12:00:00+00:00,40.42166665995589,-3.682222219837608,,2.0,,,,,
4323,ESCUELAS AGUIRRE,2023-04-01 13:00:00+00:00,40.42166665995589,-3.682222219837608,,3.0,,,,,
4323,ESCUELAS AGUIRRE,2023-04-01 14:00:00+00:00,40.42166665995589,-3.682222219837608,,2.0,,,,,
4323,ESCUELAS AGUIRRE,2023-04-01 15:00:00+00:00,40.42166665995589,-3.682222219837608,,2.0,,,,,
4323,ESCUELAS AGUIRRE,2023-04-01 16:00:00+00:00,40.42166665995589,-3.682222219837608,,2.0,,,,,
4323,ESCUELAS AGUIRRE,2023-04-01 17:00:00+00:00,40.42166665995589,-3.682222219837608,,1.0,,,,,
4323,ESCUELAS AGUIRRE,2023-04-01 18:00:00+00:00,40.42166665995589,-3.682222219837608,,2.0,,,,,
4323,ESCUELAS AGUIRRE,2023-04-01 19:00:00+00:00,40.42166665995589,-3.682222219837608,,2.0,,,,,
4323,ESCUELAS AGUIRRE,2023-04-01 20:00:00+00:00,40.42166665995589,-3.682222219837608,,2.0,,,,,
4323,ESCUELAS AGUIRRE,2023-04-01 21:00:00+00:00,40.42166665995589,-3.682222219837608,,1.0,,,,,
4323,ESCUELAS AGUIRRE,2023-04-01 22:00:00+00:00,40.42166665995589,-3.682222219837608,,1.0,,,,,
4323,ESCUELAS AGUIRRE,2023-04-01 23:00:00+00:00,40.42166665995589,-3.682222219837608,,1.0,,,,,
4323,ESCUELAS AGUIRRE,2023-04-02 00:00:00+00:00,40.42166665995589,-3.682222219837608,,1.0,,,,,
4323,ESCUELAS AGUIRRE,2023-04-02 01:00:00+00:00,40.42166665995589,-3.682222219837608,,1.0,,,,,
4323,ESCUELAS AGUIRRE,2023-04-02 02:00:00+00:00,40.42166665995589,-3.682222219837608,,1.0,,,,,
4323,ESCUELAS AGUIRRE,2023-04-02 03:00:00+00:00,40.42166665995589,-3.682222219837608,,1.0,,,,,
4323,ESCUELAS AGUIRRE,2023-04-02 04:00:00+00:00,40.42166665995589,-3.682222219837608,,1.0,,,,,
4323,ESCUELAS AGUIRRE,2023-04-02 05:00:00+00:00,40.42166665995589,-3.682222219837608,,1.0,,,,,
4323,ESCUELAS AGUIRRE,2023-04-02 06:00:00+00:00,40.42166665995589,-3.682222219837608,,1.0,,,,,
4323,ESCUELAS AGUIRRE,2023-04-02 07:00:00+00:00,40.42166665995589,-3.682222219837608,,1.0,,,,,
4323,ESCUELAS AGUIRRE,2023-04-02 08:00:00+00:00,40.42166665995589,-3.682222219837608,,2.0,,,,,
4323,ESCUELAS AGUIRRE,2023-04-02 09:00:00+00:00,40.42166665995589,-3.682222219837608,,2.0,,,,,
4323,ESCUELAS AGUIRRE,2023-04-02 10:00:00+00:00,40.42166665995589,-3.682222219837608,,2.0,,,,,
4323,ESCUELAS AGUIRRE,2023-04-02 11:00:00+00:00,40.42166665995589,-3.682222219837608,,1.0,,,,,
4323,ESCUELAS AGUIRRE,2023-04-02 12:00:00+00:00,40.42166665995589,-3.682222219837608,,1.0,,,,,
4323,ESCUELAS AGUIRRE,2023-04-02 13:00:00+00:00,40.42166665995589,-3.682222219837608,,1.0,,,,,
4323,ESCUELAS AGUIRRE,2023-04-02 14:00:00+00:00,40.42166665995589,-3.682222219837608,,1.0,,,,,
4323,ESCUELAS AGUIRRE,2023-04-02 15:00:00+00:00,40.42166665995589,-3.682222219837608,,1.0,,,,,
4323,ESCUELAS AGUIRRE,2023-04-02 16:00:00+00:00,40.42166665995589,-3.682222219837608,,1.0,,,,,
4323,ESCUELAS AGUIRRE,2023-04-02 17:00:00+00:00,40.42166665995589,-3.682222219837608,,1.0,,,,,
4323,ESCUELAS AGUIRRE,2023-04-02 18:00:00+00:00,40.42166665995589,-3.682222219837608,,1.0,,,,,
4323,ESCUELAS AGUIRRE,2023-04-02 19:00:00+00:00,40.42166665995589,-3.682222219837608,,1.0,,,,,
4323,ESCUELAS AGUIRRE,2023-04-02 20:00:00+00:00,40.42166665995589,-3.682222219837608,,1.0,,,,,
4323,ESCUELAS AGUIRRE,2023-04-02 21:00:00+00:00,40.42166665995589,-3.682222219837608,,1.0,,,,,
4323,ESCUELAS AGUIRRE,2023-04-02 22:00:00+00:00,40.42166665995589,-3.682222219837608,,1.0,,,,,
4323,ESCUELAS AGUIRRE,2023-04-02 23:00:00+00:00,40.42166665995589,-3.682222219837608,,1.0,,,,,
4323,ESCUELAS AGUIRRE,2023-04-03 00:00:00+00:00,40.42166665995589,-3.682222219837608,,1.0,,,,,
4323,ESCUELAS AGUIRRE,2023-04-03 01:00:00+00:00,40.42166665995589,-3.682222219837608,,1.0,,,,,
4323,ESCUELAS AGUIRRE,2023-04-03 02:00:00+00:00,40.42166665995589,-3.682222219837608,,1.0,,,,,
4323,ESCUELAS AGUIRRE,2023-04-03 03:00:00+00:00,40.42166665995589,-3.682222219837608,,1.0,,,,,
4323,ESCUELAS AGUIRRE,2023-04-03 04:00:00+00:00,40.42166665995589,-3.682222219837608,,1.0,,,,,
4323,ESCUELAS AGUIRRE,2023-04-03 05:00:00+00:00,40.42166665995589,-3.682222219837608,,1.0,,,,,
4323,ESCUELAS AGUIRRE,2023-04-03 06:00:00+00:00,40.42166665995589,-3.682222219837608,,2.0,,,,,
4323,ESCUELAS AGUIRRE,2023-04-03 07:00:00+00:00,40.42166665995589,-3.682222219837608,,6.0,,,,,
4323,ESCUELAS AGUIRRE,2023-04-03 08:00:00+00:00,40.42166665995589,-3.682222219837608,,7.0,,,,,
4323,ESCUELAS AGUIRRE,2023-04-03 09:00:00+00:00,40.42166665995589,-3.682222219837608,,10.0,,,,,
4323,ESCUELAS AGUIRRE,2023-04-03 10:00:00+00:00,40.42166665995589,-3.682222219837608,,6.0,,,,,
4323,ESCUELAS AGUIRRE,2023-04-03 11:00:00+00:00,40.42166665995589,-3.682222219837608,,7.0,,,,,
4323,ESCUELAS AGUIRRE,2023-04-03 12:00:00+00:00,40.42166665995589,-3.682222219837608,,10.0,,,,,
4323,ESCUELAS AGUIRRE,2023-04-03 13:00:00+00:00,40.42166665995589,-3.682222219837608,,7.0,,,,,
4323,ESCUELAS AGUIRRE,2023-04-03 14:00:00+00:00,40.42166665995589,-3.682222219837608,,5.0,,,,,
4323,ESCUELAS AGUIRRE,2023-04-03 15:00:00+00:00,40.42166665995589,-3.682222219837608,,5.0,,,,,
4323,ESCUELAS AGUIRRE,2023-04-03 16:00:00+00:00,40.42166665995589,-3.682222219837608,,3.0,,,,,
4323,ESCUELAS AGUIRRE,2023-04-03 17:00:00+00:00,40.42166665995589,-3.682222219837608,,2.0,,,,,
4323,ESCUELAS AGUIRRE,2023-04-03 18:00:00+00:00,40.42166665995589,-3.682222219837608,,1.0,,,,,
4323,ESCUELAS AGUIRRE,2023-04-03 19:00:00+00:00,40.42166665995589,-3.682222219837608,,1.0,,,,,
4323,ESCUELAS AGUIRRE,2023-04-03 20:00:00+00:00,40.42166665995589,-3.682222219837608,,1.0,,,,,
4323,ESCUELAS AGUIRRE,2023-04-03 21:00:00+00:00,40.42166665995589,-3.682222219837608,,1.0,,,,,
4323,ESCUELAS AGUIRRE,2023-04-03 22:00:00+00:00,40.42166665995589,-3.682222219837608,,1.0,,,,,
4323,ESCUELAS AGUIRRE,2023-04-03 23:00:00+00:00,40.42166665995589,-3.682222219837608,,2.0,,,,,
4323,ESCUELAS AGUIRRE,2023-04-04 00:00:00+00:00,40.42166665995589,-3.682222219837608,,1.0,,,,,
4323,ESCUELAS AGUIRRE,2023-04-04 01:00:00+00:00,40.42166665995589,-3.682222219837608,,1.0,,,,,
4323,ESCUELAS AGUIRRE,2023-04-04 02:00:00+00:00,40.42166665995589,-3.682222219837608,,1.0,,,,,
4323,ESCUELAS AGUIRRE,2023-04-04 03:00:00+00:00,40.42166665995589,-3.682222219837608,,1.0,,,,,
4323,ESCUELAS AGUIRRE,2023-04-04 04:00:00+00:00,40.42166665995589,-3.682222219837608,,1.0,,,,,
4323,ESCUELAS AGUIRRE,2023-04-04 05:00:00+00:00,40.42166665995589,-3.682222219837608,,1.0,,,,,
4323,ESCUELAS AGUIRRE,2023-04-04 06:00:00+00:00,40.42166665995589,-3.682222219837608,,2.0,,,,,
4323,ESCUELAS AGUIRRE,2023-04-04 07:00:00+00:00,40.42166665995589,-3.682222219837608,,4.0,,,,,
4323,ESCUELAS AGUIRRE,2023-04-04 08:00:00+00:00,40.42166665995589,-3.682222219837608,,8.0,,,,,
4323,ESCUELAS AGUIRRE,2023-04-04 09:00:00+00:00,40.42166665995589,-3.682222219837608,,6.0,,,,,
4323,ESCUELAS AGUIRRE,2023-04-04 10:00:00+00:00,40.42166665995589,-3.682222219837608,,5.0,,,,,
4323,ESCUELAS AGUIRRE,2023-04-04 11:00:00+00:00,40.42166665995589,-3.682222219837608,,4.0,,,,,
4323,ESCUELAS AGUIRRE,2023-04-04 12:00:00+00:00,40.42166665995589,-3.682222219837608,,3.0,,,,,
4323,ESCUELAS AGUIRRE,2023-04-04 13:00:00+00:00,40.42166665995589,-3.682222219837608,,3.0,,,,,
4323,ESCUELAS AGUIRRE,2023-04-04 14:00:00+00:00,40.42166665995589,-3.682222219837608,,3.0,,,,,
4323,ESCUELAS AGUIRRE,2023-04-04 15:00:00+00:00,40.42166665995589,-3.682222219837608,,2.0,,,,,
4323,ESCUELAS AGUIRRE,2023-04-04 16:00:00+00:00,40.42166665995589,-3.682222219837608,,2.0,,,,,
4323,ESCUELAS AGUIRRE,2023-04-04 17:00:00+00:00,40.42166665995589,-3.682222219837608,,2.0,,,,,
4323,ESCUELAS AGUIRRE,2023-04-04 18:00:00+00:00,40.42166665995589,-3.682222219837608,,1.0,,,,,
4323,ESCUELAS AGUIRRE,2023-04-04 19:00:00+00:00,40.42166665995589,-3.682222219837608,,1.0,,,,,
4323,ESCUELAS AGUIRRE,2023-04-04 20:00:00+00:00,40.42166665995589,-3.682222219837608,,1.0,,,,,
4323,ESCUELAS AGUIRRE,2023-04-04 21:00:00+00:00,40.42166665995589,-3.682222219837608,,1.0,,,,,
4323,ESCUELAS AGUIRRE,2023-04-04 22:00:00+00:00,40.42166665995589,-3.682222219837608,,2.0,,,,,
4323,ESCUELAS AGUIRRE,2023-04-04 23:00:00+00:00,40.42166665995589,-3.682222219837608,,1.0,,,,,
4323,ESCUELAS AGUIRRE,2023-04-05 00:00:00+00:00,40.42166665995589,-3.682222219837608,,1.0,,,,,
4323,ESCUELAS AGUIRRE,2023-04-05 01:00:00+00:00,40.42166665995589,-3.682222219837608,,1.0,,,,,
4323,ESCUELAS AGUIRRE,2023-04-05 02:00:00+00:00,40.42166665995589,-3.682222219837608,,1.0,,,,,
4323,ESCUELAS AGUIRRE,2023-04-05 03:00:00+00:00,40.42166665995589,-3.682222219837608,,1.0,,,,,
4323,ESCUELAS AGUIRRE,2023-04-05 04:00:00+00:00,40.42166665995589,-3.682222219837608,,1.0,,,,,
4323,ESCUELAS AGUIRRE,2023-04-05 05:00:00+00:00,40.42166665995589,-3.682222219837608,,1.0,,,,,
4323,ESCUELAS AGUIRRE,2023-04-05 06:00:00+00:00,40.42166665995589,-3.682222219837608,,2.0,,,,,
4323,ESCUELAS AGUIRRE,2023-04-05 07:00:00+00:00,40.42166665995589,-3.682222219837608,,7.0,,,,,
4323,ESCUELAS AGUIRRE,2023-04-05 08:00:00+00:00,40.42166665995589,-3.682222219837608,,9.0,,,,,
4323,ESCUELAS AGUIRRE,2023-04-05 09:00:00+00:00,40.42166665995589,-3.682222219837608,,8.0,,,,,
4323,ESCUELAS AGUIRRE,2023-04-05 12:00:00+00:00,40.42166665995589,-3.682222219837608,,4.0,,,,,
4323,ESCUELAS AGUIRRE,2023-04-05 17:00:00+00:00,40.42166665995589,-3.682222219837608,,2.0,,,,,
4323,ESCUELAS AGUIRRE,2023-04-05 18:00:00+00:00,40.42166665995589,-3.682222219837608,,2.0,,,,,
4323,ESCUELAS AGUIRRE,2023-04-05 19:00:00+00:00,40.42166665995589,-3.682222219837608,,2.0,,,,,
4323,ESCUELAS AGUIRRE,2023-04-05 20:00:00+00:00,40.42166665995589,-3.682222219837608,,3.0,,,,,
4323,ESCUELAS AGUIRRE,2023-04-05 21:00:00+00:00,40.42166665995589,-3.682222219837608,,10.0,,,,,
4323,ESCUELAS AGUIRRE,2023-04-05 22:00:00+00:00,40.42166665995589,-3.682222219837608,,4.0,,,,,
4323,ESCUELAS AGUIRRE,2023-04-05 23:00:00+00:00,40.42166665995589,-3.682222219837608,,2.0,,,,,
4323,ESCUELAS AGUIRRE,2023-04-06 00:00:00+00:00,40.42166665995589,-3.682222219837608,,1.0,,,,,
4323,ESCUELAS AGUIRRE,2023-04-06 01:00:00+00:00,40.42166665995589,-3.682222219837608,,1.0,,,,,
4323,ESCUELAS AGUIRRE,2023-04-06 02:00:00+00:00,40.42166665995589,-3.682222219837608,,1.0,,,,,
4323,ESCUELAS AGUIRRE,2023-04-06 03:00:00+00:00,40.42166665995589,-3.682222219837608,,1.0,,,,,
4323,ESCUELAS AGUIRRE,2023-04-06 04:00:00+00:00,40.42166665995589,-3.682222219837608,,1.0,,,,,
4323,ESCUELAS AGUIRRE,2023-04-06 05:00:00+00:00,40.42166665995589,-3.682222219837608,,1.0,,,,,
4323,ESCUELAS AGUIRRE,2023-04-06 06:00:00+00:00,40.42166665995589,-3.682222219837608,,1.0,,,,,
4323,ESCUELAS AGUIRRE,2023-04-06 07:00:00+00:00,40.42166665995589,-3.682222219837608,,2.0,,,,,
4323,ESCUELAS AGUIRRE,2023-04-06 08:00:00+00:00,40.42166665995589,-3.682222219837608,,2.0,,,,,
4323,ESCUELAS AGUIRRE,2023-04-06 09:00:00+00:00,40.42166665995589,-3.682222219837608,,3.0,,,,,
4323,ESCUELAS AGUIRRE,2023-04-06 10:00:00+00:00,40.42166665995589,-3.682222219837608,,2.0,,,,,
4323,ESCUELAS AGUIRRE,2023-04-06 11:00:00+00:00,40.42166665995589,-3.682222219837608,,2.0,,,,,
4323,ESCUELAS AGUIRRE,2023-04-06 12:00:00+00:00,40.42166665995589,-3.682222219837608,,2.0,,,,,
4323,ESCUELAS AGUIRRE,2023-04-06 13:00:00+00:00,40.42166665995589,-3.682222219837608,,1.0,,,,,
4323,ESCUELAS AGUIRRE,2023-04-06 14:00:00+00:00,40.42166665995589,-3.682222219837608,,1.0,,,,,
4323,ESCUELAS AGUIRRE,2023-04-06 15:00:00+00:00,40.42166665995589,-3.682222219837608,,1.0,,,,,
4323,ESCUELAS AGUIRRE,2023-04-06 16:00:00+00:00,40.42166665995589,-3.682222219837608,,1.0,,,,,
4323,ESCUELAS AGUIRRE,2023-04-06 17:00:00+00:00,40.42166665995589,-3.682222219837608,,1.0,,,,,
4323,ESCUELAS AGUIRRE,2023-04-06 18:00:00+00:00,40.42166665995589,-3.682222219837608,,1.0,,,,,
4323,ESCUELAS AGUIRRE,2023-04-06 19:00:00+00:00,40.42166665995589,-3.682222219837608,,1.0,,,,,
4323,ESCUELAS AGUIRRE,2023-04-06 20:00:00+00:00,40.42166665995589,-3.682222219837608,,3.0,,,,,
4323,ESCUELAS AGUIRRE,2023-04-06 21:00:00+00:00,40.42166665995589,-3.682222219837608,,20.0,,,,,
4323,ESCUELAS AGUIRRE,2023-04-06 22:00:00+00:00,40.42166665995589,-3.682222219837608,,21.0,,,,,
4323,ESCUELAS AGUIRRE,2023-04-06 23:00:00+00:00,40.42166665995589,-3.682222219837608,,1.0,,,,,
4323,ESCUELAS AGUIRRE,2023-04-07 00:00:00+00:00,40.42166665995589,-3.682222219837608,,1.0,,,,,
4323,ESCUELAS AGUIRRE,2023-04-07 01:00:00+00:00,40.42166665995589,-3.682222219837608,,1.0,,,,,
4323,ESCUELAS AGUIRRE,2023-04-07 02:00:00+00:00,40.42166665995589,-3.682222219837608,,1.0,,,,,
4323,ESCUELAS AGUIRRE,2023-04-07 03:00:00+00:00,40.42166665995589,-3.682222219837608,,1.0,,,,,
4323,ESCUELAS AGUIRRE,2023-04-07 04:00:00+00:00,40.42166665995589,-3.682222219837608,,1.0,,,,,
4323,ESCUELAS AGUIRRE,2023-04-07 05:00:00+00:00,40.42166665995589,-3.682222219837608,,1.0,,,,,
4323,ESCUELAS AGUIRRE,2023-04-07 06:00:00+00:00,40.42166665995589,-3.682222219837608,,1.0,,,,,
4323,ESCUELAS AGUIRRE,2023-04-07 07:00:00+00:00,40.42166665995589,-3.682222219837608,,1.0,,,,,
4323,ESCUELAS AGUIRRE,2023-04-07 08:00:00+00:00,40.42166665995589,-3.682222219837608,,2.0,,,,,
4323,ESCUELAS AGUIRRE,2023-04-07 09:00:00+00:00,40.42166665995589,-3.682222219837608,,2.0,,,,,
4323,ESCUELAS AGUIRRE,2023-04-07 10:00:00+00:00,40.42166665995589,-3.682222219837608,,2.0,,,,,
4323,ESCUELAS AGUIRRE,2023-04-07 11:00:00+00:00,40.42166665995589,-3.682222219837608,,2.0,,,,,
4323,ESCUELAS AGUIRRE,2023-04-07 12:00:00+00:00,40.42166665995589,-3.682222219837608,,3.0,,,,,
4323,ESCUELAS AGUIRRE,2023-04-07 13:00:00+00:00,40.42166665995589,-3.682222219837608,,3.0,,,,,
4323,ESCUELAS AGUIRRE,2023-04-07 14:00:00+00:00,40.42166665995589,-3.682222219837608,,1.0,,,,,
4323,ESCUELAS AGUIRRE,2023-04-07 15:00:00+00:00,40.42166665995589,-3.682222219837608,,1.0,,,,,
4323,ESCUELAS AGUIRRE,2023-04-07 16:00:00+00:00,40.42166665995589,-3.682222219837608,,1.0,,,,,
4323,ESCUELAS AGUIRRE,2023-04-07 17:00:00+00:00,40.42166665995589,-3.682222219837608,,2.0,,,,,
4323,ESCUELAS AGUIRRE,2023-04-07 18:00:00+00:00,40.42166665995589,-3.682222219837608,,2.0,,,,,
4323,ESCUELAS AGUIRRE,2023-04-07 19:00:00+00:00,40.42166665995589,-3.682222219837608,,1.0,,,,,
4323,ESCUELAS AGUIRRE,2023-04-07 20:00:00+00:00,40.42166665995589,-3.682222219837608,,1.0,,,,,
4323,ESCUELAS AGUIRRE,2023-04-07 21:00:00+00:00,40.42166665995589,-3.682222219837608,,2.0,,,,,
4323,ESCUELAS AGUIRRE,2023-04-07 22:00:00+00:00,40.42166665995589,-3.682222219837608,,4.0,,,,,
4323,ESCUELAS AGUIRRE,2023-04-07 23:00:00+00:00,40.42166665995589,-3.682222219837608,,7.0,,,,,
4323,ESCUELAS AGUIRRE,2023-04-08 00:00:00+00:00,40.42166665995589,-3.682222219837608,,7.0,,,,,
4323,ESCUELAS AGUIRRE,2023-04-08 01:00:00+00:00,40.42166665995589,-3.682222219837608,,2.0,,,,,
4323,ESCUELAS AGUIRRE,2023-04-08 02:00:00+00:00,40.42166665995589,-3.682222219837608,,1.0,,,,,
4323,ESCUELAS AGUIRRE,2023-04-08 03:00:00+00:00,40.42166665995589,-3.682222219837608,,1.0,,,,,
4323,ESCUELAS AGUIRRE,2023-04-08 04:00:00+00:00,40.42166665995589,-3.682222219837608,,1.0,,,,,
4323,ESCUELAS AGUIRRE,2023-04-08 05:00:00+00:00,40.42166665995589,-3.682222219837608,,1.0,,,,,
4323,ESCUELAS AGUIRRE,2023-04-08 06:00:00+00:00,40.42166665995589,-3.682222219837608,,1.0,,,,,
4323,ESCUELAS AGUIRRE,2023-04-08 07:00:00+00:00,40.42166665995589,-3.682222219837608,,1.0,,,,,
4323,ESCUELAS AGUIRRE,2023-04-08 08:00:00+00:00,40.42166665995589,-3.682222219837608,,2.0,,,,,
4323,ESCUELAS AGUIRRE,2023-04-08 09:00:00+00:00,40.42166665995589,-3.682222219837608,,12.0,,,,,
4323,ESCUELAS AGUIRRE,2023-04-08 10:00:00+00:00,40.42166665995589,-3.682222219837608,,3.0,,,,,
4323,ESCUELAS AGUIRRE,2023-04-08 11:00:00+00:00,40.42166665995589,-3.682222219837608,,4.0,,,,,
4323,ESCUELAS AGUIRRE,2023-04-08 12:00:00+00:00,40.42166665995589,-3.682222219837608,,3.0,,,,,
4323,ESCUELAS AGUIRRE,2023-04-08 13:00:00+00:00,40.42166665995589,-3.682222219837608,,2.0,,,,,
4323,ESCUELAS AGUIRRE,2023-04-08 14:00:00+00:00,40.42166665995589,-3.682222219837608,,1.0,,,,,
4323,ESCUELAS AGUIRRE,2023-04-08 15:00:00+00:00,40.42166665995589,-3.682222219837608,,2.0,,,,,
4323,ESCUELAS AGUIRRE,2023-04-08 16:00:00+00:00,40.42166665995589,-3.682222219837608,,1.0,,,,,
4323,ESCUELAS AGUIRRE,2023-04-08 17:00:00+00:00,40.42166665995589,-3.682222219837608,,1.0,,,,,
4323,ESCUELAS AGUIRRE,2023-04-08 18:00:00+00:00,40.42166665995589,-3.682222219837608,,1.0,,,,,
4323,ESCUELAS AGUIRRE,2023-04-08 19:00:00+00:00,40.42166665995589,-3.682222219837608,,1.0,,,,,
4323,ESCUELAS AGUIRRE,2023-04-08 20:00:00+00:00,40.42166665995589,-3.682222219837608,,1.0,,,,,
4323,ESCUELAS AGUIRRE,2023-04-08 21:00:00+00:00,40.42166665995589,-3.682222219837608,,4.0,,,,,
4323,ESCUELAS AGUIRRE,2023-04-08 22:00:00+00:00,40.42166665995589,-3.682222219837608,,1.0,,,,,
4323,ESCUELAS AGUIRRE,2023-04-08 23:00:00+00:00,40.42166665995589,-3.682222219837608,,2.0,,,,,
4323,ESCUELAS AGUIRRE,2023-04-09 00:00:00+00:00,40.42166665995589,-3.682222219837608,,2.0,,,,,
4323,ESCUELAS AGUIRRE,2023-04-09 01:00:00+00:00,40.42166665995589,-3.682222219837608,,1.0,,,,,
4323,ESCUELAS AGUIRRE,2023-04-09 02:00:00+00:00,40.42166665995589,-3.682222219837608,,4.0,,,,,
4323,ESCUELAS AGUIRRE,2023-04-09 03:00:00+00:00,40.42166665995589,-3.682222219837608,,1.0,,,,,
4323,ESCUELAS AGUIRRE,2023-04-09 04:00:00+00:00,40.42166665995589,-3.682222219837608,,1.0,,,,,
4323,ESCUELAS AGUIRRE,2023-04-09 05:00:00+00:00,40.42166665995589,-3.682222219837608,,5.0,,,,,
4323,ESCUELAS AGUIRRE,2023-04-09 06:00:00+00:00,40.42166665995589,-3.682222219837608,,2.0,,,,,
4323,ESCUELAS AGUIRRE,2023-04-09 07:00:00+00:00,40.42166665995589,-3.682222219837608,,1.0,,,,,
4323,ESCUELAS AGUIRRE,2023-04-09 08:00:00+00:00,40.42166665995589,-3.682222219837608,,3.0,,,,,
4323,ESCUELAS AGUIRRE,2023-04-09 09:00:00+00:00,40.42166665995589,-3.682222219837608,,5.0,,,,,
4323,ESCUELAS AGUIRRE,2023-04-09 10:00:00+00:00,40.42166665995589,-3.682222219837608,,5.0,,,,,
4323,ESCUELAS AGUIRRE,2023-04-09 11:00:00+00:00,40.42166665995589,-3.682222219837608,,4.0,,,,,
4323,ESCUELAS AGUIRRE,2023-04-09 12:00:00+00:00,40.42166665995589,-3.682222219837608,,4.0,,,,,
4323,ESCUELAS AGUIRRE,2023-04-09 13:00:00+00:00,40.42166665995589,-3.682222219837608,,2.0,,,,,
4323,ESCUELAS AGUIRRE,2023-04-09 14:00:00+00:00,40.42166665995589,-3.682222219837608,,1.0,,,,,
4323,ESCUELAS AGUIRRE,2023-04-09 15:00:00+00:00,40.42166665995589,-3.682222219837608,,1.0,,,,,
4323,ESCUELAS AGUIRRE,2023-04-09 16:00:00+00:00,40.42166665995589,-3.682222219837608,,2.0,,,,,
4323,ESCUELAS AGUIRRE,2023-04-09 17:00:00+00:00,40.42166665995589,-3.682222219837608,,1.0,,,,,
4323,ESCUELAS AGUIRRE,2023-04-09 18:00:00+00:00,40.42166665995589,-3.682222219837608,,1.0,,,,,
4323,ESCUELAS AGUIRRE,2023-04-09 19:00:00+00:00,40.42166665995589,-3.682222219837608,,1.0,,,,,
4323,ESCUELAS AGUIRRE,2023-04-09 20:00:00+00:00,40.42166665995589,-3.682222219837608,,1.0,,,,,
4323,ESCUELAS AGUIRRE,2023-04-09 21:00:00+00:00,40.42166665995589,-3.682222219837608,,3.0,,,,,
4323,ESCUELAS AGUIRRE,2023-04-09 22:00:00+00:00,40.42166665995589,-3.682222219837608,,4.0,,,,,
4323,ESCUELAS AGUIRRE,2023-04-09 23:00:00+00:00,40.42166665995589,-3.682222219837608,,3.0,,,,,
4323,ESCUELAS AGUIRRE,2023-04-10 00:00:00+00:00,40.42166665995589,-3.682222219837608,,2.0,,,,,
4323,ESCUELAS AGUIRRE,2023-04-10 01:00:00+00:00,40.42166665995589,-3.682222219837608,,1.0,,,,,
4323,ESCUELAS AGUIRRE,2023-04-10 02:00:00+00:00,40.42166665995589,-3.682222219837608,,1.0,,,,,
4323,ESCUELAS AGUIRRE,2023-04-10 03:00:00+00:00,40.42166665995589,-3.682222219837608,,1.0,,,,,
4323,ESCUELAS AGUIRRE,2023-04-10 04:00:00+00:00,40.42166665995589,-3.682222219837608,,1.0,,,,,
4323,ESCUELAS AGUIRRE,2023-04-10 05:00:00+00:00,40.42166665995589,-3.682222219837608,,1.0,,,,,
4323,ESCUELAS AGUIRRE,2023-04-10 06:00:00+00:00,40.42166665995589,-3.682222219837608,,26.0,,,,,
4323,ESCUELAS AGUIRRE,2023-04-10 07:00:00+00:00,40.42166665995589,-3.682222219837608,,78.0,,,,,
4323,ESCUELAS AGUIRRE,2023-04-10 12:00:00+00:00,40.42166665995589,-3.682222219837608,,3.0,,,,,
4323,ESCUELAS AGUIRRE,2023-04-10 13:00:00+00:00,40.42166665995589,-3.682222219837608,,2.0,,,,,
4323,ESCUELAS AGUIRRE,2023-04-10 14:00:00+00:00,40.42166665995589,-3.682222219837608,,3.0,,,,,
4323,ESCUELAS AGUIRRE,2023-04-10 15:00:00+00:00,40.42166665995589,-3.682222219837608,,3.0,,,,,
4323,ESCUELAS AGUIRRE,2023-04-10 16:00:00+00:00,40.42166665995589,-3.682222219837608,,2.0,,,,,
4323,ESCUELAS AGUIRRE,2023-04-10 17:00:00+00:00,40.42166665995589,-3.682222219837608,,2.0,,,,,
4323,ESCUELAS AGUIRRE,2023-04-10 18:00:00+00:00,40.42166665995589,-3.682222219837608,,1.0,,,,,
4323,ESCUELAS AGUIRRE,2023-04-10 19:00:00+00:00,40.42166665995589,-3.682222219837608,,1.0,,,,,
4323,ESCUELAS AGUIRRE,2023-04-10 20:00:00+00:00,40.42166665995589,-3.682222219837608,,1.0,,,,,
4323,ESCUELAS AGUIRRE,2023-04-10 21:00:00+00:00,40.42166665995589,-3.682222219837608,,1.0,,,,,
4323,ESCUELAS AGUIRRE,2023-04-10 22:00:00+00:00,40.42166665995589,-3.682222219837608,,1.0,,,,,
4323,ESCUELAS AGUIRRE,2023-04-10 23:00:00+00:00,40.42166665995589,-3.682222219837608,,1.0,,,,,
4323,ESCUELAS AGUIRRE,2023-04-11 00:00:00+00:00,40.42166665995589,-3.682222219837608,,1.0,,,,,
4323,ESCUELAS AGUIRRE,2023-04-11 01:00:00+00:00,40.42166665995589,-3.682222219837608,,1.0,,,,,
4323,ESCUELAS AGUIRRE,2023-04-11 02:00:00+00:00,40.42166665995589,-3.682222219837608,,2.0,,,,,
4323,ESCUELAS AGUIRRE,2023-04-11 03:00:00+00:00,40.42166665995589,-3.682222219837608,,3.0,,,,,
4323,ESCUELAS AGUIRRE,2023-04-11 04:00:00+00:00,40.42166665995589,-3.682222219837608,,1.0,,,,,
4323,ESCUELAS AGUIRRE,2023-04-11 05:00:00+00:00,40.42166665995589,-3.682222219837608,,2.0,,,,,
4323,ESCUELAS AGUIRRE,2023-04-11 06:00:00+00:00,40.42166665995589,-3.682222219837608,,12.0,,,,,
4323,ESCUELAS AGUIRRE,2023-04-11 07:00:00+00:00,40.42166665995589,-3.682222219837608,,23.0,,,,,
4323,ESCUELAS AGUIRRE,2023-04-11 08:00:00+00:00,40.42166665995589,-3.682222219837608,,15.0,,,,,
4323,ESCUELAS AGUIRRE,2023-04-11 09:00:00+00:00,40.42166665995589,-3.682222219837608,,20.0,,,,,
4323,ESCUELAS AGUIRRE,2023-04-11 10:00:00+00:00,40.42166665995589,-3.682222219837608,,5.0,,,,,
4323,ESCUELAS AGUIRRE,2023-04-11 11:00:00+00:00,40.42166665995589,-3.682222219837608,,4.0,,,,,
4323,ESCUELAS AGUIRRE,2023-04-11 12:00:00+00:00,40.42166665995589,-3.682222219837608,,4.0,,,,,
4323,ESCUELAS AGUIRRE,2023-04-11 13:00:00+00:00,40.42166665995589,-3.682222219837608,,4.0,,,,,
4323,ESCUELAS AGUIRRE,2023-04-11 14:00:00+00:00,40.42166665995589,-3.682222219837608,,4.0,,,,,
4323,ESCUELAS AGUIRRE,2023-04-11 15:00:00+00:00,40.42166665995589,-3.682222219837608,,3.0,,,,,
4323,ESCUELAS AGUIRRE,2023-04-11 16:00:00+00:00,40.42166665995589,-3.682222219837608,,4.0,,,,,
4323,ESCUELAS AGUIRRE,2023-04-11 17:00:00+00:00,40.42166665995589,-3.682222219837608,,4.0,,,,,
4323,ESCUELAS AGUIRRE,2023-04-11 18:00:00+00:00,40.42166665995589,-3.682222219837608,,3.0,,,,,
4323,ESCUELAS AGUIRRE,2023-04-11 19:00:00+00:00,40.42166665995589,-3.682222219837608,,2.0,,,,,
4323,ESCUELAS AGUIRRE,2023-04-11 20:00:00+00:00,40.42166665995589,-3.682222219837608,,1.0,,,,,
4323,ESCUELAS AGUIRRE,2023-04-11 21:00:00+00:00,40.42166665995589,-3.682222219837608,,1.0,,,,,
4323,ESCUELAS AGUIRRE,2023-04-11 22:00:00+00:00,40.42166665995589,-3.682222219837608,,1.0,,,,,
4323,ESCUELAS AGUIRRE,2023-04-11 23:00:00+00:00,40.42166665995589,-3.682222219837608,,2.0,,,,,
4323,ESCUELAS AGUIRRE,2023-04-12 00:00:00+00:00,40.42166665995589,-3.682222219837608,,1.0,,,,,
4323,ESCUELAS AGUIRRE,2023-04-12 01:00:00+00:00,40.42166665995589,-3.682222219837608,,1.0,,,,,
4323,ESCUELAS AGUIRRE,2023-04-12 02:00:00+00:00,40.42166665995589,-3.682222219837608,,1.0,,,,,
4323,ESCUELAS AGUIRRE,2023-04-12 03:00:00+00:00,40.42166665995589,-3.682222219837608,,1.0,,,,,
4323,ESCUELAS AGUIRRE,2023-04-12 04:00:00+00:00,40.42166665995589,-3.682222219837608,,1.0,,,,,
4323,ESCUELAS AGUIRRE,2023-04-12 05:00:00+00:00,40.42166665995589,-3.682222219837608,,1.0,,,,,
4323,ESCUELAS AGUIRRE,2023-04-12 06:00:00+00:00,40.42166665995589,-3.682222219837608,,3.0,,,,,
4323,ESCUELAS AGUIRRE,2023-04-12 07:00:00+00:00,40.42166665995589,-3.682222219837608,,12.0,,,,,
4323,ESCUELAS AGUIRRE,2023-04-12 08:00:00+00:00,40.42166665995589,-3.682222219837608,,18.0,,,,,
4323,ESCUELAS AGUIRRE,2023-04-12 09:00:00+00:00,40.42166665995589,-3.682222219837608,,10.0,,,,,
4323,ESCUELAS AGUIRRE,2023-04-12 10:00:00+00:00,40.42166665995589,-3.682222219837608,,7.0,,,,,
4323,ESCUELAS AGUIRRE,2023-04-12 11:00:00+00:00,40.42166665995589,-3.682222219837608,,7.0,,,,,
4323,ESCUELAS AGUIRRE,2023-04-12 12:00:00+00:00,40.42166665995589,-3.682222219837608,,6.0,,,,,
4323,ESCUELAS AGUIRRE,2023-04-12 13:00:00+00:00,40.42166665995589,-3.682222219837608,,5.0,,,,,
4323,ESCUELAS AGUIRRE,2023-04-12 14:00:00+00:00,40.42166665995589,-3.682222219837608,,2.0,,,,,
4323,ESCUELAS AGUIRRE,2023-04-12 15:00:00+00:00,40.42166665995589,-3.682222219837608,,5.0,,,,,
4323,ESCUELAS AGUIRRE,2023-04-12 16:00:00+00:00,40.42166665995589,-3.682222219837608,,5.0,,,,,
4323,ESCUELAS AGUIRRE,2023-04-12 17:00:00+00:00,40.42166665995589,-3.682222219837608,,5.0,,,,,
4323,ESCUELAS AGUIRRE,2023-04-12 18:00:00+00:00,40.42166665995589,-3.682222219837608,,6.0,,,,,
4323,ESCUELAS AGUIRRE,2023-04-12 19:00:00+00:00,40.42166665995589,-3.682222219837608,,2.0,,,,,
4323,ESCUELAS AGUIRRE,2023-04-12 20:00:00+00:00,40.42166665995589,-3.682222219837608,,1.0,,,,,
4323,ESCUELAS AGUIRRE,2023-04-12 21:00:00+00:00,40.42166665995589,-3.682222219837608,,1.0,,,,,
4323,ESCUELAS AGUIRRE,2023-04-12 22:00:00+00:00,40.42166665995589,-3.682222219837608,,1.0,,,,,
4323,ESCUELAS AGUIRRE,2023-04-12 23:00:00+00:00,40.42166665995589,-3.682222219837608,,1.0,,,,,
4323,ESCUELAS AGUIRRE,2023-04-13 00:00:00+00:00,40.42166665995589,-3.682222219837608,,1.0,,,,,
4323,ESCUELAS AGUIRRE,2023-04-13 01:00:00+00:00,40.42166665995589,-3.682222219837608,,1.0,,,,,
4323,ESCUELAS AGUIRRE,2023-04-13 02:00:00+00:00,40.42166665995589,-3.682222219837608,,1.0,,,,,
4323,ESCUELAS AGUIRRE,2023-04-13 03:00:00+00:00,40.42166665995589,-3.682222219837608,,1.0,,,,,
4323,ESCUELAS AGUIRRE,2023-04-13 06:00:00+00:00,40.42166665995589,-3.682222219837608,,3.0,,,,,
4323,ESCUELAS AGUIRRE,2023-04-13 07:00:00+00:00,40.42166665995589,-3.682222219837608,,4.0,,,,,
4323,ESCUELAS AGUIRRE,2023-04-13 08:00:00+00:00,40.42166665995589,-3.682222219837608,,4.0,,,,,
4323,ESCUELAS AGUIRRE,2023-04-13 09:00:00+00:00,40.42166665995589,-3.682222219837608,,4.0,,,,,
4323,ESCUELAS AGUIRRE,2023-04-13 10:00:00+00:00,40.42166665995589,-3.682222219837608,,5.0,,,,,
4323,ESCUELAS AGUIRRE,2023-04-13 11:00:00+00:00,40.42166665995589,-3.682222219837608,,3.0,,,,,
4323,ESCUELAS AGUIRRE,2023-04-13 12:00:00+00:00,40.42166665995589,-3.682222219837608,,4.0,,,,,
4323,ESCUELAS AGUIRRE,2023-04-13 13:00:00+00:00,40.42166665995589,-3.682222219837608,,4.0,,,,,
4323,ESCUELAS AGUIRRE,2023-04-13 14:00:00+00:00,40.42166665995589,-3.682222219837608,,2.0,,,,,
4323,ESCUELAS AGUIRRE,2023-04-13 15:00:00+00:00,40.42166665995589,-3.682222219837608,,2.0,,,,,
4323,ESCUELAS AGUIRRE,2023-04-13 16:00:00+00:00,40.42166665995589,-3.682222219837608,,2.0,,,,,
4323,ESCUELAS AGUIRRE,2023-04-13 17:00:00+00:00,40.42166665995589,-3.682222219837608,,2.0,,,,,
4323,ESCUELAS AGUIRRE,2023-04-13 18:00:00+00:00,40.42166665995589,-3.682222219837608,,1.0,,,,,
4323,ESCUELAS AGUIRRE,2023-04-13 19:00:00+00:00,40.42166665995589,-3.682222219837608,,2.0,,,,,
4323,ESCUELAS AGUIRRE,2023-04-13 20:00:00+00:00,40.42166665995589,-3.682222219837608,,1.0,,,,,
4323,ESCUELAS AGUIRRE,2023-04-13 21:00:00+00:00,40.42166665995589,-3.682222219837608,,1.0,,,,,
4323,ESCUELAS AGUIRRE,2023-04-13 22:00:00+00:00,40.42166665995589,-3.682222219837608,,1.0,,,,,
4323,ESCUELAS AGUIRRE,2023-04-13 23:00:00+00:00,40.42166665995589,-3.682222219837608,,1.0,,,,,
4323,ESCUELAS AGUIRRE,2023-04-14 00:00:00+00:00,40.42166665995589,-3.682222219837608,,1.0,,,,,
4323,ESCUELAS AGUIRRE,2023-04-14 01:00:00+00:00,40.42166665995589,-3.682222219837608,,1.0,,,,,
4323,ESCUELAS AGUIRRE,2023-04-14 02:00:00+00:00,40.42166665995589,-3.682222219837608,,1.0,,,,,
4323,ESCUELAS AGUIRRE,2023-04-14 03:00:00+00:00,40.42166665995589,-3.682222219837608,,1.0,,,,,
4323,ESCUELAS AGUIRRE,2023-04-14 04:00:00+00:00,40.42166665995589,-3.682222219837608,,1.0,,,,,
4323,ESCUELAS AGUIRRE,2023-04-14 05:00:00+00:00,40.42166665995589,-3.682222219837608,,1.0,,,,,
4323,ESCUELAS AGUIRRE,2023-04-14 06:00:00+00:00,40.42166665995589,-3.682222219837608,,4.0,,,,,
4323,ESCUELAS AGUIRRE,2023-04-14 07:00:00+00:00,40.42166665995589,-3.682222219837608,,10.0,,,,,
4323,ESCUELAS AGUIRRE,2023-04-14 08:00:00+00:00,40.42166665995589,-3.682222219837608,,8.0,,,,,
4323,ESCUELAS AGUIRRE,2023-04-14 09:00:00+00:00,40.42166665995589,-3.682222219837608,,8.0,,,,,
4323,ESCUELAS AGUIRRE,2023-04-14 10:00:00+00:00,40.42166665995589,-3.682222219837608,,7.0,,,,,
4323,ESCUELAS AGUIRRE,2023-04-14 11:00:00+00:00,40.42166665995589,-3.682222219837608,,8.0,,,,,
4323,ESCUELAS AGUIRRE,2023-04-14 12:00:00+00:00,40.42166665995589,-3.682222219837608,,7.0,,,,,
4323,ESCUELAS AGUIRRE,2023-04-14 13:00:00+00:00,40.42166665995589,-3.682222219837608,,6.0,,,,,
4323,ESCUELAS AGUIRRE,2023-04-14 14:00:00+00:00,40.42166665995589,-3.682222219837608,,5.0,,,,,
4323,ESCUELAS AGUIRRE,2023-04-14 15:00:00+00:00,40.42166665995589,-3.682222219837608,,4.0,,,,,
4323,ESCUELAS AGUIRRE,2023-04-14 16:00:00+00:00,40.42166665995589,-3.682222219837608,,4.0,,,,,
4323,ESCUELAS AGUIRRE,2023-04-14 17:00:00+00:00,40.42166665995589,-3.682222219837608,,3.0,,,,,
4323,ESCUELAS AGUIRRE,2023-04-14 18:00:00+00:00,40.42166665995589,-3.682222219837608,,3.0,,,,,
4323,ESCUELAS AGUIRRE,2023-04-14 19:00:00+00:00,40.42166665995589,-3.682222219837608,,2.0,,,,,
4323,ESCUELAS AGUIRRE,2023-04-14 20:00:00+00:00,40.42166665995589,-3.682222219837608,,3.0,,,,,
4323,ESCUELAS AGUIRRE,2023-04-14 21:00:00+00:00,40.42166665995589,-3.682222219837608,,1.0,,,,,
4323,ESCUELAS AGUIRRE,2023-04-14 22:00:00+00:00,40.42166665995589,-3.682222219837608,,1.0,,,,,
4323,ESCUELAS AGUIRRE,2023-04-14 23:00:00+00:00,40.42166665995589,-3.682222219837608,,1.0,,,,,
4323,ESCUELAS AGUIRRE,2023-04-15 00:00:00+00:00,40.42166665995589,-3.682222219837608,,1.0,,,,,
4323,ESCUELAS AGUIRRE,2023-04-15 01:00:00+00:00,40.42166665995589,-3.682222219837608,,1.0,,,,,
4323,ESCUELAS AGUIRRE,2023-04-15 02:00:00+00:00,40.42166665995589,-3.682222219837608,,1.0,,,,,
4323,ESCUELAS AGUIRRE,2023-04-15 03:00:00+00:00,40.42166665995589,-3.682222219837608,,1.0,,,,,
4323,ESCUELAS AGUIRRE,2023-04-15 04:00:00+00:00,40.42166665995589,-3.682222219837608,,1.0,,,,,
4323,ESCUELAS AGUIRRE,2023-04-15 05:00:00+00:00,40.42166665995589,-3.682222219837608,,1.0,,,,,
4323,ESCUELAS AGUIRRE,2023-04-15 06:00:00+00:00,40.42166665995589,-3.682222219837608,,1.0,,,,,
4323,ESCUELAS AGUIRRE,2023-04-15 07:00:00+00:00,40.42166665995589,-3.682222219837608,,1.0,,,,,
4323,ESCUELAS AGUIRRE,2023-04-15 08:00:00+00:00,40.42166665995589,-3.682222219837608,,3.0,,,,,
4323,ESCUELAS AGUIRRE,2023-04-15 09:00:00+00:00,40.42166665995589,-3.682222219837608,,4.0,,,,,
4323,ESCUELAS AGUIRRE,2023-04-15 10:00:00+00:00,40.42166665995589,-3.682222219837608,,3.0,,,,,
4323,ESCUELAS AGUIRRE,2023-04-15 11:00:00+00:00,40.42166665995589,-3.682222219837608,,2.0,,,,,
4323,ESCUELAS AGUIRRE,2023-04-15 12:00:00+00:00,40.42166665995589,-3.682222219837608,,2.0,,,,,
4323,ESCUELAS AGUIRRE,2023-04-15 13:00:00+00:00,40.42166665995589,-3.682222219837608,,2.0,,,,,
4323,ESCUELAS AGUIRRE,2023-04-15 14:00:00+00:00,40.42166665995589,-3.682222219837608,,1.0,,,,,
4323,ESCUELAS AGUIRRE,2023-04-15 15:00:00+00:00,40.42166665995589,-3.682222219837608,,1.0,,,,,
4323,ESCUELAS AGUIRRE,2023-04-15 16:00:00+00:00,40.42166665995589,-3.682222219837608,,1.0,,,,,
4323,ESCUELAS AGUIRRE,2023-04-15 17:00:00+00:00,40.42166665995589,-3.682222219837608,,1.0,,,,,
4323,ESCUELAS AGUIRRE,2023-04-15 18:00:00+00:00,40.42166665995589,-3.682222219837608,,1.0,,,,,
4323,ESCUELAS AGUIRRE,2023-04-15 19:00:00+00:00,40.42166665995589,-3.682222219837608,,1.0,,,,,
4323,ESCUELAS AGUIRRE,2023-04-15 20:00:00+00:00,40.42166665995589,-3.682222219837608,,1.0,,,,,
4323,ESCUELAS AGUIRRE,2023-04-15 21:00:00+00:00,40.42166665995589,-3.682222219837608,,1.0,,,,,
4323,ESCUELAS AGUIRRE,2023-04-15 22:00:00+00:00,40.42166665995589,-3.682222219837608,,1.0,,,,,
4323,ESCUELAS AGUIRRE,2023-04-15 23:00:00+00:00,40.42166665995589,-3.682222219837608,,1.0,,,,,
4323,ESCUELAS AGUIRRE,2023-04-16 00:00:00+00:00,40.42166665995589,-3.682222219837608,,1.0,,,,,
4323,ESCUELAS AGUIRRE,2023-04-16 01:00:00+00:00,40.42166665995589,-3.682222219837608,,1.0,,,,,
4323,ESCUELAS AGUIRRE,2023-04-16 02:00:00+00:00,40.42166665995589,-3.682222219837608,,1.0,,,,,
4323,ESCUELAS AGUIRRE,2023-04-16 03:00:00+00:00,40.42166665995589,-3.682222219837608,,1.0,,,,,
4323,ESCUELAS AGUIRRE,2023-04-16 04:00:00+00:00,40.42166665995589,-3.682222219837608,,1.0,,,,,
4323,ESCUELAS AGUIRRE,2023-04-16 05:00:00+00:00,40.42166665995589,-3.682222219837608,,1.0,,,,,
4323,ESCUELAS AGUIRRE,2023-04-16 06:00:00+00:00,40.42166665995589,-3.682222219837608,,1.0,,,,,
4323,ESCUELAS AGUIRRE,2023-04-16 07:00:00+00:00,40.42166665995589,-3.682222219837608,,1.0,,,,,
4323,ESCUELAS AGUIRRE,2023-04-16 08:00:00+00:00,40.42166665995589,-3.682222219837608,,2.0,,,,,
4323,ESCUELAS AGUIRRE,2023-04-16 09:00:00+00:00,40.42166665995589,-3.682222219837608,,2.0,,,,,
4323,ESCUELAS AGUIRRE,2023-04-16 10:00:00+00:00,40.42166665995589,-3.682222219837608,,2.0,,,,,
4323,ESCUELAS AGUIRRE,2023-04-16 11:00:00+00:00,40.42166665995589,-3.682222219837608,,1.0,,,,,
4323,ESCUELAS AGUIRRE,2023-04-16 12:00:00+00:00,40.42166665995589,-3.682222219837608,,2.0,,,,,
4323,ESCUELAS AGUIRRE,2023-04-16 13:00:00+00:00,40.42166665995589,-3.682222219837608,,1.0,,,,,
4323,ESCUELAS AGUIRRE,2023-04-16 14:00:00+00:00,40.42166665995589,-3.682222219837608,,1.0,,,,,
4323,ESCUELAS AGUIRRE,2023-04-16 15:00:00+00:00,40.42166665995589,-3.682222219837608,,1.0,,,,,
4323,ESCUELAS AGUIRRE,2023-04-16 16:00:00+00:00,40.42166665995589,-3.682222219837608,,1.0,,,,,
4323,ESCUELAS AGUIRRE,2023-04-16 17:00:00+00:00,40.42166665995589,-3.682222219837608,,1.0,,,,,
4323,ESCUELAS AGUIRRE,2023-04-16 18:00:00+00:00,40.42166665995589,-3.682222219837608,,1.0,,,,,
4323,ESCUELAS AGUIRRE,2023-04-16 19:00:00+00:00,40.42166665995589,-3.682222219837608,,1.0,,,,,
4323,ESCUELAS AGUIRRE,2023-04-16 20:00:00+00:00,40.42166665995589,-3.682222219837608,,1.0,,,,,
4323,ESCUELAS AGUIRRE,2023-04-16 21:00:00+00:00,40.42166665995589,-3.682222219837608,,1.0,,,,,
4323,ESCUELAS AGUIRRE,2023-04-16 22:00:00+00:00,40.42166665995589,-3.682222219837608,,1.0,,,,,
4323,ESCUELAS AGUIRRE,2023-04-16 23:00:00+00:00,40.42166665995589,-3.682222219837608,,1.0,,,,,
4323,ESCUELAS AGUIRRE,2023-04-17 00:00:00+00:00,40.42166665995589,-3.682222219837608,,2.0,,,,,
4323,ESCUELAS AGUIRRE,2023-04-17 01:00:00+00:00,40.42166665995589,-3.682222219837608,,1.0,,,,,
4323,ESCUELAS AGUIRRE,2023-04-17 02:00:00+00:00,40.42166665995589,-3.682222219837608,,1.0,,,,,
4323,ESCUELAS AGUIRRE,2023-04-17 03:00:00+00:00,40.42166665995589,-3.682222219837608,,1.0,,,,,
4323,ESCUELAS AGUIRRE,2023-04-17 04:00:00+00:00,40.42166665995589,-3.682222219837608,,1.0,,,,,
4323,ESCUELAS AGUIRRE,2023-04-17 05:00:00+00:00,40.42166665995589,-3.682222219837608,,1.0,,,,,
4323,ESCUELAS AGUIRRE,2023-04-17 06:00:00+00:00,40.42166665995589,-3.682222219837608,,3.0,,,,,
4323,ESCUELAS AGUIRRE,2023-04-17 07:00:00+00:00,40.42166665995589,-3.682222219837608,,8.0,,,,,
4323,ESCUELAS AGUIRRE,2023-04-17 08:00:00+00:00,40.42166665995589,-3.682222219837608,,8.0,,,,,
4323,ESCUELAS AGUIRRE,2023-04-17 09:00:00+00:00,40.42166665995589,-3.682222219837608,,5.0,,,,,
4323,ESCUELAS AGUIRRE,2023-04-17 10:00:00+00:00,40.42166665995589,-3.682222219837608,,4.0,,,,,
4323,ESCUELAS AGUIRRE,2023-04-17 11:00:00+00:00,40.42166665995589,-3.682222219837608,,3.0,,,,,
4323,ESCUELAS AGUIRRE,2023-04-17 12:00:00+00:00,40.42166665995589,-3.682222219837608,,2.0,,,,,
4323,ESCUELAS AGUIRRE,2023-04-17 13:00:00+00:00,40.42166665995589,-3.682222219837608,,2.0,,,,,
4323,ESCUELAS AGUIRRE,2023-04-17 14:00:00+00:00,40.42166665995589,-3.682222219837608,,2.0,,,,,
4323,ESCUELAS AGUIRRE,2023-04-17 15:00:00+00:00,40.42166665995589,-3.682222219837608,,1.0,,,,,
4323,ESCUELAS AGUIRRE,2023-04-17 16:00:00+00:00,40.42166665995589,-3.682222219837608,,2.0,,,,,
4323,ESCUELAS AGUIRRE,2023-04-17 17:00:00+00:00,40.42166665995589,-3.682222219837608,,1.0,,,,,
4323,ESCUELAS AGUIRRE,2023-04-17 18:00:00+00:00,40.42166665995589,-3.682222219837608,,1.0,,,,,
4323,ESCUELAS AGUIRRE,2023-04-17 19:00:00+00:00,40.42166665995589,-3.682222219837608,,5.0,,,,,
4323,ESCUELAS AGUIRRE,2023-04-17 20:00:00+00:00,40.42166665995589,-3.682222219837608,,1.0,,,,,
4323,ESCUELAS AGUIRRE,2023-04-17 21:00:00+00:00,40.42166665995589,-3.682222219837608,,1.0,,,,,
4323,ESCUELAS AGUIRRE,2023-04-17 22:00:00+00:00,40.42166665995589,-3.682222219837608,,1.0,,,,,
4323,ESCUELAS AGUIRRE,2023-04-17 23:00:00+00:00,40.42166665995589,-3.682222219837608,,1.0,,,,,
4323,ESCUELAS AGUIRRE,2023-04-18 00:00:00+00:00,40.42166665995589,-3.682222219837608,,1.0,,,,,
4323,ESCUELAS AGUIRRE,2023-04-18 01:00:00+00:00,40.42166665995589,-3.682222219837608,,1.0,,,,,
4323,ESCUELAS AGUIRRE,2023-04-18 02:00:00+00:00,40.42166665995589,-3.682222219837608,,1.0,,,,,
4323,ESCUELAS AGUIRRE,2023-04-18 03:00:00+00:00,40.42166665995589,-3.682222219837608,,1.0,,,,,
4323,ESCUELAS AGUIRRE,2023-04-18 04:00:00+00:00,40.42166665995589,-3.682222219837608,,1.0,,,,,
4323,ESCUELAS AGUIRRE,2023-04-18 05:00:00+00:00,40.42166665995589,-3.682222219837608,,1.0,,,,,
4323,ESCUELAS AGUIRRE,2023-04-18 06:00:00+00:00,40.42166665995589,-3.682222219837608,,1.0,,,,,
4323,ESCUELAS AGUIRRE,2023-04-18 07:00:00+00:00,40.42166665995589,-3.682222219837608,,5.0,,,,,
4323,ESCUELAS AGUIRRE,2023-04-18 08:00:00+00:00,40.42166665995589,-3.682222219837608,,4.0,,,,,
4323,ESCUELAS AGUIRRE,2023-04-18 09:00:00+00:00,40.42166665995589,-3.682222219837608,,4.0,,,,,
4323,ESCUELAS AGUIRRE,2023-04-18 10:00:00+00:00,40.42166665995589,-3.682222219837608,,3.0,,,,,
4323,ESCUELAS AGUIRRE,2023-04-18 11:00:00+00:00,40.42166665995589,-3.682222219837608,,2.0,,,,,
4323,ESCUELAS AGUIRRE,2023-04-18 12:00:00+00:00,40.42166665995589,-3.682222219837608,,2.0,,,,,
4323,ESCUELAS AGUIRRE,2023-04-18 13:00:00+00:00,40.42166665995589,-3.682222219837608,,2.0,,,,,
4323,ESCUELAS AGUIRRE,2023-04-18 14:00:00+00:00,40.42166665995589,-3.682222219837608,,2.0,,,,,
4323,ESCUELAS AGUIRRE,2023-04-18 15:00:00+00:00,40.42166665995589,-3.682222219837608,,1.0,,,,,
4323,ESCUELAS AGUIRRE,2023-04-18 16:00:00+00:00,40.42166665995589,-3.682222219837608,,1.0,,,,,
4323,ESCUELAS AGUIRRE,2023-04-18 17:00:00+00:00,40.42166665995589,-3.682222219837608,,7.0,,,,,
4323,ESCUELAS AGUIRRE,2023-04-18 18:00:00+00:00,40.42166665995589,-3.682222219837608,,1.0,,,,,
4323,ESCUELAS AGUIRRE,2023-04-18 19:00:00+00:00,40.42166665995589,-3.682222219837608,,1.0,,,,,
4323,ESCUELAS AGUIRRE,2023-04-18 20:00:00+00:00,40.42166665995589,-3.682222219837608,,1.0,,,,,
4323,ESCUELAS AGUIRRE,2023-04-18 21:00:00+00:00,40.42166665995589,-3.682222219837608,,1.0,,,,,
4323,ESCUELAS AGUIRRE,2023-04-18 22:00:00+00:00,40.42166665995589,-3.682222219837608,,3.0,,,,,
4323,ESCUELAS AGUIRRE,2023-04-18 23:00:00+00:00,40.42166665995589,-3.682222219837608,,13.0,,,,,
4323,ESCUELAS AGUIRRE,2023-04-19 00:00:00+00:00,40.42166665995589,-3.682222219837608,,1.0,,,,,
4323,ESCUELAS AGUIRRE,2023-04-19 01:00:00+00:00,40.42166665995589,-3.682222219837608,,1.0,,,,,
4323,ESCUELAS AGUIRRE,2023-04-19 02:00:00+00:00,40.42166665995589,-3.682222219837608,,1.0,,,,,
4323,ESCUELAS AGUIRRE,2023-04-19 03:00:00+00:00,40.42166665995589,-3.682222219837608,,1.0,,,,,
4323,ESCUELAS AGUIRRE,2023-04-19 04:00:00+00:00,40.42166665995589,-3.682222219837608,,1.0,,,,,
4323,ESCUELAS AGUIRRE,2023-04-19 05:00:00+00:00,40.42166665995589,-3.682222219837608,,1.0,,,,,
4323,ESCUELAS AGUIRRE,2023-04-19 06:00:00+00:00,40.42166665995589,-3.682222219837608,,3.0,,,,,
4323,ESCUELAS AGUIRRE,2023-04-19 07:00:00+00:00,40.42166665995589,-3.682222219837608,,8.0,,,,,
4323,ESCUELAS AGUIRRE,2023-04-19 08:00:00+00:00,40.42166665995589,-3.682222219837608,,11.0,,,,,
4323,ESCUELAS AGUIRRE,2023-04-19 09:00:00+00:00,40.42166665995589,-3.682222219837608,,6.0,,,,,
4323,ESCUELAS AGUIRRE,2023-04-19 10:00:00+00:00,40.42166665995589,-3.682222219837608,,3.0,,,,,
4323,ESCUELAS AGUIRRE,2023-04-19 11:00:00+00:00,40.42166665995589,-3.682222219837608,,4.0,,,,,
4323,ESCUELAS AGUIRRE,2023-04-19 12:00:00+00:00,40.42166665995589,-3.682222219837608,,2.0,,,,,
4323,ESCUELAS AGUIRRE,2023-04-19 13:00:00+00:00,40.42166665995589,-3.682222219837608,,1.0,,,,,
4323,ESCUELAS AGUIRRE,2023-04-19 14:00:00+00:00,40.42166665995589,-3.682222219837608,,4.0,,,,,
4323,ESCUELAS AGUIRRE,2023-04-19 15:00:00+00:00,40.42166665995589,-3.682222219837608,,2.0,,,,,
4323,ESCUELAS AGUIRRE,2023-04-19 16:00:00+00:00,40.42166665995589,-3.682222219837608,,3.0,,,,,
4323,ESCUELAS AGUIRRE,2023-04-19 17:00:00+00:00,40.42166665995589,-3.682222219837608,,1.0,,,,,
4323,ESCUELAS AGUIRRE,2023-04-19 18:00:00+00:00,40.42166665995589,-3.682222219837608,,1.0,,,,,
4323,ESCUELAS AGUIRRE,2023-04-19 19:00:00+00:00,40.42166665995589,-3.682222219837608,,1.0,,,,,
4323,ESCUELAS AGUIRRE,2023-04-19 20:00:00+00:00,40.42166665995589,-3.682222219837608,,2.0,,,,,
4323,ESCUELAS AGUIRRE,2023-04-19 21:00:00+00:00,40.42166665995589,-3.682222219837608,,4.0,,,,,
4323,ESCUELAS AGUIRRE,2023-04-19 22:00:00+00:00,40.42166665995589,-3.682222219837608,,2.0,,,,,
4323,ESCUELAS AGUIRRE,2023-04-19 23:00:00+00:00,40.42166665995589,-3.682222219837608,,4.0,,,,,
4323,ESCUELAS AGUIRRE,2023-04-20 00:00:00+00:00,40.42166665995589,-3.682222219837608,,4.0,,,,,
4323,ESCUELAS AGUIRRE,2023-04-20 01:00:00+00:00,40.42166665995589,-3.682222219837608,,2.0,,,,,
4323,ESCUELAS AGUIRRE,2023-04-20 02:00:00+00:00,40.42166665995589,-3.682222219837608,,1.0,,,,,
4323,ESCUELAS AGUIRRE,2023-04-20 03:00:00+00:00,40.42166665995589,-3.682222219837608,,1.0,,,,,
4323,ESCUELAS AGUIRRE,2023-04-20 04:00:00+00:00,40.42166665995589,-3.682222219837608,,1.0,,,,,
4323,ESCUELAS AGUIRRE,2023-04-20 05:00:00+00:00,40.42166665995589,-3.682222219837608,,3.0,,,,,
4323,ESCUELAS AGUIRRE,2023-04-20 06:00:00+00:00,40.42166665995589,-3.682222219837608,,5.0,,,,,
4323,ESCUELAS AGUIRRE,2023-04-20 07:00:00+00:00,40.42166665995589,-3.682222219837608,,24.0,,,,,
4323,ESCUELAS AGUIRRE,2023-04-20 08:00:00+00:00,40.42166665995589,-3.682222219837608,,19.0,,,,,
4323,ESCUELAS AGUIRRE,2023-04-20 09:00:00+00:00,40.42166665995589,-3.682222219837608,,21.0,,,,,
4323,ESCUELAS AGUIRRE,2023-04-20 10:00:00+00:00,40.42166665995589,-3.682222219837608,,14.0,,,,,
4323,ESCUELAS AGUIRRE,2023-04-20 11:00:00+00:00,40.42166665995589,-3.682222219837608,,11.0,,,,,
4323,ESCUELAS AGUIRRE,2023-04-20 12:00:00+00:00,40.42166665995589,-3.682222219837608,,6.0,,,,,
4323,ESCUELAS AGUIRRE,2023-04-20 13:00:00+00:00,40.42166665995589,-3.682222219837608,,4.0,,,,,
4323,ESCUELAS AGUIRRE,2023-04-20 14:00:00+00:00,40.42166665995589,-3.682222219837608,,3.0,,,,,
4323,ESCUELAS AGUIRRE,2023-04-20 15:00:00+00:00,40.42166665995589,-3.682222219837608,,3.0,,,,,
4323,ESCUELAS AGUIRRE,2023-04-20 16:00:00+00:00,40.42166665995589,-3.682222219837608,,4.0,,,,,
4323,ESCUELAS AGUIRRE,2023-04-20 17:00:00+00:00,40.42166665995589,-3.682222219837608,,3.0,,,,,
4323,ESCUELAS AGUIRRE,2023-04-20 18:00:00+00:00,40.42166665995589,-3.682222219837608,,5.0,,,,,
4323,ESCUELAS AGUIRRE,2023-04-20 19:00:00+00:00,40.42166665995589,-3.682222219837608,,2.0,,,,,
4323,ESCUELAS AGUIRRE,2023-04-20 20:00:00+00:00,40.42166665995589,-3.682222219837608,,6.0,,,,,
4323,ESCUELAS AGUIRRE,2023-04-20 21:00:00+00:00,40.42166665995589,-3.682222219837608,,1.0,,,,,
4323,ESCUELAS AGUIRRE,2023-04-20 22:00:00+00:00,40.42166665995589,-3.682222219837608,,1.0,,,,,
4323,ESCUELAS AGUIRRE,2023-04-20 23:00:00+00:00,40.42166665995589,-3.682222219837608,,1.0,,,,,
4323,ESCUELAS AGUIRRE,2023-04-21 00:00:00+00:00,40.42166665995589,-3.682222219837608,,1.0,,,,,
4323,ESCUELAS AGUIRRE,2023-04-21 01:00:00+00:00,40.42166665995589,-3.682222219837608,,2.0,,,,,
4323,ESCUELAS AGUIRRE,2023-04-21 02:00:00+00:00,40.42166665995589,-3.682222219837608,,1.0,,,,,
4323,ESCUELAS AGUIRRE,2023-04-21 03:00:00+00:00,40.42166665995589,-3.682222219837608,,1.0,,,,,
4323,ESCUELAS AGUIRRE,2023-04-21 04:00:00+00:00,40.42166665995589,-3.682222219837608,,1.0,,,,,
4323,ESCUELAS AGUIRRE,2023-04-21 05:00:00+00:00,40.42166665995589,-3.682222219837608,,3.0,,,,,
4323,ESCUELAS AGUIRRE,2023-04-21 06:00:00+00:00,40.42166665995589,-3.682222219837608,,36.0,,,,,
4323,ESCUELAS AGUIRRE,2023-04-21 07:00:00+00:00,40.42166665995589,-3.682222219837608,,56.0,,,,,
4323,ESCUELAS AGUIRRE,2023-04-21 08:00:00+00:00,40.42166665995589,-3.682222219837608,,56.0,,,,,
4323,ESCUELAS AGUIRRE,2023-04-21 09:00:00+00:00,40.42166665995589,-3.682222219837608,,27.0,,,,,
4323,ESCUELAS AGUIRRE,2023-04-21 10:00:00+00:00,40.42166665995589,-3.682222219837608,,23.0,,,,,
4323,ESCUELAS AGUIRRE,2023-04-21 11:00:00+00:00,40.42166665995589,-3.682222219837608,,11.0,,,,,
4323,ESCUELAS AGUIRRE,2023-04-21 12:00:00+00:00,40.42166665995589,-3.682222219837608,,4.0,,,,,
4323,ESCUELAS AGUIRRE,2023-04-21 13:00:00+00:00,40.42166665995589,-3.682222219837608,,4.0,,,,,
4323,ESCUELAS AGUIRRE,2023-04-21 14:00:00+00:00,40.42166665995589,-3.682222219837608,,4.0,,,,,
4323,ESCUELAS AGUIRRE,2023-04-21 15:00:00+00:00,40.42166665995589,-3.682222219837608,,3.0,,,,,
4323,ESCUELAS AGUIRRE,2023-04-21 16:00:00+00:00,40.42166665995589,-3.682222219837608,,4.0,,,,,
4323,ESCUELAS AGUIRRE,2023-04-21 17:00:00+00:00,40.42166665995589,-3.682222219837608,,5.0,,,,,
4323,ESCUELAS AGUIRRE,2023-04-21 18:00:00+00:00,40.42166665995589,-3.682222219837608,,4.0,,,,,
4323,ESCUELAS AGUIRRE,2023-04-21 19:00:00+00:00,40.42166665995589,-3.682222219837608,,3.0,,,,,
4323,ESCUELAS AGUIRRE,2023-04-21 20:00:00+00:00,40.42166665995589,-3.682222219837608,,2.0,,,,,
4323,ESCUELAS AGUIRRE,2023-04-21 21:00:00+00:00,40.42166665995589,-3.682222219837608,,1.0,,,,,
4323,ESCUELAS AGUIRRE,2023-04-21 22:00:00+00:00,40.42166665995589,-3.682222219837608,,1.0,,,,,
4323,ESCUELAS AGUIRRE,2023-04-21 23:00:00+00:00,40.42166665995589,-3.682222219837608,,2.0,,,,,
4323,ESCUELAS AGUIRRE,2023-04-22 00:00:00+00:00,40.42166665995589,-3.682222219837608,,1.0,,,,,
4323,ESCUELAS AGUIRRE,2023-04-23 01:00:00+00:00,40.42166665995589,-3.682222219837608,,1.0,,,,,
4323,ESCUELAS AGUIRRE,2023-04-23 02:00:00+00:00,40.42166665995589,-3.682222219837608,,2.0,,,,,
4323,ESCUELAS AGUIRRE,2023-04-23 03:00:00+00:00,40.42166665995589,-3.682222219837608,,1.0,,,,,
4323,ESCUELAS AGUIRRE,2023-04-23 04:00:00+00:00,40.42166665995589,-3.682222219837608,,1.0,,,,,
4323,ESCUELAS AGUIRRE,2023-04-23 05:00:00+00:00,40.42166665995589,-3.682222219837608,,1.0,,,,,
4323,ESCUELAS AGUIRRE,2023-04-23 06:00:00+00:00,40.42166665995589,-3.682222219837608,,4.0,,,,,
4323,ESCUELAS AGUIRRE,2023-04-23 07:00:00+00:00,40.42166665995589,-3.682222219837608,,5.0,,,,,
4323,ESCUELAS AGUIRRE,2023-04-23 08:00:00+00:00,40.42166665995589,-3.682222219837608,,8.0,,,,,
4323,ESCUELAS AGUIRRE,2023-04-23 09:00:00+00:00,40.42166665995589,-3.682222219837608,,4.0,,,,,
4323,ESCUELAS AGUIRRE,2023-04-23 10:00:00+00:00,40.42166665995589,-3.682222219837608,,1.0,,,,,
4323,ESCUELAS AGUIRRE,2023-04-23 11:00:00+00:00,40.42166665995589,-3.682222219837608,,2.0,,,,,
4323,ESCUELAS AGUIRRE,2023-04-23 12:00:00+00:00,40.42166665995589,-3.682222219837608,,1.0,,,,,
4323,ESCUELAS AGUIRRE,2023-04-23 13:00:00+00:00,40.42166665995589,-3.682222219837608,,1.0,,,,,
4323,ESCUELAS AGUIRRE,2023-04-23 14:00:00+00:00,40.42166665995589,-3.682222219837608,,1.0,,,,,
4323,ESCUELAS AGUIRRE,2023-04-23 15:00:00+00:00,40.42166665995589,-3.682222219837608,,1.0,,,,,
4323,ESCUELAS AGUIRRE,2023-04-23 16:00:00+00:00,40.42166665995589,-3.682222219837608,,2.0,,,,,
4323,ESCUELAS AGUIRRE,2023-04-23 17:00:00+00:00,40.42166665995589,-3.682222219837608,,2.0,,,,,
4323,ESCUELAS AGUIRRE,2023-04-23 18:00:00+00:00,40.42166665995589,-3.682222219837608,,2.0,,,,,
4323,ESCUELAS AGUIRRE,2023-04-23 19:00:00+00:00,40.42166665995589,-3.682222219837608,,1.0,,,,,
4323,ESCUELAS AGUIRRE,2023-04-23 20:00:00+00:00,40.42166665995589,-3.682222219837608,,1.0,,,,,
4323,ESCUELAS AGUIRRE,2023-04-23 21:00:00+00:00,40.42166665995589,-3.682222219837608,,1.0,,,,,
4323,ESCUELAS AGUIRRE,2023-04-23 22:00:00+00:00,40.42166665995589,-3.682222219837608,,1.0,,,,,
4323,ESCUELAS AGUIRRE,2023-04-23 23:00:00+00:00,40.42166665995589,-3.682222219837608,,1.0,,,,,
4323,ESCUELAS AGUIRRE,2023-04-24 00:00:00+00:00,40.42166665995589,-3.682222219837608,,1.0,,,,,
4323,ESCUELAS AGUIRRE,2023-04-24 01:00:00+00:00,40.42166665995589,-3.682222219837608,,1.0,,,,,
4323,ESCUELAS AGUIRRE,2023-04-24 02:00:00+00:00,40.42166665995589,-3.682222219837608,,1.0,,,,,
4323,ESCUELAS AGUIRRE,2023-04-24 03:00:00+00:00,40.42166665995589,-3.682222219837608,,1.0,,,,,
4323,ESCUELAS AGUIRRE,2023-04-24 04:00:00+00:00,40.42166665995589,-3.682222219837608,,1.0,,,,,
4323,ESCUELAS AGUIRRE,2023-04-24 05:00:00+00:00,40.42166665995589,-3.682222219837608,,1.0,,,,,
4323,ESCUELAS AGUIRRE,2023-04-24 06:00:00+00:00,40.42166665995589,-3.682222219837608,,18.0,,,,,
4323,ESCUELAS AGUIRRE,2023-04-24 09:00:00+00:00,40.42166665995589,-3.682222219837608,,18.0,,,,,
4323,ESCUELAS AGUIRRE,2023-04-24 10:00:00+00:00,40.42166665995589,-3.682222219837608,,11.0,,,,,
4323,ESCUELAS AGUIRRE,2023-04-24 11:00:00+00:00,40.42166665995589,-3.682222219837608,,9.0,,,,,
4323,ESCUELAS AGUIRRE,2023-04-24 12:00:00+00:00,40.42166665995589,-3.682222219837608,,5.0,,,,,
4323,ESCUELAS AGUIRRE,2023-04-24 13:00:00+00:00,40.42166665995589,-3.682222219837608,,4.0,,,,,
4323,ESCUELAS AGUIRRE,2023-04-24 14:00:00+00:00,40.42166665995589,-3.682222219837608,,3.0,,,,,
4323,ESCUELAS AGUIRRE,2023-04-26 01:00:00+00:00,40.42166665995589,-3.682222219837608,,7.0,,,,,
4323,ESCUELAS AGUIRRE,2023-04-26 02:00:00+00:00,40.42166665995589,-3.682222219837608,,1.0,,,,,
4323,ESCUELAS AGUIRRE,2023-04-26 03:00:00+00:00,40.42166665995589,-3.682222219837608,,2.0,,,,,
4323,ESCUELAS AGUIRRE,2023-04-26 04:00:00+00:00,40.42166665995589,-3.682222219837608,,3.0,,,,,
4323,ESCUELAS AGUIRRE,2023-04-26 05:00:00+00:00,40.42166665995589,-3.682222219837608,,14.0,,,,,
4323,ESCUELAS AGUIRRE,2023-04-26 06:00:00+00:00,40.42166665995589,-3.682222219837608,,62.0,,,,,
4323,ESCUELAS AGUIRRE,2023-04-26 07:00:00+00:00,40.42166665995589,-3.682222219837608,,74.0,,,,,
4323,ESCUELAS AGUIRRE,2023-04-26 08:00:00+00:00,40.42166665995589,-3.682222219837608,,60.0,,,,,
4323,ESCUELAS AGUIRRE,2023-04-26 09:00:00+00:00,40.42166665995589,-3.682222219837608,,42.0,,,,,
4323,ESCUELAS AGUIRRE,2023-04-26 10:00:00+00:00,40.42166665995589,-3.682222219837608,,29.0,,,,,
4323,ESCUELAS AGUIRRE,2023-04-26 11:00:00+00:00,40.42166665995589,-3.682222219837608,,15.0,,,,,
4323,ESCUELAS AGUIRRE,2023-04-26 12:00:00+00:00,40.42166665995589,-3.682222219837608,,8.0,,,,,
4323,ESCUELAS AGUIRRE,2023-04-26 13:00:00+00:00,40.42166665995589,-3.682222219837608,,5.0,,,,,
4323,ESCUELAS AGUIRRE,2023-04-26 14:00:00+00:00,40.42166665995589,-3.682222219837608,,6.0,,,,,
4323,ESCUELAS AGUIRRE,2023-04-26 15:00:00+00:00,40.42166665995589,-3.682222219837608,,6.0,,,,,
4323,ESCUELAS AGUIRRE,2023-04-26 16:00:00+00:00,40.42166665995589,-3.682222219837608,,8.0,,,,,
4323,ESCUELAS AGUIRRE,2023-04-26 17:00:00+00:00,40.42166665995589,-3.682222219837608,,9.0,,,,,
4323,ESCUELAS AGUIRRE,2023-04-26 18:00:00+00:00,40.42166665995589,-3.682222219837608,,8.0,,,,,
4323,ESCUELAS AGUIRRE,2023-04-26 19:00:00+00:00,40.42166665995589,-3.682222219837608,,6.0,,,,,
4323,ESCUELAS AGUIRRE,2023-04-26 20:00:00+00:00,40.42166665995589,-3.682222219837608,,2.0,,,,,
4323,ESCUELAS AGUIRRE,2023-04-26 21:00:00+00:00,40.42166665995589,-3.682222219837608,,7.0,,,,,
4323,ESCUELAS AGUIRRE,2023-04-26 22:00:00+00:00,40.42166665995589,-3.682222219837608,,4.0,,,,,
4323,ESCUELAS AGUIRRE,2023-04-26 23:00:00+00:00,40.42166665995589,-3.682222219837608,,11.0,,,,,
4323,ESCUELAS AGUIRRE,2023-04-27 00:00:00+00:00,40.42166665995589,-3.682222219837608,,27.0,,,,,
4323,ESCUELAS AGUIRRE,2023-04-27 01:00:00+00:00,40.42166665995589,-3.682222219837608,,17.0,,,,,
4323,ESCUELAS AGUIRRE,2023-04-27 02:00:00+00:00,40.42166665995589,-3.682222219837608,,4.0,,,,,
4323,ESCUELAS AGUIRRE,2023-04-27 03:00:00+00:00,40.42166665995589,-3.682222219837608,,7.0,,,,,
4323,ESCUELAS AGUIRRE,2023-04-27 04:00:00+00:00,40.42166665995589,-3.682222219837608,,5.0,,,,,
4323,ESCUELAS AGUIRRE,2023-04-27 05:00:00+00:00,40.42166665995589,-3.682222219837608,,1.0,,,,,
4323,ESCUELAS AGUIRRE,2023-04-27 06:00:00+00:00,40.42166665995589,-3.682222219837608,,11.0,,,,,
4323,ESCUELAS AGUIRRE,2023-04-27 07:00:00+00:00,40.42166665995589,-3.682222219837608,,20.0,,,,,
4323,ESCUELAS AGUIRRE,2023-04-27 08:00:00+00:00,40.42166665995589,-3.682222219837608,,31.0,,,,,
4323,ESCUELAS AGUIRRE,2023-04-27 09:00:00+00:00,40.42166665995589,-3.682222219837608,,29.0,,,,,
4323,ESCUELAS AGUIRRE,2023-04-27 10:00:00+00:00,40.42166665995589,-3.682222219837608,,14.0,,,,,
4323,ESCUELAS AGUIRRE,2023-04-27 11:00:00+00:00,40.42166665995589,-3.682222219837608,,10.0,,,,,
4323,ESCUELAS AGUIRRE,2023-04-27 12:00:00+00:00,40.42166665995589,-3.682222219837608,,10.0,,,,,
4323,ESCUELAS AGUIRRE,2023-04-27 13:00:00+00:00,40.42166665995589,-3.682222219837608,,8.0,,,,,
4323,ESCUELAS AGUIRRE,2023-04-27 14:00:00+00:00,40.42166665995589,-3.682222219837608,,4.0,,,,,
4323,ESCUELAS AGUIRRE,2023-04-27 15:00:00+00:00,40.42166665995589,-3.682222219837608,,6.0,,,,,
4323,ESCUELAS AGUIRRE,2023-04-27 16:00:00+00:00,40.42166665995589,-3.682222219837608,,7.0,,,,,
4323,ESCUELAS AGUIRRE,2023-04-27 17:00:00+00:00,40.42166665995589,-3.682222219837608,,7.0,,,,,
4323,ESCUELAS AGUIRRE,2023-04-27 18:00:00+00:00,40.42166665995589,-3.682222219837608,,6.0,,,,,
4323,ESCUELAS AGUIRRE,2023-04-27 19:00:00+00:00,40.42166665995589,-3.682222219837608,,2.0,,,,,
4323,ESCUELAS AGUIRRE,2023-04-27 20:00:00+00:00,40.42166665995589,-3.682222219837608,,7.0,,,,,
4323,ESCUELAS AGUIRRE,2023-04-27 21:00:00+00:00,40.42166665995589,-3.682222219837608,,15.0,,,,,
4323,ESCUELAS AGUIRRE,2023-04-27 22:00:00+00:00,40.42166665995589,-3.682222219837608,,50.0,,,,,
4323,ESCUELAS AGUIRRE,2023-04-27 23:00:00+00:00,40.42166665995589,-3.682222219837608,,76.0,,,,,
4323,ESCUELAS AGUIRRE,2023-04-28 00:00:00+00:00,40.42166665995589,-3.682222219837608,,75.0,,,,,
4323,ESCUELAS AGUIRRE,2023-04-28 01:00:00+00:00,40.42166665995589,-3.682222219837608,,9.0,,,,,
4323,ESCUELAS AGUIRRE,2023-04-28 02:00:00+00:00,40.42166665995589,-3.682222219837608,,1.0,,,,,
4323,ESCUELAS AGUIRRE,2023-04-28 03:00:00+00:00,40.42166665995589,-3.682222219837608,,1.0,,,,,
4323,ESCUELAS AGUIRRE,2023-04-28 04:00:00+00:00,40.42166665995589,-3.682222219837608,,1.0,,,,,
4323,ESCUELAS AGUIRRE,2023-04-28 05:00:00+00:00,40.42166665995589,-3.682222219837608,,1.0,,,,,
4323,ESCUELAS AGUIRRE,2023-04-28 06:00:00+00:00,40.42166665995589,-3.682222219837608,,8.0,,,,,
4323,ESCUELAS AGUIRRE,2023-04-28 07:00:00+00:00,40.42166665995589,-3.682222219837608,,19.0,,,,,
4323,ESCUELAS AGUIRRE,2023-04-28 08:00:00+00:00,40.42166665995589,-3.682222219837608,,27.0,,,,,
4323,ESCUELAS AGUIRRE,2023-04-28 09:00:00+00:00,40.42166665995589,-3.682222219837608,,17.0,,,,,
4323,ESCUELAS AGUIRRE,2023-04-28 10:00:00+00:00,40.42166665995589,-3.682222219837608,,13.0,,,,,
4323,ESCUELAS AGUIRRE,2023-04-28 11:00:00+00:00,40.42166665995589,-3.682222219837608,,9.0,,,,,
4323,ESCUELAS AGUIRRE,2023-04-28 12:00:00+00:00,40.42166665995589,-3.682222219837608,,6.0,,,,,
4323,ESCUELAS AGUIRRE,2023-04-28 13:00:00+00:00,40.42166665995589,-3.682222219837608,,5.0,,,,,
4323,ESCUELAS AGUIRRE,2023-04-28 14:00:00+00:00,40.42166665995589,-3.682222219837608,,5.0,,,,,
4323,ESCUELAS AGUIRRE,2023-04-28 15:00:00+00:00,40.42166665995589,-3.682222219837608,,6.0,,,,,
4323,ESCUELAS AGUIRRE,2023-04-28 16:00:00+00:00,40.42166665995589,-3.682222219837608,,6.0,,,,,
4323,ESCUELAS AGUIRRE,2023-04-28 17:00:00+00:00,40.42166665995589,-3.682222219837608,,3.0,,,,,
4323,ESCUELAS AGUIRRE,2023-04-28 18:00:00+00:00,40.42166665995589,-3.682222219837608,,4.0,,,,,
4323,ESCUELAS AGUIRRE,2023-04-28 19:00:00+00:00,40.42166665995589,-3.682222219837608,,3.0,,,,,
4323,ESCUELAS AGUIRRE,2023-04-28 20:00:00+00:00,40.42166665995589,-3.682222219837608,,2.0,,,,,
4323,ESCUELAS AGUIRRE,2023-04-28 21:00:00+00:00,40.42166665995589,-3.682222219837608,,2.0,,,,,
4323,ESCUELAS AGUIRRE,2023-04-28 22:00:00+00:00,40.42166665995589,-3.682222219837608,,1.0,,,,,
4323,ESCUELAS AGUIRRE,2023-04-28 23:00:00+00:00,40.42166665995589,-3.682222219837608,,2.0,,,,,
4323,ESCUELAS AGUIRRE,2023-04-29 00:00:00+00:00,40.42166665995589,-3.682222219837608,,9.0,,,,,
4323,ESCUELAS AGUIRRE,2023-04-29 01:00:00+00:00,40.42166665995589,-3.682222219837608,,1.0,,,,,
4323,ESCUELAS AGUIRRE,2023-04-29 02:00:00+00:00,40.42166665995589,-3.682222219837608,,1.0,,,,,
4323,ESCUELAS AGUIRRE,2023-04-29 03:00:00+00:00,40.42166665995589,-3.682222219837608,,1.0,,,,,
4323,ESCUELAS AGUIRRE,2023-04-29 04:00:00+00:00,40.42166665995589,-3.682222219837608,,1.0,,,,,
4323,ESCUELAS AGUIRRE,2023-04-29 05:00:00+00:00,40.42166665995589,-3.682222219837608,,1.0,,,,,
4323,ESCUELAS AGUIRRE,2023-04-29 06:00:00+00:00,40.42166665995589,-3.682222219837608,,1.0,,,,,
4323,ESCUELAS AGUIRRE,2023-04-29 07:00:00+00:00,40.42166665995589,-3.682222219837608,,7.0,,,,,
4323,ESCUELAS AGUIRRE,2023-04-29 08:00:00+00:00,40.42166665995589,-3.682222219837608,,5.0,,,,,
4323,ESCUELAS AGUIRRE,2023-04-29 09:00:00+00:00,40.42166665995589,-3.682222219837608,,3.0,,,,,
4323,ESCUELAS AGUIRRE,2023-04-29 10:00:00+00:00,40.42166665995589,-3.682222219837608,,4.0,,,,,
4323,ESCUELAS AGUIRRE,2023-04-29 11:00:00+00:00,40.42166665995589,-3.682222219837608,,4.0,,,,,
4323,ESCUELAS AGUIRRE,2023-04-29 12:00:00+00:00,40.42166665995589,-3.682222219837608,,4.0,,,,,
4323,ESCUELAS AGUIRRE,2023-04-29 13:00:00+00:00,40.42166665995589,-3.682222219837608,,6.0,,,,,
4323,ESCUELAS AGUIRRE,2023-04-29 14:00:00+00:00,40.42166665995589,-3.682222219837608,,2.0,,,,,
4323,ESCUELAS AGUIRRE,2023-04-29 15:00:00+00:00,40.42166665995589,-3.682222219837608,,2.0,,,,,
4323,ESCUELAS AGUIRRE,2023-04-29 16:00:00+00:00,40.42166665995589,-3.682222219837608,,2.0,,,,,
4323,ESCUELAS AGUIRRE,2023-04-29 17:00:00+00:00,40.42166665995589,-3.682222219837608,,3.0,,,,,
4323,ESCUELAS AGUIRRE,2023-04-29 18:00:00+00:00,40.42166665995589,-3.682222219837608,,1.0,,,,,
4323,ESCUELAS AGUIRRE,2023-04-29 19:00:00+00:00,40.42166665995589,-3.682222219837608,,1.0,,,,,
4323,ESCUELAS AGUIRRE,2023-04-29 20:00:00+00:00,40.42166665995589,-3.682222219837608,,1.0,,,,,
4323,ESCUELAS AGUIRRE,2023-04-29 21:00:00+00:00,40.42166665995589,-3.682222219837608,,1.0,,,,,
4323,ESCUELAS AGUIRRE,2023-04-29 22:00:00+00:00,40.42166665995589,-3.682222219837608,,1.0,,,,,
4323,ESCUELAS AGUIRRE,2023-04-29 23:00:00+00:00,40.42166665995589,-3.682222219837608,,1.0,,,,,
4323,ESCUELAS AGUIRRE,2023-04-30 00:00:00+00:00,40.42166665995589,-3.682222219837608,,1.0,,,,,
4323,ESCUELAS AGUIRRE,2023-04-30 01:00:00+00:00,40.42166665995589,-3.682222219837608,,1.0,,,,,
4323,ESCUELAS AGUIRRE,2023-04-30 02:00:00+00:00,40.42166665995589,-3.682222219837608,,1.0,,,,,
4323,ESCUELAS AGUIRRE,2023-04-30 03:00:00+00:00,40.42166665995589,-3.682222219837608,,1.0,,,,,
4323,ESCUELAS AGUIRRE,2023-04-30 04:00:00+00:00,40.42166665995589,-3.682222219837608,,1.0,,,,,
4323,ESCUELAS AGUIRRE,2023-04-30 05:00:00+00:00,40.42166665995589,-3.682222219837608,,1.0,,,,,
4323,ESCUELAS AGUIRRE,2023-04-30 06:00:00+00:00,40.42166665995589,-3.682222219837608,,1.0,,,,,
4323,ESCUELAS AGUIRRE,2023-04-30 07:00:00+00:00,40.42166665995589,-3.682222219837608,,1.0,,,,,
4323,ESCUELAS AGUIRRE,2023-04-30 08:00:00+00:00,40.42166665995589,-3.682222219837608,,1.0,,,,,
4323,ESCUELAS AGUIRRE,2023-04-30 09:00:00+00:00,40.42166665995589,-3.682222219837608,,1.0,,,,,
4323,ESCUELAS AGUIRRE,2023-04-30 10:00:00+00:00,40.42166665995589,-3.682222219837608,,1.0,,,,,
4323,ESCUELAS AGUIRRE,2023-04-30 11:00:00+00:00,40.42166665995589,-3.682222219837608,,1.0,,,,,
4323,ESCUELAS AGUIRRE,2023-04-30 12:00:00+00:00,40.42166665995589,-3.682222219837608,,1.0,,,,,
4323,ESCUELAS AGUIRRE,2023-04-30 13:00:00+00:00,40.42166665995589,-3.682222219837608,,1.0,,,,,
4323,ESCUELAS AGUIRRE,2023-04-30 14:00:00+00:00,40.42166665995589,-3.682222219837608,,1.0,,,,,
4323,ESCUELAS AGUIRRE,2023-04-30 15:00:00+00:00,40.42166665995589,-3.682222219837608,,1.0,,,,,
4323,ESCUELAS AGUIRRE,2023-04-30 16:00:00+00:00,40.42166665995589,-3.682222219837608,,1.0,,,,,
4323,ESCUELAS AGUIRRE,2023-04-30 17:00:00+00:00,40.42166665995589,-3.682222219837608,,1.0,,,,,
4323,ESCUELAS AGUIRRE,2023-04-30 18:00:00+00:00,40.42166665995589,-3.682222219837608,,1.0,,,,,
4323,ESCUELAS AGUIRRE,2023-04-30 19:00:00+00:00,40.42166665995589,-3.682222219837608,,1.0,,,,,
4323,ESCUELAS AGUIRRE,2023-04-30 20:00:00+00:00,40.42166665995589,-3.682222219837608,,1.0,,,,,
4323,ESCUELAS AGUIRRE,2023-04-30 21:00:00+00:00,40.42166665995589,-3.682222219837608,,1.0,,,,,
4323,ESCUELAS AGUIRRE,2023-04-30 22:00:00+00:00,40.42166665995589,-3.682222219837608,,1.0,,,,,
4323,ESCUELAS AGUIRRE,2023-04-30 23:00:00+00:00,40.42166665995589,-3.682222219837608,,1.0,,,,,
4323,ESCUELAS AGUIRRE,2023-05-01 00:00:00+00:00,40.42166665995589,-3.682222219837608,,1.0,,,,,
4323,ESCUELAS AGUIRRE,2023-05-01 01:00:00+00:00,40.42166665995589,-3.682222219837608,,1.0,,,,,
4323,ESCUELAS AGUIRRE,2023-05-01 02:00:00+00:00,40.42166665995589,-3.682222219837608,,1.0,,,,,
4323,ESCUELAS AGUIRRE,2023-05-01 03:00:00+00:00,40.42166665995589,-3.682222219837608,,1.0,,,,,
4323,ESCUELAS AGUIRRE,2023-05-01 04:00:00+00:00,40.42166665995589,-3.682222219837608,,1.0,,,,,
4323,ESCUELAS AGUIRRE,2023-05-01 05:00:00+00:00,40.42166665995589,-3.682222219837608,,1.0,,,,,
4323,ESCUELAS AGUIRRE,2023-05-01 06:00:00+00:00,40.42166665995589,-3.682222219837608,,1.0,,,,,
4323,ESCUELAS AGUIRRE,2023-05-01 07:00:00+00:00,40.42166665995589,-3.682222219837608,,1.0,,,,,
4323,ESCUELAS AGUIRRE,2023-05-01 08:00:00+00:00,40.42166665995589,-3.682222219837608,,1.0,,,,,
4323,ESCUELAS AGUIRRE,2023-05-01 09:00:00+00:00,40.42166665995589,-3.682222219837608,,2.0,,,,,
4323,ESCUELAS AGUIRRE,2023-05-01 10:00:00+00:00,40.42166665995589,-3.682222219837608,,1.0,,,,,
4323,ESCUELAS AGUIRRE,2023-05-01 11:00:00+00:00,40.42166665995589,-3.682222219837608,,1.0,,,,,
4323,ESCUELAS AGUIRRE,2023-05-01 12:00:00+00:00,40.42166665995589,-3.682222219837608,,1.0,,,,,
4323,ESCUELAS AGUIRRE,2023-05-01 13:00:00+00:00,40.42166665995589,-3.682222219837608,,1.0,,,,,
4323,ESCUELAS AGUIRRE,2023-05-01 14:00:00+00:00,40.42166665995589,-3.682222219837608,,1.0,,,,,
4323,ESCUELAS AGUIRRE,2023-05-01 15:00:00+00:00,40.42166665995589,-3.682222219837608,,1.0,,,,,
4323,ESCUELAS AGUIRRE,2023-05-01 16:00:00+00:00,40.42166665995589,-3.682222219837608,,1.0,,,,,
4323,ESCUELAS AGUIRRE,2023-05-01 17:00:00+00:00,40.42166665995589,-3.682222219837608,,1.0,,,,,
4323,ESCUELAS AGUIRRE,2023-05-01 18:00:00+00:00,40.42166665995589,-3.682222219837608,,1.0,,,,,
4323,ESCUELAS AGUIRRE,2023-05-01 19:00:00+00:00,40.42166665995589,-3.682222219837608,,1.0,,,,,
4323,ESCUELAS AGUIRRE,2023-05-01 20:00:00+00:00,40.42166665995589,-3.682222219837608,,1.0,,,,,
4323,ESCUELAS AGUIRRE,2023-05-01 21:00:00+00:00,40.42166665995589,-3.682222219837608,,1.0,,,,,
4323,ESCUELAS AGUIRRE,2023-05-01 22:00:00+00:00,40.42166665995589,-3.682222219837608,,4.0,,,,,
4323,ESCUELAS AGUIRRE,2023-05-01 23:00:00+00:00,40.42166665995589,-3.682222219837608,,1.0,,,,,
4323,ESCUELAS AGUIRRE,2023-05-02 00:00:00+00:00,40.42166665995589,-3.682222219837608,,2.0,,,,,
4323,ESCUELAS AGUIRRE,2023-05-02 01:00:00+00:00,40.42166665995589,-3.682222219837608,,1.0,,,,,
4323,ESCUELAS AGUIRRE,2023-05-02 02:00:00+00:00,40.42166665995589,-3.682222219837608,,1.0,,,,,
4323,ESCUELAS AGUIRRE,2023-05-02 03:00:00+00:00,40.42166665995589,-3.682222219837608,,1.0,,,,,
4323,ESCUELAS AGUIRRE,2023-05-02 04:00:00+00:00,40.42166665995589,-3.682222219837608,,1.0,,,,,
4323,ESCUELAS AGUIRRE,2023-05-02 05:00:00+00:00,40.42166665995589,-3.682222219837608,,1.0,,,,,
4323,ESCUELAS AGUIRRE,2023-05-02 06:00:00+00:00,40.42166665995589,-3.682222219837608,,1.0,,,,,
4323,ESCUELAS AGUIRRE,2023-05-02 07:00:00+00:00,40.42166665995589,-3.682222219837608,,1.0,,,,,
4323,ESCUELAS AGUIRRE,2023-05-02 08:00:00+00:00,40.42166665995589,-3.682222219837608,,1.0,,,,,
4323,ESCUELAS AGUIRRE,2023-05-02 09:00:00+00:00,40.42166665995589,-3.682222219837608,,1.0,,,,,
4323,ESCUELAS AGUIRRE,2023-05-02 10:00:00+00:00,40.42166665995589,-3.682222219837608,,3.0,,,,,
4323,ESCUELAS AGUIRRE,2023-05-02 11:00:00+00:00,40.42166665995589,-3.682222219837608,,1.0,,,,,
4323,ESCUELAS AGUIRRE,2023-05-02 12:00:00+00:00,40.42166665995589,-3.682222219837608,,1.0,,,,,
4323,ESCUELAS AGUIRRE,2023-05-02 13:00:00+00:00,40.42166665995589,-3.682222219837608,,2.0,,,,,
4323,ESCUELAS AGUIRRE,2023-05-02 14:00:00+00:00,40.42166665995589,-3.682222219837608,,1.0,,,,,
4323,ESCUELAS AGUIRRE,2023-05-02 15:00:00+00:00,40.42166665995589,-3.682222219837608,,1.0,,,,,
4323,ESCUELAS AGUIRRE,2023-05-02 16:00:00+00:00,40.42166665995589,-3.682222219837608,,1.0,,,,,
4323,ESCUELAS AGUIRRE,2023-05-02 17:00:00+00:00,40.42166665995589,-3.682222219837608,,1.0,,,,,
4323,ESCUELAS AGUIRRE,2023-05-02 18:00:00+00:00,40.42166665995589,-3.682222219837608,,1.0,,,,,
4323,ESCUELAS AGUIRRE,2023-05-02 19:00:00+00:00,40.42166665995589,-3.682222219837608,,1.0,,,,,
4323,ESCUELAS AGUIRRE,2023-05-02 20:00:00+00:00,40.42166665995589,-3.682222219837608,,1.0,,,,,
4323,ESCUELAS AGUIRRE,2023-05-02 21:00:00+00:00,40.42166665995589,-3.682222219837608,,1.0,,,,,
4323,ESCUELAS AGUIRRE,2023-05-02 22:00:00+00:00,40.42166665995589,-3.682222219837608,,8.0,,,,,
4323,ESCUELAS AGUIRRE,2023-05-02 23:00:00+00:00,40.42166665995589,-3.682222219837608,,43.0,,,,,
4323,ESCUELAS AGUIRRE,2023-05-03 00:00:00+00:00,40.42166665995589,-3.682222219837608,,7.0,,,,,
4323,ESCUELAS AGUIRRE,2023-05-03 01:00:00+00:00,40.42166665995589,-3.682222219837608,,2.0,,,,,
4323,ESCUELAS AGUIRRE,2023-05-03 02:00:00+00:00,40.42166665995589,-3.682222219837608,,1.0,,,,,
4323,ESCUELAS AGUIRRE,2023-05-03 03:00:00+00:00,40.42166665995589,-3.682222219837608,,1.0,,,,,
4323,ESCUELAS AGUIRRE,2023-05-03 04:00:00+00:00,40.42166665995589,-3.682222219837608,,1.0,,,,,
4323,ESCUELAS AGUIRRE,2023-05-03 05:00:00+00:00,40.42166665995589,-3.682222219837608,,1.0,,,,,
4323,ESCUELAS AGUIRRE,2023-05-03 06:00:00+00:00,40.42166665995589,-3.682222219837608,,4.0,,,,,
4323,ESCUELAS AGUIRRE,2023-05-03 07:00:00+00:00,40.42166665995589,-3.682222219837608,,16.0,,,,,
4323,ESCUELAS AGUIRRE,2023-05-03 08:00:00+00:00,40.42166665995589,-3.682222219837608,,14.0,,,,,
4323,ESCUELAS AGUIRRE,2023-05-03 09:00:00+00:00,40.42166665995589,-3.682222219837608,,8.0,,,,,
4323,ESCUELAS AGUIRRE,2023-05-03 10:00:00+00:00,40.42166665995589,-3.682222219837608,,6.0,,,,,
4323,ESCUELAS AGUIRRE,2023-05-03 11:00:00+00:00,40.42166665995589,-3.682222219837608,,4.0,,,,,
4323,ESCUELAS AGUIRRE,2023-05-03 12:00:00+00:00,40.42166665995589,-3.682222219837608,,6.0,,,,,
4323,ESCUELAS AGUIRRE,2023-05-03 13:00:00+00:00,40.42166665995589,-3.682222219837608,,3.0,,,,,
4323,ESCUELAS AGUIRRE,2023-05-03 14:00:00+00:00,40.42166665995589,-3.682222219837608,,2.0,,,,,
4323,ESCUELAS AGUIRRE,2023-05-03 15:00:00+00:00,40.42166665995589,-3.682222219837608,,2.0,,,,,
4323,ESCUELAS AGUIRRE,2023-05-03 16:00:00+00:00,40.42166665995589,-3.682222219837608,,4.0,,,,,
4323,ESCUELAS AGUIRRE,2023-05-03 17:00:00+00:00,40.42166665995589,-3.682222219837608,,3.0,,,,,
4323,ESCUELAS AGUIRRE,2023-05-03 18:00:00+00:00,40.42166665995589,-3.682222219837608,,3.0,,,,,
4323,ESCUELAS AGUIRRE,2023-05-03 19:00:00+00:00,40.42166665995589,-3.682222219837608,,4.0,,,,,
4323,ESCUELAS AGUIRRE,2023-05-03 20:00:00+00:00,40.42166665995589,-3.682222219837608,,2.0,,,,,
4323,ESCUELAS AGUIRRE,2023-05-03 21:00:00+00:00,40.42166665995589,-3.682222219837608,,1.0,,,,,
4323,ESCUELAS AGUIRRE,2023-05-03 22:00:00+00:00,40.42166665995589,-3.682222219837608,,1.0,,,,,
4323,ESCUELAS AGUIRRE,2023-05-03 23:00:00+00:00,40.42166665995589,-3.682222219837608,,1.0,,,,,
4323,ESCUELAS AGUIRRE,2023-05-04 00:00:00+00:00,40.42166665995589,-3.682222219837608,,1.0,,,,,
4323,ESCUELAS AGUIRRE,2023-05-04 01:00:00+00:00,40.42166665995589,-3.682222219837608,,1.0,,,,,
4323,ESCUELAS AGUIRRE,2023-05-04 02:00:00+00:00,40.42166665995589,-3.682222219837608,,1.0,,,,,
4323,ESCUELAS AGUIRRE,2023-05-04 03:00:00+00:00,40.42166665995589,-3.682222219837608,,1.0,,,,,
4323,ESCUELAS AGUIRRE,2023-05-04 04:00:00+00:00,40.42166665995589,-3.682222219837608,,1.0,,,,,
4323,ESCUELAS AGUIRRE,2023-05-04 05:00:00+00:00,40.42166665995589,-3.682222219837608,,1.0,,,,,
4323,ESCUELAS AGUIRRE,2023-05-04 06:00:00+00:00,40.42166665995589,-3.682222219837608,,4.0,,,,,
4323,ESCUELAS AGUIRRE,2023-05-04 07:00:00+00:00,40.42166665995589,-3.682222219837608,,8.0,,,,,
4323,ESCUELAS AGUIRRE,2023-05-04 08:00:00+00:00,40.42166665995589,-3.682222219837608,,11.0,,,,,
4323,ESCUELAS AGUIRRE,2023-05-04 09:00:00+00:00,40.42166665995589,-3.682222219837608,,9.0,,,,,
4323,ESCUELAS AGUIRRE,2023-05-04 10:00:00+00:00,40.42166665995589,-3.682222219837608,,6.0,,,,,
4323,ESCUELAS AGUIRRE,2023-05-04 11:00:00+00:00,40.42166665995589,-3.682222219837608,,7.0,,,,,
4323,ESCUELAS AGUIRRE,2023-05-04 12:00:00+00:00,40.42166665995589,-3.682222219837608,,5.0,,,,,
4323,ESCUELAS AGUIRRE,2023-05-04 13:00:00+00:00,40.42166665995589,-3.682222219837608,,5.0,,,,,
4323,ESCUELAS AGUIRRE,2023-05-04 14:00:00+00:00,40.42166665995589,-3.682222219837608,,5.0,,,,,
4323,ESCUELAS AGUIRRE,2023-05-04 15:00:00+00:00,40.42166665995589,-3.682222219837608,,4.0,,,,,
4323,ESCUELAS AGUIRRE,2023-05-04 16:00:00+00:00,40.42166665995589,-3.682222219837608,,5.0,,,,,
4323,ESCUELAS AGUIRRE,2023-05-04 17:00:00+00:00,40.42166665995589,-3.682222219837608,,5.0,,,,,
4323,ESCUELAS AGUIRRE,2023-05-04 18:00:00+00:00,40.42166665995589,-3.682222219837608,,4.0,,,,,
4323,ESCUELAS AGUIRRE,2023-05-04 19:00:00+00:00,40.42166665995589,-3.682222219837608,,3.0,,,,,
4323,ESCUELAS AGUIRRE,2023-05-04 20:00:00+00:00,40.42166665995589,-3.682222219837608,,2.0,,,,,
4323,ESCUELAS AGUIRRE,2023-05-04 21:00:00+00:00,40.42166665995589,-3.682222219837608,,1.0,,,,,
4323,ESCUELAS AGUIRRE,2023-05-04 22:00:00+00:00,40.42166665995589,-3.682222219837608,,1.0,,,,,
4323,ESCUELAS AGUIRRE,2023-05-04 23:00:00+00:00,40.42166665995589,-3.682222219837608,,1.0,,,,,
4323,ESCUELAS AGUIRRE,2023-05-05 00:00:00+00:00,40.42166665995589,-3.682222219837608,,2.0,,,,,
4323,ESCUELAS AGUIRRE,2023-05-05 01:00:00+00:00,40.42166665995589,-3.682222219837608,,1.0,,,,,
4323,ESCUELAS AGUIRRE,2023-05-05 02:00:00+00:00,40.42166665995589,-3.682222219837608,,1.0,,,,,
4323,ESCUELAS AGUIRRE,2023-05-05 03:00:00+00:00,40.42166665995589,-3.682222219837608,,1.0,,,,,
4323,ESCUELAS AGUIRRE,2023-05-05 04:00:00+00:00,40.42166665995589,-3.682222219837608,,1.0,,,,,
4323,ESCUELAS AGUIRRE,2023-05-05 05:00:00+00:00,40.42166665995589,-3.682222219837608,,2.0,,,,,
4323,ESCUELAS AGUIRRE,2023-05-05 06:00:00+00:00,40.42166665995589,-3.682222219837608,,13.0,,,,,
4323,ESCUELAS AGUIRRE,2023-05-05 07:00:00+00:00,40.42166665995589,-3.682222219837608,,22.0,,,,,
4323,ESCUELAS AGUIRRE,2023-05-05 08:00:00+00:00,40.42166665995589,-3.682222219837608,,19.0,,,,,
4323,ESCUELAS AGUIRRE,2023-05-05 09:00:00+00:00,40.42166665995589,-3.682222219837608,,13.0,,,,,
4323,ESCUELAS AGUIRRE,2023-05-05 10:00:00+00:00,40.42166665995589,-3.682222219837608,,10.0,,,,,
4323,ESCUELAS AGUIRRE,2023-05-05 11:00:00+00:00,40.42166665995589,-3.682222219837608,,13.0,,,,,
4323,ESCUELAS AGUIRRE,2023-05-05 12:00:00+00:00,40.42166665995589,-3.682222219837608,,6.0,,,,,
4323,ESCUELAS AGUIRRE,2023-05-05 13:00:00+00:00,40.42166665995589,-3.682222219837608,,4.0,,,,,
4323,ESCUELAS AGUIRRE,2023-05-05 14:00:00+00:00,40.42166665995589,-3.682222219837608,,4.0,,,,,
4323,ESCUELAS AGUIRRE,2023-05-05 15:00:00+00:00,40.42166665995589,-3.682222219837608,,3.0,,,,,
4323,ESCUELAS AGUIRRE,2023-05-05 16:00:00+00:00,40.42166665995589,-3.682222219837608,,4.0,,,,,
4323,ESCUELAS AGUIRRE,2023-05-05 17:00:00+00:00,40.42166665995589,-3.682222219837608,,4.0,,,,,
4323,ESCUELAS AGUIRRE,2023-05-05 18:00:00+00:00,40.42166665995589,-3.682222219837608,,3.0,,,,,
4323,ESCUELAS AGUIRRE,2023-05-05 19:00:00+00:00,40.42166665995589,-3.682222219837608,,2.0,,,,,
4323,ESCUELAS AGUIRRE,2023-05-05 20:00:00+00:00,40.42166665995589,-3.682222219837608,,2.0,,,,,
4323,ESCUELAS AGUIRRE,2023-05-05 21:00:00+00:00,40.42166665995589,-3.682222219837608,,3.0,,,,,
4323,ESCUELAS AGUIRRE,2023-05-05 22:00:00+00:00,40.42166665995589,-3.682222219837608,,4.0,,,,,
4323,ESCUELAS AGUIRRE,2023-05-05 23:00:00+00:00,40.42166665995589,-3.682222219837608,,6.0,,,,,
4323,ESCUELAS AGUIRRE,2023-05-06 00:00:00+00:00,40.42166665995589,-3.682222219837608,,3.0,,,,,
4323,ESCUELAS AGUIRRE,2023-05-06 01:00:00+00:00,40.42166665995589,-3.682222219837608,,1.0,,,,,
4323,ESCUELAS AGUIRRE,2023-05-06 02:00:00+00:00,40.42166665995589,-3.682222219837608,,3.0,,,,,
4323,ESCUELAS AGUIRRE,2023-05-06 03:00:00+00:00,40.42166665995589,-3.682222219837608,,3.0,,,,,
4323,ESCUELAS AGUIRRE,2023-05-06 04:00:00+00:00,40.42166665995589,-3.682222219837608,,1.0,,,,,
4323,ESCUELAS AGUIRRE,2023-05-06 05:00:00+00:00,40.42166665995589,-3.682222219837608,,1.0,,,,,
4323,ESCUELAS AGUIRRE,2023-05-06 06:00:00+00:00,40.42166665995589,-3.682222219837608,,1.0,,,,,
4323,ESCUELAS AGUIRRE,2023-05-06 07:00:00+00:00,40.42166665995589,-3.682222219837608,,4.0,,,,,
4323,ESCUELAS AGUIRRE,2023-05-06 08:00:00+00:00,40.42166665995589,-3.682222219837608,,6.0,,,,,
4323,ESCUELAS AGUIRRE,2023-05-06 09:00:00+00:00,40.42166665995589,-3.682222219837608,,8.0,,,,,
4323,ESCUELAS AGUIRRE,2023-05-06 10:00:00+00:00,40.42166665995589,-3.682222219837608,,9.0,,,,,
4323,ESCUELAS AGUIRRE,2023-05-06 11:00:00+00:00,40.42166665995589,-3.682222219837608,,6.0,,,,,
4323,ESCUELAS AGUIRRE,2023-05-06 12:00:00+00:00,40.42166665995589,-3.682222219837608,,5.0,,,,,
4323,ESCUELAS AGUIRRE,2023-05-06 13:00:00+00:00,40.42166665995589,-3.682222219837608,,3.0,,,,,
4323,ESCUELAS AGUIRRE,2023-05-06 14:00:00+00:00,40.42166665995589,-3.682222219837608,,2.0,,,,,
4323,ESCUELAS AGUIRRE,2023-05-06 15:00:00+00:00,40.42166665995589,-3.682222219837608,,2.0,,,,,
4323,ESCUELAS AGUIRRE,2023-05-06 16:00:00+00:00,40.42166665995589,-3.682222219837608,,3.0,,,,,
4323,ESCUELAS AGUIRRE,2023-05-06 17:00:00+00:00,40.42166665995589,-3.682222219837608,,2.0,,,,,
4323,ESCUELAS AGUIRRE,2023-05-06 18:00:00+00:00,40.42166665995589,-3.682222219837608,,3.0,,,,,
4323,ESCUELAS AGUIRRE,2023-05-06 19:00:00+00:00,40.42166665995589,-3.682222219837608,,3.0,,,,,
4323,ESCUELAS AGUIRRE,2023-05-06 20:00:00+00:00,40.42166665995589,-3.682222219837608,,2.0,,,,,
4323,ESCUELAS AGUIRRE,2023-05-06 21:00:00+00:00,40.42166665995589,-3.682222219837608,,1.0,,,,,
4323,ESCUELAS AGUIRRE,2023-05-06 22:00:00+00:00,40.42166665995589,-3.682222219837608,,1.0,,,,,
4323,ESCUELAS AGUIRRE,2023-05-06 23:00:00+00:00,40.42166665995589,-3.682222219837608,,1.0,,,,,
4323,ESCUELAS AGUIRRE,2023-05-07 00:00:00+00:00,40.42166665995589,-3.682222219837608,,1.0,,,,,
4323,ESCUELAS AGUIRRE,2023-05-07 01:00:00+00:00,40.42166665995589,-3.682222219837608,,2.0,,,,,
4323,ESCUELAS AGUIRRE,2023-05-07 02:00:00+00:00,40.42166665995589,-3.682222219837608,,1.0,,,,,
4323,ESCUELAS AGUIRRE,2023-05-07 03:00:00+00:00,40.42166665995589,-3.682222219837608,,1.0,,,,,
4323,ESCUELAS AGUIRRE,2023-05-07 04:00:00+00:00,40.42166665995589,-3.682222219837608,,1.0,,,,,
4323,ESCUELAS AGUIRRE,2023-05-07 05:00:00+00:00,40.42166665995589,-3.682222219837608,,1.0,,,,,
4323,ESCUELAS AGUIRRE,2023-05-07 06:00:00+00:00,40.42166665995589,-3.682222219837608,,1.0,,,,,
4323,ESCUELAS AGUIRRE,2023-05-07 07:00:00+00:00,40.42166665995589,-3.682222219837608,,1.0,,,,,
4323,ESCUELAS AGUIRRE,2023-05-07 08:00:00+00:00,40.42166665995589,-3.682222219837608,,1.0,,,,,
4323,ESCUELAS AGUIRRE,2023-05-07 09:00:00+00:00,40.42166665995589,-3.682222219837608,,1.0,,,,,
4323,ESCUELAS AGUIRRE,2023-05-07 10:00:00+00:00,40.42166665995589,-3.682222219837608,,1.0,,,,,
4323,ESCUELAS AGUIRRE,2023-05-07 11:00:00+00:00,40.42166665995589,-3.682222219837608,,2.0,,,,,
4323,ESCUELAS AGUIRRE,2023-05-07 12:00:00+00:00,40.42166665995589,-3.682222219837608,,1.0,,,,,
4323,ESCUELAS AGUIRRE,2023-05-07 13:00:00+00:00,40.42166665995589,-3.682222219837608,,2.0,,,,,
4323,ESCUELAS AGUIRRE,2023-05-07 14:00:00+00:00,40.42166665995589,-3.682222219837608,,1.0,,,,,
4323,ESCUELAS AGUIRRE,2023-05-07 15:00:00+00:00,40.42166665995589,-3.682222219837608,,1.0,,,,,
4323,ESCUELAS AGUIRRE,2023-05-07 16:00:00+00:00,40.42166665995589,-3.682222219837608,,1.0,,,,,
4323,ESCUELAS AGUIRRE,2023-05-07 17:00:00+00:00,40.42166665995589,-3.682222219837608,,1.0,,,,,
4323,ESCUELAS AGUIRRE,2023-05-07 18:00:00+00:00,40.42166665995589,-3.682222219837608,,1.0,,,,,
4323,ESCUELAS AGUIRRE,2023-05-07 19:00:00+00:00,40.42166665995589,-3.682222219837608,,1.0,,,,,
4323,ESCUELAS AGUIRRE,2023-05-07 20:00:00+00:00,40.42166665995589,-3.682222219837608,,1.0,,,,,
4323,ESCUELAS AGUIRRE,2023-05-07 21:00:00+00:00,40.42166665995589,-3.682222219837608,,1.0,,,,,
4323,ESCUELAS AGUIRRE,2023-05-07 22:00:00+00:00,40.42166665995589,-3.682222219837608,,1.0,,,,,
4323,ESCUELAS AGUIRRE,2023-05-07 23:00:00+00:00,40.42166665995589,-3.682222219837608,,1.0,,,,,
4323,ESCUELAS AGUIRRE,2023-05-08 00:00:00+00:00,40.42166665995589,-3.682222219837608,,1.0,,,,,
4323,ESCUELAS AGUIRRE,2023-05-08 01:00:00+00:00,40.42166665995589,-3.682222219837608,,1.0,,,,,
4323,ESCUELAS AGUIRRE,2023-05-08 02:00:00+00:00,40.42166665995589,-3.682222219837608,,1.0,,,,,
4323,ESCUELAS AGUIRRE,2023-05-08 03:00:00+00:00,40.42166665995589,-3.682222219837608,,1.0,,,,,
4323,ESCUELAS AGUIRRE,2023-05-08 04:00:00+00:00,40.42166665995589,-3.682222219837608,,1.0,,,,,
4323,ESCUELAS AGUIRRE,2023-05-08 05:00:00+00:00,40.42166665995589,-3.682222219837608,,1.0,,,,,
4323,ESCUELAS AGUIRRE,2023-05-08 06:00:00+00:00,40.42166665995589,-3.682222219837608,,2.0,,,,,
4323,ESCUELAS AGUIRRE,2023-05-08 07:00:00+00:00,40.42166665995589,-3.682222219837608,,6.0,,,,,
4323,ESCUELAS AGUIRRE,2023-05-08 08:00:00+00:00,40.42166665995589,-3.682222219837608,,7.0,,,,,
4323,ESCUELAS AGUIRRE,2023-05-08 10:00:00+00:00,40.42166665995589,-3.682222219837608,,5.0,,,,,
4323,ESCUELAS AGUIRRE,2023-05-08 11:00:00+00:00,40.42166665995589,-3.682222219837608,,5.0,,,,,
4323,ESCUELAS AGUIRRE,2023-05-08 12:00:00+00:00,40.42166665995589,-3.682222219837608,,4.0,,,,,
4323,ESCUELAS AGUIRRE,2023-05-08 13:00:00+00:00,40.42166665995589,-3.682222219837608,,3.0,,,,,
4323,ESCUELAS AGUIRRE,2023-05-08 14:00:00+00:00,40.42166665995589,-3.682222219837608,,2.0,,,,,
4323,ESCUELAS AGUIRRE,2023-05-08 15:00:00+00:00,40.42166665995589,-3.682222219837608,,2.0,,,,,
4323,ESCUELAS AGUIRRE,2023-05-08 16:00:00+00:00,40.42166665995589,-3.682222219837608,,4.0,,,,,
4323,ESCUELAS AGUIRRE,2023-05-08 17:00:00+00:00,40.42166665995589,-3.682222219837608,,4.0,,,,,
4323,ESCUELAS AGUIRRE,2023-05-08 18:00:00+00:00,40.42166665995589,-3.682222219837608,,1.0,,,,,
4323,ESCUELAS AGUIRRE,2023-05-08 19:00:00+00:00,40.42166665995589,-3.682222219837608,,1.0,,,,,
4323,ESCUELAS AGUIRRE,2023-05-08 20:00:00+00:00,40.42166665995589,-3.682222219837608,,1.0,,,,,
4323,ESCUELAS AGUIRRE,2023-05-08 21:00:00+00:00,40.42166665995589,-3.682222219837608,,1.0,,,,,
4323,ESCUELAS AGUIRRE,2023-05-08 22:00:00+00:00,40.42166665995589,-3.682222219837608,,1.0,,,,,
4323,ESCUELAS AGUIRRE,2023-05-08 23:00:00+00:00,40.42166665995589,-3.682222219837608,,2.0,,,,,
4323,ESCUELAS AGUIRRE,2023-05-09 00:00:00+00:00,40.42166665995589,-3.682222219837608,,10.0,,,,,
4323,ESCUELAS AGUIRRE,2023-05-09 01:00:00+00:00,40.42166665995589,-3.682222219837608,,1.0,,,,,
4323,ESCUELAS AGUIRRE,2023-05-09 02:00:00+00:00,40.42166665995589,-3.682222219837608,,1.0,,,,,
4323,ESCUELAS AGUIRRE,2023-05-09 03:00:00+00:00,40.42166665995589,-3.682222219837608,,1.0,,,,,
4323,ESCUELAS AGUIRRE,2023-05-09 04:00:00+00:00,40.42166665995589,-3.682222219837608,,1.0,,,,,
4323,ESCUELAS AGUIRRE,2023-05-09 05:00:00+00:00,40.42166665995589,-3.682222219837608,,1.0,,,,,
4323,ESCUELAS AGUIRRE,2023-05-09 06:00:00+00:00,40.42166665995589,-3.682222219837608,,7.0,,,,,
4323,ESCUELAS AGUIRRE,2023-05-09 07:00:00+00:00,40.42166665995589,-3.682222219837608,,5.0,,,,,
4323,ESCUELAS AGUIRRE,2023-05-09 08:00:00+00:00,40.42166665995589,-3.682222219837608,,10.0,,,,,
4323,ESCUELAS AGUIRRE,2023-05-09 09:00:00+00:00,40.42166665995589,-3.682222219837608,,9.0,,,,,
4323,ESCUELAS AGUIRRE,2023-05-09 10:00:00+00:00,40.42166665995589,-3.682222219837608,,7.0,,,,,
4323,ESCUELAS AGUIRRE,2023-05-09 11:00:00+00:00,40.42166665995589,-3.682222219837608,,4.0,,,,,
4323,ESCUELAS AGUIRRE,2023-05-09 12:00:00+00:00,40.42166665995589,-3.682222219837608,,8.0,,,,,
4323,ESCUELAS AGUIRRE,2023-05-09 13:00:00+00:00,40.42166665995589,-3.682222219837608,,7.0,,,,,
4323,ESCUELAS AGUIRRE,2023-05-09 14:00:00+00:00,40.42166665995589,-3.682222219837608,,6.0,,,,,
4323,ESCUELAS AGUIRRE,2023-05-09 15:00:00+00:00,40.42166665995589,-3.682222219837608,,8.0,,,,,
4323,ESCUELAS AGUIRRE,2023-05-09 16:00:00+00:00,40.42166665995589,-3.682222219837608,,4.0,,,,,
4323,ESCUELAS AGUIRRE,2023-05-09 17:00:00+00:00,40.42166665995589,-3.682222219837608,,3.0,,,,,
4323,ESCUELAS AGUIRRE,2023-05-09 18:00:00+00:00,40.42166665995589,-3.682222219837608,,2.0,,,,,
4323,ESCUELAS AGUIRRE,2023-05-09 19:00:00+00:00,40.42166665995589,-3.682222219837608,,1.0,,,,,
4323,ESCUELAS AGUIRRE,2023-05-09 20:00:00+00:00,40.42166665995589,-3.682222219837608,,1.0,,,,,
4323,ESCUELAS AGUIRRE,2023-05-09 21:00:00+00:00,40.42166665995589,-3.682222219837608,,1.0,,,,,
4323,ESCUELAS AGUIRRE,2023-05-09 22:00:00+00:00,40.42166665995589,-3.682222219837608,,1.0,,,,,
4323,ESCUELAS AGUIRRE,2023-05-09 23:00:00+00:00,40.42166665995589,-3.682222219837608,,1.0,,,,,
4323,ESCUELAS AGUIRRE,2023-05-10 00:00:00+00:00,40.42166665995589,-3.682222219837608,,1.0,,,,,
4323,ESCUELAS AGUIRRE,2023-05-10 01:00:00+00:00,40.42166665995589,-3.682222219837608,,1.0,,,,,
4323,ESCUELAS AGUIRRE,2023-05-10 02:00:00+00:00,40.42166665995589,-3.682222219837608,,1.0,,,,,
4323,ESCUELAS AGUIRRE,2023-05-10 03:00:00+00:00,40.42166665995589,-3.682222219837608,,1.0,,,,,
4323,ESCUELAS AGUIRRE,2023-05-10 04:00:00+00:00,40.42166665995589,-3.682222219837608,,1.0,,,,,
4323,ESCUELAS AGUIRRE,2023-05-10 05:00:00+00:00,40.42166665995589,-3.682222219837608,,1.0,,,,,
4323,ESCUELAS AGUIRRE,2023-05-10 06:00:00+00:00,40.42166665995589,-3.682222219837608,,2.0,,,,,
4323,ESCUELAS AGUIRRE,2023-05-10 07:00:00+00:00,40.42166665995589,-3.682222219837608,,6.0,,,,,
4323,ESCUELAS AGUIRRE,2023-05-10 08:00:00+00:00,40.42166665995589,-3.682222219837608,,6.0,,,,,
4323,ESCUELAS AGUIRRE,2023-05-10 09:00:00+00:00,40.42166665995589,-3.682222219837608,,4.0,,,,,
4323,ESCUELAS AGUIRRE,2023-05-10 10:00:00+00:00,40.42166665995589,-3.682222219837608,,3.0,,,,,
4323,ESCUELAS AGUIRRE,2023-05-10 11:00:00+00:00,40.42166665995589,-3.682222219837608,,3.0,,,,,
4323,ESCUELAS AGUIRRE,2023-05-10 12:00:00+00:00,40.42166665995589,-3.682222219837608,,2.0,,,,,
4323,ESCUELAS AGUIRRE,2023-05-10 13:00:00+00:00,40.42166665995589,-3.682222219837608,,2.0,,,,,
4323,ESCUELAS AGUIRRE,2023-05-10 14:00:00+00:00,40.42166665995589,-3.682222219837608,,2.0,,,,,
4323,ESCUELAS AGUIRRE,2023-05-10 15:00:00+00:00,40.42166665995589,-3.682222219837608,,2.0,,,,,
4323,ESCUELAS AGUIRRE,2023-05-10 16:00:00+00:00,40.42166665995589,-3.682222219837608,,2.0,,,,,
4323,ESCUELAS AGUIRRE,2023-05-10 17:00:00+00:00,40.42166665995589,-3.682222219837608,,3.0,,,,,
4323,ESCUELAS AGUIRRE,2023-05-10 18:00:00+00:00,40.42166665995589,-3.682222219837608,,2.0,,,,,
4323,ESCUELAS AGUIRRE,2023-05-10 19:00:00+00:00,40.42166665995589,-3.682222219837608,,1.0,,,,,
4323,ESCUELAS AGUIRRE,2023-05-10 20:00:00+00:00,40.42166665995589,-3.682222219837608,,1.0,,,,,
4323,ESCUELAS AGUIRRE,2023-05-10 21:00:00+00:00,40.42166665995589,-3.682222219837608,,1.0,,,,,
4323,ESCUELAS AGUIRRE,2023-05-10 22:00:00+00:00,40.42166665995589,-3.682222219837608,,1.0,,,,,
4323,ESCUELAS AGUIRRE,2023-05-10 23:00:00+00:00,40.42166665995589,-3.682222219837608,,1.0,,,,,
4323,ESCUELAS AGUIRRE,2023-05-11 00:00:00+00:00,40.42166665995589,-3.682222219837608,,1.0,,,,,
4323,ESCUELAS AGUIRRE,2023-05-11 01:00:00+00:00,40.42166665995589,-3.682222219837608,,1.0,,,,,
4323,ESCUELAS AGUIRRE,2023-05-11 02:00:00+00:00,40.42166665995589,-3.682222219837608,,1.0,,,,,
4323,ESCUELAS AGUIRRE,2023-05-11 03:00:00+00:00,40.42166665995589,-3.682222219837608,,1.0,,,,,
4323,ESCUELAS AGUIRRE,2023-05-11 04:00:00+00:00,40.42166665995589,-3.682222219837608,,1.0,,,,,
4323,ESCUELAS AGUIRRE,2023-05-11 05:00:00+00:00,40.42166665995589,-3.682222219837608,,1.0,,,,,
4323,ESCUELAS AGUIRRE,2023-05-11 06:00:00+00:00,40.42166665995589,-3.682222219837608,,1.0,,,,,
4323,ESCUELAS AGUIRRE,2023-05-11 07:00:00+00:00,40.42166665995589,-3.682222219837608,,4.0,,,,,
4323,ESCUELAS AGUIRRE,2023-05-11 08:00:00+00:00,40.42166665995589,-3.682222219837608,,4.0,,,,,
4323,ESCUELAS AGUIRRE,2023-05-11 09:00:00+00:00,40.42166665995589,-3.682222219837608,,4.0,,,,,
4323,ESCUELAS AGUIRRE,2023-05-11 10:00:00+00:00,40.42166665995589,-3.682222219837608,,3.0,,,,,
4323,ESCUELAS AGUIRRE,2023-05-11 11:00:00+00:00,40.42166665995589,-3.682222219837608,,2.0,,,,,
4323,ESCUELAS AGUIRRE,2023-05-11 12:00:00+00:00,40.42166665995589,-3.682222219837608,,2.0,,,,,
4323,ESCUELAS AGUIRRE,2023-05-11 13:00:00+00:00,40.42166665995589,-3.682222219837608,,2.0,,,,,
4323,ESCUELAS AGUIRRE,2023-05-11 14:00:00+00:00,40.42166665995589,-3.682222219837608,,1.0,,,,,
4323,ESCUELAS AGUIRRE,2023-05-11 15:00:00+00:00,40.42166665995589,-3.682222219837608,,2.0,,,,,
4323,ESCUELAS AGUIRRE,2023-05-11 16:00:00+00:00,40.42166665995589,-3.682222219837608,,2.0,,,,,
4323,ESCUELAS AGUIRRE,2023-05-11 17:00:00+00:00,40.42166665995589,-3.682222219837608,,2.0,,,,,
4323,ESCUELAS AGUIRRE,2023-05-11 18:00:00+00:00,40.42166665995589,-3.682222219837608,,1.0,,,,,
4323,ESCUELAS AGUIRRE,2023-05-11 19:00:00+00:00,40.42166665995589,-3.682222219837608,,1.0,,,,,
4323,ESCUELAS AGUIRRE,2023-05-11 20:00:00+00:00,40.42166665995589,-3.682222219837608,,1.0,,,,,
4323,ESCUELAS AGUIRRE,2023-05-11 21:00:00+00:00,40.42166665995589,-3.682222219837608,,1.0,,,,,
4323,ESCUELAS AGUIRRE,2023-05-11 22:00:00+00:00,40.42166665995589,-3.682222219837608,,1.0,,,,,
4323,ESCUELAS AGUIRRE,2023-05-11 23:00:00+00:00,40.42166665995589,-3.682222219837608,,1.0,,,,,
4323,ESCUELAS AGUIRRE,2023-05-12 00:00:00+00:00,40.42166665995589,-3.682222219837608,,1.0,,,,,
4323,ESCUELAS AGUIRRE,2023-05-12 01:00:00+00:00,40.42166665995589,-3.682222219837608,,1.0,,,,,
4323,ESCUELAS AGUIRRE,2023-05-12 02:00:00+00:00,40.42166665995589,-3.682222219837608,,1.0,,,,,
4323,ESCUELAS AGUIRRE,2023-05-12 03:00:00+00:00,40.42166665995589,-3.682222219837608,,1.0,,,,,
4323,ESCUELAS AGUIRRE,2023-05-12 04:00:00+00:00,40.42166665995589,-3.682222219837608,,1.0,,,,,
4323,ESCUELAS AGUIRRE,2023-05-12 05:00:00+00:00,40.42166665995589,-3.682222219837608,,1.0,,,,,
4323,ESCUELAS AGUIRRE,2023-05-12 06:00:00+00:00,40.42166665995589,-3.682222219837608,,3.0,,,,,
4323,ESCUELAS AGUIRRE,2023-05-12 07:00:00+00:00,40.42166665995589,-3.682222219837608,,4.0,,,,,
4323,ESCUELAS AGUIRRE,2023-05-12 08:00:00+00:00,40.42166665995589,-3.682222219837608,,4.0,,,,,
4323,ESCUELAS AGUIRRE,2023-05-12 09:00:00+00:00,40.42166665995589,-3.682222219837608,,3.0,,,,,
4323,ESCUELAS AGUIRRE,2023-05-12 10:00:00+00:00,40.42166665995589,-3.682222219837608,,3.0,,,,,
4323,ESCUELAS AGUIRRE,2023-05-12 11:00:00+00:00,40.42166665995589,-3.682222219837608,,2.0,,,,,
4323,ESCUELAS AGUIRRE,2023-05-12 12:00:00+00:00,40.42166665995589,-3.682222219837608,,2.0,,,,,
4323,ESCUELAS AGUIRRE,2023-05-12 13:00:00+00:00,40.42166665995589,-3.682222219837608,,2.0,,,,,
4323,ESCUELAS AGUIRRE,2023-05-12 14:00:00+00:00,40.42166665995589,-3.682222219837608,,2.0,,,,,
4323,ESCUELAS AGUIRRE,2023-05-12 15:00:00+00:00,40.42166665995589,-3.682222219837608,,1.0,,,,,
4323,ESCUELAS AGUIRRE,2023-05-12 16:00:00+00:00,40.42166665995589,-3.682222219837608,,2.0,,,,,
4323,ESCUELAS AGUIRRE,2023-05-12 17:00:00+00:00,40.42166665995589,-3.682222219837608,,2.0,,,,,
4323,ESCUELAS AGUIRRE,2023-05-12 18:00:00+00:00,40.42166665995589,-3.682222219837608,,1.0,,,,,
4323,ESCUELAS AGUIRRE,2023-05-12 19:00:00+00:00,40.42166665995589,-3.682222219837608,,1.0,,,,,
4323,ESCUELAS AGUIRRE,2023-05-12 20:00:00+00:00,40.42166665995589,-3.682222219837608,,1.0,,,,,
4323,ESCUELAS AGUIRRE,2023-05-12 21:00:00+00:00,40.42166665995589,-3.682222219837608,,1.0,,,,,
4323,ESCUELAS AGUIRRE,2023-05-12 22:00:00+00:00,40.42166665995589,-3.682222219837608,,1.0,,,,,
4323,ESCUELAS AGUIRRE,2023-05-12 23:00:00+00:00,40.42166665995589,-3.682222219837608,,1.0,,,,,
4323,ESCUELAS AGUIRRE,2023-05-13 00:00:00+00:00,40.42166665995589,-3.682222219837608,,1.0,,,,,
4323,ESCUELAS AGUIRRE,2023-05-13 01:00:00+00:00,40.42166665995589,-3.682222219837608,,1.0,,,,,
4323,ESCUELAS AGUIRRE,2023-05-13 02:00:00+00:00,40.42166665995589,-3.682222219837608,,1.0,,,,,
4323,ESCUELAS AGUIRRE,2023-05-13 03:00:00+00:00,40.42166665995589,-3.682222219837608,,1.0,,,,,
