location_id,location_name,latitude,longitude,co,no2,pm10,pm25,so2
2162896,Pomigliano d'Arco Area ASI,40.92086999979741,14.38946000008823,0.0,6.18,8.69,4.27,0.57
2162896,Pomigliano d'Arco Area ASI,40.92086999979741,14.38946000008823,0.0,4.12,6.48,8.34,0.29
2162896,Pomigliano d'Arco Area ASI,40.92086999979741,14.38946000008823,0.0,2.53,15.38,4.27,0.42
2162896,Pomigliano d'Arco Area ASI,40.92086999979741,14.38946000008823,0.0,2.13,8.53,0.44,0.22
2162896,Pomigliano d'Arco Area ASI,40.92086999979741,14.38946000008823,0.0,8.45,6.78,0.29,0.5
2162896,Pomigliano d'Arco Area ASI,40.92086999979741,14.38946000008823,0.0,8.14,5.98,7.15,0.29
2162896,Pomigliano d'Arco Area ASI,40.92086999979741,14.38946000008823,0.0,14.21,11.75,9.15,0.38
2162896,Pomigliano d'Arco Area ASI,40.92086999979741,14.38946000008823,0.0,30.02,14.47,12.27,0.47
2162896,Pomigliano d'Arco Area ASI,40.92086999979741,14.38946000008823,70.0,49.1,12.35,9.14,0.31
2162896,Pomigliano d'Arco Area ASI,40.92086999979741,14.38946000008823,260.0,50.7,30.78,11.61,0.07
2162896,Pomigliano d'Arco Area ASI,40.92086999979741,14.38946000008823,,51.39,45.9,13.67,0.65
2162896,Pomigliano d'Arco Area ASI,40.92086999979741,14.38946000008823,20.0,,51.01,15.17,0.55
2162896,Pomigliano d'Arco Area ASI,40.92086999979741,14.38946000008823,80.0,8.74,30.07,10.16,
2162896,Pomigliano d'Arco Area ASI,40.92086999979741,14.38946000008823,160.0,6.45,17.76,7.89,
2162896,Pomigliano d'Arco Area ASI,40.92086999979741,14.38946000008823,160.0,5.97,20.87,8.43,0.39
2162896,Pomigliano d'Arco Area ASI,40.92086999979741,14.38946000008823,180.0,7.87,22.08,5.52,0.46
2162896,Pomigliano d'Arco Area ASI,40.92086999979741,14.38946000008823,180.0,7.81,29.69,5.66,0.41
2162896,Pomigliano d'Arco Area ASI,40.92086999979741,14.38946000008823,190.0,14.23,22.37,3.06,0.29
2162896,Pomigliano d'Arco Area ASI,40.92086999979741,14.38946000008823,230.0,24.88,29.86,9.53,0.48
2162896,Pomigliano d'Arco Area ASI,40.92086999979741,14.38946000008823,260.0,35.91,39.75,17.98,0.25
2162896,Pomigliano d'Arco Area ASI,40.92086999979741,14.38946000008823,260.0,32.91,39.76,15.83,0.58
2162896,Pomigliano d'Arco Area ASI,40.92086999979741,14.38946000008823,240.0,19.57,34.95,10.35,0.61
2162896,Pomigliano d'Arco Area ASI,40.92086999979741,14.38946000008823,760.0,50.06,24.41,7.3,0.51
2162896,Pomigliano d'Arco Area ASI,40.92086999979741,14.38946000008823,580.0,37.56,46.89,28.15,1.1
2162896,Pomigliano d'Arco Area ASI,40.92086999979741,14.38946000008823,810.0,44.65,63.21,40.31,0.28
2162896,Pomigliano d'Arco Area ASI,40.92086999979741,14.38946000008823,500.0,27.35,69.29,41.44,0.63
2162896,Pomigliano d'Arco Area ASI,40.92086999979741,14.38946000008823,460.0,21.34,50.83,22.63,0.3
2162896,Pomigliano d'Arco Area ASI,40.92086999979741,14.38946000008823,580.0,20.57,31.56,11.25,0.22
2162896,Pomigliano d'Arco Area ASI,40.92086999979741,14.38946000008823,510.0,16.47,101.83,40.71,0.47
2162896,Pomigliano d'Arco Area ASI,40.92086999979741,14.38946000008823,510.0,16.24,78.31,39.26,0.66
2162896,Pomigliano d'Arco Area ASI,40.92086999979741,14.38946000008823,420.0,17.32,54.54,31.39,0.11
2162896,Pomigliano d'Arco Area ASI,40.92086999979741,14.38946000008823,430.0,36.38,24.39,12.69,0.0
2162896,Pomigliano d'Arco Area ASI,40.92086999979741,14.38946000008823,530.0,43.17,23.27,16.99,0.16
2162896,Pomigliano d'Arco Area ASI,40.92086999979741,14.38946000008823,,49.59,35.41,19.83,0.12
2162896,Pomigliano d'Arco Area ASI,40.92086999979741,14.38946000008823,550.0,,59.7,18.3,0.09
2162896,Pomigliano d'Arco Area ASI,40.92086999979741,14.38946000008823,350.0,37.46,65.9,20.54,0.53
2162896,Pomigliano d'Arco Area ASI,40.92086999979741,14.38946000008823,300.0,24.49,47.67,18.32,
2162896,Pomigliano d'Arco Area ASI,40.92086999979741,14.38946000008823,240.0,16.02,30.32,16.43,0.32
2162896,Pomigliano d'Arco Area ASI,40.92086999979741,14.38946000008823,210.0,13.12,13.38,9.17,0.11
2162896,Pomigliano d'Arco Area ASI,40.92086999979741,14.38946000008823,240.0,28.48,4.55,4.02,0.03
2162896,Pomigliano d'Arco Area ASI,40.92086999979741,14.38946000008823,270.0,40.87,28.71,5.36,0.34
2162896,Pomigliano d'Arco Area ASI,40.92086999979741,14.38946000008823,290.0,38.52,53.79,22.51,0.42
2162896,Pomigliano d'Arco Area ASI,40.92086999979741,14.38946000008823,340.0,38.91,22.07,18.21,0.94
2162896,Pomigliano d'Arco Area ASI,40.92086999979741,14.38946000008823,400.0,49.69,26.91,24.49,0.69
2162896,Pomigliano d'Arco Area ASI,40.92086999979741,14.38946000008823,590.0,57.54,34.72,16.14,0.14
2162896,Pomigliano d'Arco Area ASI,40.92086999979741,14.38946000008823,920.0,55.67,62.09,32.04,1.79
2162896,Pomigliano d'Arco Area ASI,40.92086999979741,14.38946000008823,860.0,42.65,86.43,44.7,1.21
2162896,Pomigliano d'Arco Area ASI,40.92086999979741,14.38946000008823,1300.0,38.11,100.16,45.57,0.55
2162896,Pomigliano d'Arco Area ASI,40.92086999979741,14.38946000008823,1580.0,38.1,118.67,61.15,0.51
2162896,Pomigliano d'Arco Area ASI,40.92086999979741,14.38946000008823,1620.0,35.43,137.26,82.08,2.3
2162896,Pomigliano d'Arco Area ASI,40.92086999979741,14.38946000008823,1490.0,29.46,148.8,90.25,1.01
2162896,Pomigliano d'Arco Area ASI,40.92086999979741,14.38946000008823,1330.0,24.07,135.43,81.84,1.32
2162896,Pomigliano d'Arco Area ASI,40.92086999979741,14.38946000008823,1220.0,23.06,122.37,71.89,1.04
2162896,Pomigliano d'Arco Area ASI,40.92086999979741,14.38946000008823,1160.0,23.71,107.7,68.63,0.0
2162896,Pomigliano d'Arco Area ASI,40.92086999979741,14.38946000008823,1030.0,23.12,94.21,67.12,0.7
2162896,Pomigliano d'Arco Area ASI,40.92086999979741,14.38946000008823,900.0,23.98,80.03,59.51,0.82
2162896,Pomigliano d'Arco Area ASI,40.92086999979741,14.38946000008823,,22.21,66.66,46.57,0.46
2162896,Pomigliano d'Arco Area ASI,40.92086999979741,14.38946000008823,1020.0,,83.75,45.09,0.93
2162896,Pomigliano d'Arco Area ASI,40.92086999979741,14.38946000008823,710.0,50.96,100.18,52.86,1.27
2162896,Pomigliano d'Arco Area ASI,40.92086999979741,14.38946000008823,440.0,44.46,91.88,44.9,
2162896,Pomigliano d'Arco Area ASI,40.92086999979741,14.38946000008823,310.0,23.9,64.04,24.05,0.46
2162896,Pomigliano d'Arco Area ASI,40.92086999979741,14.38946000008823,290.0,27.13,38.77,12.08,0.04
2162896,Pomigliano d'Arco Area ASI,40.92086999979741,14.38946000008823,310.0,19.56,47.66,6.78,0.68
2162896,Pomigliano d'Arco Area ASI,40.92086999979741,14.38946000008823,280.0,14.47,40.41,8.71,0.36
2162896,Pomigliano d'Arco Area ASI,40.92086999979741,14.38946000008823,250.0,14.19,30.76,13.99,0.26
2162896,Pomigliano d'Arco Area ASI,40.92086999979741,14.38946000008823,280.0,21.18,33.03,16.69,0.18
2162896,Pomigliano d'Arco Area ASI,40.92086999979741,14.38946000008823,400.0,33.12,40.71,24.69,0.08
2162896,Pomigliano d'Arco Area ASI,40.92086999979741,14.38946000008823,630.0,49.0,53.74,31.07,0.47
2162896,Pomigliano d'Arco Area ASI,40.92086999979741,14.38946000008823,1140.0,62.99,72.61,43.77,1.11
2162896,Pomigliano d'Arco Area ASI,40.92086999979741,14.38946000008823,1450.0,67.42,106.0,52.72,0.67
2162896,Pomigliano d'Arco Area ASI,40.92086999979741,14.38946000008823,1210.0,58.7,151.64,87.8,0.32
2162896,Pomigliano d'Arco Area ASI,40.92086999979741,14.38946000008823,860.0,44.69,146.36,93.35,0.97
2162896,Pomigliano d'Arco Area ASI,40.92086999979741,14.38946000008823,1280.0,51.4,108.48,71.39,1.42
2162896,Pomigliano d'Arco Area ASI,40.92086999979741,14.38946000008823,730.0,58.97,87.9,28.91,0.82
2162896,Pomigliano d'Arco Area ASI,40.92086999979741,14.38946000008823,1030.0,55.12,87.41,39.43,1.59
2162896,Pomigliano d'Arco Area ASI,40.92086999979741,14.38946000008823,1200.0,45.32,93.89,53.67,1.75
2162896,Pomigliano d'Arco Area ASI,40.92086999979741,14.38946000008823,1280.0,35.15,63.19,55.77,2.58
2162896,Pomigliano d'Arco Area ASI,40.92086999979741,14.38946000008823,1570.0,37.21,90.35,64.02,0.44
2162896,Pomigliano d'Arco Area ASI,40.92086999979741,14.38946000008823,1330.0,28.41,171.6,118.36,1.73
2162896,Pomigliano d'Arco Area ASI,40.92086999979741,14.38946000008823,1410.0,28.99,200.0,125.32,1.81
2162896,Pomigliano d'Arco Area ASI,40.92086999979741,14.38946000008823,1370.0,23.2,200.0,143.86,1.4
2162896,Pomigliano d'Arco Area ASI,40.92086999979741,14.38946000008823,1200.0,22.34,75.46,97.12,2.12
2162896,Pomigliano d'Arco Area ASI,40.92086999979741,14.38946000008823,1010.0,21.37,65.61,65.98,2.22
2162896,Pomigliano d'Arco Area ASI,40.92086999979741,14.38946000008823,,21.28,81.15,25.63,1.76
2162896,Pomigliano d'Arco Area ASI,40.92086999979741,14.38946000008823,740.0,,89.87,42.53,1.1
2162896,Pomigliano d'Arco Area ASI,40.92086999979741,14.38946000008823,820.0,31.46,37.76,38.85,1.83
2162896,Pomigliano d'Arco Area ASI,40.92086999979741,14.38946000008823,340.0,48.37,11.67,51.33,
2162896,Pomigliano d'Arco Area ASI,40.92086999979741,14.38946000008823,280.0,30.04,20.45,24.68,0.65
2162896,Pomigliano d'Arco Area ASI,40.92086999979741,14.38946000008823,250.0,15.19,51.67,20.54,1.12
2162896,Pomigliano d'Arco Area ASI,40.92086999979741,14.38946000008823,250.0,11.59,62.87,25.1,0.39
2162896,Pomigliano d'Arco Area ASI,40.92086999979741,14.38946000008823,240.0,10.48,36.83,8.05,1.04
2162896,Pomigliano d'Arco Area ASI,40.92086999979741,14.38946000008823,240.0,10.83,21.14,5.2,0.76
2162896,Pomigliano d'Arco Area ASI,40.92086999979741,14.38946000008823,210.0,9.42,8.04,3.31,0.95
2162896,Pomigliano d'Arco Area ASI,40.92086999979741,14.38946000008823,200.0,10.99,23.65,8.99,0.52
2162896,Pomigliano d'Arco Area ASI,40.92086999979741,14.38946000008823,210.0,13.02,41.18,12.98,0.8
2162896,Pomigliano d'Arco Area ASI,40.92086999979741,14.38946000008823,220.0,19.0,35.84,13.83,0.44
2162896,Pomigliano d'Arco Area ASI,40.92086999979741,14.38946000008823,250.0,22.44,28.08,9.56,0.26
2162896,Pomigliano d'Arco Area ASI,40.92086999979741,14.38946000008823,260.0,20.18,18.85,8.21,0.49
2162896,Pomigliano d'Arco Area ASI,40.92086999979741,14.38946000008823,250.0,14.22,18.6,10.77,0.68
2162896,Pomigliano d'Arco Area ASI,40.92086999979741,14.38946000008823,250.0,15.02,22.57,12.18,1.59
2162896,Pomigliano d'Arco Area ASI,40.92086999979741,14.38946000008823,270.0,18.57,26.08,12.57,0.47
2162896,Pomigliano d'Arco Area ASI,40.92086999979741,14.38946000008823,460.0,35.7,21.46,11.14,1.24
2162896,Pomigliano d'Arco Area ASI,40.92086999979741,14.38946000008823,670.0,42.77,32.31,17.45,1.15
2162896,Pomigliano d'Arco Area ASI,40.92086999979741,14.38946000008823,700.0,40.83,43.15,26.53,0.11
2162896,Pomigliano d'Arco Area ASI,40.92086999979741,14.38946000008823,700.0,36.19,49.18,30.36,0.21
2162896,Pomigliano d'Arco Area ASI,40.92086999979741,14.38946000008823,680.0,34.07,51.78,29.66,0.56
2162896,Pomigliano d'Arco Area ASI,40.92086999979741,14.38946000008823,,38.31,57.01,29.53,0.19
2162896,Pomigliano d'Arco Area ASI,40.92086999979741,14.38946000008823,620.0,,106.58,20.05,0.6
2162896,Pomigliano d'Arco Area ASI,40.92086999979741,14.38946000008823,730.0,34.83,98.06,22.65,0.7
2162896,Pomigliano d'Arco Area ASI,40.92086999979741,14.38946000008823,760.0,31.73,38.86,32.9,
2162896,Pomigliano d'Arco Area ASI,40.92086999979741,14.38946000008823,640.0,34.27,34.43,55.37,3.2
2162896,Pomigliano d'Arco Area ASI,40.92086999979741,14.38946000008823,630.0,41.6,60.75,73.92,0.33
2162896,Pomigliano d'Arco Area ASI,40.92086999979741,14.38946000008823,570.0,41.33,111.33,77.43,1.48
2162896,Pomigliano d'Arco Area ASI,40.92086999979741,14.38946000008823,390.0,30.3,93.85,47.42,1.22
2162896,Pomigliano d'Arco Area ASI,40.92086999979741,14.38946000008823,340.0,22.52,26.96,11.62,0.82
2162896,Pomigliano d'Arco Area ASI,40.92086999979741,14.38946000008823,320.0,20.48,0.31,0.07,0.44
2162896,Pomigliano d'Arco Area ASI,40.92086999979741,14.38946000008823,330.0,27.82,73.85,14.54,0.32
2162896,Pomigliano d'Arco Area ASI,40.92086999979741,14.38946000008823,310.0,21.03,75.43,25.38,0.47
2162896,Pomigliano d'Arco Area ASI,40.92086999979741,14.38946000008823,300.0,15.06,121.15,9.81,1.13
2162896,Pomigliano d'Arco Area ASI,40.92086999979741,14.38946000008823,380.0,22.11,75.95,6.79,1.24
2162896,Pomigliano d'Arco Area ASI,40.92086999979741,14.38946000008823,470.0,44.05,38.1,17.23,1.81
2162896,Pomigliano d'Arco Area ASI,40.92086999979741,14.38946000008823,720.0,53.83,63.36,25.7,1.78
2162896,Pomigliano d'Arco Area ASI,40.92086999979741,14.38946000008823,1000.0,51.68,70.72,30.36,1.53
2162896,Pomigliano d'Arco Area ASI,40.92086999979741,14.38946000008823,1040.0,53.12,82.09,44.51,1.03
2162896,Pomigliano d'Arco Area ASI,40.92086999979741,14.38946000008823,1510.0,59.16,101.83,65.51,0.86
2162896,Pomigliano d'Arco Area ASI,40.92086999979741,14.38946000008823,1690.0,52.55,133.67,94.45,1.29
2162896,Pomigliano d'Arco Area ASI,40.92086999979741,14.38946000008823,1430.0,52.16,150.35,105.92,1.56
2162896,Pomigliano d'Arco Area ASI,40.92086999979741,14.38946000008823,830.0,36.37,146.7,97.14,0.9
2162896,Pomigliano d'Arco Area ASI,40.92086999979741,14.38946000008823,540.0,21.95,104.39,65.68,0.84
2162896,Pomigliano d'Arco Area ASI,40.92086999979741,14.38946000008823,,19.39,58.78,32.58,1.51
2162896,Pomigliano d'Arco Area ASI,40.92086999979741,14.38946000008823,430.0,,48.21,30.31,0.91
2162896,Pomigliano d'Arco Area ASI,40.92086999979741,14.38946000008823,360.0,16.76,33.06,25.89,1.08
2162896,Pomigliano d'Arco Area ASI,40.92086999979741,14.38946000008823,360.0,16.39,24.83,15.44,
2162896,Pomigliano d'Arco Area ASI,40.92086999979741,14.38946000008823,400.0,20.77,19.26,10.61,0.97
2162896,Pomigliano d'Arco Area ASI,40.92086999979741,14.38946000008823,450.0,23.94,24.63,16.85,1.05
2162896,Pomigliano d'Arco Area ASI,40.92086999979741,14.38946000008823,480.0,31.12,49.8,23.49,0.36
2162896,Pomigliano d'Arco Area ASI,40.92086999979741,14.38946000008823,480.0,25.02,42.8,27.39,1.59
2162896,Pomigliano d'Arco Area ASI,40.92086999979741,14.38946000008823,410.0,22.78,38.2,24.55,0.09
2162896,Pomigliano d'Arco Area ASI,40.92086999979741,14.38946000008823,340.0,16.23,39.14,17.94,0.74
2162896,Pomigliano d'Arco Area ASI,40.92086999979741,14.38946000008823,260.0,8.97,37.04,10.92,1.24
2162896,Pomigliano d'Arco Area ASI,40.92086999979741,14.38946000008823,220.0,6.68,24.4,7.22,0.09
2162896,Pomigliano d'Arco Area ASI,40.92086999979741,14.38946000008823,210.0,5.51,6.13,5.67,1.22
2162896,Pomigliano d'Arco Area ASI,40.92086999979741,14.38946000008823,210.0,6.26,7.75,6.0,0.95
2162896,Pomigliano d'Arco Area ASI,40.92086999979741,14.38946000008823,290.0,11.62,18.13,3.64,1.04
2162896,Pomigliano d'Arco Area ASI,40.92086999979741,14.38946000008823,450.0,29.21,21.2,8.02,1.2
2162896,Pomigliano d'Arco Area ASI,40.92086999979741,14.38946000008823,590.0,38.83,29.0,17.38,1.21
2162896,Pomigliano d'Arco Area ASI,40.92086999979741,14.38946000008823,710.0,44.75,48.72,31.72,0.68
2162896,Pomigliano d'Arco Area ASI,40.92086999979741,14.38946000008823,800.0,42.64,52.55,35.22,0.62
2162896,Pomigliano d'Arco Area ASI,40.92086999979741,14.38946000008823,1190.0,39.16,60.08,33.22,1.34
2162896,Pomigliano d'Arco Area ASI,40.92086999979741,14.38946000008823,1260.0,30.35,76.14,40.29,0.6
2162896,Pomigliano d'Arco Area ASI,40.92086999979741,14.38946000008823,1390.0,27.35,83.46,50.13,0.98
2162896,Pomigliano d'Arco Area ASI,40.92086999979741,14.38946000008823,1580.0,20.48,86.13,58.67,2.41
2162896,Pomigliano d'Arco Area ASI,40.92086999979741,14.38946000008823,,16.64,92.39,58.83,1.89
2162896,Pomigliano d'Arco Area ASI,40.92086999979741,14.38946000008823,1440.0,,84.44,62.61,1.14
2162896,Pomigliano d'Arco Area ASI,40.92086999979741,14.38946000008823,1200.0,15.68,89.57,63.54,1.3
2162896,Pomigliano d'Arco Area ASI,40.92086999979741,14.38946000008823,1060.0,17.58,87.02,55.23,
2162896,Pomigliano d'Arco Area ASI,40.92086999979741,14.38946000008823,810.0,25.05,69.35,47.15,0.9
2162896,Pomigliano d'Arco Area ASI,40.92086999979741,14.38946000008823,810.0,21.22,60.82,37.83,1.18
2162896,Pomigliano d'Arco Area ASI,40.92086999979741,14.38946000008823,850.0,20.55,59.8,34.32,0.59
2162896,Pomigliano d'Arco Area ASI,40.92086999979741,14.38946000008823,930.0,38.57,69.89,33.67,0.36
2162896,Pomigliano d'Arco Area ASI,40.92086999979741,14.38946000008823,890.0,48.39,94.0,41.41,1.22
2162896,Pomigliano d'Arco Area ASI,40.92086999979741,14.38946000008823,940.0,53.48,110.65,47.78,1.61
2162896,Pomigliano d'Arco Area ASI,40.92086999979741,14.38946000008823,680.0,52.46,98.17,47.29,0.78
2162896,Pomigliano d'Arco Area ASI,40.92086999979741,14.38946000008823,610.0,50.08,74.65,36.23,0.92
2162896,Pomigliano d'Arco Area ASI,40.92086999979741,14.38946000008823,520.0,49.4,66.02,29.78,1.31
2162896,Pomigliano d'Arco Area ASI,40.92086999979741,14.38946000008823,330.0,22.93,66.02,29.78,0.83
2162896,Pomigliano d'Arco Area ASI,40.92086999979741,14.38946000008823,300.0,15.78,66.02,29.78,0.91
2162896,Pomigliano d'Arco Area ASI,40.92086999979741,14.38946000008823,370.0,25.26,66.02,29.78,0.44
2162896,Pomigliano d'Arco Area ASI,40.92086999979741,14.38946000008823,510.0,37.28,66.02,29.78,1.06
2162896,Pomigliano d'Arco Area ASI,40.92086999979741,14.38946000008823,850.0,57.37,66.02,29.78,1.12
2162896,Pomigliano d'Arco Area ASI,40.92086999979741,14.38946000008823,770.0,51.97,66.02,29.78,1.61
2162896,Pomigliano d'Arco Area ASI,40.92086999979741,14.38946000008823,870.0,50.36,66.02,29.78,0.01
2162896,Pomigliano d'Arco Area ASI,40.92086999979741,14.38946000008823,640.0,45.87,66.02,29.78,0.79
2162896,Pomigliano d'Arco Area ASI,40.92086999979741,14.38946000008823,610.0,44.52,66.02,29.78,1.47
2162896,Pomigliano d'Arco Area ASI,40.92086999979741,14.38946000008823,770.0,37.17,66.02,29.78,1.03
2162896,Pomigliano d'Arco Area ASI,40.92086999979741,14.38946000008823,,39.56,66.02,29.78,1.52
2162896,Pomigliano d'Arco Area ASI,40.92086999979741,14.38946000008823,790.0,,66.02,29.78,0.54
2162896,Pomigliano d'Arco Area ASI,40.92086999979741,14.38946000008823,550.0,27.59,66.02,29.78,0.98
2162896,Pomigliano d'Arco Area ASI,40.92086999979741,14.38946000008823,830.0,30.99,66.02,29.78,
2162896,Pomigliano d'Arco Area ASI,40.92086999979741,14.38946000008823,900.0,33.02,66.02,29.78,0.67
2162896,Pomigliano d'Arco Area ASI,40.92086999979741,14.38946000008823,810.0,30.76,66.02,29.78,1.56
2162896,Pomigliano d'Arco Area ASI,40.92086999979741,14.38946000008823,790.0,28.68,66.02,29.78,1.34
2162896,Pomigliano d'Arco Area ASI,40.92086999979741,14.38946000008823,710.0,35.57,,,1.41
2162896,Pomigliano d'Arco Area ASI,40.92086999979741,14.38946000008823,320.0,22.84,66.02,29.78,0.31
2162896,Pomigliano d'Arco Area ASI,40.92086999979741,14.38946000008823,250.0,10.57,66.02,29.78,1.0
2162896,Pomigliano d'Arco Area ASI,40.92086999979741,14.38946000008823,230.0,8.15,66.02,29.78,0.35
2162896,Pomigliano d'Arco Area ASI,40.92086999979741,14.38946000008823,220.0,6.43,66.02,29.78,0.17
2162896,Pomigliano d'Arco Area ASI,40.92086999979741,14.38946000008823,220.0,5.99,26.88,11.62,1.41
2162896,Pomigliano d'Arco Area ASI,40.92086999979741,14.38946000008823,220.0,6.16,0.34,0.09,1.02
2162896,Pomigliano d'Arco Area ASI,40.92086999979741,14.38946000008823,220.0,7.88,0.34,0.09,1.48
2162896,Pomigliano d'Arco Area ASI,40.92086999979741,14.38946000008823,240.0,11.28,24.21,6.98,1.18
2162896,Pomigliano d'Arco Area ASI,40.92086999979741,14.38946000008823,260.0,15.55,27.79,11.9,0.99
2162896,Pomigliano d'Arco Area ASI,40.92086999979741,14.38946000008823,350.0,31.54,38.03,14.59,0.88
2162896,Pomigliano d'Arco Area ASI,40.92086999979741,14.38946000008823,400.0,25.46,17.14,11.48,0.49
2162896,Pomigliano d'Arco Area ASI,40.92086999979741,14.38946000008823,450.0,29.38,25.57,10.21,0.41
2162896,Pomigliano d'Arco Area ASI,40.92086999979741,14.38946000008823,520.0,33.44,76.73,23.93,2.25
2162896,Pomigliano d'Arco Area ASI,40.92086999979741,14.38946000008823,580.0,33.07,68.81,28.66,1.24
2162896,Pomigliano d'Arco Area ASI,40.92086999979741,14.38946000008823,1020.0,31.18,56.68,27.17,1.96
2162896,Pomigliano d'Arco Area ASI,40.92086999979741,14.38946000008823,,37.03,36.81,28.46,1.2
2162896,Pomigliano d'Arco Area ASI,40.92086999979741,14.38946000008823,910.0,,84.36,54.85,1.94
2162896,Pomigliano d'Arco Area ASI,40.92086999979741,14.38946000008823,640.0,26.34,95.46,59.59,1.59
2162896,Pomigliano d'Arco Area ASI,40.92086999979741,14.38946000008823,610.0,24.43,74.52,44.87,
2162896,Pomigliano d'Arco Area ASI,40.92086999979741,14.38946000008823,490.0,16.65,64.27,41.3,1.97
2162896,Pomigliano d'Arco Area ASI,40.92086999979741,14.38946000008823,410.0,17.27,55.6,31.95,1.7
2162896,Pomigliano d'Arco Area ASI,40.92086999979741,14.38946000008823,430.0,28.65,39.61,19.7,1.47
2162896,Pomigliano d'Arco Area ASI,40.92086999979741,14.38946000008823,530.0,33.5,35.04,18.22,1.38
2162896,Pomigliano d'Arco Area ASI,40.92086999979741,14.38946000008823,810.0,36.62,37.39,12.96,1.98
2162896,Pomigliano d'Arco Area ASI,40.92086999979741,14.38946000008823,640.0,44.41,52.25,22.64,1.09
2162896,Pomigliano d'Arco Area ASI,40.92086999979741,14.38946000008823,390.0,31.31,56.65,21.27,0.99
2162896,Pomigliano d'Arco Area ASI,40.92086999979741,14.38946000008823,320.0,17.96,53.25,16.83,2.06
2162896,Pomigliano d'Arco Area ASI,40.92086999979741,14.38946000008823,290.0,14.66,44.8,11.52,2.47
2162896,Pomigliano d'Arco Area ASI,40.92086999979741,14.38946000008823,260.0,9.49,32.06,9.89,1.63
2162896,Pomigliano d'Arco Area ASI,40.92086999979741,14.38946000008823,250.0,8.12,14.37,4.15,1.99
2162896,Pomigliano d'Arco Area ASI,40.92086999979741,14.38946000008823,250.0,7.92,12.41,0.07,1.24
2162896,Pomigliano d'Arco Area ASI,40.92086999979741,14.38946000008823,280.0,12.16,25.48,3.41,1.83
2162896,Pomigliano d'Arco Area ASI,40.92086999979741,14.38946000008823,350.0,23.24,28.56,5.78,2.38
2162896,Pomigliano d'Arco Area ASI,40.92086999979741,14.38946000008823,490.0,32.53,33.21,12.8,2.16
2162896,Pomigliano d'Arco Area ASI,40.92086999979741,14.38946000008823,630.0,60.79,48.16,19.41,1.85
2162896,Pomigliano d'Arco Area ASI,40.92086999979741,14.38946000008823,700.0,52.73,63.21,28.44,2.82
2162896,Pomigliano d'Arco Area ASI,40.92086999979741,14.38946000008823,620.0,33.89,69.19,38.41,2.63
2162896,Pomigliano d'Arco Area ASI,40.92086999979741,14.38946000008823,790.0,43.3,52.01,33.37,2.59
2162896,Pomigliano d'Arco Area ASI,40.92086999979741,14.38946000008823,,38.94,59.24,38.89,1.71
2162896,Pomigliano d'Arco Area ASI,40.92086999979741,14.38946000008823,1040.0,,80.11,43.7,2.82
2162896,Pomigliano d'Arco Area ASI,40.92086999979741,14.38946000008823,920.0,33.61,98.7,54.13,3.01
2162896,Pomigliano d'Arco Area ASI,40.92086999979741,14.38946000008823,960.0,29.81,85.73,52.45,
2162896,Pomigliano d'Arco Area ASI,40.92086999979741,14.38946000008823,640.0,28.28,68.31,48.4,2.6
2162896,Pomigliano d'Arco Area ASI,40.92086999979741,14.38946000008823,380.0,16.04,51.4,36.12,1.9
2162896,Pomigliano d'Arco Area ASI,40.92086999979741,14.38946000008823,290.0,18.25,38.22,19.66,2.15
2162896,Pomigliano d'Arco Area ASI,40.92086999979741,14.38946000008823,290.0,17.54,31.86,11.25,2.05
2162896,Pomigliano d'Arco Area ASI,40.92086999979741,14.38946000008823,560.0,27.96,37.75,8.1,2.89
2162896,Pomigliano d'Arco Area ASI,40.92086999979741,14.38946000008823,690.0,32.39,49.31,13.29,2.48
2162896,Pomigliano d'Arco Area ASI,40.92086999979741,14.38946000008823,500.0,41.44,60.24,20.77,2.86
2162896,Pomigliano d'Arco Area ASI,40.92086999979741,14.38946000008823,310.0,15.96,43.6,12.62,2.3
2162896,Pomigliano d'Arco Area ASI,40.92086999979741,14.38946000008823,270.0,8.49,29.25,7.73,1.49
2162896,Pomigliano d'Arco Area ASI,40.92086999979741,14.38946000008823,250.0,6.67,27.14,3.18,1.05
2162896,Pomigliano d'Arco Area ASI,40.92086999979741,14.38946000008823,240.0,6.22,22.29,6.55,0.84
2162896,Pomigliano d'Arco Area ASI,40.92086999979741,14.38946000008823,240.0,8.12,7.67,3.98,2.81
2162896,Pomigliano d'Arco Area ASI,40.92086999979741,14.38946000008823,240.0,9.29,9.98,0.07,2.94
2162896,Pomigliano d'Arco Area ASI,40.92086999979741,14.38946000008823,240.0,11.31,14.33,1.41,2.05
2162896,Pomigliano d'Arco Area ASI,40.92086999979741,14.38946000008823,290.0,17.12,22.48,12.08,2.79
2162896,Pomigliano d'Arco Area ASI,40.92086999979741,14.38946000008823,410.0,30.68,35.75,17.39,3.15
2162896,Pomigliano d'Arco Area ASI,40.92086999979741,14.38946000008823,550.0,43.01,46.9,19.62,2.0
2162896,Pomigliano d'Arco Area ASI,40.92086999979741,14.38946000008823,720.0,44.68,47.52,18.8,0.82
2162896,Pomigliano d'Arco Area ASI,40.92086999979741,14.38946000008823,740.0,42.65,51.32,24.4,3.05
2162896,Pomigliano d'Arco Area ASI,40.92086999979741,14.38946000008823,,40.67,64.21,31.38,2.91
2162896,Pomigliano d'Arco Area ASI,40.92086999979741,14.38946000008823,1000.0,,74.06,37.23,1.46
2162896,Pomigliano d'Arco Area ASI,40.92086999979741,14.38946000008823,1040.0,38.65,88.48,50.92,1.94
2162896,Pomigliano d'Arco Area ASI,40.92086999979741,14.38946000008823,950.0,36.51,91.78,60.75,
2162896,Pomigliano d'Arco Area ASI,40.92086999979741,14.38946000008823,860.0,25.92,84.1,54.49,0.88
2162896,Pomigliano d'Arco Area ASI,40.92086999979741,14.38946000008823,750.0,20.49,73.03,48.07,3.45
2162896,Pomigliano d'Arco Area ASI,40.92086999979741,14.38946000008823,610.0,18.12,59.93,42.45,2.75
2162896,Pomigliano d'Arco Area ASI,40.92086999979741,14.38946000008823,400.0,16.45,47.99,34.19,2.64
2162896,Pomigliano d'Arco Area ASI,40.92086999979741,14.38946000008823,370.0,27.38,33.4,18.87,3.41
2162896,Pomigliano d'Arco Area ASI,40.92086999979741,14.38946000008823,500.0,48.4,44.8,12.94,0.24
2162896,Pomigliano d'Arco Area ASI,40.92086999979741,14.38946000008823,410.0,33.87,46.16,12.24,1.0
2162896,Pomigliano d'Arco Area ASI,40.92086999979741,14.38946000008823,310.0,14.6,42.46,7.05,2.55
2162896,Pomigliano d'Arco Area ASI,40.92086999979741,14.38946000008823,320.0,12.74,36.63,6.9,0.42
2162896,Pomigliano d'Arco Area ASI,40.92086999979741,14.38946000008823,300.0,11.12,34.53,5.42,1.74
2162896,Pomigliano d'Arco Area ASI,40.92086999979741,14.38946000008823,280.0,9.14,30.3,4.44,3.62
2162896,Pomigliano d'Arco Area ASI,40.92086999979741,14.38946000008823,310.0,22.61,28.82,6.36,3.18
2162896,Pomigliano d'Arco Area ASI,40.92086999979741,14.38946000008823,290.0,19.8,27.02,7.76,3.46
2162896,Pomigliano d'Arco Area ASI,40.92086999979741,14.38946000008823,330.0,32.29,34.92,6.54,3.26
2162896,Pomigliano d'Arco Area ASI,40.92086999979741,14.38946000008823,350.0,28.82,57.79,16.12,3.6
2162896,Pomigliano d'Arco Area ASI,40.92086999979741,14.38946000008823,350.0,21.07,56.06,20.26,4.59
2162896,Pomigliano d'Arco Area ASI,40.92086999979741,14.38946000008823,440.0,37.37,40.54,20.18,4.23
2162896,Pomigliano d'Arco Area ASI,40.92086999979741,14.38946000008823,560.0,53.09,54.25,21.2,3.64
2162896,Pomigliano d'Arco Area ASI,40.92086999979741,14.38946000008823,,55.3,66.38,23.45,4.06
2162896,Pomigliano d'Arco Area ASI,40.92086999979741,14.38946000008823,820.0,,84.39,30.57,3.13
2162896,Pomigliano d'Arco Area ASI,40.92086999979741,14.38946000008823,820.0,42.87,83.03,37.99,3.36
2162896,Pomigliano d'Arco Area ASI,40.92086999979741,14.38946000008823,330.0,12.14,87.13,50.02,
2162896,Pomigliano d'Arco Area ASI,40.92086999979741,14.38946000008823,310.0,12.62,50.51,26.7,3.63
2162896,Pomigliano d'Arco Area ASI,40.92086999979741,14.38946000008823,240.0,5.84,36.24,16.9,4.09
2162896,Pomigliano d'Arco Area ASI,40.92086999979741,14.38946000008823,220.0,4.42,48.32,14.28,3.71
2162896,Pomigliano d'Arco Area ASI,40.92086999979741,14.38946000008823,220.0,4.27,56.71,10.48,3.81
2162896,Pomigliano d'Arco Area ASI,40.92086999979741,14.38946000008823,220.0,5.05,76.31,11.49,3.32
2162896,Pomigliano d'Arco Area ASI,40.92086999979741,14.38946000008823,220.0,5.54,96.99,16.89,2.17
2162896,Pomigliano d'Arco Area ASI,40.92086999979741,14.38946000008823,230.0,6.78,127.21,25.12,3.83
2162896,Pomigliano d'Arco Area ASI,40.92086999979741,14.38946000008823,230.0,7.94,109.31,30.21,4.27
2162896,Pomigliano d'Arco Area ASI,40.92086999979741,14.38946000008823,230.0,7.22,85.39,27.47,2.67
2162896,Pomigliano d'Arco Area ASI,40.92086999979741,14.38946000008823,250.0,11.25,61.1,19.8,4.19
2162896,Pomigliano d'Arco Area ASI,40.92086999979741,14.38946000008823,230.0,5.64,46.57,12.86,3.67
2162896,Pomigliano d'Arco Area ASI,40.92086999979741,14.38946000008823,250.0,6.74,28.06,10.11,3.28
2162896,Pomigliano d'Arco Area ASI,40.92086999979741,14.38946000008823,260.0,6.11,28.71,11.02,4.38
2162896,Pomigliano d'Arco Area ASI,40.92086999979741,14.38946000008823,270.0,5.67,32.66,16.81,3.46
2162896,Pomigliano d'Arco Area ASI,40.92086999979741,14.38946000008823,260.0,4.91,23.27,16.71,4.15
2162896,Pomigliano d'Arco Area ASI,40.92086999979741,14.38946000008823,280.0,6.72,22.32,12.29,3.28
2162896,Pomigliano d'Arco Area ASI,40.92086999979741,14.38946000008823,330.0,10.16,25.35,12.08,5.38
2162896,Pomigliano d'Arco Area ASI,40.92086999979741,14.38946000008823,320.0,9.39,29.9,14.96,3.05
2162896,Pomigliano d'Arco Area ASI,40.92086999979741,14.38946000008823,280.0,6.18,20.45,13.66,3.75
2162896,Pomigliano d'Arco Area ASI,40.92086999979741,14.38946000008823,,5.99,17.37,10.02,4.28
2162896,Pomigliano d'Arco Area ASI,40.92086999979741,14.38946000008823,280.0,,16.0,6.42,3.31
2162896,Pomigliano d'Arco Area ASI,40.92086999979741,14.38946000008823,270.0,4.36,13.99,5.38,5.05
2162896,Pomigliano d'Arco Area ASI,40.92086999979741,14.38946000008823,270.0,4.24,13.37,2.03,
2162896,Pomigliano d'Arco Area ASI,40.92086999979741,14.38946000008823,270.0,3.84,44.64,9.46,4.53
2162896,Pomigliano d'Arco Area ASI,40.92086999979741,14.38946000008823,260.0,3.8,53.4,13.4,5.74
2162896,Pomigliano d'Arco Area ASI,40.92086999979741,14.38946000008823,260.0,3.41,48.82,13.73,5.27
2162896,Pomigliano d'Arco Area ASI,40.92086999979741,14.38946000008823,260.0,3.53,48.24,17.04,3.8
2162896,Pomigliano d'Arco Area ASI,40.92086999979741,14.38946000008823,260.0,3.36,36.17,10.66,4.05
2162896,Pomigliano d'Arco Area ASI,40.92086999979741,14.38946000008823,260.0,3.33,15.66,2.3,4.7
2162896,Pomigliano d'Arco Area ASI,40.92086999979741,14.38946000008823,260.0,4.07,6.71,0.07,5.7
2162896,Pomigliano d'Arco Area ASI,40.92086999979741,14.38946000008823,270.0,5.38,11.7,0.07,2.87
2162896,Pomigliano d'Arco Area ASI,40.92086999979741,14.38946000008823,290.0,7.08,20.41,3.38,5.33
2162896,Pomigliano d'Arco Area ASI,40.92086999979741,14.38946000008823,310.0,10.58,8.69,1.93,4.31
2162896,Pomigliano d'Arco Area ASI,40.92086999979741,14.38946000008823,320.0,11.92,4.1,0.07,3.7
2162896,Pomigliano d'Arco Area ASI,40.92086999979741,14.38946000008823,320.0,11.08,16.32,2.26,3.29
2162896,Pomigliano d'Arco Area ASI,40.92086999979741,14.38946000008823,320.0,11.64,21.49,6.74,5.02
2162896,Pomigliano d'Arco Area ASI,40.92086999979741,14.38946000008823,310.0,8.75,21.09,5.84,4.25
2162896,Pomigliano d'Arco Area ASI,40.92086999979741,14.38946000008823,300.0,6.01,13.03,4.92,2.64
2162896,Pomigliano d'Arco Area ASI,40.92086999979741,14.38946000008823,290.0,4.85,21.26,2.1,5.6
2162896,Pomigliano d'Arco Area ASI,40.92086999979741,14.38946000008823,300.0,5.27,35.24,1.03,1.2
2162896,Pomigliano d'Arco Area ASI,40.92086999979741,14.38946000008823,340.0,11.65,17.77,2.42,2.15
2162896,Pomigliano d'Arco Area ASI,40.92086999979741,14.38946000008823,370.0,13.8,16.38,9.15,3.22
2162896,Pomigliano d'Arco Area ASI,40.92086999979741,14.38946000008823,,11.73,24.53,7.5,3.42
2162896,Pomigliano d'Arco Area ASI,40.92086999979741,14.38946000008823,400.0,,16.56,4.75,3.32
2162896,Pomigliano d'Arco Area ASI,40.92086999979741,14.38946000008823,410.0,17.42,14.85,9.4,3.02
2162896,Pomigliano d'Arco Area ASI,40.92086999979741,14.38946000008823,400.0,19.55,19.42,10.81,
2162896,Pomigliano d'Arco Area ASI,40.92086999979741,14.38946000008823,360.0,12.28,22.39,11.08,3.49
2162896,Pomigliano d'Arco Area ASI,40.92086999979741,14.38946000008823,340.0,9.24,19.14,5.01,3.36
2162896,Pomigliano d'Arco Area ASI,40.92086999979741,14.38946000008823,410.0,13.72,8.28,1.22,2.98
2162896,Pomigliano d'Arco Area ASI,40.92086999979741,14.38946000008823,370.0,13.33,10.17,5.97,4.39
2162896,Pomigliano d'Arco Area ASI,40.92086999979741,14.38946000008823,380.0,11.71,6.48,5.88,3.81
2162896,Pomigliano d'Arco Area ASI,40.92086999979741,14.38946000008823,370.0,13.23,11.07,1.56,2.37
2162896,Pomigliano d'Arco Area ASI,40.92086999979741,14.38946000008823,350.0,14.37,7.81,0.07,3.84
2162896,Pomigliano d'Arco Area ASI,40.92086999979741,14.38946000008823,390.0,24.79,11.29,1.61,4.34
2162896,Pomigliano d'Arco Area ASI,40.92086999979741,14.38946000008823,510.0,43.82,15.68,5.25,3.26
2162896,Pomigliano d'Arco Area ASI,40.92086999979741,14.38946000008823,480.0,44.51,19.7,9.46,2.35
2162896,Pomigliano d'Arco Area ASI,40.92086999979741,14.38946000008823,400.0,33.24,27.42,13.82,3.68
2162896,Pomigliano d'Arco Area ASI,40.92086999979741,14.38946000008823,410.0,29.7,21.51,8.43,2.61
2162896,Pomigliano d'Arco Area ASI,40.92086999979741,14.38946000008823,340.0,14.07,14.73,1.7,1.37
2162896,Pomigliano d'Arco Area ASI,40.92086999979741,14.38946000008823,310.0,7.85,18.33,1.75,3.83
2162896,Pomigliano d'Arco Area ASI,40.92086999979741,14.38946000008823,300.0,6.86,16.27,1.09,3.75
2162896,Pomigliano d'Arco Area ASI,40.92086999979741,14.38946000008823,280.0,5.57,16.5,4.41,3.68
2162896,Pomigliano d'Arco Area ASI,40.92086999979741,14.38946000008823,290.0,7.16,7.89,2.74,3.69
2162896,Pomigliano d'Arco Area ASI,40.92086999979741,14.38946000008823,290.0,6.76,11.11,1.59,3.36
2162896,Pomigliano d'Arco Area ASI,40.92086999979741,14.38946000008823,340.0,18.28,21.09,1.02,3.54
2162896,Pomigliano d'Arco Area ASI,40.92086999979741,14.38946000008823,,32.36,32.14,6.73,2.59
2162896,Pomigliano d'Arco Area ASI,40.92086999979741,14.38946000008823,650.0,,46.26,13.33,2.89
2162896,Pomigliano d'Arco Area ASI,40.92086999979741,14.38946000008823,850.0,54.1,54.4,23.95,3.92
2162896,Pomigliano d'Arco Area ASI,40.92086999979741,14.38946000008823,1000.0,49.95,60.23,32.3,
2162896,Pomigliano d'Arco Area ASI,40.92086999979741,14.38946000008823,1090.0,40.16,69.63,38.27,3.3
2162896,Pomigliano d'Arco Area ASI,40.92086999979741,14.38946000008823,1330.0,35.33,70.82,36.67,2.61
2162896,Pomigliano d'Arco Area ASI,40.92086999979741,14.38946000008823,1370.0,36.0,76.49,38.32,2.71
2162896,Pomigliano d'Arco Area ASI,40.92086999979741,14.38946000008823,1400.0,30.97,82.2,51.7,4.02
2162896,Pomigliano d'Arco Area ASI,40.92086999979741,14.38946000008823,1220.0,26.2,85.16,51.27,3.14
2162896,Pomigliano d'Arco Area ASI,40.92086999979741,14.38946000008823,840.0,24.91,78.85,47.4,1.69
2162896,Pomigliano d'Arco Area ASI,40.92086999979741,14.38946000008823,930.0,20.5,66.86,35.62,2.76
2162896,Pomigliano d'Arco Area ASI,40.92086999979741,14.38946000008823,600.0,20.16,52.53,33.46,3.23
2162896,Pomigliano d'Arco Area ASI,40.92086999979741,14.38946000008823,660.0,22.45,39.96,26.5,3.97
2162896,Pomigliano d'Arco Area ASI,40.92086999979741,14.38946000008823,700.0,22.29,31.62,16.47,3.72
2162896,Pomigliano d'Arco Area ASI,40.92086999979741,14.38946000008823,730.0,26.8,30.47,14.64,3.63
2162896,Pomigliano d'Arco Area ASI,40.92086999979741,14.38946000008823,510.0,33.76,33.83,11.54,2.41
2162896,Pomigliano d'Arco Area ASI,40.92086999979741,14.38946000008823,450.0,34.29,28.01,11.65,2.78
2162896,Pomigliano d'Arco Area ASI,40.92086999979741,14.38946000008823,370.0,18.07,50.9,5.43,3.03
2162896,Pomigliano d'Arco Area ASI,40.92086999979741,14.38946000008823,350.0,13.34,37.73,7.22,3.09
2162896,Pomigliano d'Arco Area ASI,40.92086999979741,14.38946000008823,310.0,9.26,19.68,4.07,2.54
2162896,Pomigliano d'Arco Area ASI,40.92086999979741,14.38946000008823,310.0,9.0,7.35,2.8,3.08
2162896,Pomigliano d'Arco Area ASI,40.92086999979741,14.38946000008823,330.0,15.07,2.23,1.78,2.39
2162896,Pomigliano d'Arco Area ASI,40.92086999979741,14.38946000008823,330.0,16.55,1.46,8.95,3.44
2162896,Pomigliano d'Arco Area ASI,40.92086999979741,14.38946000008823,,16.72,22.62,12.24,2.92
2162896,Pomigliano d'Arco Area ASI,40.92086999979741,14.38946000008823,380.0,,31.58,10.19,2.21
2162896,Pomigliano d'Arco Area ASI,40.92086999979741,14.38946000008823,420.0,39.54,19.41,5.88,2.51
2162896,Pomigliano d'Arco Area ASI,40.92086999979741,14.38946000008823,460.0,33.2,18.4,8.47,
2162896,Pomigliano d'Arco Area ASI,40.92086999979741,14.38946000008823,500.0,33.87,21.48,11.71,1.32
2162896,Pomigliano d'Arco Area ASI,40.92086999979741,14.38946000008823,590.0,36.75,28.24,13.36,1.55
2162896,Pomigliano d'Arco Area ASI,40.92086999979741,14.38946000008823,630.0,36.06,31.17,13.52,3.5
2162896,Pomigliano d'Arco Area ASI,40.92086999979741,14.38946000008823,740.0,37.41,31.18,14.96,2.09
2162896,Pomigliano d'Arco Area ASI,40.92086999979741,14.38946000008823,730.0,37.07,40.87,25.6,1.13
2162896,Pomigliano d'Arco Area ASI,40.92086999979741,14.38946000008823,710.0,30.12,48.39,33.0,1.5
2162896,Pomigliano d'Arco Area ASI,40.92086999979741,14.38946000008823,580.0,29.38,43.83,31.74,2.55
2162896,Pomigliano d'Arco Area ASI,40.92086999979741,14.38946000008823,560.0,31.16,28.51,18.5,2.55
2162896,Pomigliano d'Arco Area ASI,40.92086999979741,14.38946000008823,560.0,28.23,24.34,15.45,2.04
2162896,Pomigliano d'Arco Area ASI,40.92086999979741,14.38946000008823,620.0,32.99,23.3,12.48,3.17
2162896,Pomigliano d'Arco Area ASI,40.92086999979741,14.38946000008823,640.0,41.73,27.28,17.47,2.05
2162896,Pomigliano d'Arco Area ASI,40.92086999979741,14.38946000008823,630.0,44.81,42.89,15.47,1.03
2162896,Pomigliano d'Arco Area ASI,40.92086999979741,14.38946000008823,380.0,21.32,48.83,9.97,2.33
2162896,Pomigliano d'Arco Area ASI,40.92086999979741,14.38946000008823,320.0,8.75,34.68,5.62,1.67
2162896,Pomigliano d'Arco Area ASI,40.92086999979741,14.38946000008823,300.0,7.7,14.0,4.59,1.72
2162896,Pomigliano d'Arco Area ASI,40.92086999979741,14.38946000008823,290.0,6.95,7.98,4.11,1.45
2162896,Pomigliano d'Arco Area ASI,40.92086999979741,14.38946000008823,280.0,6.75,4.61,2.98,1.41
2162896,Pomigliano d'Arco Area ASI,40.92086999979741,14.38946000008823,290.0,9.0,1.71,1.1,1.95
2162896,Pomigliano d'Arco Area ASI,40.92086999979741,14.38946000008823,290.0,8.97,0.75,0.96,2.12
2162896,Pomigliano d'Arco Area ASI,40.92086999979741,14.38946000008823,,14.91,8.32,4.42,1.69
2162896,Pomigliano d'Arco Area ASI,40.92086999979741,14.38946000008823,370.0,,19.98,5.2,0.85
2162896,Pomigliano d'Arco Area ASI,40.92086999979741,14.38946000008823,440.0,32.95,40.44,8.29,3.44
2162896,Pomigliano d'Arco Area ASI,40.92086999979741,14.38946000008823,600.0,47.37,38.65,11.13,
2162896,Pomigliano d'Arco Area ASI,40.92086999979741,14.38946000008823,920.0,49.27,36.49,20.94,3.31
2162896,Pomigliano d'Arco Area ASI,40.92086999979741,14.38946000008823,1540.0,43.76,50.78,29.31,3.21
2162896,Pomigliano d'Arco Area ASI,40.92086999979741,14.38946000008823,1830.0,35.46,82.73,52.04,3.74
2162896,Pomigliano d'Arco Area ASI,40.92086999979741,14.38946000008823,1780.0,28.45,115.07,77.75,4.19
2162896,Pomigliano d'Arco Area ASI,40.92086999979741,14.38946000008823,1840.0,27.41,155.88,81.83,3.48
2162896,Pomigliano d'Arco Area ASI,40.92086999979741,14.38946000008823,1680.0,27.47,136.16,80.44,3.36
2162896,Pomigliano d'Arco Area ASI,40.92086999979741,14.38946000008823,1170.0,35.0,106.61,69.96,3.24
2162896,Pomigliano d'Arco Area ASI,40.92086999979741,14.38946000008823,1040.0,30.46,43.58,47.79,4.15
2162896,Pomigliano d'Arco Area ASI,40.92086999979741,14.38946000008823,1000.0,25.64,36.9,34.23,3.88
2162896,Pomigliano d'Arco Area ASI,40.92086999979741,14.38946000008823,1080.0,22.74,46.74,32.76,1.38
2162896,Pomigliano d'Arco Area ASI,40.92086999979741,14.38946000008823,1110.0,20.67,53.72,36.95,2.25
2162896,Pomigliano d'Arco Area ASI,40.92086999979741,14.38946000008823,1310.0,28.61,59.69,42.8,3.5
2162896,Pomigliano d'Arco Area ASI,40.92086999979741,14.38946000008823,1100.0,37.45,149.83,57.35,3.6
2162896,Pomigliano d'Arco Area ASI,40.92086999979741,14.38946000008823,870.0,57.3,120.26,50.87,3.24
2162896,Pomigliano d'Arco Area ASI,40.92086999979741,14.38946000008823,940.0,59.61,67.69,35.48,3.64
2162896,Pomigliano d'Arco Area ASI,40.92086999979741,14.38946000008823,540.0,42.34,66.17,33.67,3.26
2162896,Pomigliano d'Arco Area ASI,40.92086999979741,14.38946000008823,400.0,24.65,38.9,21.26,3.09
2162896,Pomigliano d'Arco Area ASI,40.92086999979741,14.38946000008823,320.0,15.3,12.19,5.77,3.71
2162896,Pomigliano d'Arco Area ASI,40.92086999979741,14.38946000008823,300.0,11.55,2.43,0.49,3.22
2162896,Pomigliano d'Arco Area ASI,40.92086999979741,14.38946000008823,,11.48,0.32,0.07,2.79
2162896,Pomigliano d'Arco Area ASI,40.92086999979741,14.38946000008823,310.0,,6.14,0.07,2.91
2162896,Pomigliano d'Arco Area ASI,40.92086999979741,14.38946000008823,370.0,35.74,13.34,6.35,2.73
2162896,Pomigliano d'Arco Area ASI,40.92086999979741,14.38946000008823,560.0,58.06,13.28,13.19,
2162896,Pomigliano d'Arco Area ASI,40.92086999979741,14.38946000008823,590.0,53.88,30.54,23.89,3.23
2162896,Pomigliano d'Arco Area ASI,40.92086999979741,14.38946000008823,760.0,55.47,49.0,32.81,3.14
2162896,Pomigliano d'Arco Area ASI,40.92086999979741,14.38946000008823,820.0,52.63,70.21,41.02,4.01
2162896,Pomigliano d'Arco Area ASI,40.92086999979741,14.38946000008823,800.0,49.58,80.99,40.96,3.23
2162896,Pomigliano d'Arco Area ASI,40.92086999979741,14.38946000008823,870.0,44.32,75.41,36.93,3.57
2162896,Pomigliano d'Arco Area ASI,40.92086999979741,14.38946000008823,1010.0,35.28,71.21,37.83,2.97
2162896,Pomigliano d'Arco Area ASI,40.92086999979741,14.38946000008823,1360.0,31.79,67.68,41.34,4.44
2162896,Pomigliano d'Arco Area ASI,40.92086999979741,14.38946000008823,1340.0,28.61,88.1,59.68,3.58
2162896,Pomigliano d'Arco Area ASI,40.92086999979741,14.38946000008823,1450.0,33.1,99.02,62.46,4.8
2162896,Pomigliano d'Arco Area ASI,40.92086999979741,14.38946000008823,1480.0,22.26,106.73,64.9,4.51
2162896,Pomigliano d'Arco Area ASI,40.92086999979741,14.38946000008823,1320.0,23.74,103.63,65.22,4.15
2162896,Pomigliano d'Arco Area ASI,40.92086999979741,14.38946000008823,1100.0,28.12,92.95,64.55,4.75
2162896,Pomigliano d'Arco Area ASI,40.92086999979741,14.38946000008823,1430.0,18.09,73.49,49.33,4.51
2162896,Pomigliano d'Arco Area ASI,40.92086999979741,14.38946000008823,1220.0,40.62,87.26,55.35,2.31
2162896,Pomigliano d'Arco Area ASI,40.92086999979741,14.38946000008823,830.0,47.06,97.7,61.47,0.98
2162896,Pomigliano d'Arco Area ASI,40.92086999979741,14.38946000008823,580.0,34.27,74.35,40.81,4.29
2162896,Pomigliano d'Arco Area ASI,40.92086999979741,14.38946000008823,480.0,30.43,48.23,23.75,4.3
2162896,Pomigliano d'Arco Area ASI,40.92086999979741,14.38946000008823,140.0,14.2,19.3,9.92,152.35
2162896,Pomigliano d'Arco Area ASI,40.92086999979741,14.38946000008823,,19.16,19.35,10.57,465.52
2162896,Pomigliano d'Arco Area ASI,40.92086999979741,14.38946000008823,70.0,,19.73,9.76,
2162896,Pomigliano d'Arco Area ASI,40.92086999979741,14.38946000008823,,14.16,22.04,10.08,128.06
2162896,Pomigliano d'Arco Area ASI,40.92086999979741,14.38946000008823,,20.43,22.14,11.2,38.15
2162896,Pomigliano d'Arco Area ASI,40.92086999979741,14.38946000008823,290.0,,26.67,13.04,43.63
2162896,Pomigliano d'Arco Area ASI,40.92086999979741,14.38946000008823,380.0,48.78,46.98,16.98,44.43
2162896,Pomigliano d'Arco Area ASI,40.92086999979741,14.38946000008823,670.0,60.93,61.86,22.81,
2162896,Pomigliano d'Arco Area ASI,40.92086999979741,14.38946000008823,850.0,53.89,88.47,37.71,47.24
2162896,Pomigliano d'Arco Area ASI,40.92086999979741,14.38946000008823,1250.0,42.97,82.64,47.16,48.34
2162896,Pomigliano d'Arco Area ASI,40.92086999979741,14.38946000008823,1090.0,32.75,95.04,66.31,47.92
2162896,Pomigliano d'Arco Area ASI,40.92086999979741,14.38946000008823,1640.0,27.26,95.65,63.87,49.1
2162896,Pomigliano d'Arco Area ASI,40.92086999979741,14.38946000008823,1560.0,23.41,122.01,85.07,49.06
2162896,Pomigliano d'Arco Area ASI,40.92086999979741,14.38946000008823,1510.0,20.44,126.08,92.13,48.98
2162896,Pomigliano d'Arco Area ASI,40.92086999979741,14.38946000008823,1430.0,22.32,116.51,84.71,48.19
2162896,Pomigliano d'Arco Area ASI,40.92086999979741,14.38946000008823,1470.0,19.49,119.09,82.88,48.66
2162896,Pomigliano d'Arco Area ASI,40.92086999979741,14.38946000008823,1270.0,18.81,117.3,81.21,48.69
2162896,Pomigliano d'Arco Area ASI,40.92086999979741,14.38946000008823,1230.0,18.15,109.56,79.43,49.34
2162896,Pomigliano d'Arco Area ASI,40.92086999979741,14.38946000008823,1220.0,14.92,124.02,74.47,48.67
2162896,Pomigliano d'Arco Area ASI,40.92086999979741,14.38946000008823,1000.0,25.16,136.77,65.05,48.56
2162896,Pomigliano d'Arco Area ASI,40.92086999979741,14.38946000008823,540.0,48.88,101.03,56.76,49.93
2162896,Pomigliano d'Arco Area ASI,40.92086999979741,14.38946000008823,440.0,42.33,70.85,48.71,47.66
2162896,Pomigliano d'Arco Area ASI,40.92086999979741,14.38946000008823,290.0,27.64,58.25,37.15,49.11
2162896,Pomigliano d'Arco Area ASI,40.92086999979741,14.38946000008823,360.0,30.88,43.24,23.97,48.21
2162896,Pomigliano d'Arco Area ASI,40.92086999979741,14.38946000008823,350.0,31.49,38.93,24.12,48.91
2162896,Pomigliano d'Arco Area ASI,40.92086999979741,14.38946000008823,290.0,26.79,39.55,26.27,50.19
2162896,Pomigliano d'Arco Area ASI,40.92086999979741,14.38946000008823,270.0,22.69,43.68,25.21,49.18
2162896,Pomigliano d'Arco Area ASI,40.92086999979741,14.38946000008823,,22.63,52.31,26.84,48.97
2162896,Pomigliano d'Arco Area ASI,40.92086999979741,14.38946000008823,300.0,,39.72,27.62,48.65
2162896,Pomigliano d'Arco Area ASI,40.92086999979741,14.38946000008823,290.0,27.15,44.2,31.46,48.94
2162896,Pomigliano d'Arco Area ASI,40.92086999979741,14.38946000008823,490.0,46.39,52.44,37.78,
2162896,Pomigliano d'Arco Area ASI,40.92086999979741,14.38946000008823,770.0,62.89,69.31,47.98,49.51
2162896,Pomigliano d'Arco Area ASI,40.92086999979741,14.38946000008823,1170.0,50.43,83.51,58.41,48.6
2162896,Pomigliano d'Arco Area ASI,40.92086999979741,14.38946000008823,1470.0,48.4,106.28,71.85,48.09
2162896,Pomigliano d'Arco Area ASI,40.92086999979741,14.38946000008823,1560.0,33.07,117.25,80.62,48.81
2162896,Pomigliano d'Arco Area ASI,40.92086999979741,14.38946000008823,1730.0,32.71,114.11,86.26,48.86
2162896,Pomigliano d'Arco Area ASI,40.92086999979741,14.38946000008823,1710.0,25.6,126.22,93.41,49.36
2162896,Pomigliano d'Arco Area ASI,40.92086999979741,14.38946000008823,1340.0,32.15,137.49,92.47,48.63
2162896,Pomigliano d'Arco Area ASI,40.92086999979741,14.38946000008823,1440.0,21.55,126.71,77.74,49.71
2162896,Pomigliano d'Arco Area ASI,40.92086999979741,14.38946000008823,1430.0,18.81,115.1,78.23,48.57
2162896,Pomigliano d'Arco Area ASI,40.92086999979741,14.38946000008823,1440.0,22.88,116.64,82.45,50.17
2162896,Pomigliano d'Arco Area ASI,40.92086999979741,14.38946000008823,1360.0,16.76,100.53,83.63,48.05
2162896,Pomigliano d'Arco Area ASI,40.92086999979741,14.38946000008823,1270.0,16.55,106.68,84.11,49.2
2162896,Pomigliano d'Arco Area ASI,40.92086999979741,14.38946000008823,970.0,34.31,97.07,73.68,48.84
2162896,Pomigliano d'Arco Area ASI,40.92086999979741,14.38946000008823,420.0,37.58,76.46,60.99,49.15
2162896,Pomigliano d'Arco Area ASI,40.92086999979741,14.38946000008823,450.0,28.74,49.76,34.86,47.98
2162896,Pomigliano d'Arco Area ASI,40.92086999979741,14.38946000008823,400.0,26.92,57.28,30.5,49.38
2162896,Pomigliano d'Arco Area ASI,40.92086999979741,14.38946000008823,340.0,26.87,74.97,32.76,47.74
2162896,Pomigliano d'Arco Area ASI,40.92086999979741,14.38946000008823,290.0,18.96,56.7,27.85,47.56
2162896,Pomigliano d'Arco Area ASI,40.92086999979741,14.38946000008823,200.0,10.93,33.31,22.93,48.99
2162896,Pomigliano d'Arco Area ASI,40.92086999979741,14.38946000008823,,7.45,12.67,10.61,49.34
2162896,Pomigliano d'Arco Area ASI,40.92086999979741,14.38946000008823,170.0,,19.25,10.45,49.25
2162896,Pomigliano d'Arco Area ASI,40.92086999979741,14.38946000008823,210.0,10.5,31.26,15.16,48.2
2162896,Pomigliano d'Arco Area ASI,40.92086999979741,14.38946000008823,290.0,18.2,35.02,21.3,
2162896,Pomigliano d'Arco Area ASI,40.92086999979741,14.38946000008823,460.0,35.49,39.86,29.8,48.51
2162896,Pomigliano d'Arco Area ASI,40.92086999979741,14.38946000008823,800.0,55.65,51.76,35.63,47.72
2162896,Pomigliano d'Arco Area ASI,40.92086999979741,14.38946000008823,1520.0,50.9,78.84,53.55,48.23
2162896,Pomigliano d'Arco Area ASI,40.92086999979741,14.38946000008823,1460.0,43.63,128.79,92.49,49.88
2162896,Pomigliano d'Arco Area ASI,40.92086999979741,14.38946000008823,1240.0,45.94,154.62,115.21,50.25
2162896,Pomigliano d'Arco Area ASI,40.92086999979741,14.38946000008823,1040.0,44.39,131.46,97.4,49.93
2162896,Pomigliano d'Arco Area ASI,40.92086999979741,14.38946000008823,620.0,26.71,110.97,80.13,48.52
2162896,Pomigliano d'Arco Area ASI,40.92086999979741,14.38946000008823,440.0,19.94,77.94,60.79,50.1
2162896,Pomigliano d'Arco Area ASI,40.92086999979741,14.38946000008823,360.0,17.9,58.15,48.81,48.87
2162896,Pomigliano d'Arco Area ASI,40.92086999979741,14.38946000008823,380.0,17.06,49.69,36.99,49.7
2162896,Pomigliano d'Arco Area ASI,40.92086999979741,14.38946000008823,350.0,18.13,50.19,34.71,49.2
2162896,Pomigliano d'Arco Area ASI,40.92086999979741,14.38946000008823,380.0,36.68,49.95,31.11,49.96
2162896,Pomigliano d'Arco Area ASI,40.92086999979741,14.38946000008823,370.0,36.33,42.59,26.85,49.76
2162896,Pomigliano d'Arco Area ASI,40.92086999979741,14.38946000008823,470.0,43.84,46.53,30.29,50.36
2162896,Pomigliano d'Arco Area ASI,40.92086999979741,14.38946000008823,510.0,54.14,54.9,31.34,48.71
2162896,Pomigliano d'Arco Area ASI,40.92086999979741,14.38946000008823,390.0,50.46,56.3,27.2,50.05
2162896,Pomigliano d'Arco Area ASI,40.92086999979741,14.38946000008823,310.0,40.04,68.39,32.49,49.18
2162896,Pomigliano d'Arco Area ASI,40.92086999979741,14.38946000008823,260.0,22.25,59.65,30.08,50.03
2162896,Pomigliano d'Arco Area ASI,40.92086999979741,14.38946000008823,210.0,25.06,45.97,22.59,47.95
2162896,Pomigliano d'Arco Area ASI,40.92086999979741,14.38946000008823,,12.06,26.45,12.86,49.15
2162896,Pomigliano d'Arco Area ASI,40.92086999979741,14.38946000008823,190.0,,13.59,9.18,49.6
2162896,Pomigliano d'Arco Area ASI,40.92086999979741,14.38946000008823,180.0,14.13,18.43,12.53,49.49
2162896,Pomigliano d'Arco Area ASI,40.92086999979741,14.38946000008823,270.0,23.42,27.17,14.6,
2162896,Pomigliano d'Arco Area ASI,40.92086999979741,14.38946000008823,350.0,32.68,34.74,15.1,48.81
2162896,Pomigliano d'Arco Area ASI,40.92086999979741,14.38946000008823,390.0,40.11,39.13,15.51,49.76
2162896,Pomigliano d'Arco Area ASI,40.92086999979741,14.38946000008823,520.0,52.37,45.37,22.08,49.42
2162896,Pomigliano d'Arco Area ASI,40.92086999979741,14.38946000008823,970.0,44.87,48.34,19.69,49.55
2162896,Pomigliano d'Arco Area ASI,40.92086999979741,14.38946000008823,1270.0,36.82,67.0,37.69,50.47
2162896,Pomigliano d'Arco Area ASI,40.92086999979741,14.38946000008823,1290.0,30.97,100.84,64.52,50.88
2162896,Pomigliano d'Arco Area ASI,40.92086999979741,14.38946000008823,1400.0,31.17,110.44,79.42,50.39
2162896,Pomigliano d'Arco Area ASI,40.92086999979741,14.38946000008823,1430.0,24.19,108.19,76.12,48.56
2162896,Pomigliano d'Arco Area ASI,40.92086999979741,14.38946000008823,1250.0,24.69,109.31,78.66,51.31
2162896,Pomigliano d'Arco Area ASI,40.92086999979741,14.38946000008823,1040.0,27.26,105.26,71.88,50.69
2162896,Pomigliano d'Arco Area ASI,40.92086999979741,14.38946000008823,930.0,24.44,94.73,63.34,51.65
2162896,Pomigliano d'Arco Area ASI,40.92086999979741,14.38946000008823,890.0,25.68,84.79,56.71,50.72
2162896,Pomigliano d'Arco Area ASI,40.92086999979741,14.38946000008823,820.0,21.5,77.45,53.85,50.43
2162896,Pomigliano d'Arco Area ASI,40.92086999979741,14.38946000008823,620.0,26.72,75.64,54.96,49.65
2162896,Pomigliano d'Arco Area ASI,40.92086999979741,14.38946000008823,320.0,46.24,71.27,46.31,49.6
2162896,Pomigliano d'Arco Area ASI,40.92086999979741,14.38946000008823,190.0,26.91,52.31,32.26,49.51
2162896,Pomigliano d'Arco Area ASI,40.92086999979741,14.38946000008823,160.0,13.17,24.74,13.91,50.08
2162896,Pomigliano d'Arco Area ASI,40.92086999979741,14.38946000008823,150.0,8.23,33.29,14.83,51.06
2162896,Pomigliano d'Arco Area ASI,40.92086999979741,14.38946000008823,150.0,8.23,34.69,16.17,49.39
2162896,Pomigliano d'Arco Area ASI,40.92086999979741,14.38946000008823,,11.59,26.96,11.52,50.48
2162896,Pomigliano d'Arco Area ASI,40.92086999979741,14.38946000008823,130.0,,19.58,11.0,50.12
2162896,Pomigliano d'Arco Area ASI,40.92086999979741,14.38946000008823,110.0,8.1,21.56,11.21,49.73
2162896,Pomigliano d'Arco Area ASI,40.92086999979741,14.38946000008823,120.0,11.2,43.86,16.7,
2162896,Pomigliano d'Arco Area ASI,40.92086999979741,14.38946000008823,150.0,14.11,76.15,29.95,50.3
2162896,Pomigliano d'Arco Area ASI,40.92086999979741,14.38946000008823,160.0,13.29,60.85,24.89,49.29
2162896,Pomigliano d'Arco Area ASI,40.92086999979741,14.38946000008823,160.0,11.24,29.12,12.5,51.25
2162896,Pomigliano d'Arco Area ASI,40.92086999979741,14.38946000008823,150.0,9.82,17.56,12.39,49.68
2162896,Pomigliano d'Arco Area ASI,40.92086999979741,14.38946000008823,150.0,7.93,17.22,14.55,49.41
2162896,Pomigliano d'Arco Area ASI,40.92086999979741,14.38946000008823,140.0,7.3,15.85,10.35,45.96
2162896,Pomigliano d'Arco Area ASI,40.92086999979741,14.38946000008823,130.0,4.88,14.93,6.59,49.12
2162896,Pomigliano d'Arco Area ASI,40.92086999979741,14.38946000008823,120.0,5.22,11.0,2.25,49.21
2162896,Pomigliano d'Arco Area ASI,40.92086999979741,14.38946000008823,120.0,4.93,5.18,0.14,49.72
2162896,Pomigliano d'Arco Area ASI,40.92086999979741,14.38946000008823,120.0,5.45,7.2,1.45,49.58
2162896,Pomigliano d'Arco Area ASI,40.92086999979741,14.38946000008823,110.0,7.56,11.81,3.26,50.1
2162896,Pomigliano d'Arco Area ASI,40.92086999979741,14.38946000008823,110.0,7.96,16.56,7.06,46.46
2162896,Pomigliano d'Arco Area ASI,40.92086999979741,14.38946000008823,130.0,11.34,10.22,5.04,48.78
2162896,Pomigliano d'Arco Area ASI,40.92086999979741,14.38946000008823,140.0,26.68,6.58,0.99,49.43
2162896,Pomigliano d'Arco Area ASI,40.92086999979741,14.38946000008823,180.0,40.98,6.95,2.65,50.64
2162896,Pomigliano d'Arco Area ASI,40.92086999979741,14.38946000008823,190.0,31.57,45.21,19.62,49.13
2162896,Pomigliano d'Arco Area ASI,40.92086999979741,14.38946000008823,140.0,12.97,152.45,83.05,
2162896,Pomigliano d'Arco Area ASI,40.92086999979741,14.38946000008823,140.0,11.99,109.77,54.01,48.51
2162896,Pomigliano d'Arco Area ASI,40.92086999979741,14.38946000008823,130.0,19.19,35.77,15.08,50.31
2162896,Pomigliano d'Arco Area ASI,40.92086999979741,14.38946000008823,,8.91,17.09,8.95,49.6
2162896,Pomigliano d'Arco Area ASI,40.92086999979741,14.38946000008823,110.0,,18.04,9.84,47.84
2162896,Pomigliano d'Arco Area ASI,40.92086999979741,14.38946000008823,100.0,11.98,13.51,6.56,
2162896,Pomigliano d'Arco Area ASI,40.92086999979741,14.38946000008823,100.0,6.79,22.02,6.15,
2162896,Pomigliano d'Arco Area ASI,40.92086999979741,14.38946000008823,110.0,11.3,27.42,11.1,0.68
2162896,Pomigliano d'Arco Area ASI,40.92086999979741,14.38946000008823,190.0,38.08,15.57,9.63,0.77
2162896,Pomigliano d'Arco Area ASI,40.92086999979741,14.38946000008823,220.0,32.97,23.12,18.24,0.65
2162896,Pomigliano d'Arco Area ASI,40.92086999979741,14.38946000008823,390.0,45.69,41.63,20.89,0.84
2162896,Pomigliano d'Arco Area ASI,40.92086999979741,14.38946000008823,510.0,56.64,56.71,29.6,1.45
2162896,Pomigliano d'Arco Area ASI,40.92086999979741,14.38946000008823,530.0,50.13,65.31,34.88,0.39
2162896,Pomigliano d'Arco Area ASI,40.92086999979741,14.38946000008823,1110.0,52.93,60.29,34.75,0.92
2162896,Pomigliano d'Arco Area ASI,40.92086999979741,14.38946000008823,990.0,40.96,90.43,57.44,0.21
2162896,Pomigliano d'Arco Area ASI,40.92086999979741,14.38946000008823,880.0,36.72,105.67,70.49,0.9
2162896,Pomigliano d'Arco Area ASI,40.92086999979741,14.38946000008823,920.0,34.93,85.62,58.01,1.85
2162896,Pomigliano d'Arco Area ASI,40.92086999979741,14.38946000008823,860.0,31.89,80.73,46.85,1.12
2162896,Pomigliano d'Arco Area ASI,40.92086999979741,14.38946000008823,740.0,25.37,76.76,49.44,0.82
2162896,Pomigliano d'Arco Area ASI,40.92086999979741,14.38946000008823,660.0,25.06,68.24,49.88,0.57
2162896,Pomigliano d'Arco Area ASI,40.92086999979741,14.38946000008823,660.0,22.89,55.82,44.87,1.52
2162896,Pomigliano d'Arco Area ASI,40.92086999979741,14.38946000008823,650.0,24.63,53.67,34.13,1.73
2162896,Pomigliano d'Arco Area ASI,40.92086999979741,14.38946000008823,650.0,21.69,55.65,33.09,2.26
2162896,Pomigliano d'Arco Area ASI,40.92086999979741,14.38946000008823,700.0,37.94,77.51,35.76,1.69
2162896,Pomigliano d'Arco Area ASI,40.92086999979741,14.38946000008823,600.0,53.42,87.29,43.32,1.89
2162896,Pomigliano d'Arco Area ASI,40.92086999979741,14.38946000008823,340.0,28.09,75.04,41.07,0.41
2162896,Pomigliano d'Arco Area ASI,40.92086999979741,14.38946000008823,,10.05,43.27,21.93,1.31
2162896,Pomigliano d'Arco Area ASI,40.92086999979741,14.38946000008823,160.0,,14.93,8.3,1.76
2162896,Pomigliano d'Arco Area ASI,40.92086999979741,14.38946000008823,140.0,7.07,10.61,5.1,2.06
2162896,Pomigliano d'Arco Area ASI,40.92086999979741,14.38946000008823,130.0,6.33,10.13,1.85,
2162896,Pomigliano d'Arco Area ASI,40.92086999979741,14.38946000008823,140.0,9.48,3.49,0.07,1.94
2162896,Pomigliano d'Arco Area ASI,40.92086999979741,14.38946000008823,150.0,11.35,11.57,5.81,1.88
2162896,Pomigliano d'Arco Area ASI,40.92086999979741,14.38946000008823,170.0,15.14,18.19,10.54,2.17
2162896,Pomigliano d'Arco Area ASI,40.92086999979741,14.38946000008823,320.0,33.83,27.32,11.1,1.77
2162896,Pomigliano d'Arco Area ASI,40.92086999979741,14.38946000008823,430.0,47.67,26.66,13.74,1.58
2162896,Pomigliano d'Arco Area ASI,40.92086999979741,14.38946000008823,410.0,35.29,32.42,20.1,2.37
2162896,Pomigliano d'Arco Area ASI,40.92086999979741,14.38946000008823,320.0,21.05,32.75,23.96,2.05
2162896,Pomigliano d'Arco Area ASI,40.92086999979741,14.38946000008823,250.0,13.32,22.2,18.77,1.41
2162896,Pomigliano d'Arco Area ASI,40.92086999979741,14.38946000008823,190.0,8.21,20.83,13.21,1.43
2162896,Pomigliano d'Arco Area ASI,40.92086999979741,14.38946000008823,170.0,6.96,15.89,10.33,1.79
2162896,Pomigliano d'Arco Area ASI,40.92086999979741,14.38946000008823,160.0,5.63,18.23,6.73,1.3
2162896,Pomigliano d'Arco Area ASI,40.92086999979741,14.38946000008823,150.0,4.95,16.74,7.37,2.58
2162896,Pomigliano d'Arco Area ASI,40.92086999979741,14.38946000008823,160.0,4.81,13.34,8.51,3.57
2162896,Pomigliano d'Arco Area ASI,40.92086999979741,14.38946000008823,160.0,5.14,14.77,9.5,1.99
2162896,Pomigliano d'Arco Area ASI,40.92086999979741,14.38946000008823,170.0,5.77,10.89,8.52,2.58
2162896,Pomigliano d'Arco Area ASI,40.92086999979741,14.38946000008823,170.0,7.53,18.08,10.87,3.07
2162896,Pomigliano d'Arco Area ASI,40.92086999979741,14.38946000008823,200.0,10.51,15.39,13.1,2.72
2162896,Pomigliano d'Arco Area ASI,40.92086999979741,14.38946000008823,200.0,10.97,21.52,12.11,2.99
2162896,Pomigliano d'Arco Area ASI,40.92086999979741,14.38946000008823,190.0,8.58,27.28,13.13,2.94
2162896,Pomigliano d'Arco Area ASI,40.92086999979741,14.38946000008823,,6.59,34.69,19.52,4.38
2162896,Pomigliano d'Arco Area ASI,40.92086999979741,14.38946000008823,160.0,,66.19,40.12,2.59
2162896,Pomigliano d'Arco Area ASI,40.92086999979741,14.38946000008823,150.0,5.21,57.92,34.15,2.65
2162896,Pomigliano d'Arco Area ASI,40.92086999979741,14.38946000008823,160.0,5.97,34.25,20.48,
2162896,Pomigliano d'Arco Area ASI,40.92086999979741,14.38946000008823,160.0,6.21,30.22,22.04,3.08
2162896,Pomigliano d'Arco Area ASI,40.92086999979741,14.38946000008823,170.0,7.09,23.68,19.15,3.2
2162896,Pomigliano d'Arco Area ASI,40.92086999979741,14.38946000008823,180.0,7.98,26.76,11.85,3.54
2162896,Pomigliano d'Arco Area ASI,40.92086999979741,14.38946000008823,180.0,8.26,27.09,14.26,3.5
2162896,Pomigliano d'Arco Area ASI,40.92086999979741,14.38946000008823,180.0,8.06,27.05,17.36,4.09
2162896,Pomigliano d'Arco Area ASI,40.92086999979741,14.38946000008823,190.0,7.38,23.91,11.65,2.97
2162896,Pomigliano d'Arco Area ASI,40.92086999979741,14.38946000008823,200.0,7.32,22.63,7.59,4.38
2162896,Pomigliano d'Arco Area ASI,40.92086999979741,14.38946000008823,200.0,6.51,24.35,12.57,3.28
2162896,Pomigliano d'Arco Area ASI,40.92086999979741,14.38946000008823,190.0,5.68,24.28,10.54,3.97
2162896,Pomigliano d'Arco Area ASI,40.92086999979741,14.38946000008823,180.0,5.01,27.65,8.82,2.59
2162896,Pomigliano d'Arco Area ASI,40.92086999979741,14.38946000008823,170.0,4.56,24.7,5.79,4.68
2162896,Pomigliano d'Arco Area ASI,40.92086999979741,14.38946000008823,170.0,7.21,14.99,7.08,3.01
2162896,Pomigliano d'Arco Area ASI,40.92086999979741,14.38946000008823,180.0,8.51,12.04,7.13,3.29
2162896,Pomigliano d'Arco Area ASI,40.92086999979741,14.38946000008823,190.0,8.25,12.03,5.54,2.92
2162896,Pomigliano d'Arco Area ASI,40.92086999979741,14.38946000008823,190.0,8.09,11.31,4.17,3.4
2162896,Pomigliano d'Arco Area ASI,40.92086999979741,14.38946000008823,210.0,11.74,7.27,3.09,3.26
2162896,Pomigliano d'Arco Area ASI,40.92086999979741,14.38946000008823,240.0,19.88,3.8,2.71,2.7
2162896,Pomigliano d'Arco Area ASI,40.92086999979741,14.38946000008823,260.0,14.25,4.64,1.06,3.78
2162896,Pomigliano d'Arco Area ASI,40.92086999979741,14.38946000008823,280.0,28.45,6.92,0.07,2.22
2162896,Pomigliano d'Arco Area ASI,40.92086999979741,14.38946000008823,,17.26,12.29,0.1,0.63
2162896,Pomigliano d'Arco Area ASI,40.92086999979741,14.38946000008823,220.0,,13.88,5.75,1.07
2162896,Pomigliano d'Arco Area ASI,40.92086999979741,14.38946000008823,200.0,10.87,19.61,10.69,2.33
2162896,Pomigliano d'Arco Area ASI,40.92086999979741,14.38946000008823,170.0,6.44,16.83,11.13,
2162896,Pomigliano d'Arco Area ASI,40.92086999979741,14.38946000008823,150.0,4.86,8.25,4.05,3.02
2162896,Pomigliano d'Arco Area ASI,40.92086999979741,14.38946000008823,150.0,4.87,2.14,1.73,3.62
2162896,Pomigliano d'Arco Area ASI,40.92086999979741,14.38946000008823,160.0,5.0,0.97,1.41,3.81
2162896,Pomigliano d'Arco Area ASI,40.92086999979741,14.38946000008823,160.0,5.76,5.63,6.64,3.38
2162896,Pomigliano d'Arco Area ASI,40.92086999979741,14.38946000008823,200.0,9.29,14.7,6.32,3.28
2162896,Pomigliano d'Arco Area ASI,40.92086999979741,14.38946000008823,280.0,22.7,6.73,8.26,3.17
2162896,Pomigliano d'Arco Area ASI,40.92086999979741,14.38946000008823,380.0,25.11,18.27,11.6,3.03
2162896,Pomigliano d'Arco Area ASI,40.92086999979741,14.38946000008823,570.0,47.12,25.58,15.1,2.98
2162896,Pomigliano d'Arco Area ASI,40.92086999979741,14.38946000008823,760.0,45.73,43.78,23.05,4.09
2162896,Pomigliano d'Arco Area ASI,40.92086999979741,14.38946000008823,1150.0,41.09,54.96,34.38,3.39
2162896,Pomigliano d'Arco Area ASI,40.92086999979741,14.38946000008823,1100.0,36.44,86.23,57.86,3.49
2162896,Pomigliano d'Arco Area ASI,40.92086999979741,14.38946000008823,1100.0,40.27,87.95,63.32,3.84
2162896,Pomigliano d'Arco Area ASI,40.92086999979741,14.38946000008823,1190.0,39.11,91.61,53.35,3.97
2162896,Pomigliano d'Arco Area ASI,40.92086999979741,14.38946000008823,1080.0,33.17,83.77,58.93,4.08
2162896,Pomigliano d'Arco Area ASI,40.92086999979741,14.38946000008823,890.0,33.02,79.97,56.6,4.87
2162896,Pomigliano d'Arco Area ASI,40.92086999979741,14.38946000008823,640.0,24.17,63.03,52.15,4.54
2162896,Pomigliano d'Arco Area ASI,40.92086999979741,14.38946000008823,390.0,13.37,49.39,41.01,4.33
2162896,Pomigliano d'Arco Area ASI,40.92086999979741,14.38946000008823,350.0,12.41,27.28,22.5,2.42
2162896,Pomigliano d'Arco Area ASI,40.92086999979741,14.38946000008823,320.0,14.48,15.23,8.66,4.65
2162896,Pomigliano d'Arco Area ASI,40.92086999979741,14.38946000008823,,13.02,15.36,1.75,4.08
2162896,Pomigliano d'Arco Area ASI,40.92086999979741,14.38946000008823,270.0,,12.67,3.44,4.22
2162896,Pomigliano d'Arco Area ASI,40.92086999979741,14.38946000008823,250.0,11.31,7.53,7.82,3.82
2162896,Pomigliano d'Arco Area ASI,40.92086999979741,14.38946000008823,230.0,8.22,4.9,9.64,
2162896,Pomigliano d'Arco Area ASI,40.92086999979741,14.38946000008823,200.0,6.3,5.02,3.54,5.23
2162896,Pomigliano d'Arco Area ASI,40.92086999979741,14.38946000008823,170.0,4.51,5.18,0.07,4.29
2162896,Pomigliano d'Arco Area ASI,40.92086999979741,14.38946000008823,180.0,4.76,2.09,0.07,4.25
2162896,Pomigliano d'Arco Area ASI,40.92086999979741,14.38946000008823,170.0,4.02,0.32,0.08,4.66
2162896,Pomigliano d'Arco Area ASI,40.92086999979741,14.38946000008823,170.0,8.06,1.61,1.32,4.27
2162896,Pomigliano d'Arco Area ASI,40.92086999979741,14.38946000008823,210.0,9.06,6.06,1.89,4.42
2162896,Pomigliano d'Arco Area ASI,40.92086999979741,14.38946000008823,240.0,11.01,20.29,8.97,4.21
2162896,Pomigliano d'Arco Area ASI,40.92086999979741,14.38946000008823,500.0,28.56,26.52,11.66,4.19
2162896,Pomigliano d'Arco Area ASI,40.92086999979741,14.38946000008823,440.0,25.0,35.87,19.32,4.65
2162896,Pomigliano d'Arco Area ASI,40.92086999979741,14.38946000008823,540.0,44.1,40.13,24.25,3.98
2162896,Pomigliano d'Arco Area ASI,40.92086999979741,14.38946000008823,540.0,39.59,33.34,20.63,4.6
2162896,Pomigliano d'Arco Area ASI,40.92086999979741,14.38946000008823,480.0,36.95,39.31,21.94,5.33
2162896,Pomigliano d'Arco Area ASI,40.92086999979741,14.38946000008823,570.0,36.69,38.57,20.88,5.14
2162896,Pomigliano d'Arco Area ASI,40.92086999979741,14.38946000008823,650.0,30.46,47.25,24.31,4.6
2162896,Pomigliano d'Arco Area ASI,40.92086999979741,14.38946000008823,730.0,24.15,43.34,26.43,5.06
2162896,Pomigliano d'Arco Area ASI,40.92086999979741,14.38946000008823,730.0,26.24,48.42,28.74,5.17
2162896,Pomigliano d'Arco Area ASI,40.92086999979741,14.38946000008823,670.0,23.04,48.69,31.61,5.03
2162896,Pomigliano d'Arco Area ASI,40.92086999979741,14.38946000008823,550.0,26.06,45.33,33.38,5.11
2162896,Pomigliano d'Arco Area ASI,40.92086999979741,14.38946000008823,520.0,23.97,38.48,24.25,4.97
2162896,Pomigliano d'Arco Area ASI,40.92086999979741,14.38946000008823,,24.94,31.07,17.76,5.03
2162896,Pomigliano d'Arco Area ASI,40.92086999979741,14.38946000008823,580.0,,38.45,17.21,5.76
2162896,Pomigliano d'Arco Area ASI,40.92086999979741,14.38946000008823,580.0,47.69,41.19,19.48,4.48
2162896,Pomigliano d'Arco Area ASI,40.92086999979741,14.38946000008823,470.0,38.24,41.72,22.44,
2162896,Pomigliano d'Arco Area ASI,40.92086999979741,14.38946000008823,320.0,22.57,35.88,20.31,4.88
2162896,Pomigliano d'Arco Area ASI,40.92086999979741,14.38946000008823,230.0,9.27,18.64,11.43,3.76
2162896,Pomigliano d'Arco Area ASI,40.92086999979741,14.38946000008823,210.0,8.17,7.1,2.83,3.95
2162896,Pomigliano d'Arco Area ASI,40.92086999979741,14.38946000008823,200.0,6.88,2.05,0.07,4.26
2162896,Pomigliano d'Arco Area ASI,40.92086999979741,14.38946000008823,190.0,8.18,4.02,0.07,4.98
2162896,Pomigliano d'Arco Area ASI,40.92086999979741,14.38946000008823,200.0,10.55,14.52,3.66,4.33
2162896,Pomigliano d'Arco Area ASI,40.92086999979741,14.38946000008823,210.0,12.19,13.34,5.62,3.72
2162896,Pomigliano d'Arco Area ASI,40.92086999979741,14.38946000008823,270.0,17.56,13.02,3.24,4.54
2162896,Pomigliano d'Arco Area ASI,40.92086999979741,14.38946000008823,260.0,16.55,12.54,1.9,4.75
2162896,Pomigliano d'Arco Area ASI,40.92086999979741,14.38946000008823,320.0,19.15,14.56,4.24,4.61
2162896,Pomigliano d'Arco Area ASI,40.92086999979741,14.38946000008823,310.0,14.9,17.35,10.78,4.24
2162896,Pomigliano d'Arco Area ASI,40.92086999979741,14.38946000008823,390.0,23.48,19.03,13.55,3.7
2162896,Pomigliano d'Arco Area ASI,40.92086999979741,14.38946000008823,280.0,12.43,24.88,14.16,3.7
2162896,Pomigliano d'Arco Area ASI,40.92086999979741,14.38946000008823,280.0,12.56,22.09,11.45,4.22
2162896,Pomigliano d'Arco Area ASI,40.92086999979741,14.38946000008823,370.0,21.58,16.93,8.6,4.95
2162896,Pomigliano d'Arco Area ASI,40.92086999979741,14.38946000008823,230.0,7.3,19.74,11.89,4.44
2162896,Pomigliano d'Arco Area ASI,40.92086999979741,14.38946000008823,230.0,7.07,14.43,9.11,4.48
2162896,Pomigliano d'Arco Area ASI,40.92086999979741,14.38946000008823,340.0,20.64,7.47,3.35,4.52
2162896,Pomigliano d'Arco Area ASI,40.92086999979741,14.38946000008823,360.0,24.46,12.51,7.92,5.04
2162896,Pomigliano d'Arco Area ASI,40.92086999979741,14.38946000008823,,21.83,22.75,12.84,4.63
2162896,Pomigliano d'Arco Area ASI,40.92086999979741,14.38946000008823,460.0,,31.43,18.81,5.43
2162896,Pomigliano d'Arco Area ASI,40.92086999979741,14.38946000008823,390.0,38.66,46.6,23.27,5.34
2162896,Pomigliano d'Arco Area ASI,40.92086999979741,14.38946000008823,320.0,33.43,37.76,16.03,
2162896,Pomigliano d'Arco Area ASI,40.92086999979741,14.38946000008823,250.0,18.89,27.55,12.58,4.28
2162896,Pomigliano d'Arco Area ASI,40.92086999979741,14.38946000008823,210.0,12.34,14.05,9.23,3.72
2162896,Pomigliano d'Arco Area ASI,40.92086999979741,14.38946000008823,190.0,7.47,10.71,8.31,3.95
2162896,Pomigliano d'Arco Area ASI,40.92086999979741,14.38946000008823,190.0,9.84,12.26,3.47,4.66
2162896,Pomigliano d'Arco Area ASI,40.92086999979741,14.38946000008823,190.0,7.6,20.62,1.0,4.87
2162896,Pomigliano d'Arco Area ASI,40.92086999979741,14.38946000008823,200.0,12.93,50.39,16.61,5.26
2162896,Pomigliano d'Arco Area ASI,40.92086999979741,14.38946000008823,210.0,16.53,80.14,32.42,4.44
2162896,Pomigliano d'Arco Area ASI,40.92086999979741,14.38946000008823,230.0,16.31,100.4,37.09,4.86
2162896,Pomigliano d'Arco Area ASI,40.92086999979741,14.38946000008823,300.0,22.58,114.08,44.33,5.4
2162896,Pomigliano d'Arco Area ASI,40.92086999979741,14.38946000008823,300.0,20.08,130.99,47.63,5.05
2162896,Pomigliano d'Arco Area ASI,40.92086999979741,14.38946000008823,270.0,12.22,134.85,49.41,5.03
2162896,Pomigliano d'Arco Area ASI,40.92086999979741,14.38946000008823,270.0,10.14,122.76,39.4,5.05
2162896,Pomigliano d'Arco Area ASI,40.92086999979741,14.38946000008823,260.0,7.52,107.62,32.91,5.27
2162896,Pomigliano d'Arco Area ASI,40.92086999979741,14.38946000008823,270.0,9.16,104.15,32.86,4.75
2162896,Pomigliano d'Arco Area ASI,40.92086999979741,14.38946000008823,280.0,11.48,102.08,36.62,5.29
2162896,Pomigliano d'Arco Area ASI,40.92086999979741,14.38946000008823,310.0,18.44,97.06,33.35,5.17
2162896,Pomigliano d'Arco Area ASI,40.92086999979741,14.38946000008823,260.0,8.9,89.71,30.19,3.81
2162896,Pomigliano d'Arco Area ASI,40.92086999979741,14.38946000008823,260.0,9.12,82.5,28.36,3.26
2162896,Pomigliano d'Arco Area ASI,40.92086999979741,14.38946000008823,230.0,6.92,72.19,24.47,4.79
2162896,Pomigliano d'Arco Area ASI,40.92086999979741,14.38946000008823,,9.06,62.26,20.71,4.18
2162896,Pomigliano d'Arco Area ASI,40.92086999979741,14.38946000008823,250.0,,49.51,15.98,5.48
2162896,Pomigliano d'Arco Area ASI,40.92086999979741,14.38946000008823,320.0,42.74,41.24,15.81,1.18
2162896,Pomigliano d'Arco Area ASI,40.92086999979741,14.38946000008823,380.0,47.93,48.4,19.28,
2162896,Pomigliano d'Arco Area ASI,40.92086999979741,14.38946000008823,,,71.84,20.97,
2162896,Pomigliano d'Arco Area ASI,40.92086999979741,14.38946000008823,,,5.84,1.5,
2162896,Pomigliano d'Arco Area ASI,40.92086999979741,14.38946000008823,,,0.34,0.09,
2162896,Pomigliano d'Arco Area ASI,40.92086999979741,14.38946000008823,,,0.34,0.1,
2162896,Pomigliano d'Arco Area ASI,40.92086999979741,14.38946000008823,,,0.34,0.09,
2162896,Pomigliano d'Arco Area ASI,40.92086999979741,14.38946000008823,90.0,7.43,0.34,0.09,0.0
2162896,Pomigliano d'Arco Area ASI,40.92086999979741,14.38946000008823,90.0,10.16,0.34,0.09,0.0
2162896,Pomigliano d'Arco Area ASI,40.92086999979741,14.38946000008823,160.0,15.4,0.34,0.09,0.68
2162896,Pomigliano d'Arco Area ASI,40.92086999979741,14.38946000008823,190.0,13.62,0.34,0.09,2.91
2162896,Pomigliano d'Arco Area ASI,40.92086999979741,14.38946000008823,220.0,18.46,0.34,0.08,3.23
2162896,Pomigliano d'Arco Area ASI,40.92086999979741,14.38946000008823,210.0,11.22,24.54,11.18,5.04
2162896,Pomigliano d'Arco Area ASI,40.92086999979741,14.38946000008823,280.0,16.06,35.07,22.09,5.3
2162896,Pomigliano d'Arco Area ASI,40.92086999979741,14.38946000008823,300.0,15.21,37.78,23.0,6.28
2162896,Pomigliano d'Arco Area ASI,40.92086999979741,14.38946000008823,290.0,14.55,34.0,17.66,6.26
2162896,Pomigliano d'Arco Area ASI,40.92086999979741,14.38946000008823,200.0,5.42,22.83,8.24,6.12
2162896,Pomigliano d'Arco Area ASI,40.92086999979741,14.38946000008823,400.0,34.79,69.28,26.4,27.59
2162896,Pomigliano d'Arco Area ASI,40.92086999979741,14.38946000008823,420.0,39.07,62.75,26.7,29.19
2162896,Pomigliano d'Arco Area ASI,40.92086999979741,14.38946000008823,490.0,38.49,50.94,25.75,28.98
2162896,Pomigliano d'Arco Area ASI,40.92086999979741,14.38946000008823,610.0,57.98,56.1,26.3,29.14
2162896,Pomigliano d'Arco Area ASI,40.92086999979741,14.38946000008823,750.0,45.38,67.23,34.14,29.56
2162896,Pomigliano d'Arco Area ASI,40.92086999979741,14.38946000008823,720.0,38.78,81.21,39.57,29.36
2162896,Pomigliano d'Arco Area ASI,40.92086999979741,14.38946000008823,430.0,23.8,81.89,40.69,29.66
2162896,Pomigliano d'Arco Area ASI,40.92086999979741,14.38946000008823,200.0,11.24,67.75,31.87,28.89
2162896,Pomigliano d'Arco Area ASI,40.92086999979741,14.38946000008823,160.0,11.63,42.22,18.3,29.53
2162896,Pomigliano d'Arco Area ASI,40.92086999979741,14.38946000008823,150.0,10.73,17.9,7.03,28.77
2162896,Pomigliano d'Arco Area ASI,40.92086999979741,14.38946000008823,170.0,17.47,3.89,3.94,28.92
2162896,Pomigliano d'Arco Area ASI,40.92086999979741,14.38946000008823,220.0,24.98,3.68,3.57,29.11
2162896,Pomigliano d'Arco Area ASI,40.92086999979741,14.38946000008823,240.0,28.06,11.01,5.92,28.95
2162896,Pomigliano d'Arco Area ASI,40.92086999979741,14.38946000008823,230.0,28.18,14.31,5.13,29.2
2162896,Pomigliano d'Arco Area ASI,40.92086999979741,14.38946000008823,250.0,31.46,7.62,2.81,29.45
2162896,Pomigliano d'Arco Area ASI,40.92086999979741,14.38946000008823,230.0,27.51,5.6,1.0,29.02
2162896,Pomigliano d'Arco Area ASI,40.92086999979741,14.38946000008823,170.0,8.88,2.79,0.16,29.13
2162896,Pomigliano d'Arco Area ASI,40.92086999979741,14.38946000008823,,,5.89,1.38,
2162896,Pomigliano d'Arco Area ASI,40.92086999979741,14.38946000008823,,,7.3,2.45,
2162896,Pomigliano d'Arco Area ASI,40.92086999979741,14.38946000008823,210.0,16.14,1.24,0.29,2.12
2162896,Pomigliano d'Arco Area ASI,40.92086999979741,14.38946000008823,250.0,22.53,0.34,0.09,
2162896,Pomigliano d'Arco Area ASI,40.92086999979741,14.38946000008823,310.0,41.98,0.34,0.09,1.79
2162896,Pomigliano d'Arco Area ASI,40.92086999979741,14.38946000008823,530.0,60.06,3.07,6.39,1.87
2162896,Pomigliano d'Arco Area ASI,40.92086999979741,14.38946000008823,600.0,54.88,2.4,12.97,1.79
2162896,Pomigliano d'Arco Area ASI,40.92086999979741,14.38946000008823,850.0,55.5,3.86,21.2,2.5
2162896,Pomigliano d'Arco Area ASI,40.92086999979741,14.38946000008823,1160.0,48.71,12.72,24.71,2.25
2162896,Pomigliano d'Arco Area ASI,40.92086999979741,14.38946000008823,1180.0,44.99,23.01,42.05,2.44
2162896,Pomigliano d'Arco Area ASI,40.92086999979741,14.38946000008823,1030.0,40.67,22.55,45.74,2.09
2162896,Pomigliano d'Arco Area ASI,40.92086999979741,14.38946000008823,840.0,43.95,16.65,40.86,2.04
2162896,Pomigliano d'Arco Area ASI,40.92086999979741,14.38946000008823,880.0,40.71,13.79,31.77,2.23
2162896,Pomigliano d'Arco Area ASI,40.92086999979741,14.38946000008823,880.0,30.89,13.98,31.65,1.76
2162896,Pomigliano d'Arco Area ASI,40.92086999979741,14.38946000008823,940.0,27.99,10.82,32.1,2.15
2162896,Pomigliano d'Arco Area ASI,40.92086999979741,14.38946000008823,920.0,26.55,13.04,29.62,1.7
2162896,Pomigliano d'Arco Area ASI,40.92086999979741,14.38946000008823,800.0,32.6,10.58,28.87,1.89
2162896,Pomigliano d'Arco Area ASI,40.92086999979741,14.38946000008823,620.0,34.01,12.47,27.45,1.51
2162896,Pomigliano d'Arco Area ASI,40.92086999979741,14.38946000008823,520.0,40.85,5.43,20.73,1.97
2162896,Pomigliano d'Arco Area ASI,40.92086999979741,14.38946000008823,460.0,37.1,4.58,16.73,1.72
2162896,Pomigliano d'Arco Area ASI,40.92086999979741,14.38946000008823,420.0,36.5,2.63,11.21,2.17
2162896,Pomigliano d'Arco Area ASI,40.92086999979741,14.38946000008823,310.0,24.2,5.31,12.04,1.61
2162896,Pomigliano d'Arco Area ASI,40.92086999979741,14.38946000008823,210.0,14.33,3.03,10.24,0.81
2162896,Pomigliano d'Arco Area ASI,40.92086999979741,14.38946000008823,,8.73,2.36,5.46,1.56
2162896,Pomigliano d'Arco Area ASI,40.92086999979741,14.38946000008823,230.0,,8.73,3.63,1.63
2162896,Pomigliano d'Arco Area ASI,40.92086999979741,14.38946000008823,220.0,5.6,7.06,1.5,0.62
2162896,Pomigliano d'Arco Area ASI,40.92086999979741,14.38946000008823,210.0,6.17,2.23,1.47,
2162896,Pomigliano d'Arco Area ASI,40.92086999979741,14.38946000008823,230.0,7.88,1.47,4.49,1.15
2162896,Pomigliano d'Arco Area ASI,40.92086999979741,14.38946000008823,360.0,20.84,5.41,5.09,0.96
2162896,Pomigliano d'Arco Area ASI,40.92086999979741,14.38946000008823,550.0,52.31,5.22,13.01,1.11
2162896,Pomigliano d'Arco Area ASI,40.92086999979741,14.38946000008823,610.0,54.01,15.3,19.77,1.01
2162896,Pomigliano d'Arco Area ASI,40.92086999979741,14.38946000008823,980.0,51.03,15.43,21.14,0.86
2162896,Pomigliano d'Arco Area ASI,40.92086999979741,14.38946000008823,1210.0,54.61,19.32,25.81,1.2
2162896,Pomigliano d'Arco Area ASI,40.92086999979741,14.38946000008823,1030.0,47.12,24.2,45.34,1.15
2162896,Pomigliano d'Arco Area ASI,40.92086999979741,14.38946000008823,1010.0,46.13,20.25,48.94,0.95
2162896,Pomigliano d'Arco Area ASI,40.92086999979741,14.38946000008823,740.0,36.03,17.71,44.96,1.47
2162896,Pomigliano d'Arco Area ASI,40.92086999979741,14.38946000008823,570.0,25.74,15.91,33.98,1.48
2162896,Pomigliano d'Arco Area ASI,40.92086999979741,14.38946000008823,450.0,18.55,10.38,23.6,1.44
2162896,Pomigliano d'Arco Area ASI,40.92086999979741,14.38946000008823,390.0,16.19,4.38,22.35,1.12
2162896,Pomigliano d'Arco Area ASI,40.92086999979741,14.38946000008823,310.0,13.08,7.72,18.34,1.31
2162896,Pomigliano d'Arco Area ASI,40.92086999979741,14.38946000008823,280.0,12.24,6.98,12.84,1.44
2162896,Pomigliano d'Arco Area ASI,40.92086999979741,14.38946000008823,330.0,21.64,13.62,4.69,1.41
2162896,Pomigliano d'Arco Area ASI,40.92086999979741,14.38946000008823,260.0,16.12,11.65,6.31,1.35
2162896,Pomigliano d'Arco Area ASI,40.92086999979741,14.38946000008823,240.0,11.7,4.34,3.26,1.16
2162896,Pomigliano d'Arco Area ASI,40.92086999979741,14.38946000008823,220.0,6.99,2.03,3.68,0.87
2162896,Pomigliano d'Arco Area ASI,40.92086999979741,14.38946000008823,200.0,7.06,0.88,2.02,1.93
2162896,Pomigliano d'Arco Area ASI,40.92086999979741,14.38946000008823,,6.78,3.11,3.31,1.24
2162896,Pomigliano d'Arco Area ASI,40.92086999979741,14.38946000008823,180.0,,1.83,1.82,1.54
2162896,Pomigliano d'Arco Area ASI,40.92086999979741,14.38946000008823,180.0,5.77,4.55,2.51,1.22
2162896,Pomigliano d'Arco Area ASI,40.92086999979741,14.38946000008823,180.0,5.15,2.61,1.39,
2162896,Pomigliano d'Arco Area ASI,40.92086999979741,14.38946000008823,190.0,6.53,3.25,0.09,1.51
2162896,Pomigliano d'Arco Area ASI,40.92086999979741,14.38946000008823,240.0,12.56,2.02,1.66,1.53
2162896,Pomigliano d'Arco Area ASI,40.92086999979741,14.38946000008823,320.0,22.05,5.9,5.76,1.62
2162896,Pomigliano d'Arco Area ASI,40.92086999979741,14.38946000008823,380.0,29.1,11.92,12.9,2.0
2162896,Pomigliano d'Arco Area ASI,40.92086999979741,14.38946000008823,360.0,22.34,10.82,18.77,2.05
2162896,Pomigliano d'Arco Area ASI,40.92086999979741,14.38946000008823,510.0,39.46,12.03,19.39,1.59
2162896,Pomigliano d'Arco Area ASI,40.92086999979741,14.38946000008823,360.0,22.09,5.21,16.19,1.65
2162896,Pomigliano d'Arco Area ASI,40.92086999979741,14.38946000008823,210.0,7.07,12.22,16.34,1.87
2162896,Pomigliano d'Arco Area ASI,40.92086999979741,14.38946000008823,200.0,6.56,6.88,18.09,1.45
2162896,Pomigliano d'Arco Area ASI,40.92086999979741,14.38946000008823,210.0,7.07,0.45,6.55,1.58
2162896,Pomigliano d'Arco Area ASI,40.92086999979741,14.38946000008823,200.0,7.98,0.34,0.09,1.48
2162896,Pomigliano d'Arco Area ASI,40.92086999979741,14.38946000008823,210.0,6.17,0.34,0.09,1.53
2162896,Pomigliano d'Arco Area ASI,40.92086999979741,14.38946000008823,220.0,7.45,7.95,4.66,1.84
2162896,Pomigliano d'Arco Area ASI,40.92086999979741,14.38946000008823,210.0,7.38,15.48,4.26,1.86
2162896,Pomigliano d'Arco Area ASI,40.92086999979741,14.38946000008823,200.0,11.42,9.36,3.05,1.84
2162896,Pomigliano d'Arco Area ASI,40.92086999979741,14.38946000008823,250.0,31.44,2.0,1.18,1.43
2162896,Pomigliano d'Arco Area ASI,40.92086999979741,14.38946000008823,270.0,28.66,0.34,2.34,1.9
2162896,Pomigliano d'Arco Area ASI,40.92086999979741,14.38946000008823,290.0,39.87,0.34,1.3,1.26
2162896,Pomigliano d'Arco Area ASI,40.92086999979741,14.38946000008823,250.0,19.67,0.55,4.46,1.85
2162896,Pomigliano d'Arco Area ASI,40.92086999979741,14.38946000008823,,,7.18,2.91,2.32
2162896,Pomigliano d'Arco Area ASI,40.92086999979741,14.38946000008823,200.0,,5.72,0.66,0.8
2162896,Pomigliano d'Arco Area ASI,40.92086999979741,14.38946000008823,210.0,,0.34,0.09,1.58
2162896,Pomigliano d'Arco Area ASI,40.92086999979741,14.38946000008823,230.0,,0.34,0.09,
2162896,Pomigliano d'Arco Area ASI,40.92086999979741,14.38946000008823,210.0,,22.08,5.3,1.19
2162896,Pomigliano d'Arco Area ASI,40.92086999979741,14.38946000008823,260.0,26.69,18.39,2.98,1.1
2162896,Pomigliano d'Arco Area ASI,40.92086999979741,14.38946000008823,310.0,24.24,16.86,1.38,1.61
2162896,Pomigliano d'Arco Area ASI,40.92086999979741,14.38946000008823,400.0,34.47,20.53,5.75,1.15
2162896,Pomigliano d'Arco Area ASI,40.92086999979741,14.38946000008823,490.0,46.53,29.25,13.62,1.35
2162896,Pomigliano d'Arco Area ASI,40.92086999979741,14.38946000008823,680.0,51.16,44.61,20.42,1.41
2162896,Pomigliano d'Arco Area ASI,40.92086999979741,14.38946000008823,800.0,52.41,46.6,26.83,1.53
2162896,Pomigliano d'Arco Area ASI,40.92086999979741,14.38946000008823,880.0,37.52,69.46,38.2,1.6
2162896,Pomigliano d'Arco Area ASI,40.92086999979741,14.38946000008823,860.0,27.98,83.92,51.83,1.35
2162896,Pomigliano d'Arco Area ASI,40.92086999979741,14.38946000008823,970.0,30.66,82.22,51.36,1.75
2162896,Pomigliano d'Arco Area ASI,40.92086999979741,14.38946000008823,830.0,24.6,87.6,58.27,1.33
2162896,Pomigliano d'Arco Area ASI,40.92086999979741,14.38946000008823,710.0,25.22,75.79,48.34,1.51
2162896,Pomigliano d'Arco Area ASI,40.92086999979741,14.38946000008823,650.0,25.22,61.13,36.17,1.27
2162896,Pomigliano d'Arco Area ASI,40.92086999979741,14.38946000008823,530.0,19.46,55.9,31.97,1.38
2162896,Pomigliano d'Arco Area ASI,40.92086999979741,14.38946000008823,500.0,22.2,45.62,29.4,1.36
2162896,Pomigliano d'Arco Area ASI,40.92086999979741,14.38946000008823,530.0,35.75,38.96,26.56,1.15
2162896,Pomigliano d'Arco Area ASI,40.92086999979741,14.38946000008823,490.0,37.3,34.22,27.34,1.26
2162896,Pomigliano d'Arco Area ASI,40.92086999979741,14.38946000008823,440.0,36.61,26.27,15.41,1.14
2162896,Pomigliano d'Arco Area ASI,40.92086999979741,14.38946000008823,370.0,30.1,31.18,11.72,1.16
2162896,Pomigliano d'Arco Area ASI,40.92086999979741,14.38946000008823,,19.17,37.16,12.38,0.29
2162896,Pomigliano d'Arco Area ASI,40.92086999979741,14.38946000008823,270.0,,29.3,9.31,0.95
2162896,Pomigliano d'Arco Area ASI,40.92086999979741,14.38946000008823,260.0,10.19,15.37,3.11,0.85
2162896,Pomigliano d'Arco Area ASI,40.92086999979741,14.38946000008823,250.0,9.76,3.89,0.16,
2162896,Pomigliano d'Arco Area ASI,40.92086999979741,14.38946000008823,260.0,11.02,0.34,0.09,0.2
2162896,Pomigliano d'Arco Area ASI,40.92086999979741,14.38946000008823,260.0,12.72,12.67,0.09,0.35
2162896,Pomigliano d'Arco Area ASI,40.92086999979741,14.38946000008823,290.0,18.36,17.52,0.09,0.4
2162896,Pomigliano d'Arco Area ASI,40.92086999979741,14.38946000008823,330.0,26.33,21.94,4.7,1.25
2162896,Pomigliano d'Arco Area ASI,40.92086999979741,14.38946000008823,400.0,27.47,31.58,17.03,0.45
2162896,Pomigliano d'Arco Area ASI,40.92086999979741,14.38946000008823,710.0,64.39,38.24,19.28,0.5
2162896,Pomigliano d'Arco Area ASI,40.92086999979741,14.38946000008823,880.0,66.97,51.91,23.33,0.68
2162896,Pomigliano d'Arco Area ASI,40.92086999979741,14.38946000008823,760.0,52.7,83.98,43.41,0.63
2162896,Pomigliano d'Arco Area ASI,40.92086999979741,14.38946000008823,1040.0,53.53,80.2,43.54,0.65
2162896,Pomigliano d'Arco Area ASI,40.92086999979741,14.38946000008823,990.0,42.68,101.67,57.43,0.41
2162896,Pomigliano d'Arco Area ASI,40.92086999979741,14.38946000008823,880.0,33.36,108.37,75.87,0.51
2162896,Pomigliano d'Arco Area ASI,40.92086999979741,14.38946000008823,920.0,35.86,97.87,66.31,0.75
2162896,Pomigliano d'Arco Area ASI,40.92086999979741,14.38946000008823,890.0,34.46,98.61,57.0,0.36
2162896,Pomigliano d'Arco Area ASI,40.92086999979741,14.38946000008823,520.0,20.42,92.33,39.59,0.31
2162896,Pomigliano d'Arco Area ASI,40.92086999979741,14.38946000008823,470.0,20.23,103.8,25.04,0.48
2162896,Pomigliano d'Arco Area ASI,40.92086999979741,14.38946000008823,520.0,11.1,61.98,21.62,0.8
2162896,Pomigliano d'Arco Area ASI,40.92086999979741,14.38946000008823,460.0,28.86,43.69,27.83,0.51
2162896,Pomigliano d'Arco Area ASI,40.92086999979741,14.38946000008823,630.0,28.3,16.4,10.9,0.31
2162896,Pomigliano d'Arco Area ASI,40.92086999979741,14.38946000008823,670.0,39.52,33.0,15.22,0.96
2162896,Pomigliano d'Arco Area ASI,40.92086999979741,14.38946000008823,,41.57,64.56,20.48,0.71
2162896,Pomigliano d'Arco Area ASI,40.92086999979741,14.38946000008823,300.0,,35.78,42.5,0.56
2162896,Pomigliano d'Arco Area ASI,40.92086999979741,14.38946000008823,270.0,5.88,21.3,21.05,0.24
2162896,Pomigliano d'Arco Area ASI,40.92086999979741,14.38946000008823,240.0,4.48,19.51,10.06,
2162896,Pomigliano d'Arco Area ASI,40.92086999979741,14.38946000008823,230.0,4.39,10.73,5.29,0.28
2162896,Pomigliano d'Arco Area ASI,40.92086999979741,14.38946000008823,230.0,4.1,57.62,0.09,0.3
2162896,Pomigliano d'Arco Area ASI,40.92086999979741,14.38946000008823,230.0,5.05,43.32,1.85,0.7
2162896,Pomigliano d'Arco Area ASI,40.92086999979741,14.38946000008823,250.0,6.09,26.72,1.06,0.11
2162896,Pomigliano d'Arco Area ASI,40.92086999979741,14.38946000008823,280.0,9.41,11.1,23.59,0.99
2162896,Pomigliano d'Arco Area ASI,40.92086999979741,14.38946000008823,330.0,17.04,13.89,18.39,0.31
2162896,Pomigliano d'Arco Area ASI,40.92086999979741,14.38946000008823,850.0,1.33,47.01,3.2,148.12
2162896,Pomigliano d'Arco Area ASI,40.92086999979741,14.38946000008823,440.0,4.45,30.46,2.09,21.43
2162896,Pomigliano d'Arco Area ASI,40.92086999979741,14.38946000008823,320.0,5.68,0.33,0.09,0.0
2162896,Pomigliano d'Arco Area ASI,40.92086999979741,14.38946000008823,290.0,8.3,0.34,0.54,0.0
2162896,Pomigliano d'Arco Area ASI,40.92086999979741,14.38946000008823,250.0,8.1,0.34,0.34,0.0
2162896,Pomigliano d'Arco Area ASI,40.92086999979741,14.38946000008823,250.0,14.35,10.08,4.48,0.02
2162896,Pomigliano d'Arco Area ASI,40.92086999979741,14.38946000008823,370.0,25.92,15.39,7.64,0.0
2162896,Pomigliano d'Arco Area ASI,40.92086999979741,14.38946000008823,580.0,66.1,29.53,12.65,0.0
2162896,Pomigliano d'Arco Area ASI,40.92086999979741,14.38946000008823,850.0,71.0,47.01,18.62,0.01
2162896,Pomigliano d'Arco Area ASI,40.92086999979741,14.38946000008823,850.0,54.45,62.68,39.72,0.02
2162896,Pomigliano d'Arco Area ASI,40.92086999979741,14.38946000008823,1050.0,57.15,89.35,55.54,0.18
2162896,Pomigliano d'Arco Area ASI,40.92086999979741,14.38946000008823,1150.0,50.07,107.67,61.86,0.48
2162896,Pomigliano d'Arco Area ASI,40.92086999979741,14.38946000008823,,45.16,135.8,67.29,0.51
2162896,Pomigliano d'Arco Area ASI,40.92086999979741,14.38946000008823,910.0,,122.65,70.15,0.75
2162896,Pomigliano d'Arco Area ASI,40.92086999979741,14.38946000008823,870.0,35.36,94.45,61.75,1.0
2162896,Pomigliano d'Arco Area ASI,40.92086999979741,14.38946000008823,740.0,24.56,80.28,56.93,
2162896,Pomigliano d'Arco Area ASI,40.92086999979741,14.38946000008823,650.0,21.74,67.75,50.07,1.27
2162896,Pomigliano d'Arco Area ASI,40.92086999979741,14.38946000008823,720.0,26.58,52.71,38.15,1.32
2162896,Pomigliano d'Arco Area ASI,40.92086999979741,14.38946000008823,690.0,30.69,47.0,29.34,1.46
2162896,Pomigliano d'Arco Area ASI,40.92086999979741,14.38946000008823,740.0,44.45,57.16,26.25,2.08
2162896,Pomigliano d'Arco Area ASI,40.92086999979741,14.38946000008823,580.0,51.57,74.52,25.71,1.54
2162896,Pomigliano d'Arco Area ASI,40.92086999979741,14.38946000008823,310.0,20.42,68.54,26.99,1.02
2162896,Pomigliano d'Arco Area ASI,40.92086999979741,14.38946000008823,280.0,11.43,27.07,10.28,2.18
2162896,Pomigliano d'Arco Area ASI,40.92086999979741,14.38946000008823,270.0,12.58,7.29,4.97,1.99
2162896,Pomigliano d'Arco Area ASI,40.92086999979741,14.38946000008823,270.0,14.49,3.06,2.65,1.12
2162896,Pomigliano d'Arco Area ASI,40.92086999979741,14.38946000008823,260.0,11.96,3.55,0.09,1.12
2162896,Pomigliano d'Arco Area ASI,40.92086999979741,14.38946000008823,250.0,9.69,3.25,0.09,1.67
2162896,Pomigliano d'Arco Area ASI,40.92086999979741,14.38946000008823,260.0,12.27,10.75,0.95,1.81
2162896,Pomigliano d'Arco Area ASI,40.92086999979741,14.38946000008823,270.0,17.43,23.9,4.97,1.63
2162896,Pomigliano d'Arco Area ASI,40.92086999979741,14.38946000008823,360.0,19.42,19.39,2.48,2.39
2162896,Pomigliano d'Arco Area ASI,40.92086999979741,14.38946000008823,530.0,56.64,25.66,3.09,1.95
2162896,Pomigliano d'Arco Area ASI,40.92086999979741,14.38946000008823,530.0,63.63,49.12,11.03,1.56
2162896,Pomigliano d'Arco Area ASI,40.92086999979741,14.38946000008823,510.0,53.83,66.13,20.83,2.3
2162896,Pomigliano d'Arco Area ASI,40.92086999979741,14.38946000008823,700.0,57.9,60.86,20.9,1.4
2162896,Pomigliano d'Arco Area ASI,40.92086999979741,14.38946000008823,910.0,54.7,75.86,35.84,1.93
2162896,Pomigliano d'Arco Area ASI,40.92086999979741,14.38946000008823,,50.57,87.79,50.21,2.26
2162896,Pomigliano d'Arco Area ASI,40.92086999979741,14.38946000008823,910.0,,93.51,52.35,1.5
2162896,Pomigliano d'Arco Area ASI,40.92086999979741,14.38946000008823,700.0,37.17,89.78,50.16,2.95
2162896,Pomigliano d'Arco Area ASI,40.92086999979741,14.38946000008823,580.0,25.49,69.92,40.18,
2162896,Pomigliano d'Arco Area ASI,40.92086999979741,14.38946000008823,680.0,29.29,48.66,27.03,2.65
2162896,Pomigliano d'Arco Area ASI,40.92086999979741,14.38946000008823,660.0,31.44,58.18,32.96,2.72
2162896,Pomigliano d'Arco Area ASI,40.92086999979741,14.38946000008823,560.0,25.19,66.13,44.04,2.86
2162896,Pomigliano d'Arco Area ASI,40.92086999979741,14.38946000008823,430.0,20.71,62.87,41.0,3.07
2162896,Pomigliano d'Arco Area ASI,40.92086999979741,14.38946000008823,370.0,20.5,39.14,19.12,2.58
2162896,Pomigliano d'Arco Area ASI,40.92086999979741,14.38946000008823,480.0,36.08,28.48,7.5,2.85
2162896,Pomigliano d'Arco Area ASI,40.92086999979741,14.38946000008823,470.0,38.87,27.8,12.51,2.18
2162896,Pomigliano d'Arco Area ASI,40.92086999979741,14.38946000008823,460.0,21.46,25.11,12.66,3.13
2162896,Pomigliano d'Arco Area ASI,40.92086999979741,14.38946000008823,390.0,21.62,18.51,8.16,2.48
2162896,Pomigliano d'Arco Area ASI,40.92086999979741,14.38946000008823,420.0,27.47,10.39,3.88,2.2
2162896,Pomigliano d'Arco Area ASI,40.92086999979741,14.38946000008823,470.0,27.01,7.86,2.71,2.08
2162896,Pomigliano d'Arco Area ASI,40.92086999979741,14.38946000008823,410.0,16.15,20.5,10.38,2.1
2162896,Pomigliano d'Arco Area ASI,40.92086999979741,14.38946000008823,390.0,6.0,33.16,14.52,3.13
2162896,Pomigliano d'Arco Area ASI,40.92086999979741,14.38946000008823,380.0,13.66,39.22,12.96,1.92
2162896,Pomigliano d'Arco Area ASI,40.92086999979741,14.38946000008823,400.0,15.66,34.7,12.64,2.66
2162896,Pomigliano d'Arco Area ASI,40.92086999979741,14.38946000008823,540.0,33.15,15.24,8.29,2.19
2162896,Pomigliano d'Arco Area ASI,40.92086999979741,14.38946000008823,660.0,43.67,21.64,15.55,2.99
2162896,Pomigliano d'Arco Area ASI,40.92086999979741,14.38946000008823,980.0,52.82,40.78,22.83,2.34
2162896,Pomigliano d'Arco Area ASI,40.92086999979741,14.38946000008823,1180.0,26.53,71.77,41.99,2.9
2162896,Pomigliano d'Arco Area ASI,40.92086999979741,14.38946000008823,,42.54,90.82,64.37,2.18
2162896,Pomigliano d'Arco Area ASI,40.92086999979741,14.38946000008823,1300.0,,102.89,75.15,2.76
2162896,Pomigliano d'Arco Area ASI,40.92086999979741,14.38946000008823,1370.0,32.13,106.11,74.5,2.75
2162896,Pomigliano d'Arco Area ASI,40.92086999979741,14.38946000008823,1200.0,36.61,112.81,76.78,
2162896,Pomigliano d'Arco Area ASI,40.92086999979741,14.38946000008823,1220.0,34.66,101.08,64.66,3.42
2162896,Pomigliano d'Arco Area ASI,40.92086999979741,14.38946000008823,860.0,17.26,99.4,56.23,4.03
2162896,Pomigliano d'Arco Area ASI,40.92086999979741,14.38946000008823,320.0,9.69,78.36,42.13,3.82
2162896,Pomigliano d'Arco Area ASI,40.92086999979741,14.38946000008823,290.0,7.41,38.46,15.24,3.12
2162896,Pomigliano d'Arco Area ASI,40.92086999979741,14.38946000008823,420.0,15.23,25.37,7.51,3.14
2162896,Pomigliano d'Arco Area ASI,40.92086999979741,14.38946000008823,310.0,9.21,26.34,9.59,3.08
2162896,Pomigliano d'Arco Area ASI,40.92086999979741,14.38946000008823,290.0,8.15,21.77,6.31,2.56
2162896,Pomigliano d'Arco Area ASI,40.92086999979741,14.38946000008823,290.0,8.39,25.55,5.71,3.14
2162896,Pomigliano d'Arco Area ASI,40.92086999979741,14.38946000008823,290.0,8.23,24.3,3.6,2.87
2162896,Pomigliano d'Arco Area ASI,40.92086999979741,14.38946000008823,290.0,6.72,27.62,5.02,3.07
2162896,Pomigliano d'Arco Area ASI,40.92086999979741,14.38946000008823,280.0,6.37,22.88,5.67,3.4
2162896,Pomigliano d'Arco Area ASI,40.92086999979741,14.38946000008823,270.0,5.66,21.73,5.38,2.7
2162896,Pomigliano d'Arco Area ASI,40.92086999979741,14.38946000008823,270.0,4.44,30.88,3.79,3.57
2162896,Pomigliano d'Arco Area ASI,40.92086999979741,14.38946000008823,270.0,4.73,34.87,8.39,2.52
2162896,Pomigliano d'Arco Area ASI,40.92086999979741,14.38946000008823,280.0,5.6,49.91,14.83,3.32
2162896,Pomigliano d'Arco Area ASI,40.92086999979741,14.38946000008823,310.0,7.63,57.63,13.91,3.21
2162896,Pomigliano d'Arco Area ASI,40.92086999979741,14.38946000008823,400.0,15.23,66.12,14.24,2.72
2162896,Pomigliano d'Arco Area ASI,40.92086999979741,14.38946000008823,330.0,7.16,63.15,10.84,3.18
2162896,Pomigliano d'Arco Area ASI,40.92086999979741,14.38946000008823,340.0,5.82,44.32,8.92,2.57
2162896,Pomigliano d'Arco Area ASI,40.92086999979741,14.38946000008823,,9.17,41.9,10.22,2.14
2162896,Pomigliano d'Arco Area ASI,40.92086999979741,14.38946000008823,370.0,,44.47,9.12,3.42
2162896,Pomigliano d'Arco Area ASI,40.92086999979741,14.38946000008823,410.0,14.84,40.88,8.4,2.84
2162896,Pomigliano d'Arco Area ASI,40.92086999979741,14.38946000008823,370.0,13.43,43.0,6.63,
2162896,Pomigliano d'Arco Area ASI,40.92086999979741,14.38946000008823,360.0,6.96,33.48,5.81,2.41
2162896,Pomigliano d'Arco Area ASI,40.92086999979741,14.38946000008823,310.0,5.99,18.2,8.04,0.48
2162896,Pomigliano d'Arco Area ASI,40.92086999979741,14.38946000008823,300.0,7.0,10.9,6.86,0.53
2162896,Pomigliano d'Arco Area ASI,40.92086999979741,14.38946000008823,300.0,12.04,12.26,6.01,0.48
2162896,Pomigliano d'Arco Area ASI,40.92086999979741,14.38946000008823,300.0,9.71,8.94,2.21,0.3
2162896,Pomigliano d'Arco Area ASI,40.92086999979741,14.38946000008823,310.0,3.21,8.7,3.81,0.63
2162896,Pomigliano d'Arco Area ASI,40.92086999979741,14.38946000008823,370.0,,8.68,1.98,0.39
2162896,Pomigliano d'Arco Area ASI,40.92086999979741,14.38946000008823,410.0,,6.75,5.46,0.3
2162896,Pomigliano d'Arco Area ASI,40.92086999979741,14.38946000008823,370.0,,3.28,2.93,0.17
2162896,Pomigliano d'Arco Area ASI,40.92086999979741,14.38946000008823,360.0,,2.29,3.26,0.16
2162896,Pomigliano d'Arco Area ASI,40.92086999979741,14.38946000008823,,29.5,60.05,33.28,0.77
2162896,Pomigliano d'Arco Area ASI,40.92086999979741,14.38946000008823,,6.44,23.88,9.8,1.4
2162896,Pomigliano d'Arco Area ASI,40.92086999979741,14.38946000008823,,18.3,53.24,12.7,0.98
2162896,Pomigliano d'Arco Area ASI,40.92086999979741,14.38946000008823,,25.55,44.5,2.51,1.41
2162896,Pomigliano d'Arco Area ASI,40.92086999979741,14.38946000008823,,8.11,33.57,15.99,1.48
2162896,Pomigliano d'Arco Area ASI,40.92086999979741,14.38946000008823,,13.53,46.3,5.46,7.91
2162896,Pomigliano d'Arco Area ASI,40.92086999979741,14.38946000008823,,11.85,53.24,14.86,7.35
2162896,Pomigliano d'Arco Area ASI,40.92086999979741,14.38946000008823,,10.48,48.02,9.07,8.21
2162896,Pomigliano d'Arco Area ASI,40.92086999979741,14.38946000008823,,27.08,31.73,9.5,0.82
2162896,Pomigliano d'Arco Area ASI,40.92086999979741,14.38946000008823,,25.48,45.75,11.35,
2162896,Pomigliano d'Arco Area ASI,40.92086999979741,14.38946000008823,,12.87,37.76,6.44,
2162896,Pomigliano d'Arco Area ASI,40.92086999979741,14.38946000008823,,21.47,45.42,2.43,0.95
2162896,Pomigliano d'Arco Area ASI,40.92086999979741,14.38946000008823,,34.89,45.52,5.08,0.69
2162896,Pomigliano d'Arco Area ASI,40.92086999979741,14.38946000008823,,41.55,55.04,10.87,1.48
2162896,Pomigliano d'Arco Area ASI,40.92086999979741,14.38946000008823,,4.38,0.36,0.1,138.25
2162896,Pomigliano d'Arco Area ASI,40.92086999979741,14.38946000008823,,11.23,0.35,0.09,0.0
2162896,Pomigliano d'Arco Area ASI,40.92086999979741,14.38946000008823,,10.0,66.93,16.29,0.0
2162896,Pomigliano d'Arco Area ASI,40.92086999979741,14.38946000008823,,8.05,114.09,20.04,
2162896,Pomigliano d'Arco Area ASI,40.92086999979741,14.38946000008823,,,113.92,21.2,1.83
2162896,Pomigliano d'Arco Area ASI,40.92086999979741,14.38946000008823,,39.62,81.4,15.3,
2162896,Pomigliano d'Arco Area ASI,40.92086999979741,14.38946000008823,,54.69,84.71,13.91,3.13
2162896,Pomigliano d'Arco Area ASI,40.92086999979741,14.38946000008823,,52.42,105.99,24.76,3.85
2162896,Pomigliano d'Arco Area ASI,40.92086999979741,14.38946000008823,,51.12,108.69,27.31,4.16
2162896,Pomigliano d'Arco Area ASI,40.92086999979741,14.38946000008823,,42.11,130.67,38.9,4.43
2162896,Pomigliano d'Arco Area ASI,40.92086999979741,14.38946000008823,,34.91,128.34,39.42,3.7
2162896,Pomigliano d'Arco Area ASI,40.92086999979741,14.38946000008823,,28.96,111.17,31.94,5.03
2162896,Pomigliano d'Arco Area ASI,40.92086999979741,14.38946000008823,,37.39,90.74,23.75,4.32
2162896,Pomigliano d'Arco Area ASI,40.92086999979741,14.38946000008823,,34.14,96.19,23.52,4.88
2162896,Pomigliano d'Arco Area ASI,40.92086999979741,14.38946000008823,,24.58,113.33,27.67,5.1
2162896,Pomigliano d'Arco Area ASI,40.92086999979741,14.38946000008823,,20.76,114.8,22.93,5.34
2162896,Pomigliano d'Arco Area ASI,40.92086999979741,14.38946000008823,,25.51,112.07,26.5,5.32
2162896,Pomigliano d'Arco Area ASI,40.92086999979741,14.38946000008823,,14.92,123.67,29.19,4.23
2162896,Pomigliano d'Arco Area ASI,40.92086999979741,14.38946000008823,,9.64,119.79,29.46,4.77
2162896,Pomigliano d'Arco Area ASI,40.92086999979741,14.38946000008823,,6.13,110.78,20.16,4.93
2162896,Pomigliano d'Arco Area ASI,40.92086999979741,14.38946000008823,,6.2,78.19,17.36,4.78
2162896,Pomigliano d'Arco Area ASI,40.92086999979741,14.38946000008823,,,70.34,13.91,5.21
2162896,Pomigliano d'Arco Area ASI,40.92086999979741,14.38946000008823,,6.69,66.96,22.45,4.95
2162896,Pomigliano d'Arco Area ASI,40.92086999979741,14.38946000008823,,9.66,63.92,8.07,5.14
2162896,Pomigliano d'Arco Area ASI,40.92086999979741,14.38946000008823,,35.88,58.03,11.18,5.39
2162896,Pomigliano d'Arco Area ASI,40.92086999979741,14.38946000008823,,50.96,75.24,16.9,5.0
2162896,Pomigliano d'Arco Area ASI,40.92086999979741,14.38946000008823,,5.57,,,4.77
2162896,Pomigliano d'Arco Area ASI,40.92086999979741,14.38946000008823,,4.58,,,4.73
2162896,Pomigliano d'Arco Area ASI,40.92086999979741,14.38946000008823,,4.25,,,4.86
2162896,Pomigliano d'Arco Area ASI,40.92086999979741,14.38946000008823,,6.66,,,5.18
2162896,Pomigliano d'Arco Area ASI,40.92086999979741,14.38946000008823,,13.1,,,4.53
2162896,Pomigliano d'Arco Area ASI,40.92086999979741,14.38946000008823,,12.28,,,4.67
2162896,Pomigliano d'Arco Area ASI,40.92086999979741,14.38946000008823,,10.84,,,5.24
2162896,Pomigliano d'Arco Area ASI,40.92086999979741,14.38946000008823,,8.12,,,5.29
2162896,Pomigliano d'Arco Area ASI,40.92086999979741,14.38946000008823,,6.48,,,5.49
2162896,Pomigliano d'Arco Area ASI,40.92086999979741,14.38946000008823,,10.83,,,5.45
2162896,Pomigliano d'Arco Area ASI,40.92086999979741,14.38946000008823,,7.43,,,4.53
2162896,Pomigliano d'Arco Area ASI,40.92086999979741,14.38946000008823,,6.5,,,4.73
2162896,Pomigliano d'Arco Area ASI,40.92086999979741,14.38946000008823,,,,,5.13
2162896,Pomigliano d'Arco Area ASI,40.92086999979741,14.38946000008823,,4.96,,,3.48
2162896,Pomigliano d'Arco Area ASI,40.92086999979741,14.38946000008823,,6.67,,,
2162896,Pomigliano d'Arco Area ASI,40.92086999979741,14.38946000008823,,11.2,,,4.95
2162896,Pomigliano d'Arco Area ASI,40.92086999979741,14.38946000008823,,16.96,,,5.33
2162896,Pomigliano d'Arco Area ASI,40.92086999979741,14.38946000008823,,19.23,,,4.84
2162896,Pomigliano d'Arco Area ASI,40.92086999979741,14.38946000008823,,35.15,,,5.0
2162896,Pomigliano d'Arco Area ASI,40.92086999979741,14.38946000008823,,35.72,,,4.74
2162896,Pomigliano d'Arco Area ASI,40.92086999979741,14.38946000008823,,35.81,,,4.76
2162896,Pomigliano d'Arco Area ASI,40.92086999979741,14.38946000008823,,35.63,,,4.89
2162896,Pomigliano d'Arco Area ASI,40.92086999979741,14.38946000008823,,31.25,,,5.56
2162896,Pomigliano d'Arco Area ASI,40.92086999979741,14.38946000008823,,28.71,,,4.39
2162896,Pomigliano d'Arco Area ASI,40.92086999979741,14.38946000008823,,28.55,,,5.53
2162896,Pomigliano d'Arco Area ASI,40.92086999979741,14.38946000008823,,23.94,,,5.16
2162896,Pomigliano d'Arco Area ASI,40.92086999979741,14.38946000008823,,23.95,,,4.87
2162896,Pomigliano d'Arco Area ASI,40.92086999979741,14.38946000008823,,21.55,,,4.94
2162896,Pomigliano d'Arco Area ASI,40.92086999979741,14.38946000008823,,20.41,,,5.49
2162896,Pomigliano d'Arco Area ASI,40.92086999979741,14.38946000008823,,20.67,,,5.31
2162896,Pomigliano d'Arco Area ASI,40.92086999979741,14.38946000008823,,19.64,,,6.62
2162896,Pomigliano d'Arco Area ASI,40.92086999979741,14.38946000008823,,10.38,,,4.98
2162896,Pomigliano d'Arco Area ASI,40.92086999979741,14.38946000008823,,5.02,,,5.15
2162896,Pomigliano d'Arco Area ASI,40.92086999979741,14.38946000008823,,4.77,,,5.31
2162896,Pomigliano d'Arco Area ASI,40.92086999979741,14.38946000008823,,4.65,,,5.16
2162896,Pomigliano d'Arco Area ASI,40.92086999979741,14.38946000008823,,,,,5.68
2162896,Pomigliano d'Arco Area ASI,40.92086999979741,14.38946000008823,,3.97,,,5.44
2162896,Pomigliano d'Arco Area ASI,40.92086999979741,14.38946000008823,,4.7,,,
2162896,Pomigliano d'Arco Area ASI,40.92086999979741,14.38946000008823,,5.66,,,5.24
2162896,Pomigliano d'Arco Area ASI,40.92086999979741,14.38946000008823,,5.95,,,4.85
2162896,Pomigliano d'Arco Area ASI,40.92086999979741,14.38946000008823,,5.41,,,5.01
2162896,Pomigliano d'Arco Area ASI,40.92086999979741,14.38946000008823,,3.77,,,73.77
2162896,Pomigliano d'Arco Area ASI,40.92086999979741,14.38946000008823,,7.06,,,0.0
2162896,Pomigliano d'Arco Area ASI,40.92086999979741,14.38946000008823,,6.67,,,0.0
2162896,Pomigliano d'Arco Area ASI,40.92086999979741,14.38946000008823,,6.36,,,0.0
2162896,Pomigliano d'Arco Area ASI,40.92086999979741,14.38946000008823,,8.25,,,0.0
2162896,Pomigliano d'Arco Area ASI,40.92086999979741,14.38946000008823,,10.64,,,0.0
2162896,Pomigliano d'Arco Area ASI,40.92086999979741,14.38946000008823,,14.35,,,0.0
2162896,Pomigliano d'Arco Area ASI,40.92086999979741,14.38946000008823,,18.05,,,0.0
2162896,Pomigliano d'Arco Area ASI,40.92086999979741,14.38946000008823,,20.77,,,0.0
2162896,Pomigliano d'Arco Area ASI,40.92086999979741,14.38946000008823,,22.84,,,0.0
2162896,Pomigliano d'Arco Area ASI,40.92086999979741,14.38946000008823,,39.1,,,0.0
2162896,Pomigliano d'Arco Area ASI,40.92086999979741,14.38946000008823,,22.06,,,0.0
2162896,Pomigliano d'Arco Area ASI,40.92086999979741,14.38946000008823,,17.5,,,0.0
2162896,Pomigliano d'Arco Area ASI,40.92086999979741,14.38946000008823,,9.8,,,0.0
2162896,Pomigliano d'Arco Area ASI,40.92086999979741,14.38946000008823,,16.27,,,0.0
2162896,Pomigliano d'Arco Area ASI,40.92086999979741,14.38946000008823,,11.55,,,0.0
2162896,Pomigliano d'Arco Area ASI,40.92086999979741,14.38946000008823,,27.36,,,
2162896,Pomigliano d'Arco Area ASI,40.92086999979741,14.38946000008823,,33.15,,,
2162896,Pomigliano d'Arco Area ASI,40.92086999979741,14.38946000008823,640.0,,,,
2162896,Pomigliano d'Arco Area ASI,40.92086999979741,14.38946000008823,450.0,,,,
2162896,Pomigliano d'Arco Area ASI,40.92086999979741,14.38946000008823,330.0,,,,
2162896,Pomigliano d'Arco Area ASI,40.92086999979741,14.38946000008823,80.0,,,,
2162896,Pomigliano d'Arco Area ASI,40.92086999979741,14.38946000008823,0.0,,,,
2162896,Pomigliano d'Arco Area ASI,40.92086999979741,14.38946000008823,470.0,,,,
2162896,Pomigliano d'Arco Area ASI,40.92086999979741,14.38946000008823,320.0,,,,
2162896,Pomigliano d'Arco Area ASI,40.92086999979741,14.38946000008823,1160.0,,,,
2162896,Pomigliano d'Arco Area ASI,40.92086999979741,14.38946000008823,800.0,,,,
2162896,Pomigliano d'Arco Area ASI,40.92086999979741,14.38946000008823,580.0,,,,
2162896,Pomigliano d'Arco Area ASI,40.92086999979741,14.38946000008823,530.0,,,,
2162896,Pomigliano d'Arco Area ASI,40.92086999979741,14.38946000008823,600.0,,,,
2162896,Pomigliano d'Arco Area ASI,40.92086999979741,14.38946000008823,480.0,,,,
2162896,Pomigliano d'Arco Area ASI,40.92086999979741,14.38946000008823,310.0,,,,
2162896,Pomigliano d'Arco Area ASI,40.92086999979741,14.38946000008823,150.0,,,,
2162896,Pomigliano d'Arco Area ASI,40.92086999979741,14.38946000008823,70.0,,,,
2162896,Pomigliano d'Arco Area ASI,40.92086999979741,14.38946000008823,430.0,,,,
2162896,Pomigliano d'Arco Area ASI,40.92086999979741,14.38946000008823,330.0,,,,
2162896,Pomigliano d'Arco Area ASI,40.92086999979741,14.38946000008823,140.0,,,,
2162896,Pomigliano d'Arco Area ASI,40.92086999979741,14.38946000008823,380.0,,,,
2162896,Pomigliano d'Arco Area ASI,40.92086999979741,14.38946000008823,1120.0,,,,
2162896,Pomigliano d'Arco Area ASI,40.92086999979741,14.38946000008823,740.0,,,,
2162896,Pomigliano d'Arco Area ASI,40.92086999979741,14.38946000008823,800.0,,,,
2162896,Pomigliano d'Arco Area ASI,40.92086999979741,14.38946000008823,670.0,,,,
2162896,Pomigliano d'Arco Area ASI,40.92086999979741,14.38946000008823,750.0,,,,
2162896,Pomigliano d'Arco Area ASI,40.92086999979741,14.38946000008823,850.0,,,,
2162896,Pomigliano d'Arco Area ASI,40.92086999979741,14.38946000008823,540.0,,,,
2162896,Pomigliano d'Arco Area ASI,40.92086999979741,14.38946000008823,160.0,,,,
2162896,Pomigliano d'Arco Area ASI,40.92086999979741,14.38946000008823,110.0,,,,
2162896,Pomigliano d'Arco Area ASI,40.92086999979741,14.38946000008823,70.0,,,,
2162896,Pomigliano d'Arco Area ASI,40.92086999979741,14.38946000008823,50.0,,,,
2162896,Pomigliano d'Arco Area ASI,40.92086999979741,14.38946000008823,50.0,,,,
2162896,Pomigliano d'Arco Area ASI,40.92086999979741,14.38946000008823,40.0,,,,
2162896,Pomigliano d'Arco Area ASI,40.92086999979741,14.38946000008823,40.0,,,,
2162896,Pomigliano d'Arco Area ASI,40.92086999979741,14.38946000008823,50.0,,,,
2162896,Pomigliano d'Arco Area ASI,40.92086999979741,14.38946000008823,80.0,,,,
2162896,Pomigliano d'Arco Area ASI,40.92086999979741,14.38946000008823,80.0,,,,
2162896,Pomigliano d'Arco Area ASI,40.92086999979741,14.38946000008823,80.0,,,,
2162896,Pomigliano d'Arco Area ASI,40.92086999979741,14.38946000008823,490.0,,,,
2162896,Pomigliano d'Arco Area ASI,40.92086999979741,14.38946000008823,550.0,,,,
2162896,Pomigliano d'Arco Area ASI,40.92086999979741,14.38946000008823,440.0,,,,
2162896,Pomigliano d'Arco Area ASI,40.92086999979741,14.38946000008823,300.0,,,,
2162896,Pomigliano d'Arco Area ASI,40.92086999979741,14.38946000008823,230.0,,,,
2162896,Pomigliano d'Arco Area ASI,40.92086999979741,14.38946000008823,130.0,,,,
2162896,Pomigliano d'Arco Area ASI,40.92086999979741,14.38946000008823,230.0,,,,
2162896,Pomigliano d'Arco Area ASI,40.92086999979741,14.38946000008823,140.0,,,,
2162896,Pomigliano d'Arco Area ASI,40.92086999979741,14.38946000008823,150.0,,,,
2162896,Pomigliano d'Arco Area ASI,40.92086999979741,14.38946000008823,300.0,,,,
2162896,Pomigliano d'Arco Area ASI,40.92086999979741,14.38946000008823,940.0,,,,
2162896,Pomigliano d'Arco Area ASI,40.92086999979741,14.38946000008823,620.0,,,,
2162896,Pomigliano d'Arco Area ASI,40.92086999979741,14.38946000008823,1060.0,,,,
2162896,Pomigliano d'Arco Area ASI,40.92086999979741,14.38946000008823,920.0,,,,
2162896,Pomigliano d'Arco Area ASI,40.92086999979741,14.38946000008823,1070.0,,,,
2162896,Pomigliano d'Arco Area ASI,40.92086999979741,14.38946000008823,250.0,,,,
2162896,Pomigliano d'Arco Area ASI,40.92086999979741,14.38946000008823,220.0,,,,
2162896,Pomigliano d'Arco Area ASI,40.92086999979741,14.38946000008823,320.0,,,,
2162896,Pomigliano d'Arco Area ASI,40.92086999979741,14.38946000008823,570.0,,,,
2162896,Pomigliano d'Arco Area ASI,40.92086999979741,14.38946000008823,520.0,,,,
2162896,Pomigliano d'Arco Area ASI,40.92086999979741,14.38946000008823,630.0,,,,
2162896,Pomigliano d'Arco Area ASI,40.92086999979741,14.38946000008823,670.0,,,,
2162896,Pomigliano d'Arco Area ASI,40.92086999979741,14.38946000008823,730.0,,,,
2162896,Pomigliano d'Arco Area ASI,40.92086999979741,14.38946000008823,490.0,,,,
2162896,Pomigliano d'Arco Area ASI,40.92086999979741,14.38946000008823,530.0,,,,
2162896,Pomigliano d'Arco Area ASI,40.92086999979741,14.38946000008823,160.0,,,,
2162896,Pomigliano d'Arco Area ASI,40.92086999979741,14.38946000008823,110.0,,,,
2162896,Pomigliano d'Arco Area ASI,40.92086999979741,14.38946000008823,110.0,,,,
2162896,Pomigliano d'Arco Area ASI,40.92086999979741,14.38946000008823,140.0,,,,
2162896,Pomigliano d'Arco Area ASI,40.92086999979741,14.38946000008823,130.0,,,,
2162896,Pomigliano d'Arco Area ASI,40.92086999979741,14.38946000008823,120.0,,,,
2162896,Pomigliano d'Arco Area ASI,40.92086999979741,14.38946000008823,160.0,,,,
2162896,Pomigliano d'Arco Area ASI,40.92086999979741,14.38946000008823,190.0,,,,
2162896,Pomigliano d'Arco Area ASI,40.92086999979741,14.38946000008823,130.0,,,,
2162896,Pomigliano d'Arco Area ASI,40.92086999979741,14.38946000008823,100.0,,,,
2162896,Pomigliano d'Arco Area ASI,40.92086999979741,14.38946000008823,300.0,,,,
2162896,Pomigliano d'Arco Area ASI,40.92086999979741,14.38946000008823,410.0,,,,
2162896,Pomigliano d'Arco Area ASI,40.92086999979741,14.38946000008823,230.0,,,,
2162896,Pomigliano d'Arco Area ASI,40.92086999979741,14.38946000008823,160.0,,,,
2162896,Pomigliano d'Arco Area ASI,40.92086999979741,14.38946000008823,180.0,,,,
2162896,Pomigliano d'Arco Area ASI,40.92086999979741,14.38946000008823,440.0,,,,
2162896,Pomigliano d'Arco Area ASI,40.92086999979741,14.38946000008823,550.0,,,,
2162896,Pomigliano d'Arco Area ASI,40.92086999979741,14.38946000008823,370.0,,,,
2162896,Pomigliano d'Arco Area ASI,40.92086999979741,14.38946000008823,130.0,,,,
2162896,Pomigliano d'Arco Area ASI,40.92086999979741,14.38946000008823,140.0,,,,
2162896,Pomigliano d'Arco Area ASI,40.92086999979741,14.38946000008823,120.0,,,,
2162896,Pomigliano d'Arco Area ASI,40.92086999979741,14.38946000008823,100.0,,,,
2162896,Pomigliano d'Arco Area ASI,40.92086999979741,14.38946000008823,110.0,,,,
2162896,Pomigliano d'Arco Area ASI,40.92086999979741,14.38946000008823,230.0,,,,
2162896,Pomigliano d'Arco Area ASI,40.92086999979741,14.38946000008823,830.0,,,,
