location_id,location_name,latitude,longitude,co,no,no2,o3,pm10,pm25,relativehumidity,so2,temperature
6358,"Mandir Marg, New Delhi - DPCC",28.636429,77.201067,500.0,,20.7,25.3,107.0,34.0,,10.5,
6358,"Mandir Marg, New Delhi - DPCC",28.636429,77.201067,500.0,,20.5,25.7,123.0,45.0,,,
6358,"Mandir Marg, New Delhi - DPCC",28.636429,77.201067,500.0,,22.8,23.3,123.0,45.0,,11.5,
6358,"Mandir Marg, New Delhi - DPCC",28.636429,77.201067,500.0,,24.1,21.0,123.0,45.0,,12.0,
6358,"Mandir Marg, New Delhi - DPCC",28.636429,77.201067,500.0,,23.1,19.2,123.0,45.0,,12.3,
6358,"Mandir Marg, New Delhi - DPCC",28.636429,77.201067,500.0,,21.2,20.8,121.0,48.0,,12.8,
6358,"Mandir Marg, New Delhi - DPCC",28.636429,77.201067,600.0,,22.2,16.9,121.0,48.0,,12.6,
6358,"Mandir Marg, New Delhi - DPCC",28.636429,77.201067,600.0,,24.3,5.1,201.0,78.0,,13.1,
6358,"Mandir Marg, New Delhi - DPCC",28.636429,77.201067,600.0,,37.6,11.8,201.0,78.0,,13.1,
6358,"Mandir Marg, New Delhi - DPCC",28.636429,77.201067,600.0,,52.8,13.1,201.0,78.0,,13.4,
6358,"Mandir Marg, New Delhi - DPCC",28.636429,77.201067,600.0,,48.1,3.3,165.0,76.0,,13.6,
6358,"Mandir Marg, New Delhi - DPCC",28.636429,77.201067,700.0,,52.3,4.5,165.0,76.0,,14.4,
6358,"Mandir Marg, New Delhi - DPCC",28.636429,77.201067,700.0,,57.9,7.8,99.0,37.0,,13.4,
6358,"Mandir Marg, New Delhi - DPCC",28.636429,77.201067,700.0,,60.0,8.4,99.0,37.0,,13.6,
6358,"Mandir Marg, New Delhi - DPCC",28.636429,77.201067,1100.0,,56.0,8.2,71.0,51.0,,13.4,
6358,"Mandir Marg, New Delhi - DPCC",28.636429,77.201067,1400.0,,58.9,8.2,71.0,51.0,,13.4,
6358,"Mandir Marg, New Delhi - DPCC",28.636429,77.201067,900.0,,54.2,10.2,71.0,51.0,,13.4,
6358,"Mandir Marg, New Delhi - DPCC",28.636429,77.201067,800.0,,49.1,9.0,71.0,51.0,,12.8,
6358,"Mandir Marg, New Delhi - DPCC",28.636429,77.201067,800.0,,49.8,8.2,75.0,68.0,,,
6358,"Mandir Marg, New Delhi - DPCC",28.636429,77.201067,900.0,,49.3,8.6,75.0,68.0,,11.3,
6358,"Mandir Marg, New Delhi - DPCC",28.636429,77.201067,1600.0,,,9.0,97.0,40.0,,,
6358,"Mandir Marg, New Delhi - DPCC",28.636429,77.201067,1700.0,,,9.8,97.0,40.0,,,
6358,"Mandir Marg, New Delhi - DPCC",28.636429,77.201067,1300.0,,,7.7,97.0,40.0,,,
6358,"Mandir Marg, New Delhi - DPCC",28.636429,77.201067,1300.0,,,6.1,92.0,43.0,,,
6358,"Mandir Marg, New Delhi - DPCC",28.636429,77.201067,1200.0,,,3.9,92.0,43.0,,,
6358,"Mandir Marg, New Delhi - DPCC",28.636429,77.201067,1100.0,,,0.4,92.0,43.0,,,
6358,"Mandir Marg, New Delhi - DPCC",28.636429,77.201067,800.0,,,,92.0,43.0,,,
6358,"Mandir Marg, New Delhi - DPCC",28.636429,77.201067,,,,,84.0,45.0,,,
6358,"Mandir Marg, New Delhi - DPCC",28.636429,77.201067,,,,26.5,99.0,41.0,,,
6358,"Mandir Marg, New Delhi - DPCC",28.636429,77.201067,,,,48.7,99.0,41.0,,,
6358,"Mandir Marg, New Delhi - DPCC",28.636429,77.201067,,,,,68.0,19.0,,,
6358,"Mandir Marg, New Delhi - DPCC",28.636429,77.201067,,,,,68.0,19.0,,,
6358,"Mandir Marg, New Delhi - DPCC",28.636429,77.201067,,,,,68.0,19.0,,,
6358,"Mandir Marg, New Delhi - DPCC",28.636429,77.201067,,,,,68.0,19.0,,,
6358,"Mandir Marg, New Delhi - DPCC",28.636429,77.201067,,,,,69.0,17.0,,,
6358,"Mandir Marg, New Delhi - DPCC",28.636429,77.201067,,,,,69.0,17.0,,,
6358,"Mandir Marg, New Delhi - DPCC",28.636429,77.201067,,,,15.9,69.0,17.0,,,
6358,"Mandir Marg, New Delhi - DPCC",28.636429,77.201067,,,,,49.0,,,,
6358,"Mandir Marg, New Delhi - DPCC",28.636429,77.201067,500.0,,,,49.0,,,12.6,
6358,"Mandir Marg, New Delhi - DPCC",28.636429,77.201067,300.0,,23.5,3.9,49.0,,,13.6,
6358,"Mandir Marg, New Delhi - DPCC",28.636429,77.201067,400.0,,22.8,4.7,46.0,,,13.6,
6358,"Mandir Marg, New Delhi - DPCC",28.636429,77.201067,300.0,,21.4,4.1,46.0,,,14.7,
6358,"Mandir Marg, New Delhi - DPCC",28.636429,77.201067,300.0,,19.7,4.5,46.0,,,14.9,
6358,"Mandir Marg, New Delhi - DPCC",28.636429,77.201067,300.0,,18.8,4.7,46.0,,,15.2,
6358,"Mandir Marg, New Delhi - DPCC",28.636429,77.201067,300.0,,21.6,4.9,36.0,,,13.6,
6358,"Mandir Marg, New Delhi - DPCC",28.636429,77.201067,300.0,,19.4,5.3,36.0,,,13.9,
6358,"Mandir Marg, New Delhi - DPCC",28.636429,77.201067,300.0,,17.5,5.5,36.0,,,13.1,
6358,"Mandir Marg, New Delhi - DPCC",28.636429,77.201067,500.0,,17.5,7.1,107.0,,,13.1,
6358,"Mandir Marg, New Delhi - DPCC",28.636429,77.201067,400.0,,17.5,7.5,107.0,32.0,,12.3,
6358,"Mandir Marg, New Delhi - DPCC",28.636429,77.201067,400.0,,14.1,10.2,136.0,28.0,,12.6,
6358,"Mandir Marg, New Delhi - DPCC",28.636429,77.201067,400.0,,14.3,9.2,98.0,63.0,,12.8,
6358,"Mandir Marg, New Delhi - DPCC",28.636429,77.201067,400.0,,14.7,11.8,98.0,63.0,,12.8,
6358,"Mandir Marg, New Delhi - DPCC",28.636429,77.201067,400.0,,14.1,7.1,98.0,63.0,,12.3,
6358,"Mandir Marg, New Delhi - DPCC",28.636429,77.201067,500.0,,13.4,10.6,98.0,63.0,,12.8,
6358,"Mandir Marg, New Delhi - DPCC",28.636429,77.201067,200.0,,14.3,13.1,106.0,,,12.6,
6358,"Mandir Marg, New Delhi - DPCC",28.636429,77.201067,200.0,,14.3,16.3,106.0,,,12.6,
6358,"Mandir Marg, New Delhi - DPCC",28.636429,77.201067,400.0,,,8.0,114.0,28.0,,13.1,
6358,"Mandir Marg, New Delhi - DPCC",28.636429,77.201067,300.0,,19.2,11.0,101.0,24.0,,13.4,
6358,"Mandir Marg, New Delhi - DPCC",28.636429,77.201067,300.0,,17.3,10.6,101.0,24.0,,13.1,
6358,"Mandir Marg, New Delhi - DPCC",28.636429,77.201067,300.0,,17.7,11.6,101.0,24.0,,13.6,
6358,"Mandir Marg, New Delhi - DPCC",28.636429,77.201067,300.0,,16.9,12.2,101.0,24.0,,13.6,
6358,"Mandir Marg, New Delhi - DPCC",28.636429,77.201067,400.0,,16.7,11.8,104.0,24.0,,13.4,
6358,"Mandir Marg, New Delhi - DPCC",28.636429,77.201067,300.0,,18.4,12.6,104.0,24.0,,11.5,
6358,"Mandir Marg, New Delhi - DPCC",28.636429,77.201067,300.0,,19.2,12.4,104.0,24.0,,10.7,
6358,"Mandir Marg, New Delhi - DPCC",28.636429,77.201067,300.0,,18.8,14.3,120.0,24.0,,10.5,
6358,"Mandir Marg, New Delhi - DPCC",28.636429,77.201067,300.0,,19.2,10.2,120.0,,,11.0,
6358,"Mandir Marg, New Delhi - DPCC",28.636429,77.201067,400.0,,21.8,10.2,120.0,24.0,,11.0,
6358,"Mandir Marg, New Delhi - DPCC",28.636429,77.201067,300.0,,24.4,8.0,120.0,24.0,,10.5,
6358,"Mandir Marg, New Delhi - DPCC",28.636429,77.201067,300.0,,26.0,11.0,77.0,14.0,,11.0,
6358,"Mandir Marg, New Delhi - DPCC",28.636429,77.201067,300.0,,26.7,8.2,77.0,14.0,,11.3,
6358,"Mandir Marg, New Delhi - DPCC",28.636429,77.201067,300.0,,24.3,9.4,77.0,14.0,,11.0,
6358,"Mandir Marg, New Delhi - DPCC",28.636429,77.201067,300.0,,23.5,7.1,71.0,14.0,,10.7,
6358,"Mandir Marg, New Delhi - DPCC",28.636429,77.201067,300.0,,24.8,9.4,71.0,14.0,,11.5,
6358,"Mandir Marg, New Delhi - DPCC",28.636429,77.201067,400.0,,28.2,8.8,71.0,14.0,,11.0,
6358,"Mandir Marg, New Delhi - DPCC",28.636429,77.201067,400.0,,28.8,11.0,71.0,14.0,,10.7,
6358,"Mandir Marg, New Delhi - DPCC",28.636429,77.201067,300.0,,27.1,7.1,86.0,15.0,,10.7,
6358,"Mandir Marg, New Delhi - DPCC",28.636429,77.201067,300.0,,25.4,9.6,86.0,15.0,,11.0,
6358,"Mandir Marg, New Delhi - DPCC",28.636429,77.201067,300.0,,23.9,8.2,86.0,15.0,,10.7,
6358,"Mandir Marg, New Delhi - DPCC",28.636429,77.201067,200.0,,,7.5,86.0,15.0,,11.0,
6358,"Mandir Marg, New Delhi - DPCC",28.636429,77.201067,300.0,,,7.3,85.0,59.0,,,
6358,"Mandir Marg, New Delhi - DPCC",28.636429,77.201067,200.0,,19.6,9.2,85.0,,,10.5,
6358,"Mandir Marg, New Delhi - DPCC",28.636429,77.201067,200.0,,22.2,10.4,85.0,59.0,,9.7,
6358,"Mandir Marg, New Delhi - DPCC",28.636429,77.201067,200.0,,20.1,9.2,85.0,59.0,,10.0,
6358,"Mandir Marg, New Delhi - DPCC",28.636429,77.201067,300.0,,17.1,,73.0,12.0,,10.0,
6358,"Mandir Marg, New Delhi - DPCC",28.636429,77.201067,200.0,,16.5,,73.0,12.0,,9.4,
6358,"Mandir Marg, New Delhi - DPCC",28.636429,77.201067,200.0,,18.1,,73.0,12.0,,9.4,
6358,"Mandir Marg, New Delhi - DPCC",28.636429,77.201067,300.0,,19.0,8.8,64.0,13.0,,9.7,
6358,"Mandir Marg, New Delhi - DPCC",28.636429,77.201067,,,,8.4,64.0,13.0,,,
6358,"Mandir Marg, New Delhi - DPCC",28.636429,77.201067,,,,8.2,64.0,13.0,,,
6358,"Mandir Marg, New Delhi - DPCC",28.636429,77.201067,,,18.6,8.4,64.0,13.0,,,
6358,"Mandir Marg, New Delhi - DPCC",28.636429,77.201067,200.0,,19.0,8.4,73.0,21.0,,12.6,
6358,"Mandir Marg, New Delhi - DPCC",28.636429,77.201067,300.0,,19.9,8.0,73.0,21.0,,11.0,
6358,"Mandir Marg, New Delhi - DPCC",28.636429,77.201067,300.0,,20.3,7.8,73.0,21.0,,10.0,
6358,"Mandir Marg, New Delhi - DPCC",28.636429,77.201067,300.0,,20.7,7.5,73.0,21.0,,10.0,
6358,"Mandir Marg, New Delhi - DPCC",28.636429,77.201067,200.0,,17.9,7.3,63.0,6.0,,9.7,
6358,"Mandir Marg, New Delhi - DPCC",28.636429,77.201067,200.0,,18.6,7.8,63.0,6.0,,9.4,
6358,"Mandir Marg, New Delhi - DPCC",28.636429,77.201067,200.0,,18.2,8.0,63.0,6.0,,9.7,
6358,"Mandir Marg, New Delhi - DPCC",28.636429,77.201067,100.0,,17.5,8.0,29.0,,,10.0,
6358,"Mandir Marg, New Delhi - DPCC",28.636429,77.201067,200.0,,17.3,7.8,29.0,,,9.2,
6358,"Mandir Marg, New Delhi - DPCC",28.636429,77.201067,200.0,,16.5,7.3,29.0,,,10.0,
6358,"Mandir Marg, New Delhi - DPCC",28.636429,77.201067,300.0,,16.2,7.3,29.0,,,10.2,
6358,"Mandir Marg, New Delhi - DPCC",28.636429,77.201067,300.0,,16.5,7.3,76.0,9.0,,,
6358,"Mandir Marg, New Delhi - DPCC",28.636429,77.201067,300.0,,18.4,7.3,76.0,9.0,,9.7,
6358,"Mandir Marg, New Delhi - DPCC",28.636429,77.201067,200.0,,17.5,7.3,76.0,9.0,,10.2,
6358,"Mandir Marg, New Delhi - DPCC",28.636429,77.201067,200.0,,17.5,7.3,76.0,9.0,,10.7,
6358,"Mandir Marg, New Delhi - DPCC",28.636429,77.201067,300.0,,17.7,7.3,63.0,9.0,,11.3,
6358,"Mandir Marg, New Delhi - DPCC",28.636429,77.201067,300.0,,16.9,7.3,63.0,9.0,,11.5,
6358,"Mandir Marg, New Delhi - DPCC",28.636429,77.201067,300.0,,15.2,6.7,63.0,9.0,,11.0,
6358,"Mandir Marg, New Delhi - DPCC",28.636429,77.201067,400.0,,16.4,7.1,79.0,18.0,,11.5,
6358,"Mandir Marg, New Delhi - DPCC",28.636429,77.201067,500.0,,19.0,6.9,79.0,18.0,,11.3,
6358,"Mandir Marg, New Delhi - DPCC",28.636429,77.201067,600.0,,19.0,7.1,79.0,18.0,,12.0,
6358,"Mandir Marg, New Delhi - DPCC",28.636429,77.201067,700.0,,18.6,5.9,79.0,18.0,,12.0,
6358,"Mandir Marg, New Delhi - DPCC",28.636429,77.201067,700.0,,20.3,7.1,59.0,13.0,,10.5,
6358,"Mandir Marg, New Delhi - DPCC",28.636429,77.201067,600.0,,19.6,6.5,59.0,13.0,,11.0,
6358,"Mandir Marg, New Delhi - DPCC",28.636429,77.201067,600.0,,22.4,6.7,59.0,13.0,,11.0,
6358,"Mandir Marg, New Delhi - DPCC",28.636429,77.201067,600.0,,21.6,7.5,81.0,16.0,,10.7,
6358,"Mandir Marg, New Delhi - DPCC",28.636429,77.201067,500.0,,19.7,6.9,81.0,,,8.6,
6358,"Mandir Marg, New Delhi - DPCC",28.636429,77.201067,500.0,,19.9,7.1,81.0,16.0,,9.2,
6358,"Mandir Marg, New Delhi - DPCC",28.636429,77.201067,500.0,,19.7,7.3,81.0,16.0,,9.4,
6358,"Mandir Marg, New Delhi - DPCC",28.636429,77.201067,500.0,,16.9,8.0,99.0,23.0,,9.7,
6358,"Mandir Marg, New Delhi - DPCC",28.636429,77.201067,400.0,,15.2,8.4,99.0,,,10.5,
6358,"Mandir Marg, New Delhi - DPCC",28.636429,77.201067,400.0,,11.1,10.2,99.0,23.0,,10.2,
6358,"Mandir Marg, New Delhi - DPCC",28.636429,77.201067,400.0,,13.0,9.4,99.0,23.0,,9.4,
6358,"Mandir Marg, New Delhi - DPCC",28.636429,77.201067,,,15.6,10.2,80.0,13.0,,,
6358,"Mandir Marg, New Delhi - DPCC",28.636429,77.201067,300.0,,17.9,9.2,80.0,13.0,,9.7,
6358,"Mandir Marg, New Delhi - DPCC",28.636429,77.201067,300.0,,16.5,9.0,80.0,13.0,,10.5,
6358,"Mandir Marg, New Delhi - DPCC",28.636429,77.201067,300.0,,14.1,10.2,80.0,13.0,,11.0,
6358,"Mandir Marg, New Delhi - DPCC",28.636429,77.201067,300.0,,14.7,11.0,87.0,16.0,,10.7,
6358,"Mandir Marg, New Delhi - DPCC",28.636429,77.201067,300.0,,15.2,11.2,87.0,16.0,,11.0,
6358,"Mandir Marg, New Delhi - DPCC",28.636429,77.201067,300.0,,16.9,11.0,87.0,16.0,,10.7,
6358,"Mandir Marg, New Delhi - DPCC",28.636429,77.201067,300.0,,17.1,11.0,87.0,16.0,,10.5,
6358,"Mandir Marg, New Delhi - DPCC",28.636429,77.201067,300.0,,16.4,12.0,86.0,40.0,,10.7,
6358,"Mandir Marg, New Delhi - DPCC",28.636429,77.201067,300.0,,17.1,12.2,86.0,40.0,,10.2,
6358,"Mandir Marg, New Delhi - DPCC",28.636429,77.201067,300.0,,17.5,12.4,86.0,40.0,,10.0,
6358,"Mandir Marg, New Delhi - DPCC",28.636429,77.201067,300.0,,15.8,12.9,86.0,40.0,,10.2,
6358,"Mandir Marg, New Delhi - DPCC",28.636429,77.201067,300.0,,15.8,13.5,76.0,22.0,,10.0,
6358,"Mandir Marg, New Delhi - DPCC",28.636429,77.201067,300.0,,17.7,13.7,76.0,22.0,,9.7,
6358,"Mandir Marg, New Delhi - DPCC",28.636429,77.201067,300.0,,18.2,13.7,76.0,22.0,,10.5,
6358,"Mandir Marg, New Delhi - DPCC",28.636429,77.201067,500.0,,33.1,12.4,76.0,22.0,,10.7,
6358,"Mandir Marg, New Delhi - DPCC",28.636429,77.201067,600.0,,38.4,11.2,81.0,32.0,,11.0,
6358,"Mandir Marg, New Delhi - DPCC",28.636429,77.201067,600.0,,41.4,10.0,81.0,32.0,,10.7,
6358,"Mandir Marg, New Delhi - DPCC",28.636429,77.201067,400.0,,35.2,10.8,81.0,32.0,,11.0,
6358,"Mandir Marg, New Delhi - DPCC",28.636429,77.201067,300.0,,32.0,12.0,81.0,32.0,,11.3,
6358,"Mandir Marg, New Delhi - DPCC",28.636429,77.201067,400.0,,33.5,12.8,51.0,,,11.0,
6358,"Mandir Marg, New Delhi - DPCC",28.636429,77.201067,500.0,,34.4,13.1,51.0,,,10.5,
6358,"Mandir Marg, New Delhi - DPCC",28.636429,77.201067,500.0,,41.4,11.4,51.0,,,10.5,
6358,"Mandir Marg, New Delhi - DPCC",28.636429,77.201067,400.0,,36.9,10.6,51.0,,,10.7,
6358,"Mandir Marg, New Delhi - DPCC",28.636429,77.201067,500.0,,36.3,10.2,136.0,30.0,,,
6358,"Mandir Marg, New Delhi - DPCC",28.636429,77.201067,500.0,,37.4,10.6,136.0,30.0,,11.8,
6358,"Mandir Marg, New Delhi - DPCC",28.636429,77.201067,500.0,,38.2,10.0,136.0,30.0,,12.8,
6358,"Mandir Marg, New Delhi - DPCC",28.636429,77.201067,500.0,,36.5,10.6,136.0,30.0,,13.6,
6358,"Mandir Marg, New Delhi - DPCC",28.636429,77.201067,500.0,,38.0,9.4,125.0,34.0,,13.9,
6358,"Mandir Marg, New Delhi - DPCC",28.636429,77.201067,500.0,,43.4,8.8,125.0,34.0,,13.9,
6358,"Mandir Marg, New Delhi - DPCC",28.636429,77.201067,600.0,,44.8,7.3,125.0,34.0,,13.6,
6358,"Mandir Marg, New Delhi - DPCC",28.636429,77.201067,600.0,,40.8,8.6,125.0,34.0,,13.9,
6358,"Mandir Marg, New Delhi - DPCC",28.636429,77.201067,800.0,,35.0,7.3,143.0,38.0,,13.6,
6358,"Mandir Marg, New Delhi - DPCC",28.636429,77.201067,800.0,,32.2,10.6,143.0,38.0,,14.4,
6358,"Mandir Marg, New Delhi - DPCC",28.636429,77.201067,800.0,,24.8,8.8,143.0,38.0,,14.7,
6358,"Mandir Marg, New Delhi - DPCC",28.636429,77.201067,1200.0,,39.7,8.4,67.0,25.0,,14.7,
6358,"Mandir Marg, New Delhi - DPCC",28.636429,77.201067,1200.0,,45.9,7.7,67.0,25.0,,14.4,
6358,"Mandir Marg, New Delhi - DPCC",28.636429,77.201067,1000.0,,49.1,9.8,67.0,25.0,,13.9,
6358,"Mandir Marg, New Delhi - DPCC",28.636429,77.201067,600.0,,45.7,9.4,67.0,25.0,,14.1,
6358,"Mandir Marg, New Delhi - DPCC",28.636429,77.201067,500.0,,45.1,9.0,126.0,85.0,,14.7,
6358,"Mandir Marg, New Delhi - DPCC",28.636429,77.201067,200.0,,40.6,9.8,126.0,85.0,,15.4,
6358,"Mandir Marg, New Delhi - DPCC",28.636429,77.201067,200.0,,39.5,9.0,101.0,25.0,,,
6358,"Mandir Marg, New Delhi - DPCC",28.636429,77.201067,0.0,,36.7,9.8,101.0,25.0,,,
6358,"Mandir Marg, New Delhi - DPCC",28.636429,77.201067,,,22.6,9.0,101.0,25.0,,,
6358,"Mandir Marg, New Delhi - DPCC",28.636429,77.201067,,,18.1,9.4,101.0,25.0,,,
6358,"Mandir Marg, New Delhi - DPCC",28.636429,77.201067,0.0,,18.1,10.4,67.0,17.0,,,
6358,"Mandir Marg, New Delhi - DPCC",28.636429,77.201067,300.0,,16.5,10.6,67.0,17.0,,14.4,
6358,"Mandir Marg, New Delhi - DPCC",28.636429,77.201067,200.0,,14.5,9.8,67.0,17.0,,13.9,
6358,"Mandir Marg, New Delhi - DPCC",28.636429,77.201067,100.0,,16.9,14.3,67.0,17.0,,13.6,
6358,"Mandir Marg, New Delhi - DPCC",28.636429,77.201067,300.0,,17.7,6.7,38.0,,,14.4,
6358,"Mandir Marg, New Delhi - DPCC",28.636429,77.201067,200.0,,17.7,,38.0,,,14.7,
6358,"Mandir Marg, New Delhi - DPCC",28.636429,77.201067,400.0,,25.4,7.1,40.0,1.0,,10.5,
6358,"Mandir Marg, New Delhi - DPCC",28.636429,77.201067,300.0,,25.8,7.8,40.0,1.0,,11.0,
6358,"Mandir Marg, New Delhi - DPCC",28.636429,77.201067,300.0,,25.0,8.0,40.0,1.0,,11.0,
6358,"Mandir Marg, New Delhi - DPCC",28.636429,77.201067,400.0,,24.6,10.4,40.0,1.0,,11.3,
6358,"Mandir Marg, New Delhi - DPCC",28.636429,77.201067,400.0,,21.6,8.6,,25.0,,11.3,
6358,"Mandir Marg, New Delhi - DPCC",28.636429,77.201067,400.0,,18.2,8.0,110.0,25.0,,12.3,
6358,"Mandir Marg, New Delhi - DPCC",28.636429,77.201067,300.0,,20.9,11.0,110.0,25.0,,11.3,
6358,"Mandir Marg, New Delhi - DPCC",28.636429,77.201067,300.0,,20.5,9.6,112.0,23.0,,11.8,
6358,"Mandir Marg, New Delhi - DPCC",28.636429,77.201067,300.0,,19.9,9.0,112.0,23.0,,12.6,
6358,"Mandir Marg, New Delhi - DPCC",28.636429,77.201067,200.0,,19.7,9.2,112.0,23.0,,12.0,
6358,"Mandir Marg, New Delhi - DPCC",28.636429,77.201067,200.0,,19.7,10.8,,,,11.8,
6358,"Mandir Marg, New Delhi - DPCC",28.636429,77.201067,200.0,,21.2,10.0,128.0,24.0,,,
6358,"Mandir Marg, New Delhi - DPCC",28.636429,77.201067,300.0,,24.4,12.8,128.0,24.0,,10.5,
6358,"Mandir Marg, New Delhi - DPCC",28.636429,77.201067,300.0,,24.3,10.8,128.0,24.0,,10.5,
6358,"Mandir Marg, New Delhi - DPCC",28.636429,77.201067,400.0,,30.8,10.8,128.0,24.0,,10.2,
6358,"Mandir Marg, New Delhi - DPCC",28.636429,77.201067,400.0,,33.1,9.2,141.0,72.0,,11.3,
6358,"Mandir Marg, New Delhi - DPCC",28.636429,77.201067,,,,,141.0,72.0,,,
6358,"Mandir Marg, New Delhi - DPCC",28.636429,77.201067,,,,37.9,,,,,
6358,"Mandir Marg, New Delhi - DPCC",28.636429,77.201067,700.0,,,30.2,,,,12.0,
6358,"Mandir Marg, New Delhi - DPCC",28.636429,77.201067,700.0,,22.6,10.0,,,,12.3,
6358,"Mandir Marg, New Delhi - DPCC",28.636429,77.201067,700.0,,28.2,11.8,154.0,69.0,,,
6358,"Mandir Marg, New Delhi - DPCC",28.636429,77.201067,500.0,,26.0,11.2,154.0,69.0,,12.6,
6358,"Mandir Marg, New Delhi - DPCC",28.636429,77.201067,500.0,,25.4,5.3,154.0,69.0,,12.6,
6358,"Mandir Marg, New Delhi - DPCC",28.636429,77.201067,600.0,,35.2,0.2,154.0,69.0,,11.8,
6358,"Mandir Marg, New Delhi - DPCC",28.636429,77.201067,800.0,,44.4,,190.0,68.0,,11.3,
6358,"Mandir Marg, New Delhi - DPCC",28.636429,77.201067,800.0,,43.6,,190.0,68.0,,11.5,
6358,"Mandir Marg, New Delhi - DPCC",28.636429,77.201067,900.0,,45.1,,190.0,68.0,,12.3,
6358,"Mandir Marg, New Delhi - DPCC",28.636429,77.201067,800.0,,42.1,,190.0,68.0,,11.5,
6358,"Mandir Marg, New Delhi - DPCC",28.636429,77.201067,900.0,,40.8,,159.0,55.0,,11.0,
6358,"Mandir Marg, New Delhi - DPCC",28.636429,77.201067,1100.0,,44.0,,159.0,55.0,,11.0,
6358,"Mandir Marg, New Delhi - DPCC",28.636429,77.201067,1200.0,,52.3,,,55.0,,11.8,
6358,"Mandir Marg, New Delhi - DPCC",28.636429,77.201067,1000.0,,54.3,85.0,159.0,55.0,,11.3,
6358,"Mandir Marg, New Delhi - DPCC",28.636429,77.201067,1000.0,,55.1,25.3,84.0,31.0,,11.8,
6358,"Mandir Marg, New Delhi - DPCC",28.636429,77.201067,1000.0,,56.4,23.0,84.0,31.0,,12.0,
6358,"Mandir Marg, New Delhi - DPCC",28.636429,77.201067,1000.0,,51.3,74.9,84.0,31.0,,11.8,
6358,"Mandir Marg, New Delhi - DPCC",28.636429,77.201067,1000.0,,42.3,115.8,84.0,31.0,,11.3,
6358,"Mandir Marg, New Delhi - DPCC",28.636429,77.201067,1000.0,,34.2,115.2,124.0,55.0,,11.8,
6358,"Mandir Marg, New Delhi - DPCC",28.636429,77.201067,800.0,,27.8,15.1,124.0,55.0,,12.8,
6358,"Mandir Marg, New Delhi - DPCC",28.636429,77.201067,900.0,,29.5,8.6,124.0,55.0,,12.0,
6358,"Mandir Marg, New Delhi - DPCC",28.636429,77.201067,800.0,,32.7,13.1,90.0,62.0,,11.8,
6358,"Mandir Marg, New Delhi - DPCC",28.636429,77.201067,800.0,,38.0,19.8,90.0,62.0,,11.8,
6358,"Mandir Marg, New Delhi - DPCC",28.636429,77.201067,500.0,,41.9,20.6,90.0,62.0,,12.0,
6358,"Mandir Marg, New Delhi - DPCC",28.636429,77.201067,400.0,,38.2,21.4,88.0,18.0,,,
6358,"Mandir Marg, New Delhi - DPCC",28.636429,77.201067,400.0,,32.0,13.5,88.0,18.0,,10.5,
6358,"Mandir Marg, New Delhi - DPCC",28.636429,77.201067,200.0,,26.9,3.3,88.0,18.0,,10.5,
6358,"Mandir Marg, New Delhi - DPCC",28.636429,77.201067,100.0,,24.1,14.3,88.0,18.0,,9.4,
6358,"Mandir Marg, New Delhi - DPCC",28.636429,77.201067,200.0,,21.1,16.3,88.0,18.0,,9.7,
6358,"Mandir Marg, New Delhi - DPCC",28.636429,77.201067,200.0,,16.4,,,,,9.7,
6358,"Mandir Marg, New Delhi - DPCC",28.636429,77.201067,300.0,,15.6,,88.0,18.0,,9.4,
6358,"Mandir Marg, New Delhi - DPCC",28.636429,77.201067,400.0,,14.3,,88.0,18.0,,9.4,
6358,"Mandir Marg, New Delhi - DPCC",28.636429,77.201067,400.0,,15.6,50.2,102.0,40.0,,9.2,
6358,"Mandir Marg, New Delhi - DPCC",28.636429,77.201067,,,,178.1,,40.0,,,
6358,"Mandir Marg, New Delhi - DPCC",28.636429,77.201067,,,,,102.0,40.0,,,
6358,"Mandir Marg, New Delhi - DPCC",28.636429,77.201067,,,13.2,,102.0,40.0,,,
6358,"Mandir Marg, New Delhi - DPCC",28.636429,77.201067,300.0,,14.1,,92.0,32.0,,14.4,
6358,"Mandir Marg, New Delhi - DPCC",28.636429,77.201067,300.0,,13.4,,,32.0,,11.8,
6358,"Mandir Marg, New Delhi - DPCC",28.636429,77.201067,500.0,,14.3,13.7,92.0,32.0,,10.7,
6358,"Mandir Marg, New Delhi - DPCC",28.636429,77.201067,600.0,,16.9,,92.0,32.0,,10.7,
6358,"Mandir Marg, New Delhi - DPCC",28.636429,77.201067,600.0,,19.9,,65.0,31.0,,11.3,
6358,"Mandir Marg, New Delhi - DPCC",28.636429,77.201067,400.0,,25.2,52.8,,31.0,,11.0,
6358,"Mandir Marg, New Delhi - DPCC",28.636429,77.201067,400.0,,23.1,72.6,65.0,31.0,,,
6358,"Mandir Marg, New Delhi - DPCC",28.636429,77.201067,300.0,,26.3,,115.0,77.0,,,
6358,"Mandir Marg, New Delhi - DPCC",28.636429,77.201067,300.0,,23.5,,,77.0,,,
6358,"Mandir Marg, New Delhi - DPCC",28.636429,77.201067,300.0,,,,115.0,77.0,,,
6358,"Mandir Marg, New Delhi - DPCC",28.636429,77.201067,300.0,,,,115.0,77.0,,,
6358,"Mandir Marg, New Delhi - DPCC",28.636429,77.201067,300.0,,,,86.0,32.0,,,
6358,"Mandir Marg, New Delhi - DPCC",28.636429,77.201067,400.0,,,,,,,,
6358,"Mandir Marg, New Delhi - DPCC",28.636429,77.201067,,,,,86.0,32.0,,,
6358,"Mandir Marg, New Delhi - DPCC",28.636429,77.201067,,,,11.8,86.0,32.0,,,
6358,"Mandir Marg, New Delhi - DPCC",28.636429,77.201067,,,,283.9,76.0,37.0,,,
6358,"Mandir Marg, New Delhi - DPCC",28.636429,77.201067,,,,,,37.0,,,
6358,"Mandir Marg, New Delhi - DPCC",28.636429,77.201067,,,,,76.0,37.0,,,
6358,"Mandir Marg, New Delhi - DPCC",28.636429,77.201067,,,,,76.0,37.0,,,
6358,"Mandir Marg, New Delhi - DPCC",28.636429,77.201067,,,,,98.0,48.0,,,
6358,"Mandir Marg, New Delhi - DPCC",28.636429,77.201067,,,,,,48.0,,,
6358,"Mandir Marg, New Delhi - DPCC",28.636429,77.201067,,,,,98.0,48.0,,,
6358,"Mandir Marg, New Delhi - DPCC",28.636429,77.201067,,,,,98.0,48.0,,,
6358,"Mandir Marg, New Delhi - DPCC",28.636429,77.201067,,,,,112.0,50.0,,,
6358,"Mandir Marg, New Delhi - DPCC",28.636429,77.201067,,,,,,50.0,,,
6358,"Mandir Marg, New Delhi - DPCC",28.636429,77.201067,,,,,112.0,50.0,,,
6358,"Mandir Marg, New Delhi - DPCC",28.636429,77.201067,,,,95.0,112.0,50.0,,,
6358,"Mandir Marg, New Delhi - DPCC",28.636429,77.201067,,,,,142.0,48.0,,,
6358,"Mandir Marg, New Delhi - DPCC",28.636429,77.201067,,,,,142.0,48.0,,,
6358,"Mandir Marg, New Delhi - DPCC",28.636429,77.201067,300.0,,15.6,3.1,,,,18.6,
6358,"Mandir Marg, New Delhi - DPCC",28.636429,77.201067,200.0,,20.1,4.7,130.0,49.0,,18.6,
6358,"Mandir Marg, New Delhi - DPCC",28.636429,77.201067,100.0,,17.9,4.9,,49.0,,18.1,
6358,"Mandir Marg, New Delhi - DPCC",28.636429,77.201067,200.0,,20.5,2.0,130.0,49.0,,18.6,
6358,"Mandir Marg, New Delhi - DPCC",28.636429,77.201067,200.0,,21.1,10.4,130.0,49.0,,18.6,
6358,"Mandir Marg, New Delhi - DPCC",28.636429,77.201067,200.0,,25.8,20.8,,33.0,,,
6358,"Mandir Marg, New Delhi - DPCC",28.636429,77.201067,100.0,,26.9,37.1,114.0,33.0,,,
6358,"Mandir Marg, New Delhi - DPCC",28.636429,77.201067,400.0,,29.7,19.0,107.0,,,19.6,
6358,"Mandir Marg, New Delhi - DPCC",28.636429,77.201067,400.0,,30.5,4.7,107.0,34.0,,19.4,
6358,"Mandir Marg, New Delhi - DPCC",28.636429,77.201067,600.0,,29.9,12.4,,,,17.5,
6358,"Mandir Marg, New Delhi - DPCC",28.636429,77.201067,600.0,,41.0,8.8,,52.0,,12.3,
6358,"Mandir Marg, New Delhi - DPCC",28.636429,77.201067,700.0,,39.3,8.8,174.0,52.0,,12.3,
6358,"Mandir Marg, New Delhi - DPCC",28.636429,77.201067,800.0,,40.4,7.5,174.0,52.0,,12.8,
6358,"Mandir Marg, New Delhi - DPCC",28.636429,77.201067,1400.0,,38.4,6.9,,38.0,,12.8,
6358,"Mandir Marg, New Delhi - DPCC",28.636429,77.201067,1300.0,,36.3,7.3,98.0,38.0,,13.4,
6358,"Mandir Marg, New Delhi - DPCC",28.636429,77.201067,1500.0,,35.2,7.5,114.0,45.0,,12.6,
6358,"Mandir Marg, New Delhi - DPCC",28.636429,77.201067,1600.0,,33.8,7.1,,45.0,,12.8,
6358,"Mandir Marg, New Delhi - DPCC",28.636429,77.201067,2100.0,,28.8,6.3,114.0,45.0,,13.1,
6358,"Mandir Marg, New Delhi - DPCC",28.636429,77.201067,2100.0,,25.2,6.5,148.0,55.0,,13.4,
6358,"Mandir Marg, New Delhi - DPCC",28.636429,77.201067,400.0,,16.4,3.5,24.0,18.0,,9.2,
6358,"Mandir Marg, New Delhi - DPCC",28.636429,77.201067,500.0,,15.4,4.1,106.0,39.0,,9.2,
6358,"Mandir Marg, New Delhi - DPCC",28.636429,77.201067,500.0,,14.5,3.7,106.0,39.0,,10.2,
6358,"Mandir Marg, New Delhi - DPCC",28.636429,77.201067,400.0,,19.2,3.9,73.0,20.0,,11.3,
6358,"Mandir Marg, New Delhi - DPCC",28.636429,77.201067,600.0,,26.7,3.5,73.0,20.0,,11.3,
6358,"Mandir Marg, New Delhi - DPCC",28.636429,77.201067,700.0,,34.4,2.9,73.0,20.0,,11.8,
6358,"Mandir Marg, New Delhi - DPCC",28.636429,77.201067,300.0,,13.7,6.1,135.0,45.0,,10.0,
6358,"Mandir Marg, New Delhi - DPCC",28.636429,77.201067,300.0,,17.5,8.4,212.0,67.0,,11.5,
6358,"Mandir Marg, New Delhi - DPCC",28.636429,77.201067,300.0,,16.0,11.8,151.0,44.0,,10.7,
6358,"Mandir Marg, New Delhi - DPCC",28.636429,77.201067,300.0,,16.5,13.3,148.0,63.0,,,
6358,"Mandir Marg, New Delhi - DPCC",28.636429,77.201067,300.0,,16.9,13.7,148.0,63.0,,11.5,
6358,"Mandir Marg, New Delhi - DPCC",28.636429,77.201067,400.0,,16.0,14.1,157.0,50.0,,12.0,
6358,"Mandir Marg, New Delhi - DPCC",28.636429,77.201067,400.0,,17.1,16.1,157.0,50.0,,12.3,
6358,"Mandir Marg, New Delhi - DPCC",28.636429,77.201067,400.0,,22.4,15.1,167.0,57.0,,12.6,
6358,"Mandir Marg, New Delhi - DPCC",28.636429,77.201067,500.0,,23.1,17.9,167.0,57.0,,12.3,
6358,"Mandir Marg, New Delhi - DPCC",28.636429,77.201067,500.0,,23.3,23.9,197.0,68.0,,11.5,
6358,"Mandir Marg, New Delhi - DPCC",28.636429,77.201067,500.0,,26.7,22.6,197.0,68.0,,12.3,
6358,"Mandir Marg, New Delhi - DPCC",28.636429,77.201067,500.0,,30.3,21.2,197.0,68.0,,12.0,
6358,"Mandir Marg, New Delhi - DPCC",28.636429,77.201067,500.0,,32.5,20.0,148.0,67.0,,12.3,
6358,"Mandir Marg, New Delhi - DPCC",28.636429,77.201067,500.0,,36.5,14.9,148.0,67.0,,12.3,
6358,"Mandir Marg, New Delhi - DPCC",28.636429,77.201067,500.0,,48.1,9.2,148.0,67.0,,12.3,
6358,"Mandir Marg, New Delhi - DPCC",28.636429,77.201067,400.0,,39.7,10.2,75.0,35.0,,12.6,
6358,"Mandir Marg, New Delhi - DPCC",28.636429,77.201067,400.0,,38.4,10.4,75.0,35.0,,12.3,
6358,"Mandir Marg, New Delhi - DPCC",28.636429,77.201067,400.0,,39.1,8.0,75.0,35.0,,12.6,
6358,"Mandir Marg, New Delhi - DPCC",28.636429,77.201067,400.0,,35.5,12.8,109.0,34.0,,12.0,
6358,"Mandir Marg, New Delhi - DPCC",28.636429,77.201067,500.0,,34.6,13.1,109.0,34.0,,11.0,
6358,"Mandir Marg, New Delhi - DPCC",28.636429,77.201067,600.0,,40.4,8.8,123.0,36.0,,11.3,
6358,"Mandir Marg, New Delhi - DPCC",28.636429,77.201067,700.0,,49.5,9.6,123.0,36.0,,11.0,
6358,"Mandir Marg, New Delhi - DPCC",28.636429,77.201067,700.0,,54.9,7.3,123.0,36.0,,10.7,
6358,"Mandir Marg, New Delhi - DPCC",28.636429,77.201067,500.0,,44.9,6.3,136.0,45.0,,11.0,
6358,"Mandir Marg, New Delhi - DPCC",28.636429,77.201067,500.0,,37.4,8.0,136.0,45.0,,11.3,
6358,"Mandir Marg, New Delhi - DPCC",28.636429,77.201067,800.0,,42.3,6.3,136.0,45.0,,10.7,
6358,"Mandir Marg, New Delhi - DPCC",28.636429,77.201067,600.0,,47.4,6.1,95.0,37.0,,10.5,
6358,"Mandir Marg, New Delhi - DPCC",28.636429,77.201067,500.0,,46.4,6.1,95.0,37.0,,11.0,
6358,"Mandir Marg, New Delhi - DPCC",28.636429,77.201067,600.0,,47.2,6.1,95.0,37.0,,11.3,
6358,"Mandir Marg, New Delhi - DPCC",28.636429,77.201067,700.0,,51.3,5.9,95.0,37.0,,11.3,
6358,"Mandir Marg, New Delhi - DPCC",28.636429,77.201067,600.0,,50.2,5.7,101.0,33.0,,10.7,
6358,"Mandir Marg, New Delhi - DPCC",28.636429,77.201067,600.0,,46.8,5.9,101.0,33.0,,9.4,
6358,"Mandir Marg, New Delhi - DPCC",28.636429,77.201067,500.0,,39.1,8.0,101.0,33.0,,9.4,
6358,"Mandir Marg, New Delhi - DPCC",28.636429,77.201067,500.0,,37.0,4.5,102.0,35.0,,10.5,
6358,"Mandir Marg, New Delhi - DPCC",28.636429,77.201067,600.0,,41.7,6.9,102.0,35.0,,10.5,
6358,"Mandir Marg, New Delhi - DPCC",28.636429,77.201067,600.0,,43.8,6.3,102.0,35.0,,10.2,
6358,"Mandir Marg, New Delhi - DPCC",28.636429,77.201067,500.0,,44.0,8.2,102.0,32.0,,,
6358,"Mandir Marg, New Delhi - DPCC",28.636429,77.201067,500.0,,39.3,3.7,102.0,32.0,,10.2,
6358,"Mandir Marg, New Delhi - DPCC",28.636429,77.201067,400.0,,37.2,5.3,102.0,32.0,,10.5,
6358,"Mandir Marg, New Delhi - DPCC",28.636429,77.201067,400.0,,37.4,8.4,77.0,30.0,,11.5,
6358,"Mandir Marg, New Delhi - DPCC",28.636429,77.201067,300.0,,30.1,,77.0,30.0,,11.5,
6358,"Mandir Marg, New Delhi - DPCC",28.636429,77.201067,300.0,,25.2,,77.0,30.0,,11.8,
6358,"Mandir Marg, New Delhi - DPCC",28.636429,77.201067,300.0,,25.2,9.8,132.0,56.0,,11.8,
6358,"Mandir Marg, New Delhi - DPCC",28.636429,77.201067,,,,7.1,132.0,56.0,,,
6358,"Mandir Marg, New Delhi - DPCC",28.636429,77.201067,,,22.2,3.5,132.0,56.0,,,
6358,"Mandir Marg, New Delhi - DPCC",28.636429,77.201067,300.0,,29.0,0.2,163.0,69.0,,14.1,
6358,"Mandir Marg, New Delhi - DPCC",28.636429,77.201067,300.0,,29.9,,163.0,69.0,,12.8,
6358,"Mandir Marg, New Delhi - DPCC",28.636429,77.201067,300.0,,27.6,2.2,117.0,45.0,,11.5,
6358,"Mandir Marg, New Delhi - DPCC",28.636429,77.201067,300.0,,23.5,2.9,117.0,45.0,,12.0,
6358,"Mandir Marg, New Delhi - DPCC",28.636429,77.201067,,,20.1,0.2,117.0,45.0,,12.8,
6358,"Mandir Marg, New Delhi - DPCC",28.636429,77.201067,,,18.8,2.6,117.0,45.0,,12.6,
6358,"Mandir Marg, New Delhi - DPCC",28.636429,77.201067,,,19.0,5.3,74.0,24.0,,11.8,
6358,"Mandir Marg, New Delhi - DPCC",28.636429,77.201067,,,19.9,2.6,74.0,,,11.5,
6358,"Mandir Marg, New Delhi - DPCC",28.636429,77.201067,,,23.5,4.3,74.0,24.0,,11.8,
6358,"Mandir Marg, New Delhi - DPCC",28.636429,77.201067,,,20.5,4.9,74.0,24.0,,12.3,
6358,"Mandir Marg, New Delhi - DPCC",28.636429,77.201067,,,26.1,7.1,108.0,49.0,,,
6358,"Mandir Marg, New Delhi - DPCC",28.636429,77.201067,600.0,,25.2,7.8,108.0,,,11.8,
6358,"Mandir Marg, New Delhi - DPCC",28.636429,77.201067,500.0,,22.6,5.3,108.0,49.0,,10.2,
6358,"Mandir Marg, New Delhi - DPCC",28.636429,77.201067,500.0,,23.7,4.1,108.0,49.0,,10.7,
6358,"Mandir Marg, New Delhi - DPCC",28.636429,77.201067,500.0,,26.3,2.9,68.0,18.0,,10.0,
6358,"Mandir Marg, New Delhi - DPCC",28.636429,77.201067,600.0,,29.9,12.8,,18.0,,9.7,
6358,"Mandir Marg, New Delhi - DPCC",28.636429,77.201067,500.0,,28.2,8.6,68.0,18.0,,9.4,
6358,"Mandir Marg, New Delhi - DPCC",28.636429,77.201067,500.0,,28.2,17.9,65.0,12.0,,8.9,
6358,"Mandir Marg, New Delhi - DPCC",28.636429,77.201067,400.0,,26.3,,65.0,12.0,,9.2,
6358,"Mandir Marg, New Delhi - DPCC",28.636429,77.201067,400.0,,29.1,27.1,88.0,23.0,,9.2,
6358,"Mandir Marg, New Delhi - DPCC",28.636429,77.201067,200.0,,22.0,2.4,90.0,,,9.4,
6358,"Mandir Marg, New Delhi - DPCC",28.636429,77.201067,300.0,,21.8,13.7,81.0,21.0,,10.0,
6358,"Mandir Marg, New Delhi - DPCC",28.636429,77.201067,500.0,,22.6,0.4,81.0,21.0,,11.8,
6358,"Mandir Marg, New Delhi - DPCC",28.636429,77.201067,400.0,,23.5,31.2,85.0,16.0,,12.8,
6358,"Mandir Marg, New Delhi - DPCC",28.636429,77.201067,400.0,,20.1,,65.0,35.0,,11.8,
6358,"Mandir Marg, New Delhi - DPCC",28.636429,77.201067,400.0,,18.6,102.6,65.0,35.0,,11.8,
6358,"Mandir Marg, New Delhi - DPCC",28.636429,77.201067,400.0,,19.7,,40.0,,,12.3,
6358,"Mandir Marg, New Delhi - DPCC",28.636429,77.201067,500.0,,20.7,65.1,40.0,0.0,,12.6,
6358,"Mandir Marg, New Delhi - DPCC",28.636429,77.201067,800.0,,35.0,66.1,131.0,57.0,,10.5,
6358,"Mandir Marg, New Delhi - DPCC",28.636429,77.201067,800.0,,35.4,78.3,73.0,29.0,,11.0,
6358,"Mandir Marg, New Delhi - DPCC",28.636429,77.201067,800.0,,31.8,35.5,73.0,29.0,,11.3,
6358,"Mandir Marg, New Delhi - DPCC",28.636429,77.201067,800.0,,34.6,112.4,114.0,36.0,,10.5,
6358,"Mandir Marg, New Delhi - DPCC",28.636429,77.201067,600.0,,28.6,103.0,106.0,32.0,,11.3,
6358,"Mandir Marg, New Delhi - DPCC",28.636429,77.201067,700.0,,30.3,,106.0,32.0,,9.7,
6358,"Mandir Marg, New Delhi - DPCC",28.636429,77.201067,700.0,,32.3,,82.0,27.0,,,
6358,"Mandir Marg, New Delhi - DPCC",28.636429,77.201067,700.0,,32.3,46.5,82.0,27.0,,10.5,
6358,"Mandir Marg, New Delhi - DPCC",28.636429,77.201067,600.0,,32.2,,82.0,27.0,,11.8,
6358,"Mandir Marg, New Delhi - DPCC",28.636429,77.201067,600.0,,32.3,28.8,82.0,27.0,,13.1,
6358,"Mandir Marg, New Delhi - DPCC",28.636429,77.201067,500.0,,32.5,,67.0,37.0,,13.4,
6358,"Mandir Marg, New Delhi - DPCC",28.636429,77.201067,400.0,,29.3,,67.0,37.0,,13.6,
6358,"Mandir Marg, New Delhi - DPCC",28.636429,77.201067,400.0,,29.1,,67.0,37.0,,13.4,
6358,"Mandir Marg, New Delhi - DPCC",28.636429,77.201067,400.0,,30.1,25.7,145.0,46.0,,13.6,
6358,"Mandir Marg, New Delhi - DPCC",28.636429,77.201067,,,,12.2,145.0,46.0,,,
6358,"Mandir Marg, New Delhi - DPCC",28.636429,77.201067,,,26.3,,145.0,46.0,,,
6358,"Mandir Marg, New Delhi - DPCC",28.636429,77.201067,300.0,,26.1,32.6,118.0,44.0,,19.4,
6358,"Mandir Marg, New Delhi - DPCC",28.636429,77.201067,300.0,,23.7,6.9,118.0,44.0,,17.0,
6358,"Mandir Marg, New Delhi - DPCC",28.636429,77.201067,300.0,,22.9,,118.0,44.0,,15.7,
6358,"Mandir Marg, New Delhi - DPCC",28.636429,77.201067,300.0,,21.2,,118.0,44.0,,15.2,
6358,"Mandir Marg, New Delhi - DPCC",28.636429,77.201067,300.0,,23.1,16.5,93.0,43.0,,14.9,
6358,"Mandir Marg, New Delhi - DPCC",28.636429,77.201067,200.0,,24.3,,93.0,43.0,,14.1,
6358,"Mandir Marg, New Delhi - DPCC",28.636429,77.201067,200.0,,25.2,15.1,93.0,43.0,,13.6,
6358,"Mandir Marg, New Delhi - DPCC",28.636429,77.201067,400.0,,24.6,54.3,93.0,43.0,,14.1,
6358,"Mandir Marg, New Delhi - DPCC",28.636429,77.201067,500.0,,24.3,,40.0,18.0,,13.9,
6358,"Mandir Marg, New Delhi - DPCC",28.636429,77.201067,500.0,,26.7,54.7,40.0,18.0,,14.4,
6358,"Mandir Marg, New Delhi - DPCC",28.636429,77.201067,500.0,,28.0,13.1,40.0,18.0,,13.6,
6358,"Mandir Marg, New Delhi - DPCC",28.636429,77.201067,500.0,,27.1,26.9,40.0,18.0,,13.1,
6358,"Mandir Marg, New Delhi - DPCC",28.636429,77.201067,500.0,,23.1,,117.0,30.0,,12.6,
6358,"Mandir Marg, New Delhi - DPCC",28.636429,77.201067,500.0,,21.2,,117.0,30.0,,9.7,
6358,"Mandir Marg, New Delhi - DPCC",28.636429,77.201067,600.0,,28.4,8.4,95.0,,,10.0,
6358,"Mandir Marg, New Delhi - DPCC",28.636429,77.201067,600.0,,30.7,30.2,95.0,28.0,,9.4,
6358,"Mandir Marg, New Delhi - DPCC",28.636429,77.201067,700.0,,30.1,6.3,95.0,28.0,,9.4,
6358,"Mandir Marg, New Delhi - DPCC",28.636429,77.201067,600.0,,31.8,3.7,92.0,64.0,,10.0,
6358,"Mandir Marg, New Delhi - DPCC",28.636429,77.201067,500.0,,30.8,42.0,92.0,64.0,,9.7,
6358,"Mandir Marg, New Delhi - DPCC",28.636429,77.201067,500.0,,31.2,46.7,92.0,64.0,,9.7,
6358,"Mandir Marg, New Delhi - DPCC",28.636429,77.201067,400.0,,33.7,51.2,92.0,64.0,,9.7,
6358,"Mandir Marg, New Delhi - DPCC",28.636429,77.201067,400.0,,,,86.0,48.0,,10.2,
6358,"Mandir Marg, New Delhi - DPCC",28.636429,77.201067,400.0,,,58.5,86.0,48.0,,,
6358,"Mandir Marg, New Delhi - DPCC",28.636429,77.201067,400.0,,,,86.0,,,,
6358,"Mandir Marg, New Delhi - DPCC",28.636429,77.201067,200.0,,,27.3,86.0,48.0,,,
6358,"Mandir Marg, New Delhi - DPCC",28.636429,77.201067,,,,,90.0,33.0,,,
6358,"Mandir Marg, New Delhi - DPCC",28.636429,77.201067,100.0,,,,90.0,33.0,,,
6358,"Mandir Marg, New Delhi - DPCC",28.636429,77.201067,300.0,,26.3,,90.0,33.0,,10.7,
6358,"Mandir Marg, New Delhi - DPCC",28.636429,77.201067,300.0,,30.8,,67.0,14.0,,9.7,
6358,"Mandir Marg, New Delhi - DPCC",28.636429,77.201067,300.0,,29.3,,67.0,14.0,,9.4,
6358,"Mandir Marg, New Delhi - DPCC",28.636429,77.201067,300.0,,30.5,60.0,64.0,0.0,,,
6358,"Mandir Marg, New Delhi - DPCC",28.636429,77.201067,400.0,,31.8,26.9,64.0,0.0,,7.6,
6358,"Mandir Marg, New Delhi - DPCC",28.636429,77.201067,700.0,,30.3,,124.0,33.0,,8.6,
6358,"Mandir Marg, New Delhi - DPCC",28.636429,77.201067,500.0,,28.6,,124.0,33.0,,8.6,
6358,"Mandir Marg, New Delhi - DPCC",28.636429,77.201067,500.0,,24.8,,132.0,28.0,,8.4,
6358,"Mandir Marg, New Delhi - DPCC",28.636429,77.201067,600.0,,25.8,104.6,132.0,28.0,,8.1,
6358,"Mandir Marg, New Delhi - DPCC",28.636429,77.201067,500.0,,26.0,,132.0,,,8.1,
6358,"Mandir Marg, New Delhi - DPCC",28.636429,77.201067,500.0,,25.8,210.3,93.0,59.0,,7.6,
6358,"Mandir Marg, New Delhi - DPCC",28.636429,77.201067,600.0,,28.8,,93.0,59.0,,8.6,
6358,"Mandir Marg, New Delhi - DPCC",28.636429,77.201067,600.0,,26.5,91.0,82.0,35.0,,8.4,
6358,"Mandir Marg, New Delhi - DPCC",28.636429,77.201067,600.0,,27.3,,82.0,35.0,,8.4,
6358,"Mandir Marg, New Delhi - DPCC",28.636429,77.201067,500.0,,27.5,,82.0,35.0,,8.1,
6358,"Mandir Marg, New Delhi - DPCC",28.636429,77.201067,500.0,,31.4,,41.0,,,8.9,
6358,"Mandir Marg, New Delhi - DPCC",28.636429,77.201067,500.0,,37.4,,41.0,2.0,,8.6,
6358,"Mandir Marg, New Delhi - DPCC",28.636429,77.201067,500.0,,39.9,,41.0,2.0,,8.9,
6358,"Mandir Marg, New Delhi - DPCC",28.636429,77.201067,400.0,,37.2,,68.0,18.0,,9.4,
6358,"Mandir Marg, New Delhi - DPCC",28.636429,77.201067,500.0,,37.8,,68.0,18.0,,11.5,
6358,"Mandir Marg, New Delhi - DPCC",28.636429,77.201067,500.0,,37.8,,68.0,18.0,,12.8,
6358,"Mandir Marg, New Delhi - DPCC",28.636429,77.201067,900.0,,38.6,,91.0,25.0,,12.3,
6358,"Mandir Marg, New Delhi - DPCC",28.636429,77.201067,1500.0,,54.7,,91.0,25.0,,12.0,
6358,"Mandir Marg, New Delhi - DPCC",28.636429,77.201067,1200.0,,56.8,,91.0,25.0,,12.8,
6358,"Mandir Marg, New Delhi - DPCC",28.636429,77.201067,1200.0,,56.8,,91.0,25.0,,13.6,
6358,"Mandir Marg, New Delhi - DPCC",28.636429,77.201067,1000.0,,57.9,,98.0,28.0,,14.4,
6358,"Mandir Marg, New Delhi - DPCC",28.636429,77.201067,900.0,,,3.3,98.0,28.0,,14.4,
6358,"Mandir Marg, New Delhi - DPCC",28.636429,77.201067,200.0,,,,112.0,105.0,,,
6358,"Mandir Marg, New Delhi - DPCC",28.636429,77.201067,500.0,,51.5,155.0,76.0,20.0,,,
6358,"Mandir Marg, New Delhi - DPCC",28.636429,77.201067,,,,129.7,123.0,63.0,,,
6358,"Mandir Marg, New Delhi - DPCC",28.636429,77.201067,,,,,82.0,48.0,,,
6358,"Mandir Marg, New Delhi - DPCC",28.636429,77.201067,,,,,84.0,37.0,,,
6358,"Mandir Marg, New Delhi - DPCC",28.636429,77.201067,,,,,95.0,45.0,,,
6358,"Mandir Marg, New Delhi - DPCC",28.636429,77.201067,,,,,120.0,69.0,,,
6358,"Mandir Marg, New Delhi - DPCC",28.636429,77.201067,,,,,51.0,23.0,,,
6358,"Mandir Marg, New Delhi - DPCC",28.636429,77.201067,,,,,81.0,31.0,,,
6358,"Mandir Marg, New Delhi - DPCC",28.636429,77.201067,,,,,93.0,45.0,,,
6358,"Mandir Marg, New Delhi - DPCC",28.636429,77.201067,,,,,93.0,53.0,,,
6358,"Mandir Marg, New Delhi - DPCC",28.636429,77.201067,,,,,142.0,,,,
6358,"Mandir Marg, New Delhi - DPCC",28.636429,77.201067,2900.0,,23.5,21.4,142.0,38.0,,,
6358,"Mandir Marg, New Delhi - DPCC",28.636429,77.201067,3000.0,,22.4,10.8,134.0,56.0,,12.8,
6358,"Mandir Marg, New Delhi - DPCC",28.636429,77.201067,2600.0,,23.3,11.4,134.0,,,13.1,
6358,"Mandir Marg, New Delhi - DPCC",28.636429,77.201067,100.0,,21.1,6.3,46.0,49.0,,12.0,
6358,"Mandir Marg, New Delhi - DPCC",28.636429,77.201067,,,31.0,5.3,46.0,49.0,,12.6,
6358,"Mandir Marg, New Delhi - DPCC",28.636429,77.201067,300.0,,32.3,6.5,106.0,38.0,,,
6358,"Mandir Marg, New Delhi - DPCC",28.636429,77.201067,400.0,,35.4,6.9,106.0,38.0,,13.6,
6358,"Mandir Marg, New Delhi - DPCC",28.636429,77.201067,200.0,,33.1,6.1,106.0,38.0,,13.6,
6358,"Mandir Marg, New Delhi - DPCC",28.636429,77.201067,200.0,,38.6,5.5,106.0,38.0,,13.1,
6358,"Mandir Marg, New Delhi - DPCC",28.636429,77.201067,100.0,,35.0,7.3,109.0,53.0,,13.1,
6358,"Mandir Marg, New Delhi - DPCC",28.636429,77.201067,200.0,,33.8,5.7,109.0,,,13.1,
6358,"Mandir Marg, New Delhi - DPCC",28.636429,77.201067,400.0,,31.6,6.3,109.0,53.0,,13.4,
6358,"Mandir Marg, New Delhi - DPCC",28.636429,77.201067,500.0,,,6.9,109.0,53.0,,12.8,
6358,"Mandir Marg, New Delhi - DPCC",28.636429,77.201067,300.0,,,7.3,86.0,28.0,,,
6358,"Mandir Marg, New Delhi - DPCC",28.636429,77.201067,300.0,,,7.3,86.0,28.0,,,
6358,"Mandir Marg, New Delhi - DPCC",28.636429,77.201067,,,,11.2,86.0,28.0,,,
6358,"Mandir Marg, New Delhi - DPCC",28.636429,77.201067,100.0,,,8.6,112.0,82.0,,,
6358,"Mandir Marg, New Delhi - DPCC",28.636429,77.201067,100.0,,,7.3,112.0,82.0,,,
6358,"Mandir Marg, New Delhi - DPCC",28.636429,77.201067,,,,,112.0,82.0,,,
6358,"Mandir Marg, New Delhi - DPCC",28.636429,77.201067,,,,,,82.0,,,
6358,"Mandir Marg, New Delhi - DPCC",28.636429,77.201067,,,,26.7,91.0,37.0,,,
6358,"Mandir Marg, New Delhi - DPCC",28.636429,77.201067,,,,,91.0,37.0,,,
6358,"Mandir Marg, New Delhi - DPCC",28.636429,77.201067,,,,,91.0,37.0,,,
6358,"Mandir Marg, New Delhi - DPCC",28.636429,77.201067,,,,,97.0,46.0,,,
6358,"Mandir Marg, New Delhi - DPCC",28.636429,77.201067,,,,,97.0,46.0,,,
6358,"Mandir Marg, New Delhi - DPCC",28.636429,77.201067,,,,3.1,97.0,46.0,,,
6358,"Mandir Marg, New Delhi - DPCC",28.636429,77.201067,,,,,74.0,42.0,,,
6358,"Mandir Marg, New Delhi - DPCC",28.636429,77.201067,,,,,74.0,42.0,,,
6358,"Mandir Marg, New Delhi - DPCC",28.636429,77.201067,,,,,74.0,42.0,,,
6358,"Mandir Marg, New Delhi - DPCC",28.636429,77.201067,,,,,74.0,42.0,,,
6358,"Mandir Marg, New Delhi - DPCC",28.636429,77.201067,,,,,74.0,42.0,,,
6358,"Mandir Marg, New Delhi - DPCC",28.636429,77.201067,,,,,74.0,,,,
6358,"Mandir Marg, New Delhi - DPCC",28.636429,77.201067,,,,,74.0,42.0,,,
6358,"Mandir Marg, New Delhi - DPCC",28.636429,77.201067,,,,,74.0,42.0,,,
6358,"Mandir Marg, New Delhi - DPCC",28.636429,77.201067,,,,,,19.0,,,
6358,"Mandir Marg, New Delhi - DPCC",28.636429,77.201067,,,,,62.0,19.0,,,
6358,"Mandir Marg, New Delhi - DPCC",28.636429,77.201067,,,,,62.0,19.0,,,
6358,"Mandir Marg, New Delhi - DPCC",28.636429,77.201067,,,,,62.0,19.0,,,
6358,"Mandir Marg, New Delhi - DPCC",28.636429,77.201067,,,,,62.0,26.0,,,
6358,"Mandir Marg, New Delhi - DPCC",28.636429,77.201067,,,,,62.0,26.0,,,
6358,"Mandir Marg, New Delhi - DPCC",28.636429,77.201067,,,,,62.0,26.0,,,
6358,"Mandir Marg, New Delhi - DPCC",28.636429,77.201067,,,,,57.0,25.0,,,
6358,"Mandir Marg, New Delhi - DPCC",28.636429,77.201067,,,,,57.0,25.0,,,
6358,"Mandir Marg, New Delhi - DPCC",28.636429,77.201067,,,,,57.0,25.0,,,
6358,"Mandir Marg, New Delhi - DPCC",28.636429,77.201067,,,,,57.0,25.0,,,
6358,"Mandir Marg, New Delhi - DPCC",28.636429,77.201067,,,,,59.0,22.0,,,
6358,"Mandir Marg, New Delhi - DPCC",28.636429,77.201067,,,,,59.0,22.0,,,
6358,"Mandir Marg, New Delhi - DPCC",28.636429,77.201067,,,,,59.0,22.0,,,
6358,"Mandir Marg, New Delhi - DPCC",28.636429,77.201067,,,,,59.0,22.0,,,
6358,"Mandir Marg, New Delhi - DPCC",28.636429,77.201067,,,,,71.0,27.0,,,
6358,"Mandir Marg, New Delhi - DPCC",28.636429,77.201067,,,,,71.0,27.0,,,
6358,"Mandir Marg, New Delhi - DPCC",28.636429,77.201067,,,,,71.0,27.0,,,
6358,"Mandir Marg, New Delhi - DPCC",28.636429,77.201067,,,,,42.0,,,,
6358,"Mandir Marg, New Delhi - DPCC",28.636429,77.201067,,,,,42.0,,,,
6358,"Mandir Marg, New Delhi - DPCC",28.636429,77.201067,2300.0,,,,42.0,,,,
6358,"Mandir Marg, New Delhi - DPCC",28.636429,77.201067,4300.0,,34.0,,42.0,,,,
6358,"Mandir Marg, New Delhi - DPCC",28.636429,77.201067,2600.0,,34.6,,70.0,,,,
6358,"Mandir Marg, New Delhi - DPCC",28.636429,77.201067,,,39.3,1.2,70.0,,,,
6358,"Mandir Marg, New Delhi - DPCC",28.636429,77.201067,,,,4.1,70.0,,,,
6358,"Mandir Marg, New Delhi - DPCC",28.636429,77.201067,,,,4.7,70.0,,,,
6358,"Mandir Marg, New Delhi - DPCC",28.636429,77.201067,,,,,76.0,19.0,,,
6358,"Mandir Marg, New Delhi - DPCC",28.636429,77.201067,,,,,76.0,19.0,,,
6358,"Mandir Marg, New Delhi - DPCC",28.636429,77.201067,,,,,76.0,19.0,,,
6358,"Mandir Marg, New Delhi - DPCC",28.636429,77.201067,,,,5.5,91.0,31.0,,,
6358,"Mandir Marg, New Delhi - DPCC",28.636429,77.201067,,,,1.6,91.0,31.0,,,
6358,"Mandir Marg, New Delhi - DPCC",28.636429,77.201067,,,,,91.0,29.0,,,
6358,"Mandir Marg, New Delhi - DPCC",28.636429,77.201067,3800.0,,,,91.0,29.0,,26.7,
6358,"Mandir Marg, New Delhi - DPCC",28.636429,77.201067,3100.0,,28.6,0.6,91.0,29.0,,27.2,
6358,"Mandir Marg, New Delhi - DPCC",28.636429,77.201067,300.0,,19.4,,59.0,,,22.5,
6358,"Mandir Marg, New Delhi - DPCC",28.636429,77.201067,,,23.5,1.2,,,,13.9,
6358,"Mandir Marg, New Delhi - DPCC",28.636429,77.201067,300.0,,22.8,7.3,59.0,,,12.0,
6358,"Mandir Marg, New Delhi - DPCC",28.636429,77.201067,1300.0,,23.1,6.5,88.0,28.0,,11.5,
6358,"Mandir Marg, New Delhi - DPCC",28.636429,77.201067,1200.0,,25.4,9.6,139.0,33.0,,11.3,
6358,"Mandir Marg, New Delhi - DPCC",28.636429,77.201067,,,,13.5,104.0,39.0,,,
6358,"Mandir Marg, New Delhi - DPCC",28.636429,77.201067,600.0,,60.2,3.9,14.0,5.0,,12.6,
6358,"Mandir Marg, New Delhi - DPCC",28.636429,77.201067,300.0,,56.2,2.9,87.0,16.0,,12.0,
6358,"Mandir Marg, New Delhi - DPCC",28.636429,77.201067,400.0,,52.1,1.4,87.0,16.0,,12.6,
6358,"Mandir Marg, New Delhi - DPCC",28.636429,77.201067,500.0,,50.6,0.0,87.0,16.0,,12.8,
6358,"Mandir Marg, New Delhi - DPCC",28.636429,77.201067,400.0,,50.2,,102.0,21.0,,13.1,
6358,"Mandir Marg, New Delhi - DPCC",28.636429,77.201067,600.0,,39.7,5.7,76.0,16.0,,13.1,
6358,"Mandir Marg, New Delhi - DPCC",28.636429,77.201067,500.0,,47.0,6.1,76.0,16.0,,12.6,
6358,"Mandir Marg, New Delhi - DPCC",28.636429,77.201067,200.0,,36.3,4.9,81.0,,,11.5,
6358,"Mandir Marg, New Delhi - DPCC",28.636429,77.201067,700.0,,38.2,6.3,81.0,21.0,,11.3,
6358,"Mandir Marg, New Delhi - DPCC",28.636429,77.201067,100.0,,48.5,5.9,81.0,27.0,,11.8,
6358,"Mandir Marg, New Delhi - DPCC",28.636429,77.201067,100.0,,30.3,,132.0,33.0,,11.0,
6358,"Mandir Marg, New Delhi - DPCC",28.636429,77.201067,300.0,,,,132.0,33.0,,11.5,
6358,"Mandir Marg, New Delhi - DPCC",28.636429,77.201067,1600.0,,,,80.0,27.0,,10.7,
6358,"Mandir Marg, New Delhi - DPCC",28.636429,77.201067,4600.0,,21.8,,80.0,27.0,,11.0,
6358,"Mandir Marg, New Delhi - DPCC",28.636429,77.201067,3700.0,,20.7,,47.0,,,14.1,
6358,"Mandir Marg, New Delhi - DPCC",28.636429,77.201067,1900.0,,19.7,5.3,47.0,,,14.7,
6358,"Mandir Marg, New Delhi - DPCC",28.636429,77.201067,3000.0,,27.8,9.2,51.0,6.0,,13.9,
6358,"Mandir Marg, New Delhi - DPCC",28.636429,77.201067,,,26.9,13.1,107.0,21.0,,14.9,
6358,"Mandir Marg, New Delhi - DPCC",28.636429,77.201067,100.0,,25.4,4.7,107.0,21.0,,14.7,
6358,"Mandir Marg, New Delhi - DPCC",28.636429,77.201067,,,30.7,2.7,20.0,6.0,,14.7,
6358,"Mandir Marg, New Delhi - DPCC",28.636429,77.201067,100.0,,30.1,2.6,20.0,6.0,,14.9,
6358,"Mandir Marg, New Delhi - DPCC",28.636429,77.201067,600.0,,45.1,0.8,118.0,46.0,,,
6358,"Mandir Marg, New Delhi - DPCC",28.636429,77.201067,400.0,,46.6,0.6,118.0,46.0,,12.8,
6358,"Mandir Marg, New Delhi - DPCC",28.636429,77.201067,600.0,,43.6,0.2,118.0,46.0,,12.0,
6358,"Mandir Marg, New Delhi - DPCC",28.636429,77.201067,500.0,,34.4,0.6,93.0,46.0,,11.8,
6358,"Mandir Marg, New Delhi - DPCC",28.636429,77.201067,900.0,,23.5,0.2,93.0,,,11.3,
6358,"Mandir Marg, New Delhi - DPCC",28.636429,77.201067,,,46.4,9.4,112.0,50.0,,11.3,
6358,"Mandir Marg, New Delhi - DPCC",28.636429,77.201067,,,34.0,6.1,112.0,50.0,,10.7,
6358,"Mandir Marg, New Delhi - DPCC",28.636429,77.201067,,,31.6,,104.0,43.0,,,
6358,"Mandir Marg, New Delhi - DPCC",28.636429,77.201067,,,,,169.0,61.0,,,
6358,"Mandir Marg, New Delhi - DPCC",28.636429,77.201067,,,,,169.0,61.0,,,
6358,"Mandir Marg, New Delhi - DPCC",28.636429,77.201067,,,19.7,,91.0,29.0,,,
6358,"Mandir Marg, New Delhi - DPCC",28.636429,77.201067,,,19.0,,91.0,29.0,,,
6358,"Mandir Marg, New Delhi - DPCC",28.636429,77.201067,,,16.9,,71.0,27.0,,,
6358,"Mandir Marg, New Delhi - DPCC",28.636429,77.201067,,,21.2,,27.0,8.0,,,
6358,"Mandir Marg, New Delhi - DPCC",28.636429,77.201067,500.0,,18.8,2.9,76.0,17.0,,11.8,
6358,"Mandir Marg, New Delhi - DPCC",28.636429,77.201067,300.0,,16.4,8.8,30.0,4.0,,12.8,
6358,"Mandir Marg, New Delhi - DPCC",28.636429,77.201067,300.0,,18.8,12.6,98.0,29.0,,12.0,
6358,"Mandir Marg, New Delhi - DPCC",28.636429,77.201067,200.0,,18.8,10.2,85.0,30.0,,12.3,
6358,"Mandir Marg, New Delhi - DPCC",28.636429,77.201067,300.0,,19.6,9.8,85.0,,,11.8,
6358,"Mandir Marg, New Delhi - DPCC",28.636429,77.201067,300.0,,21.1,9.2,85.0,30.0,,11.5,
6358,"Mandir Marg, New Delhi - DPCC",28.636429,77.201067,200.0,,21.8,9.2,85.0,30.0,,12.0,
6358,"Mandir Marg, New Delhi - DPCC",28.636429,77.201067,300.0,,20.3,14.7,108.0,22.0,,11.0,
6358,"Mandir Marg, New Delhi - DPCC",28.636429,77.201067,300.0,,21.8,14.7,108.0,22.0,,11.0,
6358,"Mandir Marg, New Delhi - DPCC",28.636429,77.201067,200.0,,18.8,13.9,108.0,22.0,,10.0,
6358,"Mandir Marg, New Delhi - DPCC",28.636429,77.201067,200.0,,18.4,15.1,108.0,22.0,,10.0,
6358,"Mandir Marg, New Delhi - DPCC",28.636429,77.201067,200.0,,18.2,14.5,112.0,18.0,,10.5,
6358,"Mandir Marg, New Delhi - DPCC",28.636429,77.201067,200.0,,17.1,14.3,112.0,18.0,,10.5,
6358,"Mandir Marg, New Delhi - DPCC",28.636429,77.201067,200.0,,17.3,14.1,126.0,15.0,,10.0,
6358,"Mandir Marg, New Delhi - DPCC",28.636429,77.201067,0.0,,17.5,9.6,126.0,15.0,,10.0,
6358,"Mandir Marg, New Delhi - DPCC",28.636429,77.201067,100.0,,16.4,9.6,104.0,12.0,,10.2,
6358,"Mandir Marg, New Delhi - DPCC",28.636429,77.201067,,,18.4,9.4,104.0,12.0,,11.3,
6358,"Mandir Marg, New Delhi - DPCC",28.636429,77.201067,0.0,,20.7,8.8,104.0,12.0,,10.5,
6358,"Mandir Marg, New Delhi - DPCC",28.636429,77.201067,200.0,,21.2,8.4,93.0,8.0,,,
6358,"Mandir Marg, New Delhi - DPCC",28.636429,77.201067,200.0,,22.2,8.4,93.0,8.0,,11.0,
6358,"Mandir Marg, New Delhi - DPCC",28.636429,77.201067,200.0,,22.4,7.8,93.0,8.0,,11.0,
6358,"Mandir Marg, New Delhi - DPCC",28.636429,77.201067,300.0,,22.8,7.5,93.0,8.0,,11.3,
6358,"Mandir Marg, New Delhi - DPCC",28.636429,77.201067,400.0,,26.7,6.1,92.0,9.0,,11.8,
6358,"Mandir Marg, New Delhi - DPCC",28.636429,77.201067,400.0,,30.3,5.7,92.0,9.0,,11.5,
6358,"Mandir Marg, New Delhi - DPCC",28.636429,77.201067,600.0,,39.9,4.5,92.0,9.0,,10.7,
6358,"Mandir Marg, New Delhi - DPCC",28.636429,77.201067,700.0,,37.6,3.5,102.0,20.0,,11.3,
6358,"Mandir Marg, New Delhi - DPCC",28.636429,77.201067,800.0,,37.2,3.7,102.0,20.0,,10.7,
6358,"Mandir Marg, New Delhi - DPCC",28.636429,77.201067,1100.0,,32.3,5.5,102.0,20.0,,10.7,
6358,"Mandir Marg, New Delhi - DPCC",28.636429,77.201067,1100.0,,30.7,7.1,77.0,15.0,,11.0,
6358,"Mandir Marg, New Delhi - DPCC",28.636429,77.201067,1100.0,,31.0,6.7,77.0,15.0,,11.5,
6358,"Mandir Marg, New Delhi - DPCC",28.636429,77.201067,1200.0,,27.1,6.9,77.0,15.0,,11.8,
6358,"Mandir Marg, New Delhi - DPCC",28.636429,77.201067,1400.0,,31.6,6.9,77.0,15.0,,11.5,
6358,"Mandir Marg, New Delhi - DPCC",28.636429,77.201067,1500.0,,36.5,6.9,85.0,24.0,,11.8,
6358,"Mandir Marg, New Delhi - DPCC",28.636429,77.201067,1500.0,,30.7,7.3,85.0,24.0,,11.5,
6358,"Mandir Marg, New Delhi - DPCC",28.636429,77.201067,1400.0,,29.7,7.1,85.0,24.0,,11.5,
6358,"Mandir Marg, New Delhi - DPCC",28.636429,77.201067,1400.0,,28.6,6.9,85.0,24.0,,11.8,
6358,"Mandir Marg, New Delhi - DPCC",28.636429,77.201067,1100.0,,31.6,7.1,92.0,,,12.0,
6358,"Mandir Marg, New Delhi - DPCC",28.636429,77.201067,800.0,,35.9,5.5,92.0,17.0,,11.8,
6358,"Mandir Marg, New Delhi - DPCC",28.636429,77.201067,500.0,,35.4,6.7,92.0,17.0,,11.8,
6358,"Mandir Marg, New Delhi - DPCC",28.636429,77.201067,300.0,,29.3,6.9,92.0,17.0,,11.5,
6358,"Mandir Marg, New Delhi - DPCC",28.636429,77.201067,200.0,,22.6,7.7,74.0,14.0,,,
6358,"Mandir Marg, New Delhi - DPCC",28.636429,77.201067,200.0,,20.3,8.4,74.0,,,11.5,
6358,"Mandir Marg, New Delhi - DPCC",28.636429,77.201067,100.0,,19.0,6.5,74.0,14.0,,11.3,
6358,"Mandir Marg, New Delhi - DPCC",28.636429,77.201067,100.0,,18.4,6.9,74.0,14.0,,10.7,
6358,"Mandir Marg, New Delhi - DPCC",28.636429,77.201067,200.0,,18.6,6.3,63.0,13.0,,10.5,
6358,"Mandir Marg, New Delhi - DPCC",28.636429,77.201067,100.0,,16.0,,63.0,13.0,,10.5,
6358,"Mandir Marg, New Delhi - DPCC",28.636429,77.201067,100.0,,16.4,,63.0,13.0,,11.3,
6358,"Mandir Marg, New Delhi - DPCC",28.636429,77.201067,,,18.4,5.9,60.0,10.0,,11.0,
6358,"Mandir Marg, New Delhi - DPCC",28.636429,77.201067,,,,5.7,60.0,10.0,,,
6358,"Mandir Marg, New Delhi - DPCC",28.636429,77.201067,,,14.7,5.7,60.0,10.0,,,
6358,"Mandir Marg, New Delhi - DPCC",28.636429,77.201067,100.0,,16.2,5.5,59.0,9.0,,12.8,
6358,"Mandir Marg, New Delhi - DPCC",28.636429,77.201067,0.0,,16.2,5.5,59.0,9.0,,11.5,
6358,"Mandir Marg, New Delhi - DPCC",28.636429,77.201067,100.0,,15.6,5.1,59.0,9.0,,11.3,
6358,"Mandir Marg, New Delhi - DPCC",28.636429,77.201067,100.0,,16.5,4.7,63.0,10.0,,11.0,
6358,"Mandir Marg, New Delhi - DPCC",28.636429,77.201067,200.0,,16.5,5.1,63.0,10.0,,11.0,
6358,"Mandir Marg, New Delhi - DPCC",28.636429,77.201067,200.0,,16.4,7.8,53.0,8.0,,11.0,
6358,"Mandir Marg, New Delhi - DPCC",28.636429,77.201067,200.0,,17.5,8.6,53.0,8.0,,10.2,
6358,"Mandir Marg, New Delhi - DPCC",28.636429,77.201067,100.0,,18.2,7.7,51.0,8.0,,9.7,
6358,"Mandir Marg, New Delhi - DPCC",28.636429,77.201067,100.0,,18.2,7.8,62.0,10.0,,10.0,
6358,"Mandir Marg, New Delhi - DPCC",28.636429,77.201067,200.0,,19.0,7.7,62.0,10.0,,9.4,
6358,"Mandir Marg, New Delhi - DPCC",28.636429,77.201067,100.0,,18.2,6.5,62.0,10.0,,10.0,
6358,"Mandir Marg, New Delhi - DPCC",28.636429,77.201067,100.0,,19.2,5.9,62.0,10.0,,10.2,
6358,"Mandir Marg, New Delhi - DPCC",28.636429,77.201067,,,18.1,7.3,68.0,12.0,,10.2,
6358,"Mandir Marg, New Delhi - DPCC",28.636429,77.201067,200.0,,18.8,6.5,68.0,12.0,,10.2,
6358,"Mandir Marg, New Delhi - DPCC",28.636429,77.201067,100.0,,16.7,6.9,68.0,12.0,,10.2,
6358,"Mandir Marg, New Delhi - DPCC",28.636429,77.201067,100.0,,17.1,5.3,68.0,12.0,,10.2,
6358,"Mandir Marg, New Delhi - DPCC",28.636429,77.201067,100.0,,18.2,5.7,77.0,13.0,,10.5,
6358,"Mandir Marg, New Delhi - DPCC",28.636429,77.201067,100.0,,18.1,5.7,77.0,13.0,,10.5,
6358,"Mandir Marg, New Delhi - DPCC",28.636429,77.201067,0.0,,18.6,6.5,77.0,13.0,,10.2,
6358,"Mandir Marg, New Delhi - DPCC",28.636429,77.201067,100.0,,17.9,6.9,77.0,13.0,,11.0,
6358,"Mandir Marg, New Delhi - DPCC",28.636429,77.201067,100.0,,17.1,7.3,90.0,13.0,,10.7,
6358,"Mandir Marg, New Delhi - DPCC",28.636429,77.201067,0.0,,16.5,8.2,90.0,13.0,,10.2,
6358,"Mandir Marg, New Delhi - DPCC",28.636429,77.201067,0.0,,17.9,9.0,90.0,13.0,,10.2,
6358,"Mandir Marg, New Delhi - DPCC",28.636429,77.201067,,,18.1,1.6,106.0,16.0,,9.2,
6358,"Mandir Marg, New Delhi - DPCC",28.636429,77.201067,,,18.1,10.6,106.0,16.0,,9.4,
6358,"Mandir Marg, New Delhi - DPCC",28.636429,77.201067,0.0,,18.4,3.1,,19.0,,,
6358,"Mandir Marg, New Delhi - DPCC",28.636429,77.201067,200.0,,19.0,11.0,93.0,19.0,,9.4,
6358,"Mandir Marg, New Delhi - DPCC",28.636429,77.201067,300.0,,18.4,13.1,93.0,19.0,,10.0,
6358,"Mandir Marg, New Delhi - DPCC",28.636429,77.201067,300.0,,17.3,12.2,93.0,19.0,,9.7,
6358,"Mandir Marg, New Delhi - DPCC",28.636429,77.201067,300.0,,17.3,16.1,97.0,12.0,,9.7,
6358,"Mandir Marg, New Delhi - DPCC",28.636429,77.201067,300.0,,18.1,17.1,97.0,12.0,,10.0,
6358,"Mandir Marg, New Delhi - DPCC",28.636429,77.201067,300.0,,17.3,17.1,97.0,12.0,,10.0,
6358,"Mandir Marg, New Delhi - DPCC",28.636429,77.201067,300.0,,16.7,16.5,97.0,12.0,,9.2,
6358,"Mandir Marg, New Delhi - DPCC",28.636429,77.201067,300.0,,17.1,16.3,104.0,22.0,,8.9,
6358,"Mandir Marg, New Delhi - DPCC",28.636429,77.201067,300.0,,17.7,17.1,104.0,,,8.9,
6358,"Mandir Marg, New Delhi - DPCC",28.636429,77.201067,300.0,,18.2,15.5,104.0,22.0,,9.7,
6358,"Mandir Marg, New Delhi - DPCC",28.636429,77.201067,300.0,,18.4,15.9,104.0,22.0,,10.5,
6358,"Mandir Marg, New Delhi - DPCC",28.636429,77.201067,300.0,,19.2,15.3,95.0,16.0,,9.7,
6358,"Mandir Marg, New Delhi - DPCC",28.636429,77.201067,300.0,,18.6,14.9,95.0,,,10.0,
6358,"Mandir Marg, New Delhi - DPCC",28.636429,77.201067,300.0,,19.0,14.7,95.0,16.0,,9.7,
6358,"Mandir Marg, New Delhi - DPCC",28.636429,77.201067,400.0,,19.6,14.5,103.0,12.0,,9.7,
6358,"Mandir Marg, New Delhi - DPCC",28.636429,77.201067,400.0,,22.2,14.5,103.0,12.0,,9.2,
6358,"Mandir Marg, New Delhi - DPCC",28.636429,77.201067,400.0,,27.1,14.1,103.0,12.0,,9.4,
6358,"Mandir Marg, New Delhi - DPCC",28.636429,77.201067,500.0,,27.5,9.8,134.0,15.0,,10.2,
6358,"Mandir Marg, New Delhi - DPCC",28.636429,77.201067,300.0,,,9.2,134.0,15.0,,9.4,
6358,"Mandir Marg, New Delhi - DPCC",28.636429,77.201067,300.0,,,7.5,134.0,15.0,,10.0,
6358,"Mandir Marg, New Delhi - DPCC",28.636429,77.201067,500.0,,,9.0,134.0,15.0,,10.2,
6358,"Mandir Marg, New Delhi - DPCC",28.636429,77.201067,300.0,,,11.0,88.0,16.0,,,
6358,"Mandir Marg, New Delhi - DPCC",28.636429,77.201067,200.0,,29.5,11.8,88.0,16.0,,10.2,
6358,"Mandir Marg, New Delhi - DPCC",28.636429,77.201067,100.0,,31.0,10.6,88.0,16.0,,9.2,
6358,"Mandir Marg, New Delhi - DPCC",28.636429,77.201067,100.0,,29.7,9.4,88.0,16.0,,8.6,
6358,"Mandir Marg, New Delhi - DPCC",28.636429,77.201067,200.0,,30.8,9.2,51.0,14.0,,8.4,
6358,"Mandir Marg, New Delhi - DPCC",28.636429,77.201067,200.0,,31.4,10.0,51.0,14.0,,8.4,
6358,"Mandir Marg, New Delhi - DPCC",28.636429,77.201067,200.0,,32.7,7.7,51.0,14.0,,8.6,
6358,"Mandir Marg, New Delhi - DPCC",28.636429,77.201067,500.0,,36.5,7.8,51.0,14.0,,9.2,
6358,"Mandir Marg, New Delhi - DPCC",28.636429,77.201067,500.0,,37.0,7.1,76.0,17.0,,8.9,
6358,"Mandir Marg, New Delhi - DPCC",28.636429,77.201067,500.0,,36.3,8.0,76.0,17.0,,9.2,
6358,"Mandir Marg, New Delhi - DPCC",28.636429,77.201067,500.0,,37.8,8.6,76.0,8.0,,8.9,
6358,"Mandir Marg, New Delhi - DPCC",28.636429,77.201067,300.0,,36.9,11.2,76.0,8.0,,9.4,
6358,"Mandir Marg, New Delhi - DPCC",28.636429,77.201067,300.0,,36.5,6.1,76.0,8.0,,8.6,
6358,"Mandir Marg, New Delhi - DPCC",28.636429,77.201067,300.0,,35.2,5.3,71.0,10.0,,8.4,
6358,"Mandir Marg, New Delhi - DPCC",28.636429,77.201067,300.0,,33.1,5.1,71.0,10.0,,8.6,
6358,"Mandir Marg, New Delhi - DPCC",28.636429,77.201067,300.0,,31.6,10.4,71.0,10.0,,8.6,
6358,"Mandir Marg, New Delhi - DPCC",28.636429,77.201067,300.0,,32.0,10.4,74.0,17.0,,8.6,
6358,"Mandir Marg, New Delhi - DPCC",28.636429,77.201067,200.0,,31.0,12.2,74.0,17.0,,9.4,
6358,"Mandir Marg, New Delhi - DPCC",28.636429,77.201067,200.0,,30.8,13.3,74.0,,,9.2,
6358,"Mandir Marg, New Delhi - DPCC",28.636429,77.201067,200.0,,30.5,10.6,74.0,17.0,,9.4,
6358,"Mandir Marg, New Delhi - DPCC",28.636429,77.201067,300.0,,29.1,10.2,84.0,15.0,,,
6358,"Mandir Marg, New Delhi - DPCC",28.636429,77.201067,200.0,,27.1,10.6,84.0,15.0,,10.2,
6358,"Mandir Marg, New Delhi - DPCC",28.636429,77.201067,300.0,,26.3,11.6,84.0,15.0,,12.6,
6358,"Mandir Marg, New Delhi - DPCC",28.636429,77.201067,300.0,,26.0,11.6,84.0,15.0,,14.1,
6358,"Mandir Marg, New Delhi - DPCC",28.636429,77.201067,300.0,,24.6,11.2,53.0,20.0,,14.1,
6358,"Mandir Marg, New Delhi - DPCC",28.636429,77.201067,300.0,,23.1,,53.0,,,14.4,
6358,"Mandir Marg, New Delhi - DPCC",28.636429,77.201067,200.0,,20.7,,53.0,,,15.2,
6358,"Mandir Marg, New Delhi - DPCC",28.636429,77.201067,200.0,,20.7,,53.0,20.0,,15.2,
6358,"Mandir Marg, New Delhi - DPCC",28.636429,77.201067,300.0,,21.8,11.6,74.0,18.0,,14.7,
6358,"Mandir Marg, New Delhi - DPCC",28.636429,77.201067,,,,10.4,74.0,18.0,,,
6358,"Mandir Marg, New Delhi - DPCC",28.636429,77.201067,,,,11.0,74.0,18.0,,,
6358,"Mandir Marg, New Delhi - DPCC",28.636429,77.201067,,,16.7,10.2,74.0,18.0,,,
6358,"Mandir Marg, New Delhi - DPCC",28.636429,77.201067,200.0,,18.8,11.8,68.0,7.0,,19.1,
6358,"Mandir Marg, New Delhi - DPCC",28.636429,77.201067,200.0,,18.1,11.6,68.0,7.0,,17.0,
6358,"Mandir Marg, New Delhi - DPCC",28.636429,77.201067,200.0,,17.9,10.0,68.0,7.0,,16.8,
6358,"Mandir Marg, New Delhi - DPCC",28.636429,77.201067,200.0,,17.9,9.8,68.0,7.0,,15.4,
6358,"Mandir Marg, New Delhi - DPCC",28.636429,77.201067,200.0,,17.9,9.6,68.0,16.0,,14.7,
6358,"Mandir Marg, New Delhi - DPCC",28.636429,77.201067,200.0,,16.9,10.0,68.0,16.0,,14.7,
6358,"Mandir Marg, New Delhi - DPCC",28.636429,77.201067,300.0,,17.3,10.4,68.0,16.0,,15.2,
6358,"Mandir Marg, New Delhi - DPCC",28.636429,77.201067,300.0,,18.8,10.4,68.0,16.0,,14.7,
6358,"Mandir Marg, New Delhi - DPCC",28.636429,77.201067,200.0,,17.7,9.6,64.0,14.0,,14.7,
6358,"Mandir Marg, New Delhi - DPCC",28.636429,77.201067,200.0,,15.4,8.4,64.0,14.0,,15.2,
6358,"Mandir Marg, New Delhi - DPCC",28.636429,77.201067,100.0,,16.7,8.0,64.0,14.0,,14.7,
6358,"Mandir Marg, New Delhi - DPCC",28.636429,77.201067,200.0,,18.2,9.6,64.0,14.0,,14.7,
6358,"Mandir Marg, New Delhi - DPCC",28.636429,77.201067,200.0,,18.1,9.2,62.0,13.0,,,
6358,"Mandir Marg, New Delhi - DPCC",28.636429,77.201067,100.0,,17.5,10.0,62.0,,,12.8,
6358,"Mandir Marg, New Delhi - DPCC",28.636429,77.201067,100.0,,18.2,10.0,62.0,13.0,,10.7,
6358,"Mandir Marg, New Delhi - DPCC",28.636429,77.201067,100.0,,17.7,10.4,62.0,13.0,,10.2,
6358,"Mandir Marg, New Delhi - DPCC",28.636429,77.201067,100.0,,17.3,10.0,80.0,10.0,,10.5,
6358,"Mandir Marg, New Delhi - DPCC",28.636429,77.201067,100.0,,17.7,10.8,80.0,10.0,,10.0,
6358,"Mandir Marg, New Delhi - DPCC",28.636429,77.201067,100.0,,17.1,11.0,80.0,10.0,,10.2,
6358,"Mandir Marg, New Delhi - DPCC",28.636429,77.201067,100.0,,16.7,11.8,80.0,10.0,,10.2,
6358,"Mandir Marg, New Delhi - DPCC",28.636429,77.201067,200.0,,16.5,12.6,87.0,10.0,,10.0,
6358,"Mandir Marg, New Delhi - DPCC",28.636429,77.201067,100.0,,15.6,12.8,87.0,10.0,,10.0,
6358,"Mandir Marg, New Delhi - DPCC",28.636429,77.201067,0.0,,15.6,12.2,87.0,10.0,,10.7,
6358,"Mandir Marg, New Delhi - DPCC",28.636429,77.201067,200.0,,17.3,12.2,87.0,10.0,,10.0,
6358,"Mandir Marg, New Delhi - DPCC",28.636429,77.201067,200.0,,15.8,12.4,69.0,20.0,,11.0,
6358,"Mandir Marg, New Delhi - DPCC",28.636429,77.201067,200.0,,15.4,11.6,69.0,20.0,,11.8,
6358,"Mandir Marg, New Delhi - DPCC",28.636429,77.201067,100.0,,16.2,10.6,69.0,20.0,,10.7,
6358,"Mandir Marg, New Delhi - DPCC",28.636429,77.201067,200.0,,16.2,11.4,69.0,20.0,,10.5,
6358,"Mandir Marg, New Delhi - DPCC",28.636429,77.201067,300.0,,16.7,11.6,95.0,18.0,,10.2,
6358,"Mandir Marg, New Delhi - DPCC",28.636429,77.201067,200.0,,16.7,11.6,95.0,18.0,,9.7,
6358,"Mandir Marg, New Delhi - DPCC",28.636429,77.201067,100.0,,16.9,11.8,95.0,18.0,,9.4,
6358,"Mandir Marg, New Delhi - DPCC",28.636429,77.201067,200.0,,17.1,12.2,95.0,18.0,,11.0,
6358,"Mandir Marg, New Delhi - DPCC",28.636429,77.201067,300.0,,16.9,11.8,88.0,16.0,,10.7,
6358,"Mandir Marg, New Delhi - DPCC",28.636429,77.201067,300.0,,17.3,12.2,88.0,,,10.5,
6358,"Mandir Marg, New Delhi - DPCC",28.636429,77.201067,200.0,,18.4,11.8,88.0,16.0,,10.2,
6358,"Mandir Marg, New Delhi - DPCC",28.636429,77.201067,200.0,,18.6,14.3,88.0,16.0,,10.0,
6358,"Mandir Marg, New Delhi - DPCC",28.636429,77.201067,300.0,,19.7,15.7,91.0,18.0,,,
6358,"Mandir Marg, New Delhi - DPCC",28.636429,77.201067,200.0,,19.0,14.1,91.0,18.0,,9.7,
6358,"Mandir Marg, New Delhi - DPCC",28.636429,77.201067,200.0,,18.1,14.1,91.0,18.0,,10.5,
6358,"Mandir Marg, New Delhi - DPCC",28.636429,77.201067,300.0,,17.9,15.1,91.0,18.0,,10.5,
6358,"Mandir Marg, New Delhi - DPCC",28.636429,77.201067,300.0,,17.9,16.7,91.0,15.0,,10.7,
6358,"Mandir Marg, New Delhi - DPCC",28.636429,77.201067,200.0,,18.2,16.1,91.0,15.0,,10.5,
6358,"Mandir Marg, New Delhi - DPCC",28.636429,77.201067,100.0,,17.3,15.7,91.0,15.0,,10.5,
6358,"Mandir Marg, New Delhi - DPCC",28.636429,77.201067,200.0,,17.1,17.3,91.0,,,10.5,
6358,"Mandir Marg, New Delhi - DPCC",28.636429,77.201067,200.0,,17.1,18.0,124.0,14.0,,11.0,
6358,"Mandir Marg, New Delhi - DPCC",28.636429,77.201067,100.0,,17.5,14.9,124.0,14.0,,10.5,
6358,"Mandir Marg, New Delhi - DPCC",28.636429,77.201067,200.0,,18.2,14.5,124.0,14.0,,10.2,
6358,"Mandir Marg, New Delhi - DPCC",28.636429,77.201067,200.0,,18.8,13.3,112.0,14.0,,10.5,
6358,"Mandir Marg, New Delhi - DPCC",28.636429,77.201067,200.0,,18.6,15.7,112.0,14.0,,11.0,
6358,"Mandir Marg, New Delhi - DPCC",28.636429,77.201067,200.0,,19.4,15.9,112.0,14.0,,10.0,
6358,"Mandir Marg, New Delhi - DPCC",28.636429,77.201067,200.0,,17.7,14.3,112.0,14.0,,9.4,
6358,"Mandir Marg, New Delhi - DPCC",28.636429,77.201067,200.0,,18.6,12.8,104.0,19.0,,9.2,
6358,"Mandir Marg, New Delhi - DPCC",28.636429,77.201067,100.0,,16.9,13.1,104.0,,,8.9,
6358,"Mandir Marg, New Delhi - DPCC",28.636429,77.201067,100.0,,18.2,13.5,104.0,19.0,,8.9,
6358,"Mandir Marg, New Delhi - DPCC",28.636429,77.201067,300.0,,20.1,11.6,104.0,19.0,,9.2,
6358,"Mandir Marg, New Delhi - DPCC",28.636429,77.201067,400.0,,20.5,10.8,67.0,21.0,,9.4,
6358,"Mandir Marg, New Delhi - DPCC",28.636429,77.201067,300.0,,20.9,11.8,67.0,21.0,,9.7,
6358,"Mandir Marg, New Delhi - DPCC",28.636429,77.201067,200.0,,21.6,10.2,67.0,21.0,,10.2,
6358,"Mandir Marg, New Delhi - DPCC",28.636429,77.201067,300.0,,23.1,6.5,67.0,21.0,,10.2,
6358,"Mandir Marg, New Delhi - DPCC",28.636429,77.201067,400.0,,26.3,10.8,109.0,24.0,,,
6358,"Mandir Marg, New Delhi - DPCC",28.636429,77.201067,400.0,,29.9,10.8,109.0,24.0,,10.0,
6358,"Mandir Marg, New Delhi - DPCC",28.636429,77.201067,400.0,,31.0,10.0,109.0,24.0,,10.0,
6358,"Mandir Marg, New Delhi - DPCC",28.636429,77.201067,500.0,,33.7,9.4,109.0,24.0,,10.2,
6358,"Mandir Marg, New Delhi - DPCC",28.636429,77.201067,600.0,,33.3,8.8,123.0,44.0,,9.7,
6358,"Mandir Marg, New Delhi - DPCC",28.636429,77.201067,600.0,,34.4,8.8,123.0,44.0,,9.4,
6358,"Mandir Marg, New Delhi - DPCC",28.636429,77.201067,600.0,,36.1,9.8,123.0,44.0,,9.4,
6358,"Mandir Marg, New Delhi - DPCC",28.636429,77.201067,700.0,,33.8,7.1,110.0,32.0,,9.4,
6358,"Mandir Marg, New Delhi - DPCC",28.636429,77.201067,800.0,,34.0,8.2,110.0,32.0,,9.4,
6358,"Mandir Marg, New Delhi - DPCC",28.636429,77.201067,700.0,,32.7,6.7,110.0,32.0,,10.0,
6358,"Mandir Marg, New Delhi - DPCC",28.636429,77.201067,700.0,,29.9,7.1,110.0,32.0,,10.2,
6358,"Mandir Marg, New Delhi - DPCC",28.636429,77.201067,700.0,,27.1,7.3,90.0,31.0,,9.2,
6358,"Mandir Marg, New Delhi - DPCC",28.636429,77.201067,500.0,,25.6,7.3,90.0,,,9.2,
6358,"Mandir Marg, New Delhi - DPCC",28.636429,77.201067,500.0,,23.3,6.9,90.0,31.0,,9.4,
6358,"Mandir Marg, New Delhi - DPCC",28.636429,77.201067,600.0,,25.2,6.1,90.0,31.0,,9.4,
6358,"Mandir Marg, New Delhi - DPCC",28.636429,77.201067,600.0,,25.8,5.7,91.0,29.0,,10.0,
6358,"Mandir Marg, New Delhi - DPCC",28.636429,77.201067,800.0,,29.3,6.1,91.0,29.0,,10.0,
6358,"Mandir Marg, New Delhi - DPCC",28.636429,77.201067,700.0,,33.5,6.7,104.0,30.0,,10.0,
6358,"Mandir Marg, New Delhi - DPCC",28.636429,77.201067,600.0,,32.3,6.3,,30.0,,9.7,
6358,"Mandir Marg, New Delhi - DPCC",28.636429,77.201067,700.0,,30.8,6.1,104.0,,,9.4,
6358,"Mandir Marg, New Delhi - DPCC",28.636429,77.201067,600.0,,29.9,5.9,92.0,31.0,,,
6358,"Mandir Marg, New Delhi - DPCC",28.636429,77.201067,400.0,,29.7,6.3,92.0,31.0,,9.7,
6358,"Mandir Marg, New Delhi - DPCC",28.636429,77.201067,400.0,,27.1,5.3,92.0,31.0,,11.3,
6358,"Mandir Marg, New Delhi - DPCC",28.636429,77.201067,400.0,,23.7,6.1,92.0,31.0,,11.8,
6358,"Mandir Marg, New Delhi - DPCC",28.636429,77.201067,400.0,,21.8,7.5,56.0,28.0,,11.3,
6358,"Mandir Marg, New Delhi - DPCC",28.636429,77.201067,300.0,,22.4,,56.0,28.0,,11.3,
6358,"Mandir Marg, New Delhi - DPCC",28.636429,77.201067,200.0,,22.4,,56.0,28.0,,11.5,
6358,"Mandir Marg, New Delhi - DPCC",28.636429,77.201067,200.0,,21.4,,56.0,,,11.0,
6358,"Mandir Marg, New Delhi - DPCC",28.636429,77.201067,,,,8.4,58.0,,,,
6358,"Mandir Marg, New Delhi - DPCC",28.636429,77.201067,,,,8.0,58.0,15.0,,,
6358,"Mandir Marg, New Delhi - DPCC",28.636429,77.201067,,,19.4,8.6,58.0,15.0,,,
6358,"Mandir Marg, New Delhi - DPCC",28.636429,77.201067,200.0,,19.4,8.4,54.0,12.0,,16.2,
6358,"Mandir Marg, New Delhi - DPCC",28.636429,77.201067,200.0,,19.4,9.2,54.0,12.0,,13.4,
6358,"Mandir Marg, New Delhi - DPCC",28.636429,77.201067,100.0,,19.2,8.6,54.0,12.0,,12.3,
6358,"Mandir Marg, New Delhi - DPCC",28.636429,77.201067,200.0,,19.6,9.0,54.0,12.0,,12.8,
6358,"Mandir Marg, New Delhi - DPCC",28.636429,77.201067,200.0,,19.6,8.4,48.0,12.0,,13.4,
6358,"Mandir Marg, New Delhi - DPCC",28.636429,77.201067,200.0,,19.0,8.8,48.0,12.0,,12.6,
6358,"Mandir Marg, New Delhi - DPCC",28.636429,77.201067,200.0,,19.0,8.6,48.0,12.0,,12.0,
6358,"Mandir Marg, New Delhi - DPCC",28.636429,77.201067,200.0,,20.5,10.8,48.0,12.0,,12.0,
6358,"Mandir Marg, New Delhi - DPCC",28.636429,77.201067,200.0,,20.5,12.6,42.0,11.0,,11.8,
6358,"Mandir Marg, New Delhi - DPCC",28.636429,77.201067,100.0,,17.9,13.9,42.0,11.0,,11.3,
6358,"Mandir Marg, New Delhi - DPCC",28.636429,77.201067,100.0,,16.9,13.1,42.0,11.0,,11.3,
6358,"Mandir Marg, New Delhi - DPCC",28.636429,77.201067,200.0,,16.5,14.3,42.0,11.0,,11.5,
6358,"Mandir Marg, New Delhi - DPCC",28.636429,77.201067,200.0,,17.7,14.3,41.0,5.0,,,
6358,"Mandir Marg, New Delhi - DPCC",28.636429,77.201067,100.0,,19.9,13.7,41.0,5.0,,11.3,
6358,"Mandir Marg, New Delhi - DPCC",28.636429,77.201067,100.0,,19.6,11.0,41.0,5.0,,10.5,
6358,"Mandir Marg, New Delhi - DPCC",28.636429,77.201067,100.0,,21.1,11.0,41.0,5.0,,9.7,
6358,"Mandir Marg, New Delhi - DPCC",28.636429,77.201067,0.0,,17.1,10.8,42.0,6.0,,9.4,
6358,"Mandir Marg, New Delhi - DPCC",28.636429,77.201067,100.0,,16.9,9.4,42.0,,,9.7,
6358,"Mandir Marg, New Delhi - DPCC",28.636429,77.201067,100.0,,19.4,9.2,42.0,6.0,,10.5,
6358,"Mandir Marg, New Delhi - DPCC",28.636429,77.201067,300.0,,24.4,10.4,49.0,8.0,,10.2,
6358,"Mandir Marg, New Delhi - DPCC",28.636429,77.201067,300.0,,26.7,9.4,49.0,8.0,,10.5,
6358,"Mandir Marg, New Delhi - DPCC",28.636429,77.201067,700.0,,31.8,8.8,49.0,,,11.0,
6358,"Mandir Marg, New Delhi - DPCC",28.636429,77.201067,700.0,,30.8,8.8,49.0,19.0,,11.0,
6358,"Mandir Marg, New Delhi - DPCC",28.636429,77.201067,700.0,,31.4,9.6,49.0,19.0,,10.5,
6358,"Mandir Marg, New Delhi - DPCC",28.636429,77.201067,700.0,,33.5,11.0,49.0,19.0,,10.2,
6358,"Mandir Marg, New Delhi - DPCC",28.636429,77.201067,800.0,,37.6,10.6,49.0,19.0,,9.7,
6358,"Mandir Marg, New Delhi - DPCC",28.636429,77.201067,900.0,,37.0,10.8,85.0,33.0,,9.7,
6358,"Mandir Marg, New Delhi - DPCC",28.636429,77.201067,700.0,,37.4,18.4,85.0,33.0,,10.2,
6358,"Mandir Marg, New Delhi - DPCC",28.636429,77.201067,600.0,,34.6,35.1,85.0,33.0,,11.3,
6358,"Mandir Marg, New Delhi - DPCC",28.636429,77.201067,,,20.1,22.0,43.0,,,9.7,
6358,"Mandir Marg, New Delhi - DPCC",28.636429,77.201067,,,20.1,20.0,43.0,22.0,,9.4,
6358,"Mandir Marg, New Delhi - DPCC",28.636429,77.201067,0.0,,22.2,17.7,43.0,22.0,,9.7,
6358,"Mandir Marg, New Delhi - DPCC",28.636429,77.201067,200.0,,23.1,15.3,69.0,17.0,,,
6358,"Mandir Marg, New Delhi - DPCC",28.636429,77.201067,400.0,,25.6,12.8,69.0,17.0,,10.7,
6358,"Mandir Marg, New Delhi - DPCC",28.636429,77.201067,400.0,,27.1,11.6,69.0,17.0,,12.8,
6358,"Mandir Marg, New Delhi - DPCC",28.636429,77.201067,500.0,,33.1,11.8,69.0,17.0,,13.6,
6358,"Mandir Marg, New Delhi - DPCC",28.636429,77.201067,600.0,,35.0,9.8,80.0,26.0,,13.4,
6358,"Mandir Marg, New Delhi - DPCC",28.636429,77.201067,600.0,,37.4,9.2,80.0,26.0,,13.6,
6358,"Mandir Marg, New Delhi - DPCC",28.636429,77.201067,1200.0,,60.4,5.7,79.0,22.0,,13.9,
6358,"Mandir Marg, New Delhi - DPCC",28.636429,77.201067,1100.0,,57.0,6.5,79.0,22.0,,13.9,
6358,"Mandir Marg, New Delhi - DPCC",28.636429,77.201067,1100.0,,54.2,6.3,79.0,22.0,,14.7,
6358,"Mandir Marg, New Delhi - DPCC",28.636429,77.201067,1400.0,,64.3,7.8,79.0,22.0,,14.7,
6358,"Mandir Marg, New Delhi - DPCC",28.636429,77.201067,1400.0,,66.2,7.7,98.0,41.0,,14.1,
6358,"Mandir Marg, New Delhi - DPCC",28.636429,77.201067,1300.0,,61.1,9.2,98.0,,,13.9,
6358,"Mandir Marg, New Delhi - DPCC",28.636429,77.201067,1200.0,,47.0,8.8,98.0,41.0,,13.9,
6358,"Mandir Marg, New Delhi - DPCC",28.636429,77.201067,1200.0,,51.5,7.8,98.0,41.0,,13.9,
6358,"Mandir Marg, New Delhi - DPCC",28.636429,77.201067,1200.0,,48.9,4.9,114.0,49.0,,13.6,
6358,"Mandir Marg, New Delhi - DPCC",28.636429,77.201067,1100.0,,37.0,5.3,114.0,49.0,,13.4,
6358,"Mandir Marg, New Delhi - DPCC",28.636429,77.201067,1100.0,,34.0,4.5,114.0,49.0,,13.4,
6358,"Mandir Marg, New Delhi - DPCC",28.636429,77.201067,1100.0,,29.1,5.3,114.0,49.0,,13.9,
6358,"Mandir Marg, New Delhi - DPCC",28.636429,77.201067,1100.0,,29.9,6.7,102.0,40.0,,,
6358,"Mandir Marg, New Delhi - DPCC",28.636429,77.201067,700.0,,41.4,12.6,102.0,40.0,,14.1,
6358,"Mandir Marg, New Delhi - DPCC",28.636429,77.201067,600.0,,37.0,18.2,102.0,40.0,,13.6,
6358,"Mandir Marg, New Delhi - DPCC",28.636429,77.201067,500.0,,33.8,18.2,102.0,40.0,,14.7,
6358,"Mandir Marg, New Delhi - DPCC",28.636429,77.201067,300.0,,31.8,14.3,60.0,23.0,,14.9,
6358,"Mandir Marg, New Delhi - DPCC",28.636429,77.201067,200.0,,31.2,,60.0,23.0,,15.2,
6358,"Mandir Marg, New Delhi - DPCC",28.636429,77.201067,100.0,,28.2,,60.0,23.0,,14.7,
6358,"Mandir Marg, New Delhi - DPCC",28.636429,77.201067,100.0,,26.5,,60.0,23.0,,13.9,
6358,"Mandir Marg, New Delhi - DPCC",28.636429,77.201067,100.0,,23.3,8.6,70.0,19.0,,14.1,
6358,"Mandir Marg, New Delhi - DPCC",28.636429,77.201067,,,,7.7,70.0,19.0,,,
6358,"Mandir Marg, New Delhi - DPCC",28.636429,77.201067,,,,7.3,70.0,19.0,,,
6358,"Mandir Marg, New Delhi - DPCC",28.636429,77.201067,,,20.9,6.7,70.0,19.0,,,
6358,"Mandir Marg, New Delhi - DPCC",28.636429,77.201067,100.0,,21.4,7.3,64.0,21.0,,19.1,
6358,"Mandir Marg, New Delhi - DPCC",28.636429,77.201067,100.0,,22.8,5.9,64.0,,,15.7,
6358,"Mandir Marg, New Delhi - DPCC",28.636429,77.201067,0.0,,21.6,8.0,64.0,21.0,,14.7,
6358,"Mandir Marg, New Delhi - DPCC",28.636429,77.201067,0.0,,17.7,8.6,70.0,11.0,,13.9,
6358,"Mandir Marg, New Delhi - DPCC",28.636429,77.201067,100.0,,18.4,8.8,70.0,11.0,,14.7,
6358,"Mandir Marg, New Delhi - DPCC",28.636429,77.201067,100.0,,19.0,7.3,70.0,11.0,,14.4,
6358,"Mandir Marg, New Delhi - DPCC",28.636429,77.201067,200.0,,22.0,7.5,70.0,11.0,,14.1,
6358,"Mandir Marg, New Delhi - DPCC",28.636429,77.201067,100.0,,24.1,8.4,57.0,18.0,,14.4,
6358,"Mandir Marg, New Delhi - DPCC",28.636429,77.201067,100.0,,23.3,6.3,57.0,18.0,,15.2,
6358,"Mandir Marg, New Delhi - DPCC",28.636429,77.201067,100.0,,23.3,5.5,57.0,18.0,,15.2,
6358,"Mandir Marg, New Delhi - DPCC",28.636429,77.201067,,,16.0,8.0,57.0,18.0,,14.4,
6358,"Mandir Marg, New Delhi - DPCC",28.636429,77.201067,0.0,,14.3,12.2,36.0,4.0,,,
6358,"Mandir Marg, New Delhi - DPCC",28.636429,77.201067,200.0,,12.8,14.1,36.0,4.0,,12.8,
6358,"Mandir Marg, New Delhi - DPCC",28.636429,77.201067,200.0,,13.9,14.1,36.0,4.0,,11.3,
6358,"Mandir Marg, New Delhi - DPCC",28.636429,77.201067,300.0,,19.4,12.2,36.0,4.0,,9.2,
6358,"Mandir Marg, New Delhi - DPCC",28.636429,77.201067,400.0,,19.9,10.2,51.0,5.0,,10.2,
6358,"Mandir Marg, New Delhi - DPCC",28.636429,77.201067,400.0,,21.4,11.0,51.0,5.0,,10.2,
6358,"Mandir Marg, New Delhi - DPCC",28.636429,77.201067,400.0,,21.6,10.2,51.0,,,10.0,
6358,"Mandir Marg, New Delhi - DPCC",28.636429,77.201067,500.0,,24.1,8.2,51.0,5.0,,9.7,
6358,"Mandir Marg, New Delhi - DPCC",28.636429,77.201067,600.0,,24.4,6.1,56.0,17.0,,9.2,
6358,"Mandir Marg, New Delhi - DPCC",28.636429,77.201067,600.0,,25.4,6.1,56.0,,,10.5,
6358,"Mandir Marg, New Delhi - DPCC",28.636429,77.201067,600.0,,27.8,8.6,56.0,17.0,,11.3,
6358,"Mandir Marg, New Delhi - DPCC",28.636429,77.201067,1000.0,,29.1,9.6,56.0,17.0,,11.0,
6358,"Mandir Marg, New Delhi - DPCC",28.636429,77.201067,1000.0,,31.0,8.4,69.0,35.0,,11.0,
6358,"Mandir Marg, New Delhi - DPCC",28.636429,77.201067,1000.0,,32.2,7.8,69.0,35.0,,11.0,
6358,"Mandir Marg, New Delhi - DPCC",28.636429,77.201067,1000.0,,35.4,7.1,69.0,35.0,,11.3,
6358,"Mandir Marg, New Delhi - DPCC",28.636429,77.201067,1000.0,,38.6,8.4,69.0,35.0,,10.7,
6358,"Mandir Marg, New Delhi - DPCC",28.636429,77.201067,1000.0,,38.9,6.9,137.0,67.0,,10.5,
6358,"Mandir Marg, New Delhi - DPCC",28.636429,77.201067,700.0,,32.9,14.9,137.0,67.0,,11.0,
6358,"Mandir Marg, New Delhi - DPCC",28.636429,77.201067,500.0,,27.6,2.2,137.0,67.0,,11.0,
6358,"Mandir Marg, New Delhi - DPCC",28.636429,77.201067,600.0,,27.3,10.0,137.0,67.0,,10.5,
6358,"Mandir Marg, New Delhi - DPCC",28.636429,77.201067,700.0,,30.8,0.8,104.0,26.0,,10.2,
6358,"Mandir Marg, New Delhi - DPCC",28.636429,77.201067,700.0,,30.7,14.5,104.0,26.0,,10.2,
6358,"Mandir Marg, New Delhi - DPCC",28.636429,77.201067,700.0,,31.8,8.2,104.0,26.0,,10.2,
6358,"Mandir Marg, New Delhi - DPCC",28.636429,77.201067,500.0,,32.2,13.1,113.0,46.0,,,
6358,"Mandir Marg, New Delhi - DPCC",28.636429,77.201067,300.0,,25.0,14.1,,46.0,,10.5,
6358,"Mandir Marg, New Delhi - DPCC",28.636429,77.201067,500.0,,25.6,10.8,113.0,46.0,,10.2,
6358,"Mandir Marg, New Delhi - DPCC",28.636429,77.201067,700.0,,25.2,10.8,113.0,46.0,,10.5,
6358,"Mandir Marg, New Delhi - DPCC",28.636429,77.201067,500.0,,25.8,23.9,88.0,34.0,,10.0,
6358,"Mandir Marg, New Delhi - DPCC",28.636429,77.201067,500.0,,29.7,15.7,88.0,34.0,,10.0,
6358,"Mandir Marg, New Delhi - DPCC",28.636429,77.201067,600.0,,31.0,15.1,88.0,34.0,,10.5,
6358,"Mandir Marg, New Delhi - DPCC",28.636429,77.201067,700.0,,40.1,7.8,95.0,32.0,,11.3,
6358,"Mandir Marg, New Delhi - DPCC",28.636429,77.201067,900.0,,39.9,18.8,95.0,32.0,,10.7,
6358,"Mandir Marg, New Delhi - DPCC",28.636429,77.201067,1000.0,,42.9,12.9,95.0,32.0,,10.5,
6358,"Mandir Marg, New Delhi - DPCC",28.636429,77.201067,800.0,,49.5,16.1,123.0,36.0,,11.5,
6358,"Mandir Marg, New Delhi - DPCC",28.636429,77.201067,400.0,,33.3,15.1,123.0,36.0,,10.5,
6358,"Mandir Marg, New Delhi - DPCC",28.636429,77.201067,500.0,,24.3,33.7,73.0,12.0,,9.2,
6358,"Mandir Marg, New Delhi - DPCC",28.636429,77.201067,400.0,,23.3,42.0,73.0,12.0,,9.4,
6358,"Mandir Marg, New Delhi - DPCC",28.636429,77.201067,800.0,,27.3,27.9,73.0,12.0,,11.0,
6358,"Mandir Marg, New Delhi - DPCC",28.636429,77.201067,800.0,,28.8,68.1,21.0,9.0,,11.0,
6358,"Mandir Marg, New Delhi - DPCC",28.636429,77.201067,900.0,,34.6,18.4,21.0,9.0,,10.5,
6358,"Mandir Marg, New Delhi - DPCC",28.636429,77.201067,1000.0,,41.4,27.3,21.0,9.0,,10.7,
6358,"Mandir Marg, New Delhi - DPCC",28.636429,77.201067,900.0,,41.4,15.5,21.0,9.0,,11.3,
6358,"Mandir Marg, New Delhi - DPCC",28.636429,77.201067,700.0,,39.7,37.1,86.0,25.0,,,
6358,"Mandir Marg, New Delhi - DPCC",28.636429,77.201067,700.0,,40.6,,86.0,,,11.3,
6358,"Mandir Marg, New Delhi - DPCC",28.636429,77.201067,600.0,,41.7,,86.0,25.0,,11.8,
6358,"Mandir Marg, New Delhi - DPCC",28.636429,77.201067,800.0,,43.8,27.7,86.0,,,12.6,
6358,"Mandir Marg, New Delhi - DPCC",28.636429,77.201067,900.0,,45.9,19.2,91.0,26.0,,13.1,
6358,"Mandir Marg, New Delhi - DPCC",28.636429,77.201067,1000.0,,47.2,32.0,91.0,26.0,,12.8,
6358,"Mandir Marg, New Delhi - DPCC",28.636429,77.201067,1100.0,,46.8,61.6,91.0,,,12.8,
6358,"Mandir Marg, New Delhi - DPCC",28.636429,77.201067,1000.0,,45.3,53.8,91.0,26.0,,13.6,
6358,"Mandir Marg, New Delhi - DPCC",28.636429,77.201067,1000.0,,45.9,69.3,87.0,26.0,,13.6,
6358,"Mandir Marg, New Delhi - DPCC",28.636429,77.201067,1000.0,,44.4,23.7,87.0,26.0,,13.6,
6358,"Mandir Marg, New Delhi - DPCC",28.636429,77.201067,900.0,,46.4,32.6,87.0,26.0,,13.9,
6358,"Mandir Marg, New Delhi - DPCC",28.636429,77.201067,900.0,,45.5,15.3,87.0,26.0,,13.4,
6358,"Mandir Marg, New Delhi - DPCC",28.636429,77.201067,800.0,,39.7,66.5,58.0,15.0,,12.6,
6358,"Mandir Marg, New Delhi - DPCC",28.636429,77.201067,700.0,,35.7,,58.0,15.0,,12.3,
6358,"Mandir Marg, New Delhi - DPCC",28.636429,77.201067,700.0,,39.9,14.1,58.0,15.0,,12.8,
6358,"Mandir Marg, New Delhi - DPCC",28.636429,77.201067,900.0,,40.2,,58.0,15.0,,12.8,
6358,"Mandir Marg, New Delhi - DPCC",28.636429,77.201067,1000.0,,38.4,,54.0,17.0,,13.1,
6358,"Mandir Marg, New Delhi - DPCC",28.636429,77.201067,1000.0,,39.1,25.7,54.0,17.0,,13.4,
6358,"Mandir Marg, New Delhi - DPCC",28.636429,77.201067,900.0,,36.7,121.4,54.0,17.0,,13.4,
6358,"Mandir Marg, New Delhi - DPCC",28.636429,77.201067,900.0,,38.0,,54.0,17.0,,13.4,
6358,"Mandir Marg, New Delhi - DPCC",28.636429,77.201067,900.0,,39.1,64.9,77.0,10.0,,13.4,
6358,"Mandir Marg, New Delhi - DPCC",28.636429,77.201067,800.0,,38.0,,77.0,,,13.1,
6358,"Mandir Marg, New Delhi - DPCC",28.636429,77.201067,700.0,,38.0,,77.0,10.0,,13.1,
6358,"Mandir Marg, New Delhi - DPCC",28.636429,77.201067,500.0,,38.9,14.3,77.0,9.0,,12.0,
6358,"Mandir Marg, New Delhi - DPCC",28.636429,77.201067,500.0,,35.4,,77.0,9.0,,10.5,
6358,"Mandir Marg, New Delhi - DPCC",28.636429,77.201067,500.0,,33.1,,77.0,9.0,,10.0,
6358,"Mandir Marg, New Delhi - DPCC",28.636429,77.201067,400.0,,32.0,23.3,56.0,9.0,,10.0,
6358,"Mandir Marg, New Delhi - DPCC",28.636429,77.201067,300.0,,33.1,,56.0,9.0,,10.5,
6358,"Mandir Marg, New Delhi - DPCC",28.636429,77.201067,200.0,,31.2,,56.0,9.0,,10.5,
6358,"Mandir Marg, New Delhi - DPCC",28.636429,77.201067,100.0,,29.3,,56.0,9.0,,10.5,
6358,"Mandir Marg, New Delhi - DPCC",28.636429,77.201067,300.0,,29.1,9.6,63.0,15.0,,10.2,
6358,"Mandir Marg, New Delhi - DPCC",28.636429,77.201067,,,,50.2,63.0,15.0,,,
6358,"Mandir Marg, New Delhi - DPCC",28.636429,77.201067,,,25.0,82.2,71.0,31.0,,12.0,
6358,"Mandir Marg, New Delhi - DPCC",28.636429,77.201067,,,24.1,,71.0,31.0,,10.7,
6358,"Mandir Marg, New Delhi - DPCC",28.636429,77.201067,,,22.8,,71.0,31.0,,11.0,
6358,"Mandir Marg, New Delhi - DPCC",28.636429,77.201067,,,23.1,,63.0,15.0,,10.7,
6358,"Mandir Marg, New Delhi - DPCC",28.636429,77.201067,,,24.1,,63.0,15.0,,9.7,
6358,"Mandir Marg, New Delhi - DPCC",28.636429,77.201067,,,25.0,,63.0,15.0,,9.7,
6358,"Mandir Marg, New Delhi - DPCC",28.636429,77.201067,,,25.6,,63.0,15.0,,10.5,
6358,"Mandir Marg, New Delhi - DPCC",28.636429,77.201067,,,25.0,19.8,71.0,14.0,,10.5,
6358,"Mandir Marg, New Delhi - DPCC",28.636429,77.201067,,,26.9,22.4,71.0,14.0,,9.7,
6358,"Mandir Marg, New Delhi - DPCC",28.636429,77.201067,,,27.3,81.2,71.0,14.0,,9.2,
6358,"Mandir Marg, New Delhi - DPCC",28.636429,77.201067,,,26.0,,63.0,16.0,,,
6358,"Mandir Marg, New Delhi - DPCC",28.636429,77.201067,,,24.6,,63.0,16.0,,9.7,
6358,"Mandir Marg, New Delhi - DPCC",28.636429,77.201067,,,24.8,17.7,63.0,16.0,,10.7,
6358,"Mandir Marg, New Delhi - DPCC",28.636429,77.201067,,,25.4,42.4,63.0,16.0,,11.8,
6358,"Mandir Marg, New Delhi - DPCC",28.636429,77.201067,,,24.6,62.0,63.0,10.0,,11.3,
6358,"Mandir Marg, New Delhi - DPCC",28.636429,77.201067,,,24.1,,63.0,10.0,,10.5,
6358,"Mandir Marg, New Delhi - DPCC",28.636429,77.201067,,,25.0,66.9,63.0,10.0,,10.2,
6358,"Mandir Marg, New Delhi - DPCC",28.636429,77.201067,,,27.5,16.1,63.0,10.0,,10.7,
6358,"Mandir Marg, New Delhi - DPCC",28.636429,77.201067,,,28.4,4.9,64.0,7.0,,10.7,
6358,"Mandir Marg, New Delhi - DPCC",28.636429,77.201067,,,28.8,,64.0,7.0,,10.5,
6358,"Mandir Marg, New Delhi - DPCC",28.636429,77.201067,0.0,,27.8,21.6,64.0,7.0,,10.7,
6358,"Mandir Marg, New Delhi - DPCC",28.636429,77.201067,100.0,,26.0,,64.0,7.0,,10.7,
6358,"Mandir Marg, New Delhi - DPCC",28.636429,77.201067,200.0,,25.6,27.9,58.0,33.0,,11.5,
6358,"Mandir Marg, New Delhi - DPCC",28.636429,77.201067,100.0,,25.6,99.5,58.0,33.0,,11.8,
6358,"Mandir Marg, New Delhi - DPCC",28.636429,77.201067,100.0,,28.2,37.1,58.0,33.0,,11.5,
6358,"Mandir Marg, New Delhi - DPCC",28.636429,77.201067,100.0,,31.2,,58.0,33.0,,12.0,
6358,"Mandir Marg, New Delhi - DPCC",28.636429,77.201067,200.0,,31.0,22.2,86.0,31.0,,11.5,
6358,"Mandir Marg, New Delhi - DPCC",28.636429,77.201067,100.0,,29.7,,86.0,31.0,,12.0,
6358,"Mandir Marg, New Delhi - DPCC",28.636429,77.201067,100.0,,29.5,,86.0,31.0,,11.5,
6358,"Mandir Marg, New Delhi - DPCC",28.636429,77.201067,100.0,,32.2,51.8,86.0,31.0,,11.3,
6358,"Mandir Marg, New Delhi - DPCC",28.636429,77.201067,200.0,,33.7,,96.0,44.0,,11.3,
6358,"Mandir Marg, New Delhi - DPCC",28.636429,77.201067,200.0,,38.2,,96.0,44.0,,11.8,
6358,"Mandir Marg, New Delhi - DPCC",28.636429,77.201067,100.0,,39.7,80.6,96.0,44.0,,11.3,
6358,"Mandir Marg, New Delhi - DPCC",28.636429,77.201067,200.0,,39.5,28.6,96.0,44.0,,10.5,
6358,"Mandir Marg, New Delhi - DPCC",28.636429,77.201067,100.0,,33.1,,104.0,48.0,,,
6358,"Mandir Marg, New Delhi - DPCC",28.636429,77.201067,,,26.9,,104.0,,,11.0,
6358,"Mandir Marg, New Delhi - DPCC",28.636429,77.201067,,,29.7,,104.0,48.0,,8.9,
6358,"Mandir Marg, New Delhi - DPCC",28.636429,77.201067,,,34.0,,104.0,48.0,,9.2,
6358,"Mandir Marg, New Delhi - DPCC",28.636429,77.201067,,,35.9,0.8,82.0,23.0,,8.9,
6358,"Mandir Marg, New Delhi - DPCC",28.636429,77.201067,,,32.9,72.6,82.0,23.0,,9.2,
6358,"Mandir Marg, New Delhi - DPCC",28.636429,77.201067,,,32.2,10.2,82.0,23.0,,9.2,
6358,"Mandir Marg, New Delhi - DPCC",28.636429,77.201067,,,31.8,,82.0,23.0,,8.4,
6358,"Mandir Marg, New Delhi - DPCC",28.636429,77.201067,,,32.2,9.2,76.0,20.0,,8.9,
6358,"Mandir Marg, New Delhi - DPCC",28.636429,77.201067,,,33.7,26.3,76.0,20.0,,8.9,
6358,"Mandir Marg, New Delhi - DPCC",28.636429,77.201067,800.0,,31.6,,76.0,20.0,,8.6,
6358,"Mandir Marg, New Delhi - DPCC",28.636429,77.201067,900.0,,31.0,15.9,76.0,16.0,,9.4,
6358,"Mandir Marg, New Delhi - DPCC",28.636429,77.201067,900.0,,29.0,16.7,76.0,16.0,,9.4,
6358,"Mandir Marg, New Delhi - DPCC",28.636429,77.201067,900.0,,29.0,16.3,80.0,20.0,,8.4,
6358,"Mandir Marg, New Delhi - DPCC",28.636429,77.201067,800.0,,27.8,17.1,80.0,20.0,,9.7,
6358,"Mandir Marg, New Delhi - DPCC",28.636429,77.201067,900.0,,27.8,14.1,80.0,20.0,,9.7,
6358,"Mandir Marg, New Delhi - DPCC",28.636429,77.201067,1100.0,,27.5,11.8,80.0,20.0,,9.7,
6358,"Mandir Marg, New Delhi - DPCC",28.636429,77.201067,1200.0,,49.3,10.2,43.0,27.0,,10.2,
6358,"Mandir Marg, New Delhi - DPCC",28.636429,77.201067,1200.0,,48.7,9.2,43.0,27.0,,10.7,
6358,"Mandir Marg, New Delhi - DPCC",28.636429,77.201067,1200.0,,47.2,8.8,98.0,34.0,,,
6358,"Mandir Marg, New Delhi - DPCC",28.636429,77.201067,1100.0,,46.4,8.6,98.0,34.0,,11.5,
6358,"Mandir Marg, New Delhi - DPCC",28.636429,77.201067,1100.0,,47.2,8.2,98.0,34.0,,11.3,
6358,"Mandir Marg, New Delhi - DPCC",28.636429,77.201067,1000.0,,34.8,9.0,74.0,29.0,,11.3,
6358,"Mandir Marg, New Delhi - DPCC",28.636429,77.201067,800.0,,31.2,9.0,74.0,29.0,,11.3,
6358,"Mandir Marg, New Delhi - DPCC",28.636429,77.201067,900.0,,33.1,8.2,54.0,15.0,,11.5,
6358,"Mandir Marg, New Delhi - DPCC",28.636429,77.201067,900.0,,26.0,8.4,54.0,19.0,,11.8,
6358,"Mandir Marg, New Delhi - DPCC",28.636429,77.201067,1100.0,,25.0,8.6,75.0,19.0,,11.0,
6358,"Mandir Marg, New Delhi - DPCC",28.636429,77.201067,1300.0,,19.0,7.8,104.0,27.0,,10.7,
6358,"Mandir Marg, New Delhi - DPCC",28.636429,77.201067,1200.0,,25.2,10.0,99.0,37.0,,,
6358,"Mandir Marg, New Delhi - DPCC",28.636429,77.201067,1100.0,,23.7,13.1,99.0,37.0,,10.5,
6358,"Mandir Marg, New Delhi - DPCC",28.636429,77.201067,1200.0,,25.6,12.6,99.0,37.0,,10.0,
6358,"Mandir Marg, New Delhi - DPCC",28.636429,77.201067,1300.0,,28.4,11.6,99.0,37.0,,10.0,
6358,"Mandir Marg, New Delhi - DPCC",28.636429,77.201067,1400.0,,25.6,10.8,60.0,34.0,,9.7,
6358,"Mandir Marg, New Delhi - DPCC",28.636429,77.201067,1400.0,,30.3,,60.0,34.0,,9.7,
6358,"Mandir Marg, New Delhi - DPCC",28.636429,77.201067,1400.0,,33.1,,60.0,34.0,,9.4,
6358,"Mandir Marg, New Delhi - DPCC",28.636429,77.201067,900.0,,,,60.0,34.0,,9.4,
6358,"Mandir Marg, New Delhi - DPCC",28.636429,77.201067,900.0,,,15.1,104.0,41.0,,8.9,
6358,"Mandir Marg, New Delhi - DPCC",28.636429,77.201067,,,,14.9,104.0,41.0,,,
6358,"Mandir Marg, New Delhi - DPCC",28.636429,77.201067,,,,12.9,104.0,41.0,,,
6358,"Mandir Marg, New Delhi - DPCC",28.636429,77.201067,,,,13.1,104.0,41.0,,,
6358,"Mandir Marg, New Delhi - DPCC",28.636429,77.201067,1100.0,,,13.5,84.0,36.0,,12.8,
6358,"Mandir Marg, New Delhi - DPCC",28.636429,77.201067,1300.0,,28.4,11.8,84.0,36.0,,11.8,
6358,"Mandir Marg, New Delhi - DPCC",28.636429,77.201067,1300.0,,24.4,11.4,84.0,36.0,,11.0,
6358,"Mandir Marg, New Delhi - DPCC",28.636429,77.201067,1400.0,,26.0,11.4,84.0,36.0,,10.0,
6358,"Mandir Marg, New Delhi - DPCC",28.636429,77.201067,1400.0,,22.8,10.4,104.0,43.0,,10.5,
6358,"Mandir Marg, New Delhi - DPCC",28.636429,77.201067,1300.0,,28.8,9.8,104.0,43.0,,10.5,
6358,"Mandir Marg, New Delhi - DPCC",28.636429,77.201067,1100.0,,32.3,8.8,104.0,43.0,,8.9,
6358,"Mandir Marg, New Delhi - DPCC",28.636429,77.201067,1000.0,,31.4,9.0,104.0,43.0,,8.6,
6358,"Mandir Marg, New Delhi - DPCC",28.636429,77.201067,900.0,,31.8,9.0,80.0,30.0,,10.0,
6358,"Mandir Marg, New Delhi - DPCC",28.636429,77.201067,1000.0,,32.2,9.0,80.0,30.0,,8.6,
6358,"Mandir Marg, New Delhi - DPCC",28.636429,77.201067,800.0,,29.7,9.0,80.0,30.0,,8.9,
6358,"Mandir Marg, New Delhi - DPCC",28.636429,77.201067,800.0,,26.9,9.2,80.0,30.0,,7.9,
6358,"Mandir Marg, New Delhi - DPCC",28.636429,77.201067,900.0,,26.5,9.2,88.0,26.0,,,
6358,"Mandir Marg, New Delhi - DPCC",28.636429,77.201067,1100.0,,25.6,9.0,88.0,26.0,,11.0,
6358,"Mandir Marg, New Delhi - DPCC",28.636429,77.201067,1000.0,,23.7,9.6,88.0,26.0,,13.4,
6358,"Mandir Marg, New Delhi - DPCC",28.636429,77.201067,1100.0,,22.8,8.8,88.0,26.0,,13.9,
6358,"Mandir Marg, New Delhi - DPCC",28.636429,77.201067,1100.0,,21.6,9.2,79.0,25.0,,13.9,
6358,"Mandir Marg, New Delhi - DPCC",28.636429,77.201067,1000.0,,25.2,8.8,79.0,25.0,,14.4,
6358,"Mandir Marg, New Delhi - DPCC",28.636429,77.201067,1000.0,,29.1,9.0,79.0,25.0,,14.4,
6358,"Mandir Marg, New Delhi - DPCC",28.636429,77.201067,1000.0,,29.1,9.4,69.0,21.0,,13.6,
6358,"Mandir Marg, New Delhi - DPCC",28.636429,77.201067,1000.0,,29.1,9.6,69.0,21.0,,13.6,
6358,"Mandir Marg, New Delhi - DPCC",28.636429,77.201067,1000.0,,28.2,10.6,69.0,21.0,,13.6,
6358,"Mandir Marg, New Delhi - DPCC",28.636429,77.201067,1200.0,,28.0,10.0,69.0,21.0,,13.4,
6358,"Mandir Marg, New Delhi - DPCC",28.636429,77.201067,1200.0,,26.9,11.0,31.0,11.0,,14.1,
6358,"Mandir Marg, New Delhi - DPCC",28.636429,77.201067,1100.0,,26.9,11.6,31.0,11.0,,13.9,
6358,"Mandir Marg, New Delhi - DPCC",28.636429,77.201067,1100.0,,22.0,13.1,80.0,27.0,,14.1,
6358,"Mandir Marg, New Delhi - DPCC",28.636429,77.201067,1000.0,,22.2,13.9,80.0,27.0,,13.9,
6358,"Mandir Marg, New Delhi - DPCC",28.636429,77.201067,1000.0,,20.3,18.6,85.0,84.0,,14.4,
6358,"Mandir Marg, New Delhi - DPCC",28.636429,77.201067,1100.0,,26.1,20.6,102.0,37.0,,9.4,
6358,"Mandir Marg, New Delhi - DPCC",28.636429,77.201067,1200.0,,,19.8,102.0,37.0,,8.9,
6358,"Mandir Marg, New Delhi - DPCC",28.636429,77.201067,1200.0,,,18.4,153.0,31.0,,9.2,
6358,"Mandir Marg, New Delhi - DPCC",28.636429,77.201067,1000.0,,,19.8,153.0,31.0,,8.4,
6358,"Mandir Marg, New Delhi - DPCC",28.636429,77.201067,900.0,,19.7,21.2,153.0,31.0,,8.6,
6358,"Mandir Marg, New Delhi - DPCC",28.636429,77.201067,900.0,,19.0,22.4,153.0,31.0,,8.9,
6358,"Mandir Marg, New Delhi - DPCC",28.636429,77.201067,900.0,,19.7,22.4,92.0,30.0,,8.6,
6358,"Mandir Marg, New Delhi - DPCC",28.636429,77.201067,800.0,,19.6,21.2,92.0,30.0,,9.4,
6358,"Mandir Marg, New Delhi - DPCC",28.636429,77.201067,900.0,,18.6,22.4,96.0,26.0,,8.9,
6358,"Mandir Marg, New Delhi - DPCC",28.636429,77.201067,1000.0,,17.9,22.2,96.0,26.0,,9.4,
6358,"Mandir Marg, New Delhi - DPCC",28.636429,77.201067,1000.0,,17.7,22.0,96.0,26.0,,9.4,
6358,"Mandir Marg, New Delhi - DPCC",28.636429,77.201067,1000.0,,19.2,21.6,85.0,26.0,,8.6,
6358,"Mandir Marg, New Delhi - DPCC",28.636429,77.201067,1100.0,,22.9,20.4,85.0,26.0,,8.6,
6358,"Mandir Marg, New Delhi - DPCC",28.636429,77.201067,1300.0,,22.4,18.6,85.0,26.0,,8.9,
6358,"Mandir Marg, New Delhi - DPCC",28.636429,77.201067,1200.0,,20.7,18.0,85.0,26.0,,9.7,
6358,"Mandir Marg, New Delhi - DPCC",28.636429,77.201067,1300.0,,20.7,17.5,,34.0,,9.7,
6358,"Mandir Marg, New Delhi - DPCC",28.636429,77.201067,1200.0,,21.1,15.7,,34.0,,10.2,
6358,"Mandir Marg, New Delhi - DPCC",28.636429,77.201067,1300.0,,21.2,14.9,,34.0,,9.7,
6358,"Mandir Marg, New Delhi - DPCC",28.636429,77.201067,1200.0,,21.6,15.3,,48.0,,,
6358,"Mandir Marg, New Delhi - DPCC",28.636429,77.201067,1100.0,,22.6,13.9,,48.0,,11.0,
6358,"Mandir Marg, New Delhi - DPCC",28.636429,77.201067,1000.0,,22.6,11.8,,48.0,,12.8,
6358,"Mandir Marg, New Delhi - DPCC",28.636429,77.201067,1100.0,,21.4,11.2,,48.0,,12.0,
6358,"Mandir Marg, New Delhi - DPCC",28.636429,77.201067,1100.0,,20.3,9.6,,47.0,,13.1,
6358,"Mandir Marg, New Delhi - DPCC",28.636429,77.201067,1200.0,,27.1,8.6,,48.0,,14.4,
6358,"Mandir Marg, New Delhi - DPCC",28.636429,77.201067,1200.0,,29.0,7.5,,48.0,,13.6,
6358,"Mandir Marg, New Delhi - DPCC",28.636429,77.201067,1200.0,,26.9,7.8,,48.0,,13.1,
6358,"Mandir Marg, New Delhi - DPCC",28.636429,77.201067,1300.0,,24.3,7.7,,28.0,,13.1,
6358,"Mandir Marg, New Delhi - DPCC",28.636429,77.201067,1300.0,,24.8,8.2,,28.0,,13.1,
6358,"Mandir Marg, New Delhi - DPCC",28.636429,77.201067,1300.0,,38.2,8.0,,28.0,,12.8,
6358,"Mandir Marg, New Delhi - DPCC",28.636429,77.201067,1400.0,,53.4,8.2,,28.0,,12.6,
6358,"Mandir Marg, New Delhi - DPCC",28.636429,77.201067,1500.0,,60.4,8.2,,62.0,,12.8,
6358,"Mandir Marg, New Delhi - DPCC",28.636429,77.201067,1400.0,,62.1,8.0,,62.0,,13.4,
6358,"Mandir Marg, New Delhi - DPCC",28.636429,77.201067,1400.0,,63.2,8.4,,73.0,,12.6,
6358,"Mandir Marg, New Delhi - DPCC",28.636429,77.201067,1200.0,,59.4,9.2,,73.0,,11.3,
6358,"Mandir Marg, New Delhi - DPCC",28.636429,77.201067,1200.0,,57.7,9.6,,73.0,,11.5,
6358,"Mandir Marg, New Delhi - DPCC",28.636429,77.201067,1200.0,,52.8,9.4,,69.0,,,
6358,"Mandir Marg, New Delhi - DPCC",28.636429,77.201067,1100.0,,50.4,9.2,,69.0,,12.0,
6358,"Mandir Marg, New Delhi - DPCC",28.636429,77.201067,1100.0,,50.8,10.8,,69.0,,12.0,
6358,"Mandir Marg, New Delhi - DPCC",28.636429,77.201067,1200.0,,44.6,9.6,,69.0,,11.8,
6358,"Mandir Marg, New Delhi - DPCC",28.636429,77.201067,1100.0,,44.0,9.0,,82.0,,11.8,
6358,"Mandir Marg, New Delhi - DPCC",28.636429,77.201067,900.0,,40.2,,,82.0,,11.5,
6358,"Mandir Marg, New Delhi - DPCC",28.636429,77.201067,900.0,,34.0,,,82.0,,12.3,
6358,"Mandir Marg, New Delhi - DPCC",28.636429,77.201067,1000.0,,32.5,8.4,,80.0,,11.3,
6358,"Mandir Marg, New Delhi - DPCC",28.636429,77.201067,,,,7.8,,80.0,,,
6358,"Mandir Marg, New Delhi - DPCC",28.636429,77.201067,,,,7.3,,80.0,,,
6358,"Mandir Marg, New Delhi - DPCC",28.636429,77.201067,,,28.8,7.1,,80.0,,,
6358,"Mandir Marg, New Delhi - DPCC",28.636429,77.201067,1000.0,,30.5,8.8,,66.0,,18.1,
6358,"Mandir Marg, New Delhi - DPCC",28.636429,77.201067,1000.0,,29.5,8.0,,66.0,,15.2,
6358,"Mandir Marg, New Delhi - DPCC",28.636429,77.201067,900.0,,28.2,7.5,,,,13.4,
6358,"Mandir Marg, New Delhi - DPCC",28.636429,77.201067,1000.0,,33.7,8.0,,66.0,,12.6,
6358,"Mandir Marg, New Delhi - DPCC",28.636429,77.201067,1000.0,,32.9,8.0,,66.0,,12.6,
6358,"Mandir Marg, New Delhi - DPCC",28.636429,77.201067,900.0,,30.1,8.2,,66.0,,11.5,
6358,"Mandir Marg, New Delhi - DPCC",28.636429,77.201067,800.0,,24.1,7.5,,66.0,,11.8,
6358,"Mandir Marg, New Delhi - DPCC",28.636429,77.201067,700.0,,21.6,7.8,,66.0,,11.8,
6358,"Mandir Marg, New Delhi - DPCC",28.636429,77.201067,700.0,,19.7,8.8,,27.0,,11.5,
6358,"Mandir Marg, New Delhi - DPCC",28.636429,77.201067,700.0,,17.9,9.0,,27.0,,10.7,
6358,"Mandir Marg, New Delhi - DPCC",28.636429,77.201067,600.0,,17.1,9.0,,27.0,,10.7,
6358,"Mandir Marg, New Delhi - DPCC",28.636429,77.201067,600.0,,16.2,8.8,,27.0,,11.3,
6358,"Mandir Marg, New Delhi - DPCC",28.636429,77.201067,900.0,,15.8,9.2,,28.0,,,
6358,"Mandir Marg, New Delhi - DPCC",28.636429,77.201067,1100.0,,17.5,9.2,,28.0,,10.2,
6358,"Mandir Marg, New Delhi - DPCC",28.636429,77.201067,1000.0,,17.7,9.0,,28.0,,10.5,
6358,"Mandir Marg, New Delhi - DPCC",28.636429,77.201067,1100.0,,18.4,9.0,,28.0,,10.5,
6358,"Mandir Marg, New Delhi - DPCC",28.636429,77.201067,1100.0,,19.2,8.8,,27.0,,10.0,
6358,"Mandir Marg, New Delhi - DPCC",28.636429,77.201067,1100.0,,20.9,8.8,,27.0,,10.2,
6358,"Mandir Marg, New Delhi - DPCC",28.636429,77.201067,1100.0,,22.6,8.4,,27.0,,10.5,
6358,"Mandir Marg, New Delhi - DPCC",28.636429,77.201067,1200.0,,22.6,8.0,,27.0,,10.7,
6358,"Mandir Marg, New Delhi - DPCC",28.636429,77.201067,1100.0,,22.6,8.6,,27.0,,10.0,
6358,"Mandir Marg, New Delhi - DPCC",28.636429,77.201067,1300.0,,22.0,8.6,,27.0,,11.0,
6358,"Mandir Marg, New Delhi - DPCC",28.636429,77.201067,1400.0,,21.1,9.6,,35.0,,11.5,
6358,"Mandir Marg, New Delhi - DPCC",28.636429,77.201067,1200.0,,20.3,8.8,,35.0,,10.5,
6358,"Mandir Marg, New Delhi - DPCC",28.636429,77.201067,1300.0,,19.6,9.8,,35.0,,10.5,
6358,"Mandir Marg, New Delhi - DPCC",28.636429,77.201067,1300.0,,19.0,10.6,,30.0,,10.7,
6358,"Mandir Marg, New Delhi - DPCC",28.636429,77.201067,1200.0,,18.1,10.8,,30.0,,10.7,
6358,"Mandir Marg, New Delhi - DPCC",28.636429,77.201067,1200.0,,19.0,10.8,,30.0,,10.7,
6358,"Mandir Marg, New Delhi - DPCC",28.636429,77.201067,1300.0,,18.6,11.2,,30.0,,11.0,
6358,"Mandir Marg, New Delhi - DPCC",28.636429,77.201067,1300.0,,18.4,13.5,,36.0,,10.7,
6358,"Mandir Marg, New Delhi - DPCC",28.636429,77.201067,1200.0,,20.5,12.6,,36.0,,10.5,
6358,"Mandir Marg, New Delhi - DPCC",28.636429,77.201067,1200.0,,20.1,12.4,,36.0,,11.0,
6358,"Mandir Marg, New Delhi - DPCC",28.636429,77.201067,1200.0,,19.0,12.8,,,,,
6358,"Mandir Marg, New Delhi - DPCC",28.636429,77.201067,1100.0,,19.7,12.0,,,,11.0,
6358,"Mandir Marg, New Delhi - DPCC",28.636429,77.201067,1000.0,,20.9,11.8,,,,10.0,
6358,"Mandir Marg, New Delhi - DPCC",28.636429,77.201067,1000.0,,21.6,12.2,,,,8.9,
6358,"Mandir Marg, New Delhi - DPCC",28.636429,77.201067,900.0,,20.9,13.3,,,,8.6,
6358,"Mandir Marg, New Delhi - DPCC",28.636429,77.201067,800.0,,21.4,12.9,,,,8.9,
6358,"Mandir Marg, New Delhi - DPCC",28.636429,77.201067,900.0,,21.8,13.7,,,,8.9,
6358,"Mandir Marg, New Delhi - DPCC",28.636429,77.201067,1000.0,,20.9,14.5,,,,9.7,
6358,"Mandir Marg, New Delhi - DPCC",28.636429,77.201067,1000.0,,19.9,15.3,,,,8.9,
6358,"Mandir Marg, New Delhi - DPCC",28.636429,77.201067,1000.0,,22.8,13.9,,,,9.4,
6358,"Mandir Marg, New Delhi - DPCC",28.636429,77.201067,1100.0,,24.1,12.6,,,,9.4,
6358,"Mandir Marg, New Delhi - DPCC",28.636429,77.201067,1200.0,,32.3,12.6,,,,9.2,
6358,"Mandir Marg, New Delhi - DPCC",28.636429,77.201067,1200.0,,35.9,11.6,,,,,
6358,"Mandir Marg, New Delhi - DPCC",28.636429,77.201067,1100.0,,36.1,11.2,,,,10.0,
6358,"Mandir Marg, New Delhi - DPCC",28.636429,77.201067,1000.0,,36.1,10.8,,,,10.0,
6358,"Mandir Marg, New Delhi - DPCC",28.636429,77.201067,1000.0,,35.0,9.8,,,,10.5,
6358,"Mandir Marg, New Delhi - DPCC",28.636429,77.201067,1100.0,,35.4,8.2,,,,10.5,
6358,"Mandir Marg, New Delhi - DPCC",28.636429,77.201067,1100.0,,30.5,8.8,,,,10.5,
6358,"Mandir Marg, New Delhi - DPCC",28.636429,77.201067,1100.0,,30.8,8.4,,,,10.2,
6358,"Mandir Marg, New Delhi - DPCC",28.636429,77.201067,1200.0,,30.1,8.0,,,,10.5,
6358,"Mandir Marg, New Delhi - DPCC",28.636429,77.201067,1200.0,,28.0,8.6,,,,9.7,
6358,"Mandir Marg, New Delhi - DPCC",28.636429,77.201067,1100.0,,27.1,6.9,,,,10.2,
6358,"Mandir Marg, New Delhi - DPCC",28.636429,77.201067,1100.0,,28.6,7.3,,,,10.0,
6358,"Mandir Marg, New Delhi - DPCC",28.636429,77.201067,1000.0,,26.9,7.7,,,,9.4,
6358,"Mandir Marg, New Delhi - DPCC",28.636429,77.201067,1100.0,,26.5,7.8,,,,10.0,
6358,"Mandir Marg, New Delhi - DPCC",28.636429,77.201067,1100.0,,27.3,8.0,,,,10.0,
6358,"Mandir Marg, New Delhi - DPCC",28.636429,77.201067,1200.0,,32.0,7.8,,,,11.3,
6358,"Mandir Marg, New Delhi - DPCC",28.636429,77.201067,1300.0,,28.6,7.5,,,,11.0,
6358,"Mandir Marg, New Delhi - DPCC",28.636429,77.201067,1300.0,,24.4,8.2,,,,11.3,
6358,"Mandir Marg, New Delhi - DPCC",28.636429,77.201067,1300.0,,22.6,8.0,,,,11.0,
6358,"Mandir Marg, New Delhi - DPCC",28.636429,77.201067,1400.0,,30.3,8.0,,,,10.5,
6358,"Mandir Marg, New Delhi - DPCC",28.636429,77.201067,1400.0,,36.3,8.6,,,,11.0,
6358,"Mandir Marg, New Delhi - DPCC",28.636429,77.201067,1400.0,,42.5,9.6,,,,11.3,
6358,"Mandir Marg, New Delhi - DPCC",28.636429,77.201067,1100.0,,36.1,5.1,,,,8.9,
6358,"Mandir Marg, New Delhi - DPCC",28.636429,77.201067,1200.0,,36.3,5.1,,,,8.6,
6358,"Mandir Marg, New Delhi - DPCC",28.636429,77.201067,1200.0,,37.8,4.5,,,,8.6,
6358,"Mandir Marg, New Delhi - DPCC",28.636429,77.201067,1100.0,,24.4,5.7,,,,9.4,
6358,"Mandir Marg, New Delhi - DPCC",28.636429,77.201067,1100.0,,19.6,7.8,,,,8.9,
6358,"Mandir Marg, New Delhi - DPCC",28.636429,77.201067,1100.0,,21.2,8.2,,,,8.9,
6358,"Mandir Marg, New Delhi - DPCC",28.636429,77.201067,1100.0,,34.6,7.7,,,,9.7,
6358,"Mandir Marg, New Delhi - DPCC",28.636429,77.201067,1100.0,,44.6,6.5,,,,9.4,
6358,"Mandir Marg, New Delhi - DPCC",28.636429,77.201067,1300.0,,48.0,4.7,,,,9.4,
6358,"Mandir Marg, New Delhi - DPCC",28.636429,77.201067,1200.0,,46.4,6.3,,,,10.2,
6358,"Mandir Marg, New Delhi - DPCC",28.636429,77.201067,1200.0,,44.6,9.8,,,,10.5,
6358,"Mandir Marg, New Delhi - DPCC",28.636429,77.201067,1100.0,,,10.2,,,,11.0,
6358,"Mandir Marg, New Delhi - DPCC",28.636429,77.201067,1100.0,,,10.2,,,,11.0,
6358,"Mandir Marg, New Delhi - DPCC",28.636429,77.201067,1200.0,,,11.0,,,,,
6358,"Mandir Marg, New Delhi - DPCC",28.636429,77.201067,1200.0,,,9.2,,,,,
6358,"Mandir Marg, New Delhi - DPCC",28.636429,77.201067,1100.0,,,4.7,,,,,
6358,"Mandir Marg, New Delhi - DPCC",28.636429,77.201067,900.0,,,2.7,,,,,
6358,"Mandir Marg, New Delhi - DPCC",28.636429,77.201067,900.0,,,,,,,,
6358,"Mandir Marg, New Delhi - DPCC",28.636429,77.201067,700.0,,,,,,,,
6358,"Mandir Marg, New Delhi - DPCC",28.636429,77.201067,1000.0,,,4.3,,,,,
6358,"Mandir Marg, New Delhi - DPCC",28.636429,77.201067,1000.0,,,30.6,,,,,
6358,"Mandir Marg, New Delhi - DPCC",28.636429,77.201067,,,,31.0,,,,,
6358,"Mandir Marg, New Delhi - DPCC",28.636429,77.201067,,,,15.3,,,,,
6358,"Mandir Marg, New Delhi - DPCC",28.636429,77.201067,,,,43.2,,,,,
6358,"Mandir Marg, New Delhi - DPCC",28.636429,77.201067,,,,19.4,,,,,
6358,"Mandir Marg, New Delhi - DPCC",28.636429,77.201067,,,,5.9,,,,,
6358,"Mandir Marg, New Delhi - DPCC",28.636429,77.201067,,,,67.1,,,,,
6358,"Mandir Marg, New Delhi - DPCC",28.636429,77.201067,,,,103.2,,,,,
6358,"Mandir Marg, New Delhi - DPCC",28.636429,77.201067,,,,10.6,,,,,
6358,"Mandir Marg, New Delhi - DPCC",28.636429,77.201067,,,,27.3,,,,,
6358,"Mandir Marg, New Delhi - DPCC",28.636429,77.201067,,,,211.9,,,,,
6358,"Mandir Marg, New Delhi - DPCC",28.636429,77.201067,,,,131.5,,,,,
6358,"Mandir Marg, New Delhi - DPCC",28.636429,77.201067,,,,31.6,,,,,
6358,"Mandir Marg, New Delhi - DPCC",28.636429,77.201067,,,,139.7,,,,,
6358,"Mandir Marg, New Delhi - DPCC",28.636429,77.201067,,,,18.0,,,,,
6358,"Mandir Marg, New Delhi - DPCC",28.636429,77.201067,,,,155.4,,,,,
6358,"Mandir Marg, New Delhi - DPCC",28.636429,77.201067,,,,23.7,,,,,
6358,"Mandir Marg, New Delhi - DPCC",28.636429,77.201067,,,,9.8,,,,,
6358,"Mandir Marg, New Delhi - DPCC",28.636429,77.201067,,,,60.2,,,,,
6358,"Mandir Marg, New Delhi - DPCC",28.636429,77.201067,,,,184.8,,,,,
6358,"Mandir Marg, New Delhi - DPCC",28.636429,77.201067,200.0,,,,,,,20.4,
6358,"Mandir Marg, New Delhi - DPCC",28.636429,77.201067,2100.0,,76.2,3.9,,,,18.6,
6358,"Mandir Marg, New Delhi - DPCC",28.636429,77.201067,,,57.5,3.5,,,,14.7,
6358,"Mandir Marg, New Delhi - DPCC",28.636429,77.201067,,,53.8,6.1,,,,13.9,
6358,"Mandir Marg, New Delhi - DPCC",28.636429,77.201067,,,48.0,12.0,,,,13.6,
6358,"Mandir Marg, New Delhi - DPCC",28.636429,77.201067,500.0,,41.4,11.0,,,,13.4,
6358,"Mandir Marg, New Delhi - DPCC",28.636429,77.201067,300.0,,42.3,5.7,,,,12.8,
6358,"Mandir Marg, New Delhi - DPCC",28.636429,77.201067,200.0,,49.1,4.5,,,,12.8,
6358,"Mandir Marg, New Delhi - DPCC",28.636429,77.201067,200.0,,62.1,4.9,,,,12.8,
6358,"Mandir Marg, New Delhi - DPCC",28.636429,77.201067,200.0,,65.3,2.2,,,,12.6,
6358,"Mandir Marg, New Delhi - DPCC",28.636429,77.201067,200.0,,54.9,1.6,,,,13.9,
6358,"Mandir Marg, New Delhi - DPCC",28.636429,77.201067,100.0,,33.5,1.2,,,,13.4,
6358,"Mandir Marg, New Delhi - DPCC",28.636429,77.201067,,,30.3,0.2,,,,12.6,
6358,"Mandir Marg, New Delhi - DPCC",28.636429,77.201067,200.0,,28.8,1.2,,,,13.1,
6358,"Mandir Marg, New Delhi - DPCC",28.636429,77.201067,200.0,,,1.4,,,,13.6,
6358,"Mandir Marg, New Delhi - DPCC",28.636429,77.201067,200.0,,,1.4,,,,12.6,
6358,"Mandir Marg, New Delhi - DPCC",28.636429,77.201067,100.0,,,1.4,,,,13.6,
6358,"Mandir Marg, New Delhi - DPCC",28.636429,77.201067,100.0,,,3.5,,,,12.6,
6358,"Mandir Marg, New Delhi - DPCC",28.636429,77.201067,200.0,,,8.0,,,,,
6358,"Mandir Marg, New Delhi - DPCC",28.636429,77.201067,300.0,,,11.2,,,,11.3,
6358,"Mandir Marg, New Delhi - DPCC",28.636429,77.201067,200.0,,,15.9,,,,,
6358,"Mandir Marg, New Delhi - DPCC",28.636429,77.201067,100.0,,,5.9,,,,,
6358,"Mandir Marg, New Delhi - DPCC",28.636429,77.201067,,,,1.8,,,,,
6358,"Mandir Marg, New Delhi - DPCC",28.636429,77.201067,,,,14.1,,,,,
6358,"Mandir Marg, New Delhi - DPCC",28.636429,77.201067,,,,21.6,,,,,
6358,"Mandir Marg, New Delhi - DPCC",28.636429,77.201067,2300.0,,,,,,,12.8,
6358,"Mandir Marg, New Delhi - DPCC",28.636429,77.201067,2200.0,,,,,,,12.6,
6358,"Mandir Marg, New Delhi - DPCC",28.636429,77.201067,2300.0,,,5.9,,,,13.9,
6358,"Mandir Marg, New Delhi - DPCC",28.636429,77.201067,2200.0,,,0.2,,,,14.1,
6358,"Mandir Marg, New Delhi - DPCC",28.636429,77.201067,2200.0,,,2.0,,,,14.1,
6358,"Mandir Marg, New Delhi - DPCC",28.636429,77.201067,2100.0,,,2.6,,,,13.6,
6358,"Mandir Marg, New Delhi - DPCC",28.636429,77.201067,2100.0,,,9.4,,,,14.4,
6358,"Mandir Marg, New Delhi - DPCC",28.636429,77.201067,2200.0,,,5.9,,,,14.1,
6358,"Mandir Marg, New Delhi - DPCC",28.636429,77.201067,2100.0,,,7.1,,,,13.1,
6358,"Mandir Marg, New Delhi - DPCC",28.636429,77.201067,2000.0,,,6.5,,,,13.1,
6358,"Mandir Marg, New Delhi - DPCC",28.636429,77.201067,1900.0,,,4.5,,,,13.6,
6358,"Mandir Marg, New Delhi - DPCC",28.636429,77.201067,,,,4.1,,,,13.6,
6358,"Mandir Marg, New Delhi - DPCC",28.636429,77.201067,,,,8.8,,,,13.9,
6358,"Mandir Marg, New Delhi - DPCC",28.636429,77.201067,,,,9.2,,,,14.7,
6358,"Mandir Marg, New Delhi - DPCC",28.636429,77.201067,,,,1.8,,,,14.1,
6358,"Mandir Marg, New Delhi - DPCC",28.636429,77.201067,,,,1.6,,,,13.1,
6358,"Mandir Marg, New Delhi - DPCC",28.636429,77.201067,,,,1.6,,,,13.9,
6358,"Mandir Marg, New Delhi - DPCC",28.636429,77.201067,,,,1.0,,,,13.9,
6358,"Mandir Marg, New Delhi - DPCC",28.636429,77.201067,,,,1.8,,,,13.9,
6358,"Mandir Marg, New Delhi - DPCC",28.636429,77.201067,,,,2.2,,,,13.9,
6358,"Mandir Marg, New Delhi - DPCC",28.636429,77.201067,,,,1.4,,,,13.4,
6358,"Mandir Marg, New Delhi - DPCC",28.636429,77.201067,,,,3.5,,,,12.8,
6358,"Mandir Marg, New Delhi - DPCC",28.636429,77.201067,,,,4.5,,,,13.4,
6358,"Mandir Marg, New Delhi - DPCC",28.636429,77.201067,,,,3.9,,,,14.1,
6358,"Mandir Marg, New Delhi - DPCC",28.636429,77.201067,,,,4.3,,,,13.6,
6358,"Mandir Marg, New Delhi - DPCC",28.636429,77.201067,,,,4.3,,,,12.0,
6358,"Mandir Marg, New Delhi - DPCC",28.636429,77.201067,,,,,,,,12.8,
6358,"Mandir Marg, New Delhi - DPCC",28.636429,77.201067,,,,,,,,13.9,
6358,"Mandir Marg, New Delhi - DPCC",28.636429,77.201067,,,,,,,,13.9,
6358,"Mandir Marg, New Delhi - DPCC",28.636429,77.201067,,,,,,,,13.1,
6358,"Mandir Marg, New Delhi - DPCC",28.636429,77.201067,,,,,,,,12.3,
6358,"Mandir Marg, New Delhi - DPCC",28.636429,77.201067,,,,,,,,12.8,
6358,"Mandir Marg, New Delhi - DPCC",28.636429,77.201067,,,,,,,,12.0,
6358,"Mandir Marg, New Delhi - DPCC",28.636429,77.201067,,,,,,,,12.6,
6358,"Mandir Marg, New Delhi - DPCC",28.636429,77.201067,,,,,,,,13.1,
6358,"Mandir Marg, New Delhi - DPCC",28.636429,77.201067,,,,,,,,12.0,
6358,"Mandir Marg, New Delhi - DPCC",28.636429,77.201067,,,,,,,,13.9,
6358,"Mandir Marg, New Delhi - DPCC",28.636429,77.201067,,,,,,,,14.4,
6358,"Mandir Marg, New Delhi - DPCC",28.636429,77.201067,,,,,,,,15.4,
6358,"Mandir Marg, New Delhi - DPCC",28.636429,77.201067,,,,,,,,14.7,
6358,"Mandir Marg, New Delhi - DPCC",28.636429,77.201067,,,,,,,,15.7,
6358,"Mandir Marg, New Delhi - DPCC",28.636429,77.201067,1.99,97.8,124.3,,117.0,69.0,88.0,3.4,13.7
6358,"Mandir Marg, New Delhi - DPCC",28.636429,77.201067,1.98,98.2,123.0,,96.0,66.0,88.0,3.7,13.4
6358,"Mandir Marg, New Delhi - DPCC",28.636429,77.201067,,,,2.0,96.0,66.0,89.0,,13.2
6358,"Mandir Marg, New Delhi - DPCC",28.636429,77.201067,,,,0.0,96.0,66.0,89.0,,13.2
6358,"Mandir Marg, New Delhi - DPCC",28.636429,77.201067,,104.8,109.6,4.3,96.0,66.0,90.0,,13.1
6358,"Mandir Marg, New Delhi - DPCC",28.636429,77.201067,1.99,104.7,109.6,3.3,106.0,72.0,90.0,,13.1
6358,"Mandir Marg, New Delhi - DPCC",28.636429,77.201067,1.99,105.5,113.9,1.0,106.0,72.0,90.0,,13.1
6358,"Mandir Marg, New Delhi - DPCC",28.636429,77.201067,2.0,108.1,114.7,,106.0,72.0,90.0,12.3,13.1
6358,"Mandir Marg, New Delhi - DPCC",28.636429,77.201067,2.02,108.1,116.7,0.4,106.0,72.0,91.0,,13.1
6358,"Mandir Marg, New Delhi - DPCC",28.636429,77.201067,1.99,109.7,116.2,4.5,125.0,87.0,91.0,,12.8
6358,"Mandir Marg, New Delhi - DPCC",28.636429,77.201067,1.98,111.6,113.4,,125.0,87.0,91.0,6.6,12.7
6358,"Mandir Marg, New Delhi - DPCC",28.636429,77.201067,1.97,111.7,112.0,,125.0,87.0,92.0,,12.7
6358,"Mandir Marg, New Delhi - DPCC",28.636429,77.201067,1.98,112.2,111.3,,125.0,87.0,92.0,11.3,12.8
6358,"Mandir Marg, New Delhi - DPCC",28.636429,77.201067,1.99,114.8,110.4,1.0,139.0,96.0,92.0,14.1,12.8
6358,"Mandir Marg, New Delhi - DPCC",28.636429,77.201067,2.03,116.8,113.0,,139.0,96.0,92.0,6.6,12.8
6358,"Mandir Marg, New Delhi - DPCC",28.636429,77.201067,2.03,119.3,111.5,1.2,139.0,96.0,92.0,18.6,12.7
6358,"Mandir Marg, New Delhi - DPCC",28.636429,77.201067,2.02,119.8,112.6,2.4,139.0,96.0,93.0,4.7,12.9
6358,"Mandir Marg, New Delhi - DPCC",28.636429,77.201067,2.0,121.5,110.7,3.5,134.0,97.0,92.0,1.3,13.9
6358,"Mandir Marg, New Delhi - DPCC",28.636429,77.201067,1.98,120.9,110.9,,134.0,97.0,91.0,4.2,13.9
6358,"Mandir Marg, New Delhi - DPCC",28.636429,77.201067,1.95,119.1,110.7,,134.0,97.0,91.0,,13.7
6358,"Mandir Marg, New Delhi - DPCC",28.636429,77.201067,1.91,117.3,110.5,0.8,134.0,97.0,91.0,3.9,14.1
6358,"Mandir Marg, New Delhi - DPCC",28.636429,77.201067,1.89,114.6,110.7,,106.0,70.0,89.0,16.8,15.1
6358,"Mandir Marg, New Delhi - DPCC",28.636429,77.201067,1.87,113.8,110.0,,106.0,70.0,88.0,11.0,15.1
6358,"Mandir Marg, New Delhi - DPCC",28.636429,77.201067,1.84,112.7,109.8,,106.0,70.0,88.0,7.1,15.1
6358,"Mandir Marg, New Delhi - DPCC",28.636429,77.201067,1.77,108.2,112.6,,106.0,70.0,88.0,8.6,15.2
6358,"Mandir Marg, New Delhi - DPCC",28.636429,77.201067,1.76,103.6,113.7,,105.0,67.0,87.0,5.2,16.5
6358,"Mandir Marg, New Delhi - DPCC",28.636429,77.201067,1.76,102.2,114.9,2.9,105.0,67.0,83.0,11.3,18.9
6358,"Mandir Marg, New Delhi - DPCC",28.636429,77.201067,1.76,101.6,118.1,6.9,105.0,67.0,80.0,,19.7
6358,"Mandir Marg, New Delhi - DPCC",28.636429,77.201067,1.77,101.4,117.7,,105.0,67.0,79.0,12.3,19.7
6358,"Mandir Marg, New Delhi - DPCC",28.636429,77.201067,1.8,100.5,118.6,,150.0,106.0,77.0,15.7,20.5
6358,"Mandir Marg, New Delhi - DPCC",28.636429,77.201067,1.81,100.1,121.6,0.0,150.0,106.0,72.0,16.5,22.2
6358,"Mandir Marg, New Delhi - DPCC",28.636429,77.201067,1.81,100.7,122.8,0.8,150.0,106.0,68.0,18.9,23.2
6358,"Mandir Marg, New Delhi - DPCC",28.636429,77.201067,1.81,100.1,121.8,0.4,150.0,,64.0,5.5,23.7
6358,"Mandir Marg, New Delhi - DPCC",28.636429,77.201067,1.81,97.3,122.4,,199.0,110.0,60.0,2.9,24.7
6358,"Mandir Marg, New Delhi - DPCC",28.636429,77.201067,1.8,95.2,124.5,4.5,199.0,110.0,56.0,11.3,25.5
6358,"Mandir Marg, New Delhi - DPCC",28.636429,77.201067,1.79,91.9,130.1,2.9,199.0,110.0,54.0,6.3,26.3
6358,"Mandir Marg, New Delhi - DPCC",28.636429,77.201067,1.79,88.7,133.1,3.7,199.0,110.0,51.0,2.4,27.2
6358,"Mandir Marg, New Delhi - DPCC",28.636429,77.201067,1.77,85.2,133.5,1.2,199.0,100.0,48.0,3.9,28.0
6358,"Mandir Marg, New Delhi - DPCC",28.636429,77.201067,1.76,81.4,136.1,,199.0,100.0,46.0,0.3,28.4
6358,"Mandir Marg, New Delhi - DPCC",28.636429,77.201067,1.72,75.4,138.6,3.3,199.0,100.0,44.0,5.5,29.3
6358,"Mandir Marg, New Delhi - DPCC",28.636429,77.201067,1.69,68.6,134.6,2.4,199.0,,43.0,12.1,29.8
6358,"Mandir Marg, New Delhi - DPCC",28.636429,77.201067,1.66,62.0,131.6,11.8,153.0,68.0,42.0,,30.0
6358,"Mandir Marg, New Delhi - DPCC",28.636429,77.201067,1.63,55.0,134.0,9.6,153.0,68.0,42.0,5.8,29.7
6358,"Mandir Marg, New Delhi - DPCC",28.636429,77.201067,1.57,30.9,152.8,8.4,153.0,68.0,42.0,,29.8
6358,"Mandir Marg, New Delhi - DPCC",28.636429,77.201067,1.55,22.3,150.6,9.4,153.0,68.0,41.0,0.3,30.5
6358,"Mandir Marg, New Delhi - DPCC",28.636429,77.201067,1.5,18.4,142.9,9.2,153.0,64.0,40.0,6.8,31.1
6358,"Mandir Marg, New Delhi - DPCC",28.636429,77.201067,1.53,17.5,152.1,10.0,153.0,64.0,39.0,,30.7
6358,"Mandir Marg, New Delhi - DPCC",28.636429,77.201067,1.23,5.2,52.5,79.8,153.0,64.0,39.0,12.1,30.6
6358,"Mandir Marg, New Delhi - DPCC",28.636429,77.201067,1.32,,62.2,55.3,153.0,64.0,39.0,0.5,31.9
6358,"Mandir Marg, New Delhi - DPCC",28.636429,77.201067,1.31,3.1,64.9,96.0,128.0,54.0,38.0,3.7,32.0
6358,"Mandir Marg, New Delhi - DPCC",28.636429,77.201067,1.34,3.7,71.1,56.6,128.0,54.0,36.0,,32.2
6358,"Mandir Marg, New Delhi - DPCC",28.636429,77.201067,,4.3,84.0,30.6,128.0,54.0,37.0,,32.2
6358,"Mandir Marg, New Delhi - DPCC",28.636429,77.201067,1.32,6.9,89.1,21.6,128.0,54.0,37.0,,32.3
6358,"Mandir Marg, New Delhi - DPCC",28.636429,77.201067,1.32,8.9,107.2,17.4,89.0,50.0,37.0,4.2,32.2
6358,"Mandir Marg, New Delhi - DPCC",28.636429,77.201067,1.33,8.4,110.4,31.8,89.0,50.0,36.0,,33.3
6358,"Mandir Marg, New Delhi - DPCC",28.636429,77.201067,1.27,4.6,102.1,19.0,89.0,50.0,35.0,,32.5
6358,"Mandir Marg, New Delhi - DPCC",28.636429,77.201067,1.27,7.4,107.9,15.9,88.0,39.0,36.0,,32.3
6358,"Mandir Marg, New Delhi - DPCC",28.636429,77.201067,1.28,10.0,111.9,13.9,88.0,39.0,36.0,,32.4
6358,"Mandir Marg, New Delhi - DPCC",28.636429,77.201067,1.27,9.7,117.3,12.9,88.0,39.0,35.0,,32.7
6358,"Mandir Marg, New Delhi - DPCC",28.636429,77.201067,1.26,9.6,122.2,13.1,88.0,39.0,36.0,,31.7
6358,"Mandir Marg, New Delhi - DPCC",28.636429,77.201067,1.26,11.2,122.8,12.0,73.0,30.0,40.0,,29.2
6358,"Mandir Marg, New Delhi - DPCC",28.636429,77.201067,1.27,12.7,126.7,12.3,73.0,30.0,44.0,,28.6
6358,"Mandir Marg, New Delhi - DPCC",28.636429,77.201067,1.26,12.8,129.3,11.8,73.0,30.0,45.0,6.8,29.0
6358,"Mandir Marg, New Delhi - DPCC",28.636429,77.201067,1.28,14.5,129.3,12.0,73.0,30.0,46.0,1.8,27.8
6358,"Mandir Marg, New Delhi - DPCC",28.636429,77.201067,1.31,15.1,133.1,10.4,96.0,47.0,49.0,5.0,26.3
6358,"Mandir Marg, New Delhi - DPCC",28.636429,77.201067,1.35,15.9,136.1,10.0,96.0,47.0,53.0,,24.7
6358,"Mandir Marg, New Delhi - DPCC",28.636429,77.201067,1.36,17.1,137.2,10.2,96.0,47.0,57.0,6.6,23.5
6358,"Mandir Marg, New Delhi - DPCC",28.636429,77.201067,1.4,17.8,135.7,10.0,96.0,47.0,58.0,,23.0
6358,"Mandir Marg, New Delhi - DPCC",28.636429,77.201067,1.48,20.7,136.7,9.4,116.0,38.0,58.0,7.1,22.8
6358,"Mandir Marg, New Delhi - DPCC",28.636429,77.201067,1.57,23.0,138.6,8.8,116.0,38.0,61.0,,22.1
6358,"Mandir Marg, New Delhi - DPCC",28.636429,77.201067,1.64,25.2,137.2,9.6,116.0,38.0,62.0,,21.7
6358,"Mandir Marg, New Delhi - DPCC",28.636429,77.201067,1.69,27.8,135.9,8.8,116.0,38.0,61.0,,21.5
6358,"Mandir Marg, New Delhi - DPCC",28.636429,77.201067,1.79,31.4,138.0,8.8,113.0,52.0,62.0,0.8,21.2
6358,"Mandir Marg, New Delhi - DPCC",28.636429,77.201067,1.91,34.7,140.6,9.0,113.0,52.0,63.0,,21.0
6358,"Mandir Marg, New Delhi - DPCC",28.636429,77.201067,2.0,36.5,140.8,8.8,113.0,52.0,64.0,,21.1
6358,"Mandir Marg, New Delhi - DPCC",28.636429,77.201067,2.1,40.7,139.7,8.4,152.0,77.0,66.0,0.0,21.1
6358,"Mandir Marg, New Delhi - DPCC",28.636429,77.201067,2.16,41.3,140.6,8.0,152.0,77.0,67.0,,21.0
6358,"Mandir Marg, New Delhi - DPCC",28.636429,77.201067,2.18,43.2,137.6,7.6,152.0,77.0,66.0,,21.5
6358,"Mandir Marg, New Delhi - DPCC",28.636429,77.201067,2.16,43.5,136.7,8.0,152.0,77.0,62.0,,22.8
6358,"Mandir Marg, New Delhi - DPCC",28.636429,77.201067,2.15,42.6,139.5,8.6,179.0,86.0,62.0,,22.7
6358,"Mandir Marg, New Delhi - DPCC",28.636429,77.201067,2.15,42.6,144.0,8.4,179.0,86.0,64.0,,21.8
6358,"Mandir Marg, New Delhi - DPCC",28.636429,77.201067,2.12,41.7,142.9,8.4,179.0,86.0,66.0,4.7,21.2
6358,"Mandir Marg, New Delhi - DPCC",28.636429,77.201067,2.12,41.7,139.7,8.2,179.0,86.0,68.0,,20.9
6358,"Mandir Marg, New Delhi - DPCC",28.636429,77.201067,2.08,42.8,135.5,8.2,149.0,75.0,70.0,6.8,20.5
6358,"Mandir Marg, New Delhi - DPCC",28.636429,77.201067,2.1,44.4,135.0,8.4,149.0,75.0,71.0,5.8,20.2
6358,"Mandir Marg, New Delhi - DPCC",28.636429,77.201067,2.07,43.7,136.1,8.4,149.0,75.0,69.0,1.0,21.1
6358,"Mandir Marg, New Delhi - DPCC",28.636429,77.201067,2.03,43.4,134.0,7.6,149.0,75.0,70.0,11.5,20.9
6358,"Mandir Marg, New Delhi - DPCC",28.636429,77.201067,1.96,43.4,132.5,8.0,136.0,69.0,77.0,,18.2
6358,"Mandir Marg, New Delhi - DPCC",28.636429,77.201067,1.92,43.7,130.3,8.4,118.0,76.0,78.0,15.5,17.7
6358,"Mandir Marg, New Delhi - DPCC",28.636429,77.201067,1.9,45.1,130.3,,118.0,76.0,80.0,,17.4
6358,"Mandir Marg, New Delhi - DPCC",28.636429,77.201067,1.89,46.2,129.9,,118.0,76.0,81.0,7.9,17.5
6358,"Mandir Marg, New Delhi - DPCC",28.636429,77.201067,1.89,48.1,128.6,,118.0,76.0,80.0,4.7,19.2
6358,"Mandir Marg, New Delhi - DPCC",28.636429,77.201067,1.85,49.7,131.8,8.2,101.0,66.0,80.0,0.0,19.7
6358,"Mandir Marg, New Delhi - DPCC",28.636429,77.201067,,,,8.6,101.0,66.0,82.0,,19.0
6358,"Mandir Marg, New Delhi - DPCC",28.636429,77.201067,,,,9.2,101.0,66.0,83.0,,18.7
6358,"Mandir Marg, New Delhi - DPCC",28.636429,77.201067,,46.6,129.3,8.0,101.0,66.0,83.0,,19.0
6358,"Mandir Marg, New Delhi - DPCC",28.636429,77.201067,1.77,48.6,133.1,9.4,101.0,55.0,82.0,,19.9
6358,"Mandir Marg, New Delhi - DPCC",28.636429,77.201067,1.76,50.8,135.2,9.2,101.0,55.0,84.0,,19.6
6358,"Mandir Marg, New Delhi - DPCC",28.636429,77.201067,1.75,50.7,132.5,9.0,101.0,55.0,86.0,,18.9
6358,"Mandir Marg, New Delhi - DPCC",28.636429,77.201067,1.71,51.8,129.9,9.2,101.0,55.0,87.0,,18.6
6358,"Mandir Marg, New Delhi - DPCC",28.636429,77.201067,1.68,53.4,130.1,10.0,88.0,58.0,88.0,11.3,18.0
6358,"Mandir Marg, New Delhi - DPCC",28.636429,77.201067,1.68,54.4,130.5,11.4,88.0,58.0,89.0,16.2,18.1
6358,"Mandir Marg, New Delhi - DPCC",28.636429,77.201067,1.68,55.6,127.7,9.4,88.0,58.0,89.0,,18.4
6358,"Mandir Marg, New Delhi - DPCC",28.636429,77.201067,1.67,56.3,125.6,9.4,88.0,58.0,89.0,2.4,18.6
6358,"Mandir Marg, New Delhi - DPCC",28.636429,77.201067,1.71,58.9,129.5,9.6,78.0,49.0,90.0,7.1,18.5
6358,"Mandir Marg, New Delhi - DPCC",28.636429,77.201067,1.66,60.1,123.7,9.0,78.0,49.0,91.0,1.6,17.7
6358,"Mandir Marg, New Delhi - DPCC",28.636429,77.201067,1.66,59.7,123.0,9.6,70.0,44.0,92.0,8.9,17.6
6358,"Mandir Marg, New Delhi - DPCC",28.636429,77.201067,1.67,60.3,123.9,10.4,70.0,44.0,92.0,10.5,17.5
6358,"Mandir Marg, New Delhi - DPCC",28.636429,77.201067,1.64,59.4,122.4,9.0,70.0,44.0,92.0,2.1,17.3
6358,"Mandir Marg, New Delhi - DPCC",28.636429,77.201067,1.63,58.8,119.0,9.6,70.0,44.0,92.0,11.0,17.3
6358,"Mandir Marg, New Delhi - DPCC",28.636429,77.201067,1.61,58.3,118.4,9.0,68.0,53.0,92.0,7.9,17.0
6358,"Mandir Marg, New Delhi - DPCC",28.636429,77.201067,1.63,58.4,118.4,8.6,68.0,53.0,92.0,2.4,16.8
6358,"Mandir Marg, New Delhi - DPCC",28.636429,77.201067,1.65,57.7,116.6,8.8,68.0,53.0,92.0,21.0,16.7
6358,"Mandir Marg, New Delhi - DPCC",28.636429,77.201067,1.67,58.1,114.1,7.4,68.0,53.0,93.0,12.8,17.2
6358,"Mandir Marg, New Delhi - DPCC",28.636429,77.201067,1.69,58.9,114.5,8.6,78.0,58.0,93.0,7.1,17.9
6358,"Mandir Marg, New Delhi - DPCC",28.636429,77.201067,1.72,63.7,113.0,10.4,78.0,58.0,91.0,,20.0
6358,"Mandir Marg, New Delhi - DPCC",28.636429,77.201067,1.76,64.2,115.1,11.0,78.0,58.0,89.0,,20.8
6358,"Mandir Marg, New Delhi - DPCC",28.636429,77.201067,1.83,63.6,125.8,11.6,112.0,74.0,84.0,,22.3
6358,"Mandir Marg, New Delhi - DPCC",28.636429,77.201067,1.89,63.3,126.5,10.8,112.0,74.0,81.0,,22.9
6358,"Mandir Marg, New Delhi - DPCC",28.636429,77.201067,1.91,61.4,124.8,9.2,112.0,74.0,78.0,,23.0
6358,"Mandir Marg, New Delhi - DPCC",28.636429,77.201067,1.92,58.9,129.5,11.2,191.0,136.0,75.0,,24.0
6358,"Mandir Marg, New Delhi - DPCC",28.636429,77.201067,1.97,56.5,133.9,10.8,191.0,136.0,72.0,,24.5
6358,"Mandir Marg, New Delhi - DPCC",28.636429,77.201067,1.96,53.5,132.7,12.0,191.0,136.0,70.0,1.8,24.3
6358,"Mandir Marg, New Delhi - DPCC",28.636429,77.201067,1.95,51.2,132.2,9.2,191.0,136.0,67.0,1.8,25.4
6358,"Mandir Marg, New Delhi - DPCC",28.636429,77.201067,1.9,49.6,134.8,10.8,140.0,96.0,64.0,,26.0
6358,"Mandir Marg, New Delhi - DPCC",28.636429,77.201067,1.88,47.2,138.7,9.8,140.0,96.0,62.0,,26.3
6358,"Mandir Marg, New Delhi - DPCC",28.636429,77.201067,1.82,42.7,138.2,9.4,140.0,96.0,60.0,,26.7
6358,"Mandir Marg, New Delhi - DPCC",28.636429,77.201067,1.76,40.0,137.1,9.2,140.0,96.0,60.0,,26.9
6358,"Mandir Marg, New Delhi - DPCC",28.636429,77.201067,1.72,37.4,137.1,10.4,92.0,65.0,58.0,,27.4
6358,"Mandir Marg, New Delhi - DPCC",28.636429,77.201067,1.69,35.4,137.4,10.4,92.0,65.0,57.0,,27.7
6358,"Mandir Marg, New Delhi - DPCC",28.636429,77.201067,1.64,32.5,134.8,10.2,92.0,65.0,55.0,,28.1
6358,"Mandir Marg, New Delhi - DPCC",28.636429,77.201067,1.61,29.2,134.4,9.4,92.0,65.0,55.0,,28.4
6358,"Mandir Marg, New Delhi - DPCC",28.636429,77.201067,1.6,27.9,137.2,8.6,88.0,61.0,54.0,3.1,29.4
6358,"Mandir Marg, New Delhi - DPCC",28.636429,77.201067,1.64,26.2,139.7,9.0,88.0,61.0,53.0,9.2,29.4
6358,"Mandir Marg, New Delhi - DPCC",28.636429,77.201067,1.56,23.4,141.2,9.8,88.0,61.0,52.0,3.1,29.6
6358,"Mandir Marg, New Delhi - DPCC",28.636429,77.201067,1.52,21.5,138.9,9.6,88.0,61.0,51.0,,29.8
6358,"Mandir Marg, New Delhi - DPCC",28.636429,77.201067,1.51,21.3,138.9,10.8,77.0,62.0,50.0,,29.7
6358,"Mandir Marg, New Delhi - DPCC",28.636429,77.201067,1.52,18.8,141.6,9.8,77.0,62.0,50.0,,30.0
6358,"Mandir Marg, New Delhi - DPCC",28.636429,77.201067,,16.2,141.8,10.4,77.0,62.0,50.0,,29.7
6358,"Mandir Marg, New Delhi - DPCC",28.636429,77.201067,1.31,15.1,139.1,10.8,77.0,62.0,51.0,,29.5
6358,"Mandir Marg, New Delhi - DPCC",28.636429,77.201067,1.29,14.8,138.7,10.8,90.0,55.0,51.0,5.8,29.5
6358,"Mandir Marg, New Delhi - DPCC",28.636429,77.201067,1.31,15.6,139.1,10.0,90.0,55.0,52.0,7.1,29.2
6358,"Mandir Marg, New Delhi - DPCC",28.636429,77.201067,1.29,16.1,137.8,12.2,90.0,55.0,52.0,2.6,29.3
6358,"Mandir Marg, New Delhi - DPCC",28.636429,77.201067,1.25,15.4,138.0,10.8,90.0,55.0,51.0,,29.4
6358,"Mandir Marg, New Delhi - DPCC",28.636429,77.201067,1.25,15.3,137.4,9.8,73.0,46.0,52.0,,29.0
6358,"Mandir Marg, New Delhi - DPCC",28.636429,77.201067,1.27,15.5,139.5,10.4,73.0,46.0,52.0,10.7,28.8
6358,"Mandir Marg, New Delhi - DPCC",28.636429,77.201067,1.24,15.6,138.7,11.0,73.0,46.0,53.0,,28.5
6358,"Mandir Marg, New Delhi - DPCC",28.636429,77.201067,1.21,16.1,135.5,11.0,73.0,46.0,54.0,,28.2
6358,"Mandir Marg, New Delhi - DPCC",28.636429,77.201067,1.21,16.7,134.4,9.6,58.0,33.0,55.0,9.7,27.8
6358,"Mandir Marg, New Delhi - DPCC",28.636429,77.201067,1.24,18.0,136.1,9.8,58.0,33.0,57.0,,27.1
6358,"Mandir Marg, New Delhi - DPCC",28.636429,77.201067,1.23,20.0,135.7,10.6,58.0,33.0,59.0,6.0,26.3
6358,"Mandir Marg, New Delhi - DPCC",28.636429,77.201067,1.23,20.4,136.7,9.4,58.0,33.0,61.0,8.4,25.6
6358,"Mandir Marg, New Delhi - DPCC",28.636429,77.201067,1.24,20.9,136.5,8.4,59.0,30.0,62.0,6.0,25.1
6358,"Mandir Marg, New Delhi - DPCC",28.636429,77.201067,1.28,22.0,137.8,10.6,59.0,30.0,63.0,10.2,24.6
6358,"Mandir Marg, New Delhi - DPCC",28.636429,77.201067,1.28,23.5,135.5,10.2,59.0,30.0,63.0,5.8,24.2
6358,"Mandir Marg, New Delhi - DPCC",28.636429,77.201067,1.29,24.4,132.0,8.8,59.0,30.0,64.0,1.0,24.0
6358,"Mandir Marg, New Delhi - DPCC",28.636429,77.201067,1.29,25.1,132.2,9.2,62.0,29.0,65.0,11.0,23.7
6358,"Mandir Marg, New Delhi - DPCC",28.636429,77.201067,1.33,27.4,133.9,9.4,62.0,29.0,65.0,3.9,23.6
6358,"Mandir Marg, New Delhi - DPCC",28.636429,77.201067,1.33,29.0,132.2,9.8,62.0,29.0,65.0,,23.5
6358,"Mandir Marg, New Delhi - DPCC",28.636429,77.201067,1.32,30.9,129.3,9.2,62.0,29.0,66.0,,23.3
6358,"Mandir Marg, New Delhi - DPCC",28.636429,77.201067,1.33,31.0,130.7,8.8,70.0,48.0,65.0,,23.4
6358,"Mandir Marg, New Delhi - DPCC",28.636429,77.201067,1.36,31.7,133.3,9.0,70.0,48.0,65.0,1.3,23.4
6358,"Mandir Marg, New Delhi - DPCC",28.636429,77.201067,1.35,30.4,132.4,9.6,70.0,48.0,65.0,,23.1
6358,"Mandir Marg, New Delhi - DPCC",28.636429,77.201067,1.35,29.9,131.2,8.6,70.0,48.0,65.0,16.0,23.0
6358,"Mandir Marg, New Delhi - DPCC",28.636429,77.201067,1.34,30.0,132.4,8.6,89.0,49.0,65.0,7.9,22.8
6358,"Mandir Marg, New Delhi - DPCC",28.636429,77.201067,1.39,31.7,134.4,9.2,89.0,49.0,66.0,13.9,22.5
6358,"Mandir Marg, New Delhi - DPCC",28.636429,77.201067,1.41,31.7,131.6,8.6,89.0,49.0,64.0,8.4,22.7
6358,"Mandir Marg, New Delhi - DPCC",28.636429,77.201067,1.42,33.0,130.8,10.2,96.0,65.0,63.0,11.0,22.7
6358,"Mandir Marg, New Delhi - DPCC",28.636429,77.201067,1.45,33.3,132.9,8.8,96.0,65.0,63.0,19.4,22.5
6358,"Mandir Marg, New Delhi - DPCC",28.636429,77.201067,1.44,33.0,132.4,9.6,96.0,65.0,64.0,19.7,22.4
6358,"Mandir Marg, New Delhi - DPCC",28.636429,77.201067,1.42,33.5,131.2,8.6,96.0,65.0,65.0,13.4,22.2
6358,"Mandir Marg, New Delhi - DPCC",28.636429,77.201067,1.45,33.8,132.5,8.4,96.0,72.0,67.0,15.7,22.0
6358,"Mandir Marg, New Delhi - DPCC",28.636429,77.201067,1.49,35.3,132.7,8.2,96.0,72.0,67.0,27.0,21.9
6358,"Mandir Marg, New Delhi - DPCC",28.636429,77.201067,1.49,35.9,131.6,8.2,96.0,72.0,68.0,27.0,21.7
6358,"Mandir Marg, New Delhi - DPCC",28.636429,77.201067,1.48,35.4,130.7,7.4,96.0,72.0,68.0,9.4,21.6
6358,"Mandir Marg, New Delhi - DPCC",28.636429,77.201067,1.51,38.4,126.7,9.2,107.0,74.0,74.0,4.2,20.0
6358,"Mandir Marg, New Delhi - DPCC",28.636429,77.201067,1.53,38.6,126.9,9.2,102.0,75.0,75.0,,19.7
6358,"Mandir Marg, New Delhi - DPCC",28.636429,77.201067,1.57,41.1,126.7,,102.0,75.0,76.0,,19.0
6358,"Mandir Marg, New Delhi - DPCC",28.636429,77.201067,1.57,42.1,124.6,,102.0,75.0,77.0,6.0,18.3
6358,"Mandir Marg, New Delhi - DPCC",28.636429,77.201067,1.52,42.7,123.3,,102.0,75.0,78.0,14.9,17.8
6358,"Mandir Marg, New Delhi - DPCC",28.636429,77.201067,1.52,43.8,123.7,8.2,91.0,64.0,80.0,11.5,17.3
6358,"Mandir Marg, New Delhi - DPCC",28.636429,77.201067,,,,8.8,91.0,64.0,80.0,,16.9
6358,"Mandir Marg, New Delhi - DPCC",28.636429,77.201067,,,,7.3,91.0,64.0,81.0,,16.8
6358,"Mandir Marg, New Delhi - DPCC",28.636429,77.201067,,46.1,108.5,7.6,91.0,64.0,81.0,,16.8
6358,"Mandir Marg, New Delhi - DPCC",28.636429,77.201067,1.39,46.6,117.7,8.2,66.0,42.0,82.0,15.5,16.6
6358,"Mandir Marg, New Delhi - DPCC",28.636429,77.201067,1.43,45.6,117.7,8.0,66.0,42.0,82.0,8.9,17.0
6358,"Mandir Marg, New Delhi - DPCC",28.636429,77.201067,1.41,45.6,114.9,8.8,66.0,42.0,81.0,14.4,17.6
6358,"Mandir Marg, New Delhi - DPCC",28.636429,77.201067,1.37,45.3,115.1,8.8,66.0,42.0,80.0,10.7,17.8
6358,"Mandir Marg, New Delhi - DPCC",28.636429,77.201067,1.36,44.5,116.6,7.8,81.0,69.0,80.0,7.6,17.4
6358,"Mandir Marg, New Delhi - DPCC",28.636429,77.201067,1.4,44.9,119.2,9.8,81.0,69.0,82.0,,16.8
6358,"Mandir Marg, New Delhi - DPCC",28.636429,77.201067,1.39,44.3,117.5,7.8,81.0,69.0,82.0,,16.2
6358,"Mandir Marg, New Delhi - DPCC",28.636429,77.201067,1.36,42.2,116.0,7.6,81.0,69.0,84.0,12.3,15.6
6358,"Mandir Marg, New Delhi - DPCC",28.636429,77.201067,1.34,42.4,116.0,8.4,84.0,68.0,85.0,12.6,15.0
6358,"Mandir Marg, New Delhi - DPCC",28.636429,77.201067,1.34,43.7,116.7,9.8,84.0,68.0,86.0,7.9,14.6
6358,"Mandir Marg, New Delhi - DPCC",28.636429,77.201067,1.34,43.9,116.2,8.2,84.0,68.0,86.0,19.1,14.3
6358,"Mandir Marg, New Delhi - DPCC",28.636429,77.201067,1.32,44.3,113.2,8.6,84.0,68.0,87.0,5.0,14.2
6358,"Mandir Marg, New Delhi - DPCC",28.636429,77.201067,1.33,45.4,108.5,9.4,92.0,77.0,88.0,19.1,14.1
6358,"Mandir Marg, New Delhi - DPCC",28.636429,77.201067,1.36,46.7,110.0,9.2,92.0,77.0,88.0,6.0,14.0
6358,"Mandir Marg, New Delhi - DPCC",28.636429,77.201067,1.37,46.6,109.0,8.8,92.0,77.0,89.0,11.0,14.0
6358,"Mandir Marg, New Delhi - DPCC",28.636429,77.201067,1.37,47.6,109.2,8.2,92.0,77.0,89.0,0.8,13.8
6358,"Mandir Marg, New Delhi - DPCC",28.636429,77.201067,1.45,52.3,110.7,7.8,121.0,106.0,90.0,6.6,14.0
6358,"Mandir Marg, New Delhi - DPCC",28.636429,77.201067,1.5,56.7,106.4,7.4,121.0,106.0,90.0,9.2,14.7
6358,"Mandir Marg, New Delhi - DPCC",28.636429,77.201067,1.53,58.9,105.8,8.6,161.0,117.0,90.0,2.6,15.7
6358,"Mandir Marg, New Delhi - DPCC",28.636429,77.201067,1.58,62.6,109.0,8.8,161.0,117.0,89.0,10.0,17.5
6358,"Mandir Marg, New Delhi - DPCC",28.636429,77.201067,1.63,66.7,106.8,8.8,161.0,117.0,85.0,,19.5
6358,"Mandir Marg, New Delhi - DPCC",28.636429,77.201067,1.66,70.4,105.3,8.2,161.0,117.0,80.0,4.5,21.0
6358,"Mandir Marg, New Delhi - DPCC",28.636429,77.201067,1.68,72.8,106.8,8.0,144.0,95.0,77.0,13.4,22.3
6358,"Mandir Marg, New Delhi - DPCC",28.636429,77.201067,1.73,74.0,110.7,8.2,144.0,95.0,72.0,7.9,23.6
6358,"Mandir Marg, New Delhi - DPCC",28.636429,77.201067,1.73,73.1,113.4,9.4,144.0,95.0,68.0,3.4,24.2
6358,"Mandir Marg, New Delhi - DPCC",28.636429,77.201067,1.75,70.0,118.6,8.4,144.0,95.0,64.0,4.2,25.0
6358,"Mandir Marg, New Delhi - DPCC",28.636429,77.201067,1.75,68.5,121.8,8.0,134.0,86.0,60.0,2.9,26.0
6358,"Mandir Marg, New Delhi - DPCC",28.636429,77.201067,1.76,67.4,123.7,8.6,134.0,86.0,56.0,1.8,26.6
6358,"Mandir Marg, New Delhi - DPCC",28.636429,77.201067,1.73,64.9,126.1,7.8,134.0,86.0,54.0,,27.0
6358,"Mandir Marg, New Delhi - DPCC",28.636429,77.201067,1.69,61.7,127.5,8.2,134.0,86.0,52.0,3.1,27.5
6358,"Mandir Marg, New Delhi - DPCC",28.636429,77.201067,1.65,58.4,127.8,8.6,113.0,67.0,50.0,,28.2
6358,"Mandir Marg, New Delhi - DPCC",28.636429,77.201067,1.57,48.7,127.8,8.4,113.0,67.0,48.0,,29.9
6358,"Mandir Marg, New Delhi - DPCC",28.636429,77.201067,1.55,44.0,132.2,8.2,118.0,71.0,47.0,7.1,30.4
6358,"Mandir Marg, New Delhi - DPCC",28.636429,77.201067,1.56,40.0,136.7,8.4,118.0,71.0,47.0,2.1,30.5
6358,"Mandir Marg, New Delhi - DPCC",28.636429,77.201067,0.0,0.0,0.0,,,,56.0,,28.6
6358,"Mandir Marg, New Delhi - DPCC",28.636429,77.201067,0.0,0.0,0.0,6.1,,,57.0,,28.3
6358,"Mandir Marg, New Delhi - DPCC",28.636429,77.201067,1.13,,,10.2,,,56.0,,28.6
6358,"Mandir Marg, New Delhi - DPCC",28.636429,77.201067,1.17,1.4,76.7,11.0,,,55.0,13.4,28.2
6358,"Mandir Marg, New Delhi - DPCC",28.636429,77.201067,1.19,1.5,83.3,11.0,152.0,102.0,56.0,5.2,27.8
6358,"Mandir Marg, New Delhi - DPCC",28.636429,77.201067,1.2,7.3,93.8,11.0,152.0,102.0,56.0,6.0,28.2
6358,"Mandir Marg, New Delhi - DPCC",28.636429,77.201067,,7.9,100.0,,152.0,102.0,58.0,,27.4
6358,"Mandir Marg, New Delhi - DPCC",28.636429,77.201067,1.15,8.6,111.3,2.9,,102.0,60.0,,26.9
6358,"Mandir Marg, New Delhi - DPCC",28.636429,77.201067,1.45,9.6,121.4,22.9,,,61.0,,26.2
6358,"Mandir Marg, New Delhi - DPCC",28.636429,77.201067,1.48,9.8,131.8,9.0,,,61.0,,26.1
6358,"Mandir Marg, New Delhi - DPCC",28.636429,77.201067,,6.6,136.5,,,,62.0,,26.1
6358,"Mandir Marg, New Delhi - DPCC",28.636429,77.201067,,13.7,134.4,,,,64.0,,25.2
6358,"Mandir Marg, New Delhi - DPCC",28.636429,77.201067,1.35,4.4,129.2,16.9,,,66.0,,24.1
6358,"Mandir Marg, New Delhi - DPCC",28.636429,77.201067,1.35,7.5,126.5,12.2,125.0,86.0,68.0,,23.6
6358,"Mandir Marg, New Delhi - DPCC",28.636429,77.201067,1.35,8.2,129.9,12.5,125.0,86.0,70.0,9.2,23.2
6358,"Mandir Marg, New Delhi - DPCC",28.636429,77.201067,1.33,12.7,133.3,9.2,125.0,86.0,72.0,,22.6
6358,"Mandir Marg, New Delhi - DPCC",28.636429,77.201067,1.31,12.8,133.5,8.8,121.0,82.0,73.0,14.4,22.4
6358,"Mandir Marg, New Delhi - DPCC",28.636429,77.201067,1.33,14.3,135.0,8.0,121.0,82.0,74.0,1.3,22.2
6358,"Mandir Marg, New Delhi - DPCC",28.636429,77.201067,1.37,14.3,136.3,8.6,121.0,82.0,75.0,7.6,21.9
6358,"Mandir Marg, New Delhi - DPCC",28.636429,77.201067,1.42,15.9,136.1,8.8,121.0,82.0,76.0,4.7,21.6
6358,"Mandir Marg, New Delhi - DPCC",28.636429,77.201067,1.43,17.5,137.2,9.0,124.0,89.0,78.0,3.7,21.5
6358,"Mandir Marg, New Delhi - DPCC",28.636429,77.201067,1.47,17.3,139.3,7.8,124.0,89.0,79.0,,21.3
6358,"Mandir Marg, New Delhi - DPCC",28.636429,77.201067,1.45,19.3,138.7,8.6,124.0,89.0,80.0,,20.9
6358,"Mandir Marg, New Delhi - DPCC",28.636429,77.201067,1.47,21.3,136.9,8.8,124.0,89.0,81.0,,20.7
6358,"Mandir Marg, New Delhi - DPCC",28.636429,77.201067,,21.8,127.7,10.0,132.0,94.0,82.0,,20.7
6358,"Mandir Marg, New Delhi - DPCC",28.636429,77.201067,1.39,23.0,121.3,6.7,132.0,94.0,82.0,9.4,20.7
6358,"Mandir Marg, New Delhi - DPCC",28.636429,77.201067,1.39,25.2,118.6,8.2,132.0,94.0,82.0,9.4,20.7
6358,"Mandir Marg, New Delhi - DPCC",28.636429,77.201067,1.39,26.4,116.6,7.6,132.0,94.0,82.0,2.1,20.7
6358,"Mandir Marg, New Delhi - DPCC",28.636429,77.201067,1.37,28.7,116.6,8.8,127.0,129.0,82.0,,20.6
6358,"Mandir Marg, New Delhi - DPCC",28.636429,77.201067,1.35,30.9,115.6,9.0,127.0,129.0,82.0,7.9,20.4
6358,"Mandir Marg, New Delhi - DPCC",28.636429,77.201067,1.33,34.9,115.1,9.0,127.0,129.0,83.0,8.1,20.2
6358,"Mandir Marg, New Delhi - DPCC",28.636429,77.201067,1.33,37.4,113.4,9.4,105.0,80.0,83.0,,20.0
6358,"Mandir Marg, New Delhi - DPCC",28.636429,77.201067,1.29,40.3,113.6,7.4,105.0,80.0,83.0,12.3,19.5
6358,"Mandir Marg, New Delhi - DPCC",28.636429,77.201067,1.31,41.3,114.3,7.8,105.0,80.0,83.0,3.1,19.2
6358,"Mandir Marg, New Delhi - DPCC",28.636429,77.201067,1.27,45.1,131.8,9.2,101.0,65.0,86.0,,18.4
6358,"Mandir Marg, New Delhi - DPCC",28.636429,77.201067,1.25,43.9,132.7,9.2,91.0,35.0,87.0,,18.3
6358,"Mandir Marg, New Delhi - DPCC",28.636429,77.201067,1.24,42.3,135.4,,91.0,35.0,87.0,,18.1
6358,"Mandir Marg, New Delhi - DPCC",28.636429,77.201067,1.19,41.8,133.3,,91.0,35.0,88.0,,17.9
6358,"Mandir Marg, New Delhi - DPCC",28.636429,77.201067,1.18,40.6,130.3,,91.0,35.0,88.0,,17.8
6358,"Mandir Marg, New Delhi - DPCC",28.636429,77.201067,1.18,39.5,129.2,8.4,105.0,72.0,88.0,,17.6
6358,"Mandir Marg, New Delhi - DPCC",28.636429,77.201067,,,,9.2,105.0,72.0,88.0,,17.4
6358,"Mandir Marg, New Delhi - DPCC",28.636429,77.201067,,,,7.6,105.0,72.0,89.0,,17.3
6358,"Mandir Marg, New Delhi - DPCC",28.636429,77.201067,,36.2,122.6,9.6,105.0,72.0,89.0,,17.1
6358,"Mandir Marg, New Delhi - DPCC",28.636429,77.201067,1.05,35.2,112.0,12.2,91.0,68.0,89.0,,17.1
6358,"Mandir Marg, New Delhi - DPCC",28.636429,77.201067,1.06,34.7,105.3,5.1,91.0,68.0,89.0,2.4,17.0
6358,"Mandir Marg, New Delhi - DPCC",28.636429,77.201067,1.05,36.4,103.6,7.8,91.0,68.0,90.0,,16.8
6358,"Mandir Marg, New Delhi - DPCC",28.636429,77.201067,1.03,36.2,102.8,8.4,91.0,68.0,90.0,,16.6
6358,"Mandir Marg, New Delhi - DPCC",28.636429,77.201067,1.03,37.3,103.2,7.8,92.0,107.0,91.0,,16.3
6358,"Mandir Marg, New Delhi - DPCC",28.636429,77.201067,1.02,38.9,103.6,8.4,92.0,107.0,91.0,,16.2
6358,"Mandir Marg, New Delhi - DPCC",28.636429,77.201067,1.01,39.5,104.0,8.6,92.0,107.0,91.0,,16.1
6358,"Mandir Marg, New Delhi - DPCC",28.636429,77.201067,1.0,40.0,103.0,8.4,92.0,107.0,91.0,6.0,16.0
6358,"Mandir Marg, New Delhi - DPCC",28.636429,77.201067,1.01,41.3,102.3,9.8,97.0,72.0,91.0,10.5,15.8
6358,"Mandir Marg, New Delhi - DPCC",28.636429,77.201067,1.02,42.7,103.2,8.4,97.0,72.0,91.0,6.0,15.7
6358,"Mandir Marg, New Delhi - DPCC",28.636429,77.201067,1.02,42.9,101.5,7.8,97.0,72.0,91.0,5.0,15.6
6358,"Mandir Marg, New Delhi - DPCC",28.636429,77.201067,1.03,42.1,102.1,8.4,97.0,72.0,91.0,5.5,15.6
6358,"Mandir Marg, New Delhi - DPCC",28.636429,77.201067,1.08,43.3,109.2,3.1,84.0,53.0,91.0,,15.7
6358,"Mandir Marg, New Delhi - DPCC",28.636429,77.201067,1.06,44.9,121.8,11.0,84.0,53.0,91.0,3.4,15.5
6358,"Mandir Marg, New Delhi - DPCC",28.636429,77.201067,1.03,45.5,126.0,8.8,84.0,53.0,91.0,,15.4
6358,"Mandir Marg, New Delhi - DPCC",28.636429,77.201067,1.04,44.4,123.5,9.2,84.0,53.0,91.0,2.1,15.4
6358,"Mandir Marg, New Delhi - DPCC",28.636429,77.201067,1.04,43.9,123.7,11.4,66.0,20.0,91.0,1.0,15.3
6358,"Mandir Marg, New Delhi - DPCC",28.636429,77.201067,1.03,42.1,124.5,10.0,66.0,20.0,91.0,0.0,15.3
6358,"Mandir Marg, New Delhi - DPCC",28.636429,77.201067,1.01,39.7,125.2,9.4,66.0,20.0,91.0,4.5,15.5
6358,"Mandir Marg, New Delhi - DPCC",28.636429,77.201067,1.03,38.1,128.0,8.4,66.0,20.0,91.0,4.7,15.7
6358,"Mandir Marg, New Delhi - DPCC",28.636429,77.201067,1.06,39.4,127.5,9.6,72.0,54.0,91.0,2.1,16.3
6358,"Mandir Marg, New Delhi - DPCC",28.636429,77.201067,1.08,39.1,127.5,9.0,72.0,54.0,89.0,4.5,17.2
6358,"Mandir Marg, New Delhi - DPCC",28.636429,77.201067,1.08,39.6,126.9,9.0,72.0,54.0,88.0,,18.1
6358,"Mandir Marg, New Delhi - DPCC",28.636429,77.201067,1.1,38.9,124.5,8.8,72.0,54.0,86.0,7.6,19.0
6358,"Mandir Marg, New Delhi - DPCC",28.636429,77.201067,1.08,37.4,116.0,12.3,100.0,70.0,84.0,15.7,19.6
6358,"Mandir Marg, New Delhi - DPCC",28.636429,77.201067,1.09,36.0,104.2,7.1,100.0,70.0,82.0,13.4,20.6
6358,"Mandir Marg, New Delhi - DPCC",28.636429,77.201067,1.11,35.5,103.2,6.3,100.0,70.0,79.0,24.4,21.5
6358,"Mandir Marg, New Delhi - DPCC",28.636429,77.201067,1.09,37.0,103.6,6.9,100.0,70.0,77.0,17.6,22.0
6358,"Mandir Marg, New Delhi - DPCC",28.636429,77.201067,1.1,38.4,102.8,7.8,106.0,103.0,75.0,15.2,22.4
6358,"Mandir Marg, New Delhi - DPCC",28.636429,77.201067,1.13,37.4,103.4,8.2,106.0,103.0,73.0,7.1,22.7
6358,"Mandir Marg, New Delhi - DPCC",28.636429,77.201067,1.13,36.8,105.1,7.8,106.0,103.0,71.0,7.9,23.2
6358,"Mandir Marg, New Delhi - DPCC",28.636429,77.201067,1.12,36.0,106.0,8.8,106.0,103.0,70.0,5.5,23.3
6358,"Mandir Marg, New Delhi - DPCC",28.636429,77.201067,1.11,35.7,109.2,8.2,130.0,95.0,68.0,12.8,24.2
6358,"Mandir Marg, New Delhi - DPCC",28.636429,77.201067,1.13,35.9,110.0,7.4,130.0,95.0,66.0,,24.5
6358,"Mandir Marg, New Delhi - DPCC",28.636429,77.201067,1.12,36.2,111.5,7.1,130.0,95.0,63.0,0.5,24.8
6358,"Mandir Marg, New Delhi - DPCC",28.636429,77.201067,1.1,34.9,112.4,8.8,130.0,95.0,61.0,1.6,25.0
6358,"Mandir Marg, New Delhi - DPCC",28.636429,77.201067,1.16,33.9,118.6,6.1,127.0,77.0,59.0,19.4,25.4
6358,"Mandir Marg, New Delhi - DPCC",28.636429,77.201067,1.18,32.3,128.4,12.3,127.0,77.0,57.0,,25.9
6358,"Mandir Marg, New Delhi - DPCC",28.636429,77.201067,1.13,28.4,136.5,10.8,127.0,77.0,55.0,,26.5
6358,"Mandir Marg, New Delhi - DPCC",28.636429,77.201067,1.12,21.3,143.6,9.6,127.0,77.0,55.0,23.3,26.8
6358,"Mandir Marg, New Delhi - DPCC",28.636429,77.201067,1.11,18.9,144.9,10.8,144.0,27.0,53.0,13.1,27.4
6358,"Mandir Marg, New Delhi - DPCC",28.636429,77.201067,1.11,17.0,146.3,10.4,144.0,27.0,52.0,15.5,27.2
6358,"Mandir Marg, New Delhi - DPCC",28.636429,77.201067,1.06,14.6,145.7,10.4,144.0,27.0,53.0,17.6,26.7
6358,"Mandir Marg, New Delhi - DPCC",28.636429,77.201067,1.05,10.1,147.2,11.0,144.0,27.0,52.0,25.9,27.7
6358,"Mandir Marg, New Delhi - DPCC",28.636429,77.201067,1.06,10.9,142.1,11.4,75.0,47.0,51.0,19.4,27.7
6358,"Mandir Marg, New Delhi - DPCC",28.636429,77.201067,1.04,11.9,141.6,10.8,75.0,47.0,50.0,26.2,27.5
6358,"Mandir Marg, New Delhi - DPCC",28.636429,77.201067,1.01,11.4,139.1,11.0,75.0,47.0,49.0,30.9,27.7
6358,"Mandir Marg, New Delhi - DPCC",28.636429,77.201067,0.97,10.8,137.2,11.6,75.0,47.0,51.0,25.4,27.5
6358,"Mandir Marg, New Delhi - DPCC",28.636429,77.201067,0.93,9.6,130.1,12.9,66.0,46.0,48.0,21.2,27.9
6358,"Mandir Marg, New Delhi - DPCC",28.636429,77.201067,0.88,8.9,119.2,8.4,66.0,46.0,47.0,18.6,27.6
6358,"Mandir Marg, New Delhi - DPCC",28.636429,77.201067,0.87,8.5,115.4,6.3,66.0,46.0,47.0,19.9,27.7
6358,"Mandir Marg, New Delhi - DPCC",28.636429,77.201067,0.84,9.3,113.9,8.2,66.0,46.0,47.0,26.5,27.7
6358,"Mandir Marg, New Delhi - DPCC",28.636429,77.201067,0.86,9.8,112.0,8.2,66.0,79.0,49.0,34.1,26.6
6358,"Mandir Marg, New Delhi - DPCC",28.636429,77.201067,0.87,11.7,113.0,7.8,66.0,79.0,51.0,20.4,26.2
6358,"Mandir Marg, New Delhi - DPCC",28.636429,77.201067,0.84,15.4,113.2,8.4,66.0,79.0,51.0,,26.0
6358,"Mandir Marg, New Delhi - DPCC",28.636429,77.201067,0.82,16.2,114.3,9.2,66.0,79.0,51.0,10.0,25.9
6358,"Mandir Marg, New Delhi - DPCC",28.636429,77.201067,,17.5,114.1,8.6,79.0,24.0,50.0,2.6,26.0
6358,"Mandir Marg, New Delhi - DPCC",28.636429,77.201067,1.28,19.1,114.7,8.4,79.0,24.0,51.0,11.8,25.8
6358,"Mandir Marg, New Delhi - DPCC",28.636429,77.201067,1.27,20.0,116.9,10.0,79.0,24.0,54.0,13.6,24.6
6358,"Mandir Marg, New Delhi - DPCC",28.636429,77.201067,1.26,21.0,117.3,10.8,79.0,24.0,56.0,23.8,24.0
6358,"Mandir Marg, New Delhi - DPCC",28.636429,77.201067,1.32,23.7,120.7,3.7,56.0,29.0,59.0,13.4,23.4
6358,"Mandir Marg, New Delhi - DPCC",28.636429,77.201067,1.37,26.3,131.6,11.2,56.0,29.0,61.0,16.2,22.7
6358,"Mandir Marg, New Delhi - DPCC",28.636429,77.201067,1.35,27.1,136.9,9.8,56.0,29.0,64.0,,21.9
6358,"Mandir Marg, New Delhi - DPCC",28.636429,77.201067,1.35,25.8,137.1,9.2,56.0,29.0,66.0,,21.3
6358,"Mandir Marg, New Delhi - DPCC",28.636429,77.201067,1.37,24.5,138.0,9.2,33.0,,68.0,2.1,20.4
6358,"Mandir Marg, New Delhi - DPCC",28.636429,77.201067,1.4,25.1,138.0,9.6,33.0,,70.0,4.7,19.4
6358,"Mandir Marg, New Delhi - DPCC",28.636429,77.201067,1.41,27.1,135.4,8.8,33.0,,73.0,2.6,18.9
6358,"Mandir Marg, New Delhi - DPCC",28.636429,77.201067,1.43,27.9,133.1,8.4,33.0,,74.0,6.6,18.9
6358,"Mandir Marg, New Delhi - DPCC",28.636429,77.201067,1.49,28.5,133.3,8.8,72.0,45.0,75.0,2.6,18.8
6358,"Mandir Marg, New Delhi - DPCC",28.636429,77.201067,1.55,30.8,130.8,9.4,72.0,45.0,76.0,7.6,18.6
6358,"Mandir Marg, New Delhi - DPCC",28.636429,77.201067,1.55,31.6,129.9,9.4,72.0,45.0,76.0,,19.1
6358,"Mandir Marg, New Delhi - DPCC",28.636429,77.201067,1.57,30.8,130.8,8.4,72.0,45.0,76.0,12.8,19.5
6358,"Mandir Marg, New Delhi - DPCC",28.636429,77.201067,1.58,30.6,129.3,12.9,101.0,62.0,75.0,11.3,19.6
6358,"Mandir Marg, New Delhi - DPCC",28.636429,77.201067,1.59,28.8,120.9,8.2,101.0,62.0,75.0,,19.3
6358,"Mandir Marg, New Delhi - DPCC",28.636429,77.201067,1.61,29.6,115.8,7.6,101.0,62.0,75.0,5.8,18.9
6358,"Mandir Marg, New Delhi - DPCC",28.636429,77.201067,1.61,31.7,113.4,8.4,101.0,62.0,76.0,10.2,18.1
6358,"Mandir Marg, New Delhi - DPCC",28.636429,77.201067,1.6,33.1,110.9,7.8,102.0,83.0,78.0,16.8,17.5
6358,"Mandir Marg, New Delhi - DPCC",28.636429,77.201067,1.63,35.2,107.2,7.6,102.0,83.0,79.0,7.3,16.9
6358,"Mandir Marg, New Delhi - DPCC",28.636429,77.201067,1.64,36.9,106.2,7.8,102.0,83.0,81.0,16.5,16.7
6358,"Mandir Marg, New Delhi - DPCC",28.636429,77.201067,1.65,37.6,105.5,7.6,102.0,83.0,81.0,16.0,16.7
6358,"Mandir Marg, New Delhi - DPCC",28.636429,77.201067,1.65,38.7,104.9,8.2,85.0,63.0,82.0,5.0,16.3
6358,"Mandir Marg, New Delhi - DPCC",28.636429,77.201067,1.66,40.3,103.2,7.8,85.0,63.0,83.0,9.4,16.6
6358,"Mandir Marg, New Delhi - DPCC",28.636429,77.201067,1.66,42.3,104.2,8.4,85.0,63.0,83.0,11.3,16.7
6358,"Mandir Marg, New Delhi - DPCC",28.636429,77.201067,1.67,47.1,128.6,8.8,83.0,63.0,86.0,26.2,15.4
6358,"Mandir Marg, New Delhi - DPCC",28.636429,77.201067,1.67,46.9,127.1,9.4,75.0,25.0,86.0,22.0,14.8
6358,"Mandir Marg, New Delhi - DPCC",28.636429,77.201067,1.66,45.1,127.7,,75.0,25.0,87.0,15.5,14.4
6358,"Mandir Marg, New Delhi - DPCC",28.636429,77.201067,1.65,44.2,127.3,,75.0,25.0,88.0,8.6,14.2
6358,"Mandir Marg, New Delhi - DPCC",28.636429,77.201067,1.63,43.7,126.5,,75.0,25.0,89.0,14.7,14.0
6358,"Mandir Marg, New Delhi - DPCC",28.636429,77.201067,1.63,43.9,125.8,8.2,77.0,58.0,89.0,24.1,14.2
6358,"Mandir Marg, New Delhi - DPCC",28.636429,77.201067,,,,9.0,77.0,58.0,89.0,,14.3
6358,"Mandir Marg, New Delhi - DPCC",28.636429,77.201067,,,,8.8,77.0,58.0,89.0,,14.1
6358,"Mandir Marg, New Delhi - DPCC",28.636429,77.201067,1.57,41.1,118.6,11.6,73.0,60.0,90.0,19.4,13.4
6358,"Mandir Marg, New Delhi - DPCC",28.636429,77.201067,1.53,39.7,105.5,8.2,73.0,60.0,90.0,25.9,13.4
6358,"Mandir Marg, New Delhi - DPCC",28.636429,77.201067,1.52,38.6,101.0,6.3,73.0,60.0,90.0,28.0,13.3
6358,"Mandir Marg, New Delhi - DPCC",28.636429,77.201067,1.51,39.0,98.1,6.3,73.0,60.0,91.0,28.0,13.2
6358,"Mandir Marg, New Delhi - DPCC",28.636429,77.201067,1.51,40.0,96.3,7.3,77.0,79.0,91.0,25.9,13.3
6358,"Mandir Marg, New Delhi - DPCC",28.636429,77.201067,1.51,41.1,95.7,7.6,77.0,79.0,91.0,32.0,13.1
6358,"Mandir Marg, New Delhi - DPCC",28.636429,77.201067,1.5,42.4,97.0,7.6,77.0,79.0,92.0,,13.0
6358,"Mandir Marg, New Delhi - DPCC",28.636429,77.201067,1.49,44.6,96.4,7.3,77.0,79.0,92.0,11.3,13.4
6358,"Mandir Marg, New Delhi - DPCC",28.636429,77.201067,1.51,45.8,96.3,7.1,86.0,76.0,92.0,,13.5
6358,"Mandir Marg, New Delhi - DPCC",28.636429,77.201067,1.51,48.2,97.0,6.9,86.0,76.0,92.0,9.2,13.4
6358,"Mandir Marg, New Delhi - DPCC",28.636429,77.201067,1.51,50.2,96.4,7.3,86.0,76.0,92.0,,13.3
6358,"Mandir Marg, New Delhi - DPCC",28.636429,77.201067,1.52,50.9,95.7,7.6,86.0,76.0,92.0,7.6,13.3
6358,"Mandir Marg, New Delhi - DPCC",28.636429,77.201067,1.57,51.5,96.4,3.5,106.0,78.0,92.0,,13.3
6358,"Mandir Marg, New Delhi - DPCC",28.636429,77.201067,1.59,53.6,104.9,9.2,106.0,78.0,92.0,0.5,13.1
6358,"Mandir Marg, New Delhi - DPCC",28.636429,77.201067,1.6,54.7,109.6,9.4,106.0,78.0,92.0,2.1,12.9
6358,"Mandir Marg, New Delhi - DPCC",28.636429,77.201067,1.55,53.6,112.4,8.8,106.0,78.0,92.0,,12.6
6358,"Mandir Marg, New Delhi - DPCC",28.636429,77.201067,1.53,52.3,113.2,8.6,88.0,44.0,93.0,1.8,12.3
6358,"Mandir Marg, New Delhi - DPCC",28.636429,77.201067,1.53,52.0,112.8,8.2,88.0,44.0,93.0,,12.4
6358,"Mandir Marg, New Delhi - DPCC",28.636429,77.201067,1.53,51.9,111.3,7.8,88.0,44.0,93.0,,12.8
6358,"Mandir Marg, New Delhi - DPCC",28.636429,77.201067,1.6,52.6,111.5,7.6,99.0,78.0,93.0,,14.9
6358,"Mandir Marg, New Delhi - DPCC",28.636429,77.201067,1.63,56.0,111.1,7.6,99.0,78.0,91.0,,17.0
6358,"Mandir Marg, New Delhi - DPCC",28.636429,77.201067,1.66,59.2,111.3,8.2,99.0,78.0,88.0,,18.5
6358,"Mandir Marg, New Delhi - DPCC",28.636429,77.201067,1.71,62.2,113.4,8.8,99.0,78.0,84.0,9.2,20.0
6358,"Mandir Marg, New Delhi - DPCC",28.636429,77.201067,1.69,60.6,114.7,12.3,118.0,85.0,81.0,14.4,21.4
6358,"Mandir Marg, New Delhi - DPCC",28.636429,77.201067,1.61,56.9,112.4,8.0,118.0,85.0,78.0,22.8,22.5
6358,"Mandir Marg, New Delhi - DPCC",28.636429,77.201067,1.61,55.2,108.7,6.3,118.0,85.0,74.0,14.7,23.3
6358,"Mandir Marg, New Delhi - DPCC",28.636429,77.201067,1.6,54.5,109.4,7.1,118.0,85.0,71.0,8.6,23.9
6358,"Mandir Marg, New Delhi - DPCC",28.636429,77.201067,1.61,54.0,107.5,7.1,134.0,115.0,67.0,16.2,24.7
6358,"Mandir Marg, New Delhi - DPCC",28.636429,77.201067,1.61,52.2,108.3,7.6,134.0,115.0,64.0,15.5,25.3
6358,"Mandir Marg, New Delhi - DPCC",28.636429,77.201067,1.6,50.9,109.6,8.0,134.0,115.0,60.0,11.5,25.6
6358,"Mandir Marg, New Delhi - DPCC",28.636429,77.201067,1.59,47.1,113.4,7.4,134.0,115.0,58.0,13.9,26.2
6358,"Mandir Marg, New Delhi - DPCC",28.636429,77.201067,1.59,44.4,114.3,8.2,122.0,101.0,56.0,3.1,26.7
6358,"Mandir Marg, New Delhi - DPCC",28.636429,77.201067,1.58,42.1,115.4,8.2,122.0,101.0,55.0,3.4,26.9
6358,"Mandir Marg, New Delhi - DPCC",28.636429,77.201067,1.57,39.4,116.4,9.0,122.0,101.0,54.0,8.6,27.9
6358,"Mandir Marg, New Delhi - DPCC",28.636429,77.201067,1.56,37.1,117.9,8.8,122.0,101.0,52.0,16.2,28.2
6358,"Mandir Marg, New Delhi - DPCC",28.636429,77.201067,1.57,35.1,121.1,1.4,136.0,90.0,50.0,16.0,28.6
6358,"Mandir Marg, New Delhi - DPCC",28.636429,77.201067,1.63,35.4,131.4,8.8,136.0,90.0,50.0,9.4,29.2
6358,"Mandir Marg, New Delhi - DPCC",28.636429,77.201067,1.57,27.9,146.5,9.8,136.0,90.0,49.0,9.7,29.4
6358,"Mandir Marg, New Delhi - DPCC",28.636429,77.201067,1.55,23.6,149.8,9.8,122.0,38.0,46.0,29.3,29.8
6358,"Mandir Marg, New Delhi - DPCC",28.636429,77.201067,1.55,20.5,150.8,10.0,122.0,38.0,44.0,17.0,30.3
6358,"Mandir Marg, New Delhi - DPCC",28.636429,77.201067,1.51,19.2,150.2,10.2,122.0,38.0,42.0,22.0,30.8
6358,"Mandir Marg, New Delhi - DPCC",28.636429,77.201067,1.44,17.6,147.8,9.8,122.0,38.0,42.0,16.2,30.6
6358,"Mandir Marg, New Delhi - DPCC",28.636429,77.201067,1.45,16.2,145.1,9.8,63.0,34.0,43.0,14.4,30.9
6358,"Mandir Marg, New Delhi - DPCC",28.636429,77.201067,1.44,15.7,147.0,11.0,63.0,34.0,42.0,19.4,31.3
6358,"Mandir Marg, New Delhi - DPCC",28.636429,77.201067,1.4,12.9,145.9,11.0,63.0,34.0,43.0,31.4,30.9
6358,"Mandir Marg, New Delhi - DPCC",28.636429,77.201067,1.36,11.1,142.7,12.2,63.0,34.0,43.0,12.1,31.1
6358,"Mandir Marg, New Delhi - DPCC",28.636429,77.201067,1.35,11.6,141.4,13.3,69.0,48.0,43.0,25.7,31.5
6358,"Mandir Marg, New Delhi - DPCC",28.636429,77.201067,1.31,12.9,125.8,9.0,69.0,48.0,44.0,20.7,31.1
6358,"Mandir Marg, New Delhi - DPCC",28.636429,77.201067,1.29,14.6,118.6,8.4,69.0,48.0,45.0,29.1,30.6
6358,"Mandir Marg, New Delhi - DPCC",28.636429,77.201067,1.29,13.2,117.9,8.4,69.0,48.0,45.0,14.1,30.8
6358,"Mandir Marg, New Delhi - DPCC",28.636429,77.201067,1.29,16.1,115.2,7.4,90.0,84.0,45.0,26.2,30.2
6358,"Mandir Marg, New Delhi - DPCC",28.636429,77.201067,1.29,16.6,117.7,9.0,90.0,84.0,47.0,15.2,29.7
6358,"Mandir Marg, New Delhi - DPCC",28.636429,77.201067,1.29,18.8,120.1,9.4,90.0,84.0,49.0,,29.1
6358,"Mandir Marg, New Delhi - DPCC",28.636429,77.201067,1.31,19.7,120.9,9.2,90.0,84.0,50.0,15.2,28.8
6358,"Mandir Marg, New Delhi - DPCC",28.636429,77.201067,,19.9,122.8,8.0,106.0,48.0,51.0,,27.8
6358,"Mandir Marg, New Delhi - DPCC",28.636429,77.201067,1.24,20.5,122.6,7.1,106.0,48.0,51.0,12.6,27.7
6358,"Mandir Marg, New Delhi - DPCC",28.636429,77.201067,1.23,22.5,122.2,8.6,106.0,48.0,52.0,17.8,26.8
6358,"Mandir Marg, New Delhi - DPCC",28.636429,77.201067,1.23,25.2,122.8,9.0,106.0,48.0,54.0,13.4,25.9
6358,"Mandir Marg, New Delhi - DPCC",28.636429,77.201067,1.24,26.9,124.3,5.7,92.0,42.0,56.0,16.8,25.1
6358,"Mandir Marg, New Delhi - DPCC",28.636429,77.201067,1.33,28.7,133.7,7.1,92.0,42.0,58.0,8.4,24.1
6358,"Mandir Marg, New Delhi - DPCC",28.636429,77.201067,1.29,29.6,140.6,10.4,92.0,42.0,60.0,4.5,22.9
6358,"Mandir Marg, New Delhi - DPCC",28.636429,77.201067,1.29,29.2,140.8,9.6,92.0,42.0,64.0,12.3,21.8
6358,"Mandir Marg, New Delhi - DPCC",28.636429,77.201067,1.32,29.3,140.1,9.4,30.0,11.0,66.0,5.5,21.1
6358,"Mandir Marg, New Delhi - DPCC",28.636429,77.201067,1.35,30.4,140.2,8.8,30.0,11.0,68.0,2.6,20.2
6358,"Mandir Marg, New Delhi - DPCC",28.636429,77.201067,1.36,30.3,138.2,9.4,30.0,11.0,71.0,10.5,19.4
6358,"Mandir Marg, New Delhi - DPCC",28.636429,77.201067,1.39,31.2,136.7,8.6,30.0,11.0,73.0,7.3,19.1
6358,"Mandir Marg, New Delhi - DPCC",28.636429,77.201067,1.45,31.9,137.2,8.6,90.0,34.0,74.0,4.5,19.4
6358,"Mandir Marg, New Delhi - DPCC",28.636429,77.201067,1.49,32.2,140.1,7.3,90.0,34.0,75.0,12.6,19.0
6358,"Mandir Marg, New Delhi - DPCC",28.636429,77.201067,1.53,33.2,137.8,7.8,90.0,34.0,76.0,,18.4
6358,"Mandir Marg, New Delhi - DPCC",28.636429,77.201067,1.58,34.4,135.5,9.6,90.0,34.0,78.0,19.1,17.8
6358,"Mandir Marg, New Delhi - DPCC",28.636429,77.201067,1.63,35.7,135.0,10.4,122.0,77.0,80.0,22.3,17.3
6358,"Mandir Marg, New Delhi - DPCC",28.636429,77.201067,1.63,35.4,123.9,10.0,122.0,77.0,81.0,,16.9
6358,"Mandir Marg, New Delhi - DPCC",28.636429,77.201067,1.66,35.5,116.4,6.3,122.0,77.0,82.0,,16.7
6358,"Mandir Marg, New Delhi - DPCC",28.636429,77.201067,1.69,37.6,112.2,7.4,122.0,77.0,83.0,17.0,16.3
6358,"Mandir Marg, New Delhi - DPCC",28.636429,77.201067,1.75,39.4,108.7,7.8,123.0,102.0,84.0,11.0,16.1
6358,"Mandir Marg, New Delhi - DPCC",28.636429,77.201067,1.8,39.7,109.4,7.4,123.0,102.0,85.0,,16.2
6358,"Mandir Marg, New Delhi - DPCC",28.636429,77.201067,1.83,42.2,108.9,7.6,123.0,102.0,85.0,21.5,16.2
6358,"Mandir Marg, New Delhi - DPCC",28.636429,77.201067,1.88,44.5,107.2,8.6,123.0,102.0,86.0,24.9,16.1
6358,"Mandir Marg, New Delhi - DPCC",28.636429,77.201067,1.92,47.2,106.0,8.0,147.0,121.0,86.0,28.3,16.0
6358,"Mandir Marg, New Delhi - DPCC",28.636429,77.201067,1.95,50.6,104.7,7.6,147.0,121.0,87.0,23.3,15.8
6358,"Mandir Marg, New Delhi - DPCC",28.636429,77.201067,1.97,52.3,104.7,7.4,147.0,121.0,87.0,5.0,15.5
6358,"Mandir Marg, New Delhi - DPCC",28.636429,77.201067,1.98,53.0,105.1,8.4,147.0,121.0,88.0,7.6,15.2
6358,"Mandir Marg, New Delhi - DPCC",28.636429,77.201067,1.99,58.9,131.8,8.8,141.0,118.0,90.0,18.1,15.1
6358,"Mandir Marg, New Delhi - DPCC",28.636429,77.201067,1.99,57.7,130.1,8.8,129.0,56.0,90.0,,14.9
6358,"Mandir Marg, New Delhi - DPCC",28.636429,77.201067,1.99,58.1,127.5,,129.0,56.0,90.0,12.6,14.7
6358,"Mandir Marg, New Delhi - DPCC",28.636429,77.201067,1.95,56.2,127.7,,129.0,56.0,90.0,3.9,14.5
6358,"Mandir Marg, New Delhi - DPCC",28.636429,77.201067,1.92,54.9,125.0,,129.0,56.0,91.0,14.4,14.3
6358,"Mandir Marg, New Delhi - DPCC",28.636429,77.201067,1.91,54.4,123.3,7.8,113.0,89.0,91.0,3.9,13.9
6358,"Mandir Marg, New Delhi - DPCC",28.636429,77.201067,,,,9.6,113.0,89.0,91.0,,13.7
6358,"Mandir Marg, New Delhi - DPCC",28.636429,77.201067,,,,8.2,113.0,89.0,92.0,,13.6
6358,"Mandir Marg, New Delhi - DPCC",28.636429,77.201067,,49.8,112.8,8.8,113.0,89.0,92.0,,13.5
6358,"Mandir Marg, New Delhi - DPCC",28.636429,77.201067,1.79,49.8,116.0,7.6,103.0,79.0,92.0,,13.4
6358,"Mandir Marg, New Delhi - DPCC",28.636429,77.201067,1.72,47.8,94.4,12.0,103.0,79.0,92.0,6.0,13.3
6358,"Mandir Marg, New Delhi - DPCC",28.636429,77.201067,1.71,46.1,92.3,7.1,103.0,79.0,93.0,11.3,13.2
6358,"Mandir Marg, New Delhi - DPCC",28.636429,77.201067,1.69,47.4,93.1,7.1,103.0,79.0,93.0,11.5,13.1
6358,"Mandir Marg, New Delhi - DPCC",28.636429,77.201067,1.66,47.2,93.2,6.9,100.0,90.0,93.0,9.2,12.9
6358,"Mandir Marg, New Delhi - DPCC",28.636429,77.201067,1.66,47.4,92.5,7.6,100.0,90.0,93.0,16.2,12.8
6358,"Mandir Marg, New Delhi - DPCC",28.636429,77.201067,1.65,49.2,92.1,8.2,100.0,90.0,93.0,,12.6
6358,"Mandir Marg, New Delhi - DPCC",28.636429,77.201067,1.64,50.6,90.8,7.6,100.0,90.0,93.0,1.8,12.4
6358,"Mandir Marg, New Delhi - DPCC",28.636429,77.201067,1.66,53.0,89.3,8.4,97.0,91.0,94.0,,12.5
6358,"Mandir Marg, New Delhi - DPCC",28.636429,77.201067,1.66,57.2,89.9,8.8,97.0,91.0,94.0,0.8,12.4
6358,"Mandir Marg, New Delhi - DPCC",28.636429,77.201067,1.69,61.1,91.0,7.6,97.0,91.0,94.0,,12.5
6358,"Mandir Marg, New Delhi - DPCC",28.636429,77.201067,1.73,65.4,89.7,8.0,97.0,91.0,94.0,,12.6
6358,"Mandir Marg, New Delhi - DPCC",28.636429,77.201067,1.75,70.2,90.1,8.4,123.0,93.0,94.0,,12.7
6358,"Mandir Marg, New Delhi - DPCC",28.636429,77.201067,1.8,77.0,99.6,2.9,123.0,93.0,94.0,5.2,13.1
6358,"Mandir Marg, New Delhi - DPCC",28.636429,77.201067,1.83,86.6,108.3,9.0,123.0,93.0,94.0,,13.9
6358,"Mandir Marg, New Delhi - DPCC",28.636429,77.201067,1.84,88.3,107.3,8.8,157.0,98.0,94.0,3.7,13.5
6358,"Mandir Marg, New Delhi - DPCC",28.636429,77.201067,1.87,89.9,106.0,8.4,157.0,98.0,94.0,,13.2
6358,"Mandir Marg, New Delhi - DPCC",28.636429,77.201067,1.85,88.1,109.4,8.2,157.0,98.0,94.0,3.7,13.3
6358,"Mandir Marg, New Delhi - DPCC",28.636429,77.201067,1.88,91.1,107.7,8.0,157.0,98.0,94.0,1.0,13.7
6358,"Mandir Marg, New Delhi - DPCC",28.636429,77.201067,1.91,91.4,107.9,8.2,146.0,113.0,94.0,,14.9
6358,"Mandir Marg, New Delhi - DPCC",28.636429,77.201067,1.92,93.8,110.2,8.0,146.0,113.0,93.0,7.1,17.3
6358,"Mandir Marg, New Delhi - DPCC",28.636429,77.201067,1.94,96.4,110.2,8.0,146.0,113.0,91.0,,19.1
6358,"Mandir Marg, New Delhi - DPCC",28.636429,77.201067,1.94,94.7,113.6,8.0,146.0,113.0,88.0,16.8,20.5
6358,"Mandir Marg, New Delhi - DPCC",28.636429,77.201067,1.96,89.8,118.1,8.4,315.0,112.0,84.0,23.8,21.8
6358,"Mandir Marg, New Delhi - DPCC",28.636429,77.201067,1.9,84.4,113.6,12.0,315.0,112.0,80.0,21.7,23.0
6358,"Mandir Marg, New Delhi - DPCC",28.636429,77.201067,1.9,80.0,107.7,6.1,315.0,112.0,77.0,19.4,24.0
6358,"Mandir Marg, New Delhi - DPCC",28.636429,77.201067,1.89,76.1,107.3,6.9,315.0,112.0,74.0,23.8,24.5
6358,"Mandir Marg, New Delhi - DPCC",28.636429,77.201067,1.87,73.3,108.5,7.1,172.0,126.0,70.0,19.7,25.4
6358,"Mandir Marg, New Delhi - DPCC",28.636429,77.201067,1.85,72.1,111.1,7.4,172.0,126.0,66.0,10.5,26.1
6358,"Mandir Marg, New Delhi - DPCC",28.636429,77.201067,1.83,70.4,112.8,8.4,172.0,126.0,62.0,23.1,26.5
6358,"Mandir Marg, New Delhi - DPCC",28.636429,77.201067,1.79,62.7,113.7,8.4,156.0,112.0,57.0,24.6,27.6
6358,"Mandir Marg, New Delhi - DPCC",28.636429,77.201067,1.76,59.7,117.3,8.6,156.0,112.0,54.0,7.9,28.3
6358,"Mandir Marg, New Delhi - DPCC",28.636429,77.201067,1.74,56.7,118.6,8.6,156.0,112.0,52.0,14.1,28.7
6358,"Mandir Marg, New Delhi - DPCC",28.636429,77.201067,1.71,53.8,119.6,8.0,156.0,112.0,51.0,4.7,29.3
6358,"Mandir Marg, New Delhi - DPCC",28.636429,77.201067,1.69,51.2,122.2,8.6,122.0,80.0,49.0,8.6,29.7
6358,"Mandir Marg, New Delhi - DPCC",28.636429,77.201067,1.71,49.3,131.6,2.5,122.0,80.0,49.0,5.5,29.9
6358,"Mandir Marg, New Delhi - DPCC",28.636429,77.201067,1.68,45.8,145.1,11.0,122.0,80.0,48.0,,30.4
6358,"Mandir Marg, New Delhi - DPCC",28.636429,77.201067,1.64,39.4,151.0,10.4,122.0,80.0,48.0,13.4,30.5
6358,"Mandir Marg, New Delhi - DPCC",28.636429,77.201067,1.6,31.1,156.6,11.4,102.0,30.0,46.0,12.8,30.9
6358,"Mandir Marg, New Delhi - DPCC",28.636429,77.201067,1.59,25.5,160.2,10.6,102.0,30.0,46.0,18.9,30.6
6358,"Mandir Marg, New Delhi - DPCC",28.636429,77.201067,1.56,22.1,159.0,9.8,102.0,30.0,46.0,13.9,30.5
6358,"Mandir Marg, New Delhi - DPCC",28.636429,77.201067,1.55,17.8,158.3,11.2,102.0,30.0,46.0,6.0,30.9
6358,"Mandir Marg, New Delhi - DPCC",28.636429,77.201067,1.51,15.0,155.7,12.3,88.0,54.0,44.0,20.4,30.9
6358,"Mandir Marg, New Delhi - DPCC",28.636429,77.201067,,8.4,103.6,56.1,88.0,54.0,44.0,23.8,31.2
6358,"Mandir Marg, New Delhi - DPCC",28.636429,77.201067,1.17,0.2,68.1,75.3,88.0,54.0,44.0,17.3,31.9
6358,"Mandir Marg, New Delhi - DPCC",28.636429,77.201067,1.24,3.2,62.8,51.0,88.0,54.0,46.0,32.2,31.5
6358,"Mandir Marg, New Delhi - DPCC",28.636429,77.201067,1.28,4.2,72.4,21.0,81.0,85.0,46.0,19.4,31.7
6358,"Mandir Marg, New Delhi - DPCC",28.636429,77.201067,1.31,5.4,90.4,15.9,81.0,85.0,45.0,19.9,31.5
6358,"Mandir Marg, New Delhi - DPCC",28.636429,77.201067,1.23,3.9,90.8,17.2,81.0,85.0,46.0,10.5,31.1
6358,"Mandir Marg, New Delhi - DPCC",28.636429,77.201067,1.23,2.1,86.7,9.8,81.0,85.0,47.0,13.9,30.3
6358,"Mandir Marg, New Delhi - DPCC",28.636429,77.201067,1.24,4.1,89.9,9.8,88.0,64.0,46.0,7.1,30.4
6358,"Mandir Marg, New Delhi - DPCC",28.636429,77.201067,1.23,5.3,94.9,9.4,88.0,64.0,46.0,16.8,30.3
6358,"Mandir Marg, New Delhi - DPCC",28.636429,77.201067,1.23,5.8,100.0,10.0,88.0,64.0,46.0,,29.6
6358,"Mandir Marg, New Delhi - DPCC",28.636429,77.201067,1.23,8.5,99.1,9.2,88.0,64.0,46.0,6.8,29.1
6358,"Mandir Marg, New Delhi - DPCC",28.636429,77.201067,,8.1,103.2,9.0,85.0,49.0,45.0,13.6,29.0
6358,"Mandir Marg, New Delhi - DPCC",28.636429,77.201067,1.27,9.0,104.5,9.6,85.0,49.0,46.0,8.6,28.6
6358,"Mandir Marg, New Delhi - DPCC",28.636429,77.201067,1.27,11.2,105.1,8.2,85.0,49.0,49.0,8.1,27.4
6358,"Mandir Marg, New Delhi - DPCC",28.636429,77.201067,1.27,12.3,108.9,9.0,85.0,49.0,51.0,10.2,26.6
6358,"Mandir Marg, New Delhi - DPCC",28.636429,77.201067,1.27,15.0,107.9,8.0,74.0,36.0,54.0,11.8,25.9
6358,"Mandir Marg, New Delhi - DPCC",28.636429,77.201067,1.28,16.0,109.2,8.4,74.0,36.0,56.0,1.6,25.3
6358,"Mandir Marg, New Delhi - DPCC",28.636429,77.201067,1.32,20.8,113.2,4.9,74.0,36.0,58.0,0.8,24.4
6358,"Mandir Marg, New Delhi - DPCC",28.636429,77.201067,1.4,20.4,131.6,9.2,80.0,16.0,63.0,,23.0
6358,"Mandir Marg, New Delhi - DPCC",28.636429,77.201067,,21.5,136.7,9.0,80.0,16.0,64.0,1.0,22.4
6358,"Mandir Marg, New Delhi - DPCC",28.636429,77.201067,1.33,22.0,136.5,10.2,80.0,16.0,67.0,,21.4
6358,"Mandir Marg, New Delhi - DPCC",28.636429,77.201067,1.36,22.9,135.5,8.8,80.0,16.0,70.0,6.6,20.2
6358,"Mandir Marg, New Delhi - DPCC",28.636429,77.201067,1.42,23.4,135.0,9.6,89.0,53.0,72.0,3.1,19.2
6358,"Mandir Marg, New Delhi - DPCC",28.636429,77.201067,1.45,25.0,134.0,8.8,89.0,53.0,75.0,0.3,18.3
6358,"Mandir Marg, New Delhi - DPCC",28.636429,77.201067,1.5,26.8,130.3,8.0,89.0,53.0,77.0,,17.7
6358,"Mandir Marg, New Delhi - DPCC",28.636429,77.201067,1.58,30.4,130.1,8.2,106.0,69.0,81.0,19.1,16.8
6358,"Mandir Marg, New Delhi - DPCC",28.636429,77.201067,1.68,33.2,131.0,8.6,106.0,69.0,82.0,46.6,16.7
6358,"Mandir Marg, New Delhi - DPCC",28.636429,77.201067,1.73,33.8,127.1,13.3,106.0,69.0,83.0,27.2,16.5
6358,"Mandir Marg, New Delhi - DPCC",28.636429,77.201067,,34.4,115.8,6.7,106.0,69.0,84.0,17.3,16.4
6358,"Mandir Marg, New Delhi - DPCC",28.636429,77.201067,1.55,37.9,109.8,7.3,141.0,99.0,85.0,16.0,16.2
6358,"Mandir Marg, New Delhi - DPCC",28.636429,77.201067,1.51,39.9,108.1,7.8,141.0,,85.0,20.7,16.1
6358,"Mandir Marg, New Delhi - DPCC",28.636429,77.201067,1.56,43.0,106.2,7.4,141.0,99.0,86.0,12.3,15.9
6358,"Mandir Marg, New Delhi - DPCC",28.636429,77.201067,1.6,45.8,105.7,7.6,141.0,99.0,86.0,23.8,15.5
6358,"Mandir Marg, New Delhi - DPCC",28.636429,77.201067,1.67,48.7,105.7,8.4,139.0,107.0,87.0,26.5,15.3
6358,"Mandir Marg, New Delhi - DPCC",28.636429,77.201067,1.71,50.9,105.7,6.1,139.0,107.0,88.0,23.8,15.1
6358,"Mandir Marg, New Delhi - DPCC",28.636429,77.201067,1.76,55.4,104.7,7.8,139.0,107.0,88.0,23.6,14.9
6358,"Mandir Marg, New Delhi - DPCC",28.636429,77.201067,1.82,58.9,103.6,7.8,139.0,107.0,89.0,19.9,14.9
6358,"Mandir Marg, New Delhi - DPCC",28.636429,77.201067,2.0,77.6,131.0,6.3,144.0,101.0,90.0,12.8,14.2
6358,"Mandir Marg, New Delhi - DPCC",28.636429,77.201067,,84.9,129.5,7.4,129.0,85.0,91.0,13.4,14.2
6358,"Mandir Marg, New Delhi - DPCC",28.636429,77.201067,1.68,91.1,129.5,,129.0,85.0,91.0,6.8,14.1
6358,"Mandir Marg, New Delhi - DPCC",28.636429,77.201067,1.56,93.4,127.3,,129.0,85.0,91.0,10.0,14.0
6358,"Mandir Marg, New Delhi - DPCC",28.636429,77.201067,1.53,93.4,127.1,,129.0,85.0,92.0,9.7,13.8
6358,"Mandir Marg, New Delhi - DPCC",28.636429,77.201067,1.52,94.1,124.1,9.2,118.0,84.0,92.0,5.8,13.7
6358,"Mandir Marg, New Delhi - DPCC",28.636429,77.201067,,,,7.1,118.0,84.0,92.0,,13.8
6358,"Mandir Marg, New Delhi - DPCC",28.636429,77.201067,,87.8,111.5,7.6,118.0,84.0,92.0,,13.9
6358,"Mandir Marg, New Delhi - DPCC",28.636429,77.201067,1.35,84.7,118.3,9.0,107.0,82.0,92.0,21.7,13.8
6358,"Mandir Marg, New Delhi - DPCC",28.636429,77.201067,1.33,83.6,121.8,9.6,107.0,82.0,92.0,16.5,13.8
6358,"Mandir Marg, New Delhi - DPCC",28.636429,77.201067,1.26,80.4,118.4,10.0,107.0,82.0,92.0,13.6,13.6
6358,"Mandir Marg, New Delhi - DPCC",28.636429,77.201067,1.19,76.4,102.1,6.7,107.0,82.0,92.0,12.3,13.4
6358,"Mandir Marg, New Delhi - DPCC",28.636429,77.201067,1.2,73.1,94.6,7.1,100.0,86.0,93.0,21.0,13.4
6358,"Mandir Marg, New Delhi - DPCC",28.636429,77.201067,1.13,70.5,94.0,7.3,100.0,86.0,93.0,8.1,13.5
6358,"Mandir Marg, New Delhi - DPCC",28.636429,77.201067,1.11,70.7,92.5,8.0,100.0,86.0,93.0,,13.7
6358,"Mandir Marg, New Delhi - DPCC",28.636429,77.201067,1.11,72.4,91.0,6.7,100.0,86.0,93.0,,13.7
6358,"Mandir Marg, New Delhi - DPCC",28.636429,77.201067,1.12,73.9,90.6,8.0,114.0,116.0,93.0,,13.6
6358,"Mandir Marg, New Delhi - DPCC",28.636429,77.201067,1.15,76.8,90.6,6.9,114.0,116.0,93.0,,13.6
6358,"Mandir Marg, New Delhi - DPCC",28.636429,77.201067,1.16,79.5,89.9,7.3,114.0,116.0,94.0,,13.6
6358,"Mandir Marg, New Delhi - DPCC",28.636429,77.201067,1.17,81.5,90.8,8.0,114.0,116.0,94.0,4.7,13.6
6358,"Mandir Marg, New Delhi - DPCC",28.636429,77.201067,1.25,83.6,89.1,7.6,129.0,105.0,94.0,,13.6
6358,"Mandir Marg, New Delhi - DPCC",28.636429,77.201067,1.28,85.6,89.9,7.3,129.0,105.0,94.0,,13.9
6358,"Mandir Marg, New Delhi - DPCC",28.636429,77.201067,1.29,88.9,92.5,3.5,129.0,105.0,94.0,,14.0
6358,"Mandir Marg, New Delhi - DPCC",28.636429,77.201067,1.33,93.7,104.3,7.8,129.0,105.0,94.0,,13.7
6358,"Mandir Marg, New Delhi - DPCC",28.636429,77.201067,1.31,101.5,110.9,7.8,139.0,95.0,94.0,0.8,13.4
6358,"Mandir Marg, New Delhi - DPCC",28.636429,77.201067,1.33,103.3,111.7,8.4,139.0,95.0,94.0,,13.6
6358,"Mandir Marg, New Delhi - DPCC",28.636429,77.201067,1.36,103.0,108.7,8.6,139.0,95.0,94.0,,14.2
6358,"Mandir Marg, New Delhi - DPCC",28.636429,77.201067,1.42,104.9,110.5,9.4,155.0,120.0,93.0,,17.1
6358,"Mandir Marg, New Delhi - DPCC",28.636429,77.201067,1.41,104.7,112.4,9.4,155.0,120.0,91.0,,18.7
6358,"Mandir Marg, New Delhi - DPCC",28.636429,77.201067,1.39,103.9,112.8,8.4,155.0,120.0,87.0,,20.5
6358,"Mandir Marg, New Delhi - DPCC",28.636429,77.201067,1.39,101.0,114.9,6.7,175.0,115.0,84.0,4.7,21.3
6358,"Mandir Marg, New Delhi - DPCC",28.636429,77.201067,1.4,97.3,120.5,9.0,175.0,115.0,81.0,15.5,22.8
6358,"Mandir Marg, New Delhi - DPCC",28.636429,77.201067,1.33,91.5,125.0,11.8,175.0,115.0,77.0,0.8,24.3
6358,"Mandir Marg, New Delhi - DPCC",28.636429,77.201067,1.28,85.0,117.3,7.8,175.0,115.0,74.0,4.7,25.0
6358,"Mandir Marg, New Delhi - DPCC",28.636429,77.201067,1.47,78.5,112.6,7.6,193.0,116.0,68.0,2.6,26.1
6358,"Mandir Marg, New Delhi - DPCC",28.636429,77.201067,1.5,75.2,110.7,6.9,193.0,116.0,64.0,1.3,26.6
6358,"Mandir Marg, New Delhi - DPCC",28.636429,77.201067,1.45,72.0,111.5,7.3,193.0,116.0,61.0,11.3,27.1
6358,"Mandir Marg, New Delhi - DPCC",28.636429,77.201067,1.45,69.6,110.7,7.3,193.0,116.0,58.0,,27.7
6358,"Mandir Marg, New Delhi - DPCC",28.636429,77.201067,1.44,65.4,113.4,8.8,163.0,123.0,56.0,12.8,28.2
6358,"Mandir Marg, New Delhi - DPCC",28.636429,77.201067,1.4,60.6,115.6,8.2,163.0,123.0,54.0,,28.8
6358,"Mandir Marg, New Delhi - DPCC",28.636429,77.201067,1.4,57.9,118.3,7.4,163.0,123.0,51.0,9.4,29.6
6358,"Mandir Marg, New Delhi - DPCC",28.636429,77.201067,1.32,54.2,120.9,7.4,163.0,123.0,49.0,,29.8
6358,"Mandir Marg, New Delhi - DPCC",28.636429,77.201067,1.19,49.2,123.7,8.4,151.0,108.0,47.0,13.9,30.3
6358,"Mandir Marg, New Delhi - DPCC",28.636429,77.201067,1.19,44.6,125.2,7.8,151.0,108.0,46.0,4.5,30.9
6358,"Mandir Marg, New Delhi - DPCC",28.636429,77.201067,1.21,41.5,129.3,5.1,151.0,108.0,45.0,,31.3
6358,"Mandir Marg, New Delhi - DPCC",28.636429,77.201067,1.28,39.2,140.4,8.0,151.0,108.0,44.0,2.6,31.6
6358,"Mandir Marg, New Delhi - DPCC",28.636429,77.201067,,35.4,150.4,9.2,119.0,69.0,43.0,5.8,31.8
6358,"Mandir Marg, New Delhi - DPCC",28.636429,77.201067,1.35,26.9,147.6,8.6,119.0,69.0,42.0,6.0,31.6
6358,"Mandir Marg, New Delhi - DPCC",28.636429,77.201067,1.35,20.9,152.5,10.8,119.0,69.0,44.0,1.8,31.2
6358,"Mandir Marg, New Delhi - DPCC",28.636429,77.201067,1.29,17.7,151.9,8.6,119.0,69.0,42.0,8.1,32.6
6358,"Mandir Marg, New Delhi - DPCC",28.636429,77.201067,1.29,16.7,152.3,10.0,111.0,52.0,40.0,2.1,32.8
6358,"Mandir Marg, New Delhi - DPCC",28.636429,77.201067,1.25,14.6,152.8,12.0,111.0,52.0,40.0,0.5,32.8
6358,"Mandir Marg, New Delhi - DPCC",28.636429,77.201067,1.24,11.9,151.3,11.6,111.0,52.0,40.0,4.2,33.5
6358,"Mandir Marg, New Delhi - DPCC",28.636429,77.201067,1.2,9.8,149.6,11.0,111.0,52.0,39.0,,33.4
6358,"Mandir Marg, New Delhi - DPCC",28.636429,77.201067,1.16,9.6,148.9,10.0,101.0,56.0,38.0,,33.4
6358,"Mandir Marg, New Delhi - DPCC",28.636429,77.201067,1.16,10.3,147.0,11.6,101.0,56.0,39.0,3.9,33.0
6358,"Mandir Marg, New Delhi - DPCC",28.636429,77.201067,1.11,10.2,143.3,15.3,101.0,56.0,40.0,,32.7
6358,"Mandir Marg, New Delhi - DPCC",28.636429,77.201067,1.04,9.7,129.7,10.4,101.0,56.0,40.0,1.3,32.6
6358,"Mandir Marg, New Delhi - DPCC",28.636429,77.201067,,10.2,121.8,7.4,99.0,70.0,41.0,3.9,32.0
6358,"Mandir Marg, New Delhi - DPCC",28.636429,77.201067,1.33,10.6,119.6,8.2,99.0,70.0,42.0,,31.7
6358,"Mandir Marg, New Delhi - DPCC",28.636429,77.201067,1.32,12.2,119.6,8.6,99.0,70.0,39.0,,31.2
6358,"Mandir Marg, New Delhi - DPCC",28.636429,77.201067,1.31,14.1,116.9,8.4,99.0,70.0,36.0,16.0,31.2
6358,"Mandir Marg, New Delhi - DPCC",28.636429,77.201067,,20.4,108.9,7.8,79.0,69.0,38.0,12.6,30.4
6358,"Mandir Marg, New Delhi - DPCC",28.636429,77.201067,1.29,20.3,112.0,8.2,79.0,69.0,41.0,14.7,30.2
6358,"Mandir Marg, New Delhi - DPCC",28.636429,77.201067,1.32,23.2,110.9,7.4,79.0,69.0,44.0,23.6,29.0
6358,"Mandir Marg, New Delhi - DPCC",28.636429,77.201067,1.31,25.0,110.0,7.4,79.0,69.0,47.0,5.2,27.8
6358,"Mandir Marg, New Delhi - DPCC",28.636429,77.201067,1.31,26.1,111.7,7.8,89.0,45.0,50.0,10.2,26.4
6358,"Mandir Marg, New Delhi - DPCC",28.636429,77.201067,1.31,28.2,112.8,7.6,89.0,45.0,52.0,12.3,25.4
6358,"Mandir Marg, New Delhi - DPCC",28.636429,77.201067,1.32,29.9,114.9,6.1,89.0,45.0,55.0,17.6,24.2
6358,"Mandir Marg, New Delhi - DPCC",28.636429,77.201067,1.37,33.3,124.1,7.8,89.0,45.0,59.0,12.1,22.5
6358,"Mandir Marg, New Delhi - DPCC",28.636429,77.201067,,34.2,130.1,8.0,79.0,18.0,64.0,20.7,21.2
6358,"Mandir Marg, New Delhi - DPCC",28.636429,77.201067,1.36,35.8,131.8,10.6,79.0,18.0,66.0,8.9,20.2
6358,"Mandir Marg, New Delhi - DPCC",28.636429,77.201067,1.4,35.4,133.5,9.0,79.0,18.0,68.0,0.0,19.5
6358,"Mandir Marg, New Delhi - DPCC",28.636429,77.201067,1.5,36.9,133.3,8.4,79.0,18.0,70.0,1.6,19.0
6358,"Mandir Marg, New Delhi - DPCC",28.636429,77.201067,1.6,39.4,133.7,7.6,102.0,50.0,72.0,6.3,18.7
6358,"Mandir Marg, New Delhi - DPCC",28.636429,77.201067,1.68,41.2,138.0,8.2,102.0,50.0,73.0,3.4,18.5
6358,"Mandir Marg, New Delhi - DPCC",28.636429,77.201067,1.75,41.9,141.0,8.6,102.0,50.0,74.0,,18.1
6358,"Mandir Marg, New Delhi - DPCC",28.636429,77.201067,1.88,44.3,139.5,10.0,102.0,50.0,76.0,5.8,17.7
6358,"Mandir Marg, New Delhi - DPCC",28.636429,77.201067,2.0,47.8,140.4,9.4,127.0,73.0,77.0,9.2,17.5
6358,"Mandir Marg, New Delhi - DPCC",28.636429,77.201067,2.11,51.7,143.4,8.8,127.0,73.0,77.0,10.5,17.3
6358,"Mandir Marg, New Delhi - DPCC",28.636429,77.201067,2.19,55.1,141.0,9.8,127.0,73.0,78.0,13.6,17.2
6358,"Mandir Marg, New Delhi - DPCC",28.636429,77.201067,2.19,57.3,126.0,8.0,127.0,73.0,78.0,10.5,17.3
6358,"Mandir Marg, New Delhi - DPCC",28.636429,77.201067,2.29,61.3,114.5,6.3,147.0,92.0,79.0,19.1,17.2
6358,"Mandir Marg, New Delhi - DPCC",28.636429,77.201067,2.37,67.2,109.0,6.9,147.0,92.0,79.0,19.9,17.2
6358,"Mandir Marg, New Delhi - DPCC",28.636429,77.201067,2.44,71.6,108.3,7.3,147.0,92.0,80.0,9.4,17.1
6358,"Mandir Marg, New Delhi - DPCC",28.636429,77.201067,2.5,76.1,107.9,7.4,147.0,92.0,80.0,23.3,17.1
6358,"Mandir Marg, New Delhi - DPCC",28.636429,77.201067,2.53,81.9,108.1,7.3,140.0,95.0,80.0,16.5,17.2
6358,"Mandir Marg, New Delhi - DPCC",28.636429,77.201067,2.58,86.0,109.4,8.2,140.0,95.0,80.0,7.3,17.1
6358,"Mandir Marg, New Delhi - DPCC",28.636429,77.201067,2.59,89.9,109.4,7.3,140.0,95.0,80.0,1.8,17.0
6358,"Mandir Marg, New Delhi - DPCC",28.636429,77.201067,2.59,92.2,109.0,7.3,140.0,95.0,81.0,16.0,16.9
6358,"Mandir Marg, New Delhi - DPCC",28.636429,77.201067,2.61,98.8,121.6,4.7,119.0,97.0,82.0,0.8,16.6
6358,"Mandir Marg, New Delhi - DPCC",28.636429,77.201067,2.6,103.3,141.9,8.6,117.0,61.0,83.0,14.4,16.4
6358,"Mandir Marg, New Delhi - DPCC",28.636429,77.201067,2.56,109.3,143.3,,117.0,61.0,83.0,13.6,16.2
6358,"Mandir Marg, New Delhi - DPCC",28.636429,77.201067,2.54,111.9,141.6,,117.0,61.0,84.0,10.5,16.2
6358,"Mandir Marg, New Delhi - DPCC",28.636429,77.201067,2.5,114.0,135.0,,117.0,61.0,84.0,11.8,16.1
6358,"Mandir Marg, New Delhi - DPCC",28.636429,77.201067,2.47,115.9,132.0,6.9,111.0,65.0,85.0,10.5,16.2
6358,"Mandir Marg, New Delhi - DPCC",28.636429,77.201067,,,,6.9,111.0,65.0,85.0,,16.4
6358,"Mandir Marg, New Delhi - DPCC",28.636429,77.201067,,,,7.8,111.0,65.0,85.0,,16.8
6358,"Mandir Marg, New Delhi - DPCC",28.636429,77.201067,,125.2,123.7,8.8,111.0,65.0,85.0,,17.1
6358,"Mandir Marg, New Delhi - DPCC",28.636429,77.201067,2.38,128.2,134.0,8.6,134.0,85.0,85.0,10.7,17.2
6358,"Mandir Marg, New Delhi - DPCC",28.636429,77.201067,2.38,132.5,135.7,7.4,134.0,85.0,85.0,18.3,17.3
6358,"Mandir Marg, New Delhi - DPCC",28.636429,77.201067,2.37,135.9,135.5,8.6,134.0,85.0,85.0,13.4,17.4
6358,"Mandir Marg, New Delhi - DPCC",28.636429,77.201067,2.3,136.5,124.6,10.2,134.0,85.0,85.0,19.4,17.5
6358,"Mandir Marg, New Delhi - DPCC",28.636429,77.201067,2.31,135.8,114.9,7.3,145.0,89.0,86.0,19.4,17.4
6358,"Mandir Marg, New Delhi - DPCC",28.636429,77.201067,2.3,138.1,111.9,6.5,145.0,89.0,86.0,,17.1
6358,"Mandir Marg, New Delhi - DPCC",28.636429,77.201067,2.29,137.8,108.9,7.8,145.0,89.0,87.0,12.6,17.0
6358,"Mandir Marg, New Delhi - DPCC",28.636429,77.201067,2.28,137.1,112.8,7.6,136.0,117.0,87.0,11.8,17.2
6358,"Mandir Marg, New Delhi - DPCC",28.636429,77.201067,2.29,137.0,114.3,7.8,136.0,117.0,87.0,4.2,17.5
6358,"Mandir Marg, New Delhi - DPCC",28.636429,77.201067,2.3,138.7,111.3,8.4,136.0,117.0,87.0,16.0,17.7
6358,"Mandir Marg, New Delhi - DPCC",28.636429,77.201067,2.29,139.2,111.7,9.0,136.0,117.0,87.0,3.9,17.8
6358,"Mandir Marg, New Delhi - DPCC",28.636429,77.201067,2.3,140.2,111.1,7.3,124.0,88.0,87.0,12.6,18.0
6358,"Mandir Marg, New Delhi - DPCC",28.636429,77.201067,2.3,141.0,112.2,6.3,124.0,88.0,86.0,0.5,18.1
6358,"Mandir Marg, New Delhi - DPCC",28.636429,77.201067,2.29,142.7,111.9,7.4,124.0,88.0,86.0,,18.1
6358,"Mandir Marg, New Delhi - DPCC",28.636429,77.201067,2.31,147.2,119.9,4.7,124.0,88.0,87.0,,18.1
6358,"Mandir Marg, New Delhi - DPCC",28.636429,77.201067,2.32,149.1,127.3,9.6,123.0,70.0,87.0,3.9,18.1
6358,"Mandir Marg, New Delhi - DPCC",28.636429,77.201067,2.4,152.3,129.7,10.2,123.0,70.0,87.0,9.2,18.2
6358,"Mandir Marg, New Delhi - DPCC",28.636429,77.201067,2.48,157.3,129.2,8.8,123.0,70.0,87.0,5.2,18.3
6358,"Mandir Marg, New Delhi - DPCC",28.636429,77.201067,2.58,163.8,129.9,9.2,123.0,70.0,87.0,14.4,18.7
6358,"Mandir Marg, New Delhi - DPCC",28.636429,77.201067,2.74,173.8,129.2,8.4,213.0,135.0,86.0,9.7,19.4
6358,"Mandir Marg, New Delhi - DPCC",28.636429,77.201067,2.87,184.7,128.4,7.4,213.0,135.0,85.0,7.3,20.1
6358,"Mandir Marg, New Delhi - DPCC",28.636429,77.201067,2.99,193.7,128.6,9.2,213.0,135.0,82.0,,20.7
6358,"Mandir Marg, New Delhi - DPCC",28.636429,77.201067,3.1,200.1,125.2,8.0,213.0,135.0,80.0,17.8,22.0
6358,"Mandir Marg, New Delhi - DPCC",28.636429,77.201067,3.16,203.7,127.8,9.2,324.0,217.0,76.0,8.1,22.9
6358,"Mandir Marg, New Delhi - DPCC",28.636429,77.201067,3.25,200.6,132.5,8.8,324.0,217.0,70.0,25.9,25.2
6358,"Mandir Marg, New Delhi - DPCC",28.636429,77.201067,3.27,193.8,136.9,8.2,324.0,217.0,64.0,13.9,26.6
6358,"Mandir Marg, New Delhi - DPCC",28.636429,77.201067,3.19,182.4,130.8,11.2,324.0,217.0,61.0,13.9,27.1
6358,"Mandir Marg, New Delhi - DPCC",28.636429,77.201067,3.17,171.1,123.0,6.5,344.0,220.0,61.0,11.8,27.1
6358,"Mandir Marg, New Delhi - DPCC",28.636429,77.201067,3.15,162.6,122.2,5.5,344.0,220.0,57.0,21.5,29.1
6358,"Mandir Marg, New Delhi - DPCC",28.636429,77.201067,3.08,154.1,123.7,5.1,344.0,220.0,54.0,20.2,29.4
6358,"Mandir Marg, New Delhi - DPCC",28.636429,77.201067,3.01,148.6,122.0,8.4,344.0,220.0,55.0,14.9,29.0
6358,"Mandir Marg, New Delhi - DPCC",28.636429,77.201067,2.98,142.1,120.1,7.3,283.0,196.0,52.0,7.6,30.7
6358,"Mandir Marg, New Delhi - DPCC",28.636429,77.201067,2.94,134.3,121.8,7.3,283.0,196.0,51.0,6.0,31.8
6358,"Mandir Marg, New Delhi - DPCC",28.636429,77.201067,2.86,127.2,124.8,8.0,283.0,196.0,49.0,11.3,32.6
6358,"Mandir Marg, New Delhi - DPCC",28.636429,77.201067,2.81,121.9,125.8,8.0,283.0,196.0,48.0,14.4,33.2
6358,"Mandir Marg, New Delhi - DPCC",28.636429,77.201067,2.74,113.0,129.9,8.4,250.0,169.0,47.0,17.0,33.8
6358,"Mandir Marg, New Delhi - DPCC",28.636429,77.201067,2.68,105.8,129.9,7.8,250.0,169.0,47.0,12.1,34.1
6358,"Mandir Marg, New Delhi - DPCC",28.636429,77.201067,2.6,99.6,131.4,7.8,250.0,169.0,46.0,,34.2
6358,"Mandir Marg, New Delhi - DPCC",28.636429,77.201067,2.54,93.7,139.3,3.3,250.0,169.0,46.0,,34.7
6358,"Mandir Marg, New Delhi - DPCC",28.636429,77.201067,2.44,85.2,152.5,9.2,215.0,120.0,45.0,11.8,35.2
6358,"Mandir Marg, New Delhi - DPCC",28.636429,77.201067,2.32,75.0,163.9,10.0,215.0,120.0,44.0,6.8,35.3
6358,"Mandir Marg, New Delhi - DPCC",28.636429,77.201067,2.21,61.7,170.7,9.4,215.0,120.0,44.0,5.5,35.1
6358,"Mandir Marg, New Delhi - DPCC",28.636429,77.201067,2.11,48.0,177.8,8.6,215.0,120.0,44.0,,35.4
6358,"Mandir Marg, New Delhi - DPCC",28.636429,77.201067,2.06,38.9,179.5,9.2,152.0,68.0,43.0,2.9,35.4
6358,"Mandir Marg, New Delhi - DPCC",28.636429,77.201067,2.02,32.6,181.4,10.0,152.0,68.0,44.0,0.8,35.4
6358,"Mandir Marg, New Delhi - DPCC",28.636429,77.201067,1.92,28.7,178.6,10.0,152.0,68.0,43.0,0.5,36.1
6358,"Mandir Marg, New Delhi - DPCC",28.636429,77.201067,1.85,25.2,174.3,10.8,152.0,68.0,42.0,,35.7
6358,"Mandir Marg, New Delhi - DPCC",28.636429,77.201067,1.81,21.4,172.4,9.4,152.0,73.0,43.0,5.2,35.5
6358,"Mandir Marg, New Delhi - DPCC",28.636429,77.201067,1.79,20.0,171.5,10.2,152.0,73.0,44.0,,35.1
6358,"Mandir Marg, New Delhi - DPCC",28.636429,77.201067,1.71,18.0,167.3,11.8,152.0,73.0,45.0,7.9,35.2
6358,"Mandir Marg, New Delhi - DPCC",28.636429,77.201067,1.58,15.5,155.1,11.4,152.0,73.0,45.0,,35.3
6358,"Mandir Marg, New Delhi - DPCC",28.636429,77.201067,1.57,14.3,128.0,7.6,124.0,89.0,45.0,2.4,34.8
6358,"Mandir Marg, New Delhi - DPCC",28.636429,77.201067,1.58,17.0,128.0,8.8,124.0,89.0,45.0,,34.2
6358,"Mandir Marg, New Delhi - DPCC",28.636429,77.201067,1.56,18.8,130.8,7.8,124.0,89.0,46.0,,33.8
6358,"Mandir Marg, New Delhi - DPCC",28.636429,77.201067,1.55,20.4,129.0,8.2,124.0,89.0,49.0,5.5,33.2
6358,"Mandir Marg, New Delhi - DPCC",28.636429,77.201067,,23.4,127.7,9.0,152.0,85.0,50.0,8.1,32.0
6358,"Mandir Marg, New Delhi - DPCC",28.636429,77.201067,1.42,26.9,128.0,9.2,152.0,85.0,54.0,8.6,30.9
6358,"Mandir Marg, New Delhi - DPCC",28.636429,77.201067,1.41,32.7,126.7,9.2,152.0,85.0,60.0,13.6,29.2
6358,"Mandir Marg, New Delhi - DPCC",28.636429,77.201067,1.41,35.5,124.5,9.8,135.0,69.0,62.0,1.3,28.2
6358,"Mandir Marg, New Delhi - DPCC",28.636429,77.201067,1.43,39.2,121.8,7.4,135.0,69.0,65.0,2.9,27.1
6358,"Mandir Marg, New Delhi - DPCC",28.636429,77.201067,1.43,41.3,122.8,9.6,135.0,69.0,67.0,22.5,26.1
6358,"Mandir Marg, New Delhi - DPCC",28.636429,77.201067,1.48,43.5,129.0,4.5,135.0,69.0,69.0,,25.5
6358,"Mandir Marg, New Delhi - DPCC",28.636429,77.201067,,45.5,138.7,10.0,174.0,84.0,70.0,,25.3
6358,"Mandir Marg, New Delhi - DPCC",28.636429,77.201067,1.51,46.9,145.9,11.4,174.0,84.0,71.0,1.3,25.2
6358,"Mandir Marg, New Delhi - DPCC",28.636429,77.201067,1.57,47.0,147.2,11.2,174.0,84.0,72.0,,24.9
6358,"Mandir Marg, New Delhi - DPCC",28.636429,77.201067,1.63,45.9,148.1,9.4,174.0,84.0,73.0,,24.7
6358,"Mandir Marg, New Delhi - DPCC",28.636429,77.201067,1.71,45.3,150.4,11.0,185.0,62.0,74.0,,24.5
6358,"Mandir Marg, New Delhi - DPCC",28.636429,77.201067,1.79,46.5,152.5,13.1,185.0,62.0,75.0,3.1,24.4
6358,"Mandir Marg, New Delhi - DPCC",28.636429,77.201067,1.85,47.0,155.1,9.6,185.0,62.0,76.0,,24.5
6358,"Mandir Marg, New Delhi - DPCC",28.636429,77.201067,1.95,47.0,156.8,13.7,185.0,62.0,75.0,5.5,24.6
6358,"Mandir Marg, New Delhi - DPCC",28.636429,77.201067,2.07,48.8,158.1,9.4,186.0,109.0,76.0,23.8,24.1
6358,"Mandir Marg, New Delhi - DPCC",28.636429,77.201067,2.22,53.1,160.2,12.3,186.0,109.0,77.0,0.0,23.3
6358,"Mandir Marg, New Delhi - DPCC",28.636429,77.201067,2.37,57.7,159.8,9.4,186.0,109.0,79.0,13.6,22.8
6358,"Mandir Marg, New Delhi - DPCC",28.636429,77.201067,2.43,61.0,150.8,14.7,186.0,109.0,79.0,10.7,22.7
6358,"Mandir Marg, New Delhi - DPCC",28.636429,77.201067,2.47,63.0,136.7,9.6,210.0,147.0,79.0,23.3,23.1
6358,"Mandir Marg, New Delhi - DPCC",28.636429,77.201067,2.51,65.9,131.0,8.8,210.0,147.0,78.0,8.4,23.6
6358,"Mandir Marg, New Delhi - DPCC",28.636429,77.201067,2.54,71.2,129.2,10.6,210.0,147.0,78.0,13.6,22.9
6358,"Mandir Marg, New Delhi - DPCC",28.636429,77.201067,2.59,78.7,123.5,9.8,210.0,147.0,80.0,21.5,22.3
6358,"Mandir Marg, New Delhi - DPCC",28.636429,77.201067,,84.3,121.1,9.2,234.0,176.0,80.0,18.1,22.1
6358,"Mandir Marg, New Delhi - DPCC",28.636429,77.201067,1.72,86.6,124.3,10.0,234.0,176.0,81.0,20.7,22.0
6358,"Mandir Marg, New Delhi - DPCC",28.636429,77.201067,1.73,90.0,122.8,9.6,234.0,176.0,82.0,24.4,21.8
6358,"Mandir Marg, New Delhi - DPCC",28.636429,77.201067,1.74,93.5,121.4,8.6,234.0,176.0,82.0,14.9,21.5
6358,"Mandir Marg, New Delhi - DPCC",28.636429,77.201067,1.72,102.8,120.7,5.9,186.0,122.0,84.0,,21.1
6358,"Mandir Marg, New Delhi - DPCC",28.636429,77.201067,1.69,103.7,128.4,10.0,183.0,98.0,84.0,3.7,21.2
6358,"Mandir Marg, New Delhi - DPCC",28.636429,77.201067,,103.6,134.2,,183.0,98.0,84.0,,21.2
6358,"Mandir Marg, New Delhi - DPCC",28.636429,77.201067,1.57,100.9,134.6,,183.0,98.0,84.0,,21.2
6358,"Mandir Marg, New Delhi - DPCC",28.636429,77.201067,1.48,97.5,135.0,,183.0,98.0,84.0,,21.1
6358,"Mandir Marg, New Delhi - DPCC",28.636429,77.201067,1.42,93.7,135.7,11.4,132.0,56.0,85.0,,21.1
6358,"Mandir Marg, New Delhi - DPCC",28.636429,77.201067,,,,10.6,132.0,56.0,85.0,,21.1
6358,"Mandir Marg, New Delhi - DPCC",28.636429,77.201067,,,,11.8,132.0,56.0,85.0,,21.2
6358,"Mandir Marg, New Delhi - DPCC",28.636429,77.201067,,77.5,129.2,11.6,132.0,56.0,85.0,,21.3
6358,"Mandir Marg, New Delhi - DPCC",28.636429,77.201067,1.15,77.5,133.5,10.0,116.0,69.0,85.0,,21.3
6358,"Mandir Marg, New Delhi - DPCC",28.636429,77.201067,1.11,77.0,139.5,14.3,116.0,69.0,85.0,,21.6
6358,"Mandir Marg, New Delhi - DPCC",28.636429,77.201067,1.09,77.5,141.6,13.9,116.0,69.0,86.0,,21.8
6358,"Mandir Marg, New Delhi - DPCC",28.636429,77.201067,1.03,77.2,135.5,13.5,116.0,69.0,86.0,,21.8
6358,"Mandir Marg, New Delhi - DPCC",28.636429,77.201067,1.02,79.0,119.0,7.3,122.0,107.0,85.0,,22.1
6358,"Mandir Marg, New Delhi - DPCC",28.636429,77.201067,1.04,81.1,111.3,7.3,122.0,107.0,85.0,,22.2
6358,"Mandir Marg, New Delhi - DPCC",28.636429,77.201067,,84.3,110.7,8.6,122.0,107.0,85.0,,22.1
6358,"Mandir Marg, New Delhi - DPCC",28.636429,77.201067,1.51,87.1,109.6,8.8,122.0,107.0,86.0,6.3,22.1
6358,"Mandir Marg, New Delhi - DPCC",28.636429,77.201067,1.56,89.9,109.4,8.4,152.0,111.0,86.0,16.2,22.2
6358,"Mandir Marg, New Delhi - DPCC",28.636429,77.201067,1.57,94.8,110.7,9.4,152.0,111.0,85.0,6.0,22.3
6358,"Mandir Marg, New Delhi - DPCC",28.636429,77.201067,1.56,100.5,107.5,7.4,152.0,111.0,84.0,9.2,22.5
6358,"Mandir Marg, New Delhi - DPCC",28.636429,77.201067,1.55,104.5,107.3,7.8,152.0,111.0,84.0,5.8,22.0
6358,"Mandir Marg, New Delhi - DPCC",28.636429,77.201067,1.55,108.0,106.0,8.6,140.0,72.0,84.0,8.1,22.2
6358,"Mandir Marg, New Delhi - DPCC",28.636429,77.201067,1.56,112.8,107.5,9.4,140.0,72.0,83.0,13.1,22.5
6358,"Mandir Marg, New Delhi - DPCC",28.636429,77.201067,1.57,115.0,110.7,8.8,140.0,72.0,82.0,4.5,23.0
6358,"Mandir Marg, New Delhi - DPCC",28.636429,77.201067,1.61,117.7,111.7,5.5,140.0,72.0,81.0,4.7,23.1
6358,"Mandir Marg, New Delhi - DPCC",28.636429,77.201067,1.66,120.0,123.0,12.0,245.0,149.0,80.0,0.8,23.2
6358,"Mandir Marg, New Delhi - DPCC",28.636429,77.201067,,121.0,131.0,12.5,245.0,149.0,80.0,,22.9
6358,"Mandir Marg, New Delhi - DPCC",28.636429,77.201067,,111.4,137.2,,245.0,149.0,82.0,,22.3
6358,"Mandir Marg, New Delhi - DPCC",28.636429,77.201067,1.23,111.4,129.7,5.3,245.0,149.0,81.0,,22.7
6358,"Mandir Marg, New Delhi - DPCC",28.636429,77.201067,1.57,117.5,127.3,11.2,,,78.0,,23.7
6358,"Mandir Marg, New Delhi - DPCC",28.636429,77.201067,1.57,109.0,135.7,10.2,,,77.0,,23.3
6358,"Mandir Marg, New Delhi - DPCC",28.636429,77.201067,1.52,101.5,135.0,11.0,,,77.0,,23.3
6358,"Mandir Marg, New Delhi - DPCC",28.636429,77.201067,1.4,94.5,134.2,10.2,,,76.0,5.2,23.4
6358,"Mandir Marg, New Delhi - DPCC",28.636429,77.201067,1.28,87.7,132.4,11.8,119.0,73.0,76.0,0.8,23.2
6358,"Mandir Marg, New Delhi - DPCC",28.636429,77.201067,1.21,82.9,132.9,12.7,119.0,73.0,76.0,,23.1
6358,"Mandir Marg, New Delhi - DPCC",28.636429,77.201067,1.11,76.8,134.0,13.3,119.0,73.0,77.0,0.8,22.9
6358,"Mandir Marg, New Delhi - DPCC",28.636429,77.201067,1.04,71.7,129.2,15.1,119.0,,78.0,4.7,22.9
6358,"Mandir Marg, New Delhi - DPCC",28.636429,77.201067,0.97,69.0,112.4,7.3,89.0,55.0,78.0,11.3,22.8
6358,"Mandir Marg, New Delhi - DPCC",28.636429,77.201067,0.97,65.3,109.0,5.5,89.0,55.0,80.0,3.7,22.6
6358,"Mandir Marg, New Delhi - DPCC",28.636429,77.201067,0.93,65.1,107.7,8.0,89.0,55.0,79.0,11.8,22.8
6358,"Mandir Marg, New Delhi - DPCC",28.636429,77.201067,0.88,64.6,106.8,7.6,89.0,55.0,76.0,16.2,23.5
6358,"Mandir Marg, New Delhi - DPCC",28.636429,77.201067,0.86,62.7,105.8,9.2,57.0,72.0,72.0,2.9,24.4
6358,"Mandir Marg, New Delhi - DPCC",28.636429,77.201067,0.84,62.0,105.5,7.1,57.0,72.0,70.0,5.5,24.9
6358,"Mandir Marg, New Delhi - DPCC",28.636429,77.201067,0.8,62.4,106.2,7.3,57.0,72.0,68.0,20.2,25.5
6358,"Mandir Marg, New Delhi - DPCC",28.636429,77.201067,0.77,63.7,106.2,5.7,57.0,72.0,66.0,,25.9
6358,"Mandir Marg, New Delhi - DPCC",28.636429,77.201067,0.74,62.9,107.9,7.4,68.0,35.0,65.0,0.5,26.3
6358,"Mandir Marg, New Delhi - DPCC",28.636429,77.201067,0.74,63.1,108.3,8.4,68.0,35.0,62.0,,26.9
6358,"Mandir Marg, New Delhi - DPCC",28.636429,77.201067,0.71,64.9,107.2,7.8,68.0,35.0,61.0,,26.8
6358,"Mandir Marg, New Delhi - DPCC",28.636429,77.201067,0.69,65.3,109.0,4.7,68.0,35.0,62.0,14.4,26.7
6358,"Mandir Marg, New Delhi - DPCC",28.636429,77.201067,0.72,64.0,122.8,9.8,81.0,28.0,62.0,3.9,26.9
6358,"Mandir Marg, New Delhi - DPCC",28.636429,77.201067,0.7,63.0,131.0,11.2,81.0,28.0,64.0,2.1,26.3
6358,"Mandir Marg, New Delhi - DPCC",28.636429,77.201067,0.66,61.0,131.4,12.0,81.0,28.0,64.0,,27.1
6358,"Mandir Marg, New Delhi - DPCC",28.636429,77.201067,0.65,58.2,132.9,10.8,81.0,,62.0,1.6,27.2
6358,"Mandir Marg, New Delhi - DPCC",28.636429,77.201067,0.66,53.9,132.5,11.8,70.0,32.0,63.0,,26.7
6358,"Mandir Marg, New Delhi - DPCC",28.636429,77.201067,0.66,52.8,134.6,12.7,70.0,32.0,64.0,,26.7
6358,"Mandir Marg, New Delhi - DPCC",28.636429,77.201067,0.63,49.6,135.0,12.9,70.0,32.0,63.0,,26.9
6358,"Mandir Marg, New Delhi - DPCC",28.636429,77.201067,0.62,46.5,138.2,11.4,70.0,32.0,64.0,1.0,26.6
6358,"Mandir Marg, New Delhi - DPCC",28.636429,77.201067,0.6,45.8,135.5,12.5,73.0,40.0,64.0,,26.2
6358,"Mandir Marg, New Delhi - DPCC",28.636429,77.201067,0.57,44.2,136.5,13.5,73.0,40.0,64.0,2.9,25.9
6358,"Mandir Marg, New Delhi - DPCC",28.636429,77.201067,0.56,42.6,134.0,9.8,73.0,40.0,64.0,,25.8
6358,"Mandir Marg, New Delhi - DPCC",28.636429,77.201067,0.53,42.4,129.9,12.5,73.0,40.0,63.0,1.6,25.5
6358,"Mandir Marg, New Delhi - DPCC",28.636429,77.201067,0.48,40.1,114.5,7.4,64.0,41.0,64.0,,25.1
6358,"Mandir Marg, New Delhi - DPCC",28.636429,77.201067,0.48,39.6,106.4,7.8,64.0,41.0,64.0,1.6,25.0
6358,"Mandir Marg, New Delhi - DPCC",28.636429,77.201067,0.48,41.5,108.5,7.6,64.0,,64.0,,25.0
6358,"Mandir Marg, New Delhi - DPCC",28.636429,77.201067,0.48,42.6,108.9,7.1,64.0,41.0,62.0,10.5,25.2
6358,"Mandir Marg, New Delhi - DPCC",28.636429,77.201067,0.49,44.5,109.8,6.7,102.0,54.0,62.0,11.3,25.3
6358,"Mandir Marg, New Delhi - DPCC",28.636429,77.201067,0.5,47.4,107.3,8.0,102.0,54.0,63.0,16.8,24.9
6358,"Mandir Marg, New Delhi - DPCC",28.636429,77.201067,0.5,48.3,107.9,7.3,102.0,54.0,63.0,3.1,24.7
6358,"Mandir Marg, New Delhi - DPCC",28.636429,77.201067,0.5,50.3,107.2,9.0,102.0,54.0,64.0,5.0,24.5
6358,"Mandir Marg, New Delhi - DPCC",28.636429,77.201067,0.49,52.2,108.9,9.6,83.0,33.0,65.0,3.4,24.3
6358,"Mandir Marg, New Delhi - DPCC",28.636429,77.201067,0.48,53.9,109.4,8.2,83.0,33.0,66.0,2.1,24.0
6358,"Mandir Marg, New Delhi - DPCC",28.636429,77.201067,0.49,55.5,109.8,8.6,83.0,33.0,67.0,5.5,23.9
6358,"Mandir Marg, New Delhi - DPCC",28.636429,77.201067,0.53,57.9,110.9,4.5,83.0,33.0,67.0,14.9,23.8
6358,"Mandir Marg, New Delhi - DPCC",28.636429,77.201067,0.58,60.4,121.8,10.4,90.0,29.0,68.0,1.8,23.6
6358,"Mandir Marg, New Delhi - DPCC",28.636429,77.201067,0.55,61.6,130.3,12.2,90.0,29.0,69.0,6.0,23.5
6358,"Mandir Marg, New Delhi - DPCC",28.636429,77.201067,0.58,61.1,133.5,10.2,90.0,29.0,69.0,,23.5
6358,"Mandir Marg, New Delhi - DPCC",28.636429,77.201067,0.62,64.0,129.0,12.7,90.0,,70.0,0.0,23.1
6358,"Mandir Marg, New Delhi - DPCC",28.636429,77.201067,0.65,62.1,131.6,12.9,46.0,15.0,72.0,1.3,22.6
6358,"Mandir Marg, New Delhi - DPCC",28.636429,77.201067,0.69,62.2,132.4,9.0,46.0,15.0,72.0,6.3,22.8
6358,"Mandir Marg, New Delhi - DPCC",28.636429,77.201067,0.72,61.9,132.0,12.3,46.0,15.0,72.0,,22.9
6358,"Mandir Marg, New Delhi - DPCC",28.636429,77.201067,0.74,62.4,130.5,12.3,46.0,15.0,72.0,,22.5
6358,"Mandir Marg, New Delhi - DPCC",28.636429,77.201067,0.78,63.3,129.0,11.0,80.0,47.0,73.0,18.9,22.2
6358,"Mandir Marg, New Delhi - DPCC",28.636429,77.201067,0.79,64.2,132.9,11.0,80.0,47.0,75.0,10.7,21.6
6358,"Mandir Marg, New Delhi - DPCC",28.636429,77.201067,0.8,64.7,132.7,9.6,80.0,47.0,76.0,6.6,21.5
6358,"Mandir Marg, New Delhi - DPCC",28.636429,77.201067,0.84,65.8,129.3,12.7,80.0,47.0,76.0,2.4,21.7
6358,"Mandir Marg, New Delhi - DPCC",28.636429,77.201067,0.8,67.5,113.4,5.1,79.0,61.0,75.0,11.5,22.1
6358,"Mandir Marg, New Delhi - DPCC",28.636429,77.201067,0.86,72.4,101.7,8.0,79.0,61.0,73.0,22.5,22.8
6358,"Mandir Marg, New Delhi - DPCC",28.636429,77.201067,0.85,74.0,101.7,8.8,127.0,90.0,73.0,27.2,22.8
6358,"Mandir Marg, New Delhi - DPCC",28.636429,77.201067,0.87,76.6,101.5,8.4,127.0,90.0,72.0,16.5,22.9
6358,"Mandir Marg, New Delhi - DPCC",28.636429,77.201067,0.86,78.6,102.8,7.3,127.0,90.0,73.0,9.7,22.7
6358,"Mandir Marg, New Delhi - DPCC",28.636429,77.201067,0.87,85.9,104.7,5.1,118.0,54.0,75.0,16.5,22.2
6358,"Mandir Marg, New Delhi - DPCC",28.636429,77.201067,0.9,87.8,122.2,9.0,101.0,55.0,74.0,10.2,22.3
6358,"Mandir Marg, New Delhi - DPCC",28.636429,77.201067,0.84,88.6,132.2,,101.0,55.0,74.0,7.1,22.1
6358,"Mandir Marg, New Delhi - DPCC",28.636429,77.201067,0.81,86.5,131.8,,101.0,55.0,72.0,10.0,22.5
6358,"Mandir Marg, New Delhi - DPCC",28.636429,77.201067,0.77,82.9,129.7,,101.0,55.0,70.0,10.0,22.9
6358,"Mandir Marg, New Delhi - DPCC",28.636429,77.201067,0.74,80.3,129.0,11.6,47.0,19.0,72.0,3.7,22.4
6358,"Mandir Marg, New Delhi - DPCC",28.636429,77.201067,,,,14.3,47.0,19.0,71.0,,22.5
6358,"Mandir Marg, New Delhi - DPCC",28.636429,77.201067,,,,12.0,47.0,19.0,70.0,,22.8
6358,"Mandir Marg, New Delhi - DPCC",28.636429,77.201067,0.61,67.9,123.1,10.8,58.0,31.0,70.0,7.1,22.8
6358,"Mandir Marg, New Delhi - DPCC",28.636429,77.201067,0.6,67.5,121.8,9.4,58.0,31.0,70.0,15.7,22.7
6358,"Mandir Marg, New Delhi - DPCC",28.636429,77.201067,0.56,64.2,121.8,11.6,58.0,31.0,71.0,12.3,22.6
6358,"Mandir Marg, New Delhi - DPCC",28.636429,77.201067,0.52,62.2,120.7,10.4,58.0,31.0,71.0,7.3,22.5
6358,"Mandir Marg, New Delhi - DPCC",28.636429,77.201067,0.44,60.3,107.0,7.4,59.0,51.0,72.0,22.8,22.4
6358,"Mandir Marg, New Delhi - DPCC",28.636429,77.201067,0.45,60.0,95.5,7.3,59.0,51.0,72.0,15.2,22.2
6358,"Mandir Marg, New Delhi - DPCC",28.636429,77.201067,0.45,60.6,92.1,6.3,59.0,,73.0,,22.1
6358,"Mandir Marg, New Delhi - DPCC",28.636429,77.201067,0.42,59.8,93.4,6.5,59.0,,73.0,7.6,22.1
6358,"Mandir Marg, New Delhi - DPCC",28.636429,77.201067,0.44,61.6,92.9,8.2,117.0,57.0,73.0,,22.0
6358,"Mandir Marg, New Delhi - DPCC",28.636429,77.201067,0.46,63.2,94.4,6.9,117.0,57.0,74.0,2.9,21.8
6358,"Mandir Marg, New Delhi - DPCC",28.636429,77.201067,0.45,64.2,95.3,7.4,117.0,57.0,74.0,,21.7
6358,"Mandir Marg, New Delhi - DPCC",28.636429,77.201067,0.45,64.7,94.9,7.1,117.0,57.0,75.0,23.1,21.6
6358,"Mandir Marg, New Delhi - DPCC",28.636429,77.201067,0.45,66.7,94.8,7.6,97.0,51.0,75.0,,21.6
6358,"Mandir Marg, New Delhi - DPCC",28.636429,77.201067,0.47,67.2,95.9,7.6,97.0,51.0,75.0,,21.6
6358,"Mandir Marg, New Delhi - DPCC",28.636429,77.201067,0.47,70.0,95.3,6.7,97.0,51.0,76.0,9.4,21.4
6358,"Mandir Marg, New Delhi - DPCC",28.636429,77.201067,0.48,71.7,94.8,5.1,97.0,51.0,77.0,,21.1
6358,"Mandir Marg, New Delhi - DPCC",28.636429,77.201067,0.55,75.6,105.8,7.8,89.0,56.0,78.0,4.2,21.1
6358,"Mandir Marg, New Delhi - DPCC",28.636429,77.201067,,78.5,114.9,11.6,89.0,56.0,77.0,1.8,21.5
6358,"Mandir Marg, New Delhi - DPCC",28.636429,77.201067,1.17,78.0,115.8,11.2,89.0,56.0,76.0,,21.6
6358,"Mandir Marg, New Delhi - DPCC",28.636429,77.201067,1.34,76.9,117.7,12.3,89.0,56.0,76.0,1.3,21.7
6358,"Mandir Marg, New Delhi - DPCC",28.636429,77.201067,1.37,76.6,119.4,10.0,75.0,43.0,75.0,,22.1
6358,"Mandir Marg, New Delhi - DPCC",28.636429,77.201067,1.36,74.8,117.1,12.0,75.0,43.0,74.0,,22.5
6358,"Mandir Marg, New Delhi - DPCC",28.636429,77.201067,1.36,72.4,116.6,12.7,75.0,43.0,74.0,12.1,22.5
6358,"Mandir Marg, New Delhi - DPCC",28.636429,77.201067,1.37,68.9,116.0,9.4,110.0,51.0,75.0,8.4,22.3
6358,"Mandir Marg, New Delhi - DPCC",28.636429,77.201067,1.4,66.9,116.9,12.3,110.0,51.0,74.0,0.5,23.3
6358,"Mandir Marg, New Delhi - DPCC",28.636429,77.201067,1.4,65.8,119.0,10.0,110.0,51.0,71.0,2.1,24.4
6358,"Mandir Marg, New Delhi - DPCC",28.636429,77.201067,1.36,64.1,118.4,9.0,110.0,51.0,72.0,,23.6
6358,"Mandir Marg, New Delhi - DPCC",28.636429,77.201067,1.32,57.2,94.9,6.9,101.0,57.0,74.0,7.6,23.2
6358,"Mandir Marg, New Delhi - DPCC",28.636429,77.201067,,57.2,95.3,6.5,101.0,57.0,76.0,6.8,23.4
6358,"Mandir Marg, New Delhi - DPCC",28.636429,77.201067,1.33,59.8,95.7,6.7,101.0,57.0,75.0,,23.8
6358,"Mandir Marg, New Delhi - DPCC",28.636429,77.201067,1.35,60.5,95.1,6.7,101.0,104.0,74.0,5.5,23.9
6358,"Mandir Marg, New Delhi - DPCC",28.636429,77.201067,1.39,61.5,98.1,6.7,101.0,104.0,74.0,8.6,24.0
6358,"Mandir Marg, New Delhi - DPCC",28.636429,77.201067,1.39,61.6,97.8,8.2,101.0,104.0,72.0,,24.7
6358,"Mandir Marg, New Delhi - DPCC",28.636429,77.201067,1.39,60.0,102.1,8.0,101.0,104.0,72.0,0.0,24.3
6358,"Mandir Marg, New Delhi - DPCC",28.636429,77.201067,1.39,57.7,101.0,9.4,133.0,51.0,71.0,0.0,24.4
6358,"Mandir Marg, New Delhi - DPCC",28.636429,77.201067,1.37,56.9,102.1,7.8,133.0,,71.0,9.2,24.5
6358,"Mandir Marg, New Delhi - DPCC",28.636429,77.201067,1.35,57.4,102.6,7.4,133.0,,70.0,,25.0
6358,"Mandir Marg, New Delhi - DPCC",28.636429,77.201067,1.4,57.7,114.3,5.7,113.0,,68.0,19.1,26.4
6358,"Mandir Marg, New Delhi - DPCC",28.636429,77.201067,1.42,57.4,124.1,9.6,113.0,52.0,66.0,5.0,27.0
6358,"Mandir Marg, New Delhi - DPCC",28.636429,77.201067,1.39,56.8,129.5,12.5,113.0,52.0,62.0,10.0,28.9
6358,"Mandir Marg, New Delhi - DPCC",28.636429,77.201067,1.39,52.6,131.4,10.4,113.0,52.0,60.0,2.4,29.6
6358,"Mandir Marg, New Delhi - DPCC",28.636429,77.201067,1.41,49.2,134.2,9.8,100.0,51.0,58.0,,30.3
6358,"Mandir Marg, New Delhi - DPCC",28.636429,77.201067,1.42,46.6,138.4,12.0,100.0,51.0,58.0,,30.0
6358,"Mandir Marg, New Delhi - DPCC",28.636429,77.201067,1.4,43.0,139.5,12.7,100.0,51.0,58.0,1.3,29.9
6358,"Mandir Marg, New Delhi - DPCC",28.636429,77.201067,1.39,39.5,136.9,12.9,100.0,,59.0,0.8,29.8
6358,"Mandir Marg, New Delhi - DPCC",28.636429,77.201067,1.4,36.7,138.7,10.4,107.0,53.0,60.0,15.7,29.5
6358,"Mandir Marg, New Delhi - DPCC",28.636429,77.201067,1.39,34.9,143.1,14.5,107.0,,60.0,13.6,29.6
6358,"Mandir Marg, New Delhi - DPCC",28.636429,77.201067,1.37,32.7,143.8,13.1,107.0,53.0,61.0,5.0,29.2
6358,"Mandir Marg, New Delhi - DPCC",28.636429,77.201067,1.36,29.8,143.6,12.9,107.0,53.0,62.0,8.6,28.6
6358,"Mandir Marg, New Delhi - DPCC",28.636429,77.201067,1.31,27.7,131.6,11.4,112.0,59.0,62.0,8.1,29.1
6358,"Mandir Marg, New Delhi - DPCC",28.636429,77.201067,1.28,26.4,116.6,7.1,112.0,59.0,63.0,5.2,28.7
6358,"Mandir Marg, New Delhi - DPCC",28.636429,77.201067,1.28,28.8,109.4,7.3,112.0,59.0,64.0,,28.9
6358,"Mandir Marg, New Delhi - DPCC",28.636429,77.201067,,29.9,105.1,8.0,112.0,59.0,64.0,,28.7
6358,"Mandir Marg, New Delhi - DPCC",28.636429,77.201067,1.34,32.5,104.5,7.8,139.0,60.0,66.0,1.3,27.8
6358,"Mandir Marg, New Delhi - DPCC",28.636429,77.201067,1.37,35.7,104.9,8.2,139.0,60.0,68.0,6.3,27.3
6358,"Mandir Marg, New Delhi - DPCC",28.636429,77.201067,1.36,37.4,106.4,7.1,139.0,60.0,69.0,,26.9
6358,"Mandir Marg, New Delhi - DPCC",28.636429,77.201067,1.36,39.5,104.9,8.0,139.0,60.0,70.0,0.8,26.5
6358,"Mandir Marg, New Delhi - DPCC",28.636429,77.201067,1.37,43.0,104.7,9.4,113.0,48.0,72.0,5.0,25.9
6358,"Mandir Marg, New Delhi - DPCC",28.636429,77.201067,1.39,45.5,107.0,8.8,113.0,48.0,73.0,1.3,25.6
6358,"Mandir Marg, New Delhi - DPCC",28.636429,77.201067,1.39,47.5,105.7,8.4,113.0,,74.0,,25.4
6358,"Mandir Marg, New Delhi - DPCC",28.636429,77.201067,1.41,49.8,104.7,8.0,113.0,,75.0,,25.0
6358,"Mandir Marg, New Delhi - DPCC",28.636429,77.201067,1.48,52.9,113.7,4.3,108.0,49.0,76.0,,24.9
6358,"Mandir Marg, New Delhi - DPCC",28.636429,77.201067,,54.7,122.8,13.1,108.0,49.0,76.0,1.6,24.9
6358,"Mandir Marg, New Delhi - DPCC",28.636429,77.201067,1.36,56.6,127.5,14.3,108.0,49.0,77.0,,24.8
6358,"Mandir Marg, New Delhi - DPCC",28.636429,77.201067,1.39,56.5,129.9,7.8,108.0,49.0,78.0,,24.7
6358,"Mandir Marg, New Delhi - DPCC",28.636429,77.201067,1.42,56.1,131.8,15.3,59.0,50.0,81.0,3.9,24.1
6358,"Mandir Marg, New Delhi - DPCC",28.636429,77.201067,1.44,56.0,133.5,14.1,59.0,50.0,84.0,,23.4
6358,"Mandir Marg, New Delhi - DPCC",28.636429,77.201067,1.47,55.8,133.1,12.3,59.0,50.0,85.0,,23.1
6358,"Mandir Marg, New Delhi - DPCC",28.636429,77.201067,1.49,56.0,130.5,14.9,59.0,50.0,86.0,6.0,22.7
6358,"Mandir Marg, New Delhi - DPCC",28.636429,77.201067,1.52,56.7,130.5,12.0,100.0,53.0,87.0,20.4,22.4
6358,"Mandir Marg, New Delhi - DPCC",28.636429,77.201067,1.56,58.3,125.6,19.4,100.0,53.0,88.0,19.7,22.3
6358,"Mandir Marg, New Delhi - DPCC",28.636429,77.201067,1.57,58.7,125.2,13.1,100.0,53.0,89.0,15.7,22.2
6358,"Mandir Marg, New Delhi - DPCC",28.636429,77.201067,1.5,58.2,116.4,14.7,108.0,70.0,89.0,21.7,22.1
6358,"Mandir Marg, New Delhi - DPCC",28.636429,77.201067,1.5,60.4,100.6,7.3,108.0,70.0,89.0,25.4,22.0
6358,"Mandir Marg, New Delhi - DPCC",28.636429,77.201067,1.5,61.5,95.1,7.6,108.0,70.0,89.0,29.1,21.9
6358,"Mandir Marg, New Delhi - DPCC",28.636429,77.201067,1.48,64.2,90.4,7.6,108.0,70.0,88.0,16.0,21.9
6358,"Mandir Marg, New Delhi - DPCC",28.636429,77.201067,1.48,64.6,87.8,8.2,103.0,82.0,88.0,18.1,21.6
6358,"Mandir Marg, New Delhi - DPCC",28.636429,77.201067,1.48,66.7,87.6,9.2,103.0,82.0,89.0,16.2,21.3
6358,"Mandir Marg, New Delhi - DPCC",28.636429,77.201067,1.45,69.9,88.5,8.8,103.0,82.0,88.0,28.3,21.3
6358,"Mandir Marg, New Delhi - DPCC",28.636429,77.201067,1.43,72.9,87.8,8.8,103.0,82.0,88.0,30.1,21.3
6358,"Mandir Marg, New Delhi - DPCC",28.636429,77.201067,1.41,77.2,92.3,8.2,103.0,,89.0,18.6,20.9
6358,"Mandir Marg, New Delhi - DPCC",28.636429,77.201067,1.47,80.2,99.1,6.5,90.0,58.0,89.0,7.6,20.9
6358,"Mandir Marg, New Delhi - DPCC",28.636429,77.201067,1.49,83.3,111.5,,90.0,58.0,88.0,2.4,21.0
6358,"Mandir Marg, New Delhi - DPCC",28.636429,77.201067,1.44,80.2,116.9,,90.0,58.0,88.0,4.5,20.6
6358,"Mandir Marg, New Delhi - DPCC",28.636429,77.201067,1.43,77.7,117.5,15.3,50.0,36.0,89.0,16.2,19.8
6358,"Mandir Marg, New Delhi - DPCC",28.636429,77.201067,,,,17.1,50.0,,90.0,,19.3
6358,"Mandir Marg, New Delhi - DPCC",28.636429,77.201067,,,,12.9,50.0,36.0,91.0,,19.0
6358,"Mandir Marg, New Delhi - DPCC",28.636429,77.201067,,72.9,105.5,13.1,50.0,,91.0,,19.1
6358,"Mandir Marg, New Delhi - DPCC",28.636429,77.201067,1.41,74.3,108.3,15.9,77.0,49.0,91.0,4.2,19.5
6358,"Mandir Marg, New Delhi - DPCC",28.636429,77.201067,1.43,75.3,112.8,16.1,77.0,,91.0,11.0,19.9
6358,"Mandir Marg, New Delhi - DPCC",28.636429,77.201067,1.41,74.0,113.0,13.5,77.0,,90.0,11.0,20.1
6358,"Mandir Marg, New Delhi - DPCC",28.636429,77.201067,1.37,72.3,112.2,15.5,77.0,49.0,89.0,6.8,20.1
6358,"Mandir Marg, New Delhi - DPCC",28.636429,77.201067,1.29,70.8,108.1,11.4,77.0,63.0,89.0,8.4,20.0
6358,"Mandir Marg, New Delhi - DPCC",28.636429,77.201067,1.29,68.8,86.3,7.8,77.0,63.0,88.0,2.9,20.0
6358,"Mandir Marg, New Delhi - DPCC",28.636429,77.201067,1.26,67.0,85.2,7.1,77.0,63.0,88.0,,20.1
6358,"Mandir Marg, New Delhi - DPCC",28.636429,77.201067,1.24,66.2,82.9,8.6,77.0,63.0,87.0,,20.1
6358,"Mandir Marg, New Delhi - DPCC",28.636429,77.201067,1.24,67.9,81.8,10.0,105.0,67.0,87.0,0.5,20.1
6358,"Mandir Marg, New Delhi - DPCC",28.636429,77.201067,1.25,68.6,84.4,9.2,105.0,,87.0,1.0,20.2
6358,"Mandir Marg, New Delhi - DPCC",28.636429,77.201067,1.25,69.5,86.3,7.6,105.0,67.0,87.0,,20.3
6358,"Mandir Marg, New Delhi - DPCC",28.636429,77.201067,1.23,69.9,88.7,8.2,105.0,67.0,87.0,,20.2
6358,"Mandir Marg, New Delhi - DPCC",28.636429,77.201067,1.23,70.5,88.4,10.8,72.0,41.0,88.0,,19.7
6358,"Mandir Marg, New Delhi - DPCC",28.636429,77.201067,1.2,70.8,89.7,7.1,72.0,41.0,90.0,,19.4
6358,"Mandir Marg, New Delhi - DPCC",28.636429,77.201067,1.18,70.4,91.0,11.4,72.0,41.0,90.0,0.3,19.5
6358,"Mandir Marg, New Delhi - DPCC",28.636429,77.201067,1.15,70.2,91.4,9.8,72.0,41.0,91.0,,19.5
6358,"Mandir Marg, New Delhi - DPCC",28.636429,77.201067,1.16,71.6,95.1,5.5,70.0,46.0,91.0,,19.4
6358,"Mandir Marg, New Delhi - DPCC",28.636429,77.201067,,73.6,106.8,10.6,70.0,46.0,91.0,,19.4
6358,"Mandir Marg, New Delhi - DPCC",28.636429,77.201067,1.29,74.7,108.3,14.7,70.0,46.0,92.0,,19.5
6358,"Mandir Marg, New Delhi - DPCC",28.636429,77.201067,1.35,74.7,110.5,10.2,70.0,46.0,92.0,2.9,19.8
6358,"Mandir Marg, New Delhi - DPCC",28.636429,77.201067,1.4,76.3,112.6,11.0,39.0,29.0,91.0,,20.8
6358,"Mandir Marg, New Delhi - DPCC",28.636429,77.201067,1.48,82.7,115.1,14.7,39.0,29.0,88.0,,22.5
6358,"Mandir Marg, New Delhi - DPCC",28.636429,77.201067,1.51,81.8,114.3,10.6,84.0,55.0,87.0,,22.4
6358,"Mandir Marg, New Delhi - DPCC",28.636429,77.201067,1.53,80.1,117.3,18.2,84.0,55.0,86.0,6.6,22.8
6358,"Mandir Marg, New Delhi - DPCC",28.636429,77.201067,1.51,79.7,118.3,14.5,84.0,55.0,84.0,9.7,23.9
6358,"Mandir Marg, New Delhi - DPCC",28.636429,77.201067,1.51,79.8,115.6,14.3,84.0,55.0,80.0,,25.8
6358,"Mandir Marg, New Delhi - DPCC",28.636429,77.201067,1.48,78.5,112.2,15.9,110.0,68.0,75.0,3.4,26.5
6358,"Mandir Marg, New Delhi - DPCC",28.636429,77.201067,1.42,75.5,97.6,4.3,110.0,68.0,75.0,3.9,25.7
6358,"Mandir Marg, New Delhi - DPCC",28.636429,77.201067,1.41,71.8,89.9,6.7,110.0,68.0,73.0,6.3,26.2
6358,"Mandir Marg, New Delhi - DPCC",28.636429,77.201067,1.39,70.5,86.3,8.2,110.0,68.0,70.0,1.0,27.5
6358,"Mandir Marg, New Delhi - DPCC",28.636429,77.201067,1.37,69.6,85.5,8.8,100.0,99.0,68.0,7.6,28.4
6358,"Mandir Marg, New Delhi - DPCC",28.636429,77.201067,1.4,69.2,88.4,9.8,100.0,99.0,66.0,,28.8
6358,"Mandir Marg, New Delhi - DPCC",28.636429,77.201067,1.39,68.0,90.8,9.0,100.0,99.0,66.0,8.4,29.3
6358,"Mandir Marg, New Delhi - DPCC",28.636429,77.201067,1.36,66.5,93.8,8.6,100.0,99.0,62.0,7.3,31.0
6358,"Mandir Marg, New Delhi - DPCC",28.636429,77.201067,1.37,65.3,93.6,9.4,143.0,66.0,61.0,,31.0
6358,"Mandir Marg, New Delhi - DPCC",28.636429,77.201067,1.36,63.5,97.0,9.6,143.0,66.0,61.0,5.8,30.8
6358,"Mandir Marg, New Delhi - DPCC",28.636429,77.201067,1.34,61.1,98.3,9.2,143.0,66.0,60.0,,31.1
6358,"Mandir Marg, New Delhi - DPCC",28.636429,77.201067,1.33,61.1,97.8,8.2,143.0,66.0,59.0,18.6,31.2
6358,"Mandir Marg, New Delhi - DPCC",28.636429,77.201067,1.36,59.9,100.2,6.3,155.0,73.0,59.0,13.9,31.2
6358,"Mandir Marg, New Delhi - DPCC",28.636429,77.201067,1.42,59.5,112.6,9.4,155.0,73.0,59.0,18.6,31.3
6358,"Mandir Marg, New Delhi - DPCC",28.636429,77.201067,1.4,57.8,121.6,12.9,155.0,73.0,58.0,10.2,31.6
6358,"Mandir Marg, New Delhi - DPCC",28.636429,77.201067,1.4,53.4,126.5,11.8,155.0,,57.0,9.7,32.0
6358,"Mandir Marg, New Delhi - DPCC",28.636429,77.201067,1.42,48.2,130.8,11.6,89.0,59.0,56.0,,32.4
6358,"Mandir Marg, New Delhi - DPCC",28.636429,77.201067,1.43,43.5,137.2,14.1,89.0,59.0,54.0,16.5,32.8
6358,"Mandir Marg, New Delhi - DPCC",28.636429,77.201067,1.41,39.5,137.4,12.3,89.0,59.0,55.0,7.6,32.2
6358,"Mandir Marg, New Delhi - DPCC",28.636429,77.201067,1.37,36.3,136.9,9.6,89.0,59.0,56.0,5.5,31.1
6358,"Mandir Marg, New Delhi - DPCC",28.636429,77.201067,1.36,35.7,137.6,14.5,103.0,58.0,56.0,6.6,30.7
6358,"Mandir Marg, New Delhi - DPCC",28.636429,77.201067,1.34,32.7,140.4,12.5,103.0,58.0,53.0,8.1,32.1
6358,"Mandir Marg, New Delhi - DPCC",28.636429,77.201067,1.33,30.4,141.8,16.7,103.0,58.0,53.0,8.1,32.4
6358,"Mandir Marg, New Delhi - DPCC",28.636429,77.201067,1.29,29.3,137.4,16.9,112.0,63.0,56.0,1.8,31.0
6358,"Mandir Marg, New Delhi - DPCC",28.636429,77.201067,1.23,29.4,106.4,4.9,112.0,63.0,56.0,,31.2
6358,"Mandir Marg, New Delhi - DPCC",28.636429,77.201067,1.2,28.0,103.0,7.8,112.0,63.0,57.0,,30.7
6358,"Mandir Marg, New Delhi - DPCC",28.636429,77.201067,1.28,30.6,101.5,8.8,134.0,68.0,59.0,,29.8
6358,"Mandir Marg, New Delhi - DPCC",28.636429,77.201067,1.33,33.6,100.6,8.8,134.0,68.0,61.0,1.0,28.8
6358,"Mandir Marg, New Delhi - DPCC",28.636429,77.201067,1.34,37.0,101.5,8.0,134.0,68.0,63.0,,27.9
6358,"Mandir Marg, New Delhi - DPCC",28.636429,77.201067,1.31,37.4,100.8,7.4,134.0,68.0,65.0,,27.3
6358,"Mandir Marg, New Delhi - DPCC",28.636429,77.201067,1.32,40.2,102.1,8.2,85.0,38.0,67.0,10.0,26.7
6358,"Mandir Marg, New Delhi - DPCC",28.636429,77.201067,1.33,43.5,101.3,8.8,85.0,38.0,69.0,11.8,26.2
6358,"Mandir Marg, New Delhi - DPCC",28.636429,77.201067,1.33,45.3,101.0,6.9,85.0,38.0,70.0,,25.7
6358,"Mandir Marg, New Delhi - DPCC",28.636429,77.201067,1.34,47.4,98.5,9.0,85.0,,71.0,10.0,25.3
6358,"Mandir Marg, New Delhi - DPCC",28.636429,77.201067,1.37,49.6,101.9,5.7,86.0,38.0,72.0,7.9,24.9
6358,"Mandir Marg, New Delhi - DPCC",28.636429,77.201067,1.34,53.9,133.5,13.1,86.0,38.0,75.0,,24.2
6358,"Mandir Marg, New Delhi - DPCC",28.636429,77.201067,1.36,52.2,130.8,12.3,86.0,38.0,77.0,2.4,24.0
6358,"Mandir Marg, New Delhi - DPCC",28.636429,77.201067,1.41,51.5,131.0,14.7,48.0,39.0,78.0,,23.7
6358,"Mandir Marg, New Delhi - DPCC",28.636429,77.201067,1.44,52.2,132.2,13.1,48.0,39.0,78.0,4.2,23.3
6358,"Mandir Marg, New Delhi - DPCC",28.636429,77.201067,1.45,51.9,131.6,11.2,48.0,,79.0,,23.0
6358,"Mandir Marg, New Delhi - DPCC",28.636429,77.201067,1.5,52.2,129.3,14.5,48.0,39.0,79.0,2.6,22.6
6358,"Mandir Marg, New Delhi - DPCC",28.636429,77.201067,1.56,53.1,128.8,12.0,96.0,48.0,80.0,1.6,22.1
6358,"Mandir Marg, New Delhi - DPCC",28.636429,77.201067,1.6,53.0,128.8,16.5,96.0,,81.0,,22.0
6358,"Mandir Marg, New Delhi - DPCC",28.636429,77.201067,1.61,53.1,127.8,16.7,96.0,48.0,82.0,,21.5
6358,"Mandir Marg, New Delhi - DPCC",28.636429,77.201067,1.64,54.4,126.3,6.9,96.0,48.0,83.0,8.4,21.3
6358,"Mandir Marg, New Delhi - DPCC",28.636429,77.201067,1.67,55.0,122.6,17.2,106.0,73.0,83.0,4.7,21.8
6358,"Mandir Marg, New Delhi - DPCC",28.636429,77.201067,1.61,54.9,109.6,6.5,106.0,73.0,82.0,,21.9
6358,"Mandir Marg, New Delhi - DPCC",28.636429,77.201067,,55.0,100.4,7.8,106.0,73.0,83.0,14.7,21.7
6358,"Mandir Marg, New Delhi - DPCC",28.636429,77.201067,1.48,56.3,96.8,8.4,106.0,73.0,83.0,2.1,21.8
6358,"Mandir Marg, New Delhi - DPCC",28.636429,77.201067,1.47,58.8,94.4,8.0,124.0,129.0,82.0,12.6,21.7
6358,"Mandir Marg, New Delhi - DPCC",28.636429,77.201067,1.48,59.5,94.2,8.4,124.0,129.0,83.0,12.8,21.6
6358,"Mandir Marg, New Delhi - DPCC",28.636429,77.201067,1.48,61.9,95.1,9.6,124.0,129.0,83.0,3.4,21.5
6358,"Mandir Marg, New Delhi - DPCC",28.636429,77.201067,1.48,65.1,95.1,7.8,124.0,129.0,84.0,,21.0
6358,"Mandir Marg, New Delhi - DPCC",28.636429,77.201067,1.5,70.1,93.4,8.2,147.0,82.0,88.0,18.1,18.7
6358,"Mandir Marg, New Delhi - DPCC",28.636429,77.201067,1.52,70.8,94.0,6.1,111.0,73.0,89.0,25.2,18.9
6358,"Mandir Marg, New Delhi - DPCC",28.636429,77.201067,1.6,71.8,118.1,,111.0,73.0,88.0,18.1,19.8
6358,"Mandir Marg, New Delhi - DPCC",28.636429,77.201067,1.57,72.9,128.4,,111.0,73.0,87.0,24.1,20.3
6358,"Mandir Marg, New Delhi - DPCC",28.636429,77.201067,1.56,72.4,125.2,,111.0,73.0,86.0,29.9,20.5
6358,"Mandir Marg, New Delhi - DPCC",28.636429,77.201067,1.56,71.1,123.3,16.7,86.0,62.0,86.0,21.5,20.6
6358,"Mandir Marg, New Delhi - DPCC",28.636429,77.201067,,,,14.7,86.0,62.0,86.0,,20.5
6358,"Mandir Marg, New Delhi - DPCC",28.636429,77.201067,,,,12.0,86.0,62.0,86.0,,20.6
6358,"Mandir Marg, New Delhi - DPCC",28.636429,77.201067,,61.1,116.4,15.3,86.0,,86.0,,20.7
6358,"Mandir Marg, New Delhi - DPCC",28.636429,77.201067,1.29,59.9,123.9,18.4,102.0,66.0,86.0,24.4,20.5
6358,"Mandir Marg, New Delhi - DPCC",28.636429,77.201067,1.27,59.9,121.3,9.2,102.0,66.0,86.0,31.4,20.2
6358,"Mandir Marg, New Delhi - DPCC",28.636429,77.201067,1.19,57.2,118.4,11.2,102.0,66.0,86.0,15.5,20.0
6358,"Mandir Marg, New Delhi - DPCC",28.636429,77.201067,1.15,55.1,116.6,14.1,102.0,66.0,86.0,18.9,19.9
6358,"Mandir Marg, New Delhi - DPCC",28.636429,77.201067,1.12,53.3,116.6,18.4,84.0,62.0,86.0,16.2,19.7
6358,"Mandir Marg, New Delhi - DPCC",28.636429,77.201067,1.03,50.7,101.1,5.9,84.0,62.0,86.0,12.6,19.5
6358,"Mandir Marg, New Delhi - DPCC",28.636429,77.201067,,49.4,85.5,6.1,84.0,62.0,86.0,,19.3
6358,"Mandir Marg, New Delhi - DPCC",28.636429,77.201067,1.25,50.1,85.7,6.5,84.0,62.0,86.0,18.9,19.1
6358,"Mandir Marg, New Delhi - DPCC",28.636429,77.201067,1.32,51.0,86.5,8.8,95.0,86.0,86.0,23.3,18.9
6358,"Mandir Marg, New Delhi - DPCC",28.636429,77.201067,1.29,51.3,86.1,10.2,95.0,86.0,86.0,15.2,18.7
6358,"Mandir Marg, New Delhi - DPCC",28.636429,77.201067,1.27,52.9,88.9,7.8,95.0,86.0,87.0,16.5,18.5
6358,"Mandir Marg, New Delhi - DPCC",28.636429,77.201067,1.26,55.6,88.2,9.4,86.0,45.0,87.0,13.9,18.3
6358,"Mandir Marg, New Delhi - DPCC",28.636429,77.201067,1.26,58.1,89.3,7.3,86.0,45.0,87.0,18.1,18.2
6358,"Mandir Marg, New Delhi - DPCC",28.636429,77.201067,1.24,59.0,90.2,12.2,86.0,45.0,87.0,10.7,17.9
6358,"Mandir Marg, New Delhi - DPCC",28.636429,77.201067,1.23,58.9,91.9,7.4,86.0,45.0,88.0,19.9,17.7
6358,"Mandir Marg, New Delhi - DPCC",28.636429,77.201067,1.24,59.2,91.4,7.1,73.0,45.0,88.0,17.6,17.6
6358,"Mandir Marg, New Delhi - DPCC",28.636429,77.201067,,63.1,108.7,11.6,73.0,45.0,87.0,27.8,17.7
6358,"Mandir Marg, New Delhi - DPCC",28.636429,77.201067,1.28,63.2,106.6,12.9,73.0,,87.0,20.2,17.7
6358,"Mandir Marg, New Delhi - DPCC",28.636429,77.201067,1.27,62.5,110.0,13.1,73.0,45.0,87.0,22.3,18.2
6358,"Mandir Marg, New Delhi - DPCC",28.636429,77.201067,1.28,62.4,115.4,12.9,38.0,,85.0,28.6,19.7
6358,"Mandir Marg, New Delhi - DPCC",28.636429,77.201067,1.31,60.9,119.9,12.2,38.0,32.0,82.0,16.5,21.2
6358,"Mandir Marg, New Delhi - DPCC",28.636429,77.201067,1.29,58.2,117.3,10.6,38.0,,77.0,10.2,23.2
6358,"Mandir Marg, New Delhi - DPCC",28.636429,77.201067,1.31,57.2,117.9,14.7,90.0,46.0,,,
6358,"Mandir Marg, New Delhi - DPCC",28.636429,77.201067,1.32,57.4,118.6,13.5,90.0,46.0,,,
6358,"Mandir Marg, New Delhi - DPCC",28.636429,77.201067,1.31,54.5,122.0,7.6,90.0,46.0,,1.3,
6358,"Mandir Marg, New Delhi - DPCC",28.636429,77.201067,1.29,52.2,122.8,15.3,90.0,46.0,,9.2,
6358,"Mandir Marg, New Delhi - DPCC",28.636429,77.201067,1.31,50.3,123.9,12.0,100.0,70.0,,7.9,
6358,"Mandir Marg, New Delhi - DPCC",28.636429,77.201067,1.23,47.1,103.2,6.9,100.0,70.0,,,
6358,"Mandir Marg, New Delhi - DPCC",28.636429,77.201067,1.21,45.3,91.4,5.3,100.0,70.0,,,
6358,"Mandir Marg, New Delhi - DPCC",28.636429,77.201067,,44.9,90.8,5.5,100.0,70.0,,15.5,
6358,"Mandir Marg, New Delhi - DPCC",28.636429,77.201067,1.32,43.9,93.6,8.8,116.0,105.0,,7.6,
6358,"Mandir Marg, New Delhi - DPCC",28.636429,77.201067,1.31,44.3,95.5,6.7,116.0,,,,
6358,"Mandir Marg, New Delhi - DPCC",28.636429,77.201067,1.31,43.4,98.5,8.0,116.0,105.0,,2.9,
6358,"Mandir Marg, New Delhi - DPCC",28.636429,77.201067,1.28,42.8,99.3,6.5,116.0,,,,
6358,"Mandir Marg, New Delhi - DPCC",28.636429,77.201067,1.27,41.5,100.0,6.1,129.0,47.0,,,
6358,"Mandir Marg, New Delhi - DPCC",28.636429,77.201067,1.28,41.5,102.1,7.4,129.0,47.0,,,
6358,"Mandir Marg, New Delhi - DPCC",28.636429,77.201067,1.25,40.0,102.6,6.5,,47.0,,,
6358,"Mandir Marg, New Delhi - DPCC",28.636429,77.201067,1.23,38.9,104.2,7.4,,47.0,,10.2,
6358,"Mandir Marg, New Delhi - DPCC",28.636429,77.201067,1.2,36.2,104.5,8.2,,28.0,,25.2,
6358,"Mandir Marg, New Delhi - DPCC",28.636429,77.201067,1.29,37.0,115.4,8.8,,28.0,,7.6,
6358,"Mandir Marg, New Delhi - DPCC",28.636429,77.201067,,35.5,121.8,10.0,,,,7.9,
6358,"Mandir Marg, New Delhi - DPCC",28.636429,77.201067,1.25,28.5,123.9,11.2,,14.0,,18.9,
6358,"Mandir Marg, New Delhi - DPCC",28.636429,77.201067,1.25,26.8,125.8,11.2,,14.0,,,
6358,"Mandir Marg, New Delhi - DPCC",28.636429,77.201067,1.21,24.0,124.6,9.6,,14.0,,10.2,
6358,"Mandir Marg, New Delhi - DPCC",28.636429,77.201067,1.2,22.3,123.0,9.4,,,,19.4,
6358,"Mandir Marg, New Delhi - DPCC",28.636429,77.201067,1.21,21.5,123.7,9.4,,10.0,,8.1,
6358,"Mandir Marg, New Delhi - DPCC",28.636429,77.201067,1.21,20.2,,9.4,,10.0,,2.9,
6358,"Mandir Marg, New Delhi - DPCC",28.636429,77.201067,1.19,,,8.6,,10.0,,8.9,
6358,"Mandir Marg, New Delhi - DPCC",28.636429,77.201067,1.16,,,9.8,,10.0,,,
6358,"Mandir Marg, New Delhi - DPCC",28.636429,77.201067,1.17,,,9.6,,26.0,,2.1,
6358,"Mandir Marg, New Delhi - DPCC",28.636429,77.201067,1.17,,,13.5,,26.0,,,
6358,"Mandir Marg, New Delhi - DPCC",28.636429,77.201067,1.09,,,9.4,,26.0,,,
6358,"Mandir Marg, New Delhi - DPCC",28.636429,77.201067,1.27,,,7.6,,29.0,,1.6,
6358,"Mandir Marg, New Delhi - DPCC",28.636429,77.201067,1.27,,,7.1,,,,2.6,
6358,"Mandir Marg, New Delhi - DPCC",28.636429,77.201067,1.26,,,7.1,,29.0,,1.6,
6358,"Mandir Marg, New Delhi - DPCC",28.636429,77.201067,1.27,,,6.1,,29.0,,12.6,
6358,"Mandir Marg, New Delhi - DPCC",28.636429,77.201067,1.24,,,6.9,,21.0,,,
6358,"Mandir Marg, New Delhi - DPCC",28.636429,77.201067,1.26,,,6.7,,21.0,,16.2,
6358,"Mandir Marg, New Delhi - DPCC",28.636429,77.201067,1.28,,,7.3,,21.0,,,
6358,"Mandir Marg, New Delhi - DPCC",28.636429,77.201067,1.28,,,7.3,,21.0,,,
6358,"Mandir Marg, New Delhi - DPCC",28.636429,77.201067,1.29,,,8.2,,22.0,,,
6358,"Mandir Marg, New Delhi - DPCC",28.636429,77.201067,1.29,,,4.5,,22.0,,1.3,
6358,"Mandir Marg, New Delhi - DPCC",28.636429,77.201067,1.34,,,9.6,,22.0,,3.4,
6358,"Mandir Marg, New Delhi - DPCC",28.636429,77.201067,1.4,,,7.4,,16.0,,,
6358,"Mandir Marg, New Delhi - DPCC",28.636429,77.201067,1.49,,,7.4,,16.0,,4.2,
6358,"Mandir Marg, New Delhi - DPCC",28.636429,77.201067,1.55,,,8.8,,12.0,,5.8,
6358,"Mandir Marg, New Delhi - DPCC",28.636429,77.201067,1.66,,,8.6,,12.0,,,
6358,"Mandir Marg, New Delhi - DPCC",28.636429,77.201067,1.72,,,8.0,,12.0,,21.2,
6358,"Mandir Marg, New Delhi - DPCC",28.636429,77.201067,1.85,,,5.3,,44.0,,22.0,
6358,"Mandir Marg, New Delhi - DPCC",28.636429,77.201067,1.89,,,10.8,,44.0,,4.5,
6358,"Mandir Marg, New Delhi - DPCC",28.636429,77.201067,1.85,,,6.5,,,,19.7,
6358,"Mandir Marg, New Delhi - DPCC",28.636429,77.201067,1.85,,,7.1,,79.0,,6.0,
6358,"Mandir Marg, New Delhi - DPCC",28.636429,77.201067,1.9,,,6.5,,79.0,,18.9,
6358,"Mandir Marg, New Delhi - DPCC",28.636429,77.201067,1.9,,,6.3,,79.0,,20.7,
6358,"Mandir Marg, New Delhi - DPCC",28.636429,77.201067,1.9,,,7.1,,79.0,,20.2,
6358,"Mandir Marg, New Delhi - DPCC",28.636429,77.201067,1.91,,,6.1,,,,,
6358,"Mandir Marg, New Delhi - DPCC",28.636429,77.201067,1.91,,,7.4,,,,0.3,
6358,"Mandir Marg, New Delhi - DPCC",28.636429,77.201067,1.92,,,,,,,,
6358,"Mandir Marg, New Delhi - DPCC",28.636429,77.201067,1.96,,,,,,,,
6358,"Mandir Marg, New Delhi - DPCC",28.636429,77.201067,1.94,,,,,,,,
6358,"Mandir Marg, New Delhi - DPCC",28.636429,77.201067,1.92,,,,,,,4.2,
6358,"Mandir Marg, New Delhi - DPCC",28.636429,77.201067,1.8,,,,,,,7.3,
6358,"Mandir Marg, New Delhi - DPCC",28.636429,77.201067,1.79,,,,,,,6.0,
6358,"Mandir Marg, New Delhi - DPCC",28.636429,77.201067,1.74,,,,,,,3.9,
6358,"Mandir Marg, New Delhi - DPCC",28.636429,77.201067,1.72,,,,,,,,
6358,"Mandir Marg, New Delhi - DPCC",28.636429,77.201067,1.69,,,,,,,4.7,
6358,"Mandir Marg, New Delhi - DPCC",28.636429,77.201067,1.64,,,,,,,,
6358,"Mandir Marg, New Delhi - DPCC",28.636429,77.201067,1.59,,,,,,,17.3,
6358,"Mandir Marg, New Delhi - DPCC",28.636429,77.201067,1.58,,,,,,,26.2,
6358,"Mandir Marg, New Delhi - DPCC",28.636429,77.201067,,,,,,,,27.8,
6358,"Mandir Marg, New Delhi - DPCC",28.636429,77.201067,,,,,,,,17.8,
6358,"Mandir Marg, New Delhi - DPCC",28.636429,77.201067,,,,,,,,25.7,
6358,"Mandir Marg, New Delhi - DPCC",28.636429,77.201067,,,,,,,,24.6,
6358,"Mandir Marg, New Delhi - DPCC",28.636429,77.201067,,,,,,,,48.2,
6358,"Mandir Marg, New Delhi - DPCC",28.636429,77.201067,,,,,,,,38.5,
6358,"Mandir Marg, New Delhi - DPCC",28.636429,77.201067,,,,,,,,40.9,
6358,"Mandir Marg, New Delhi - DPCC",28.636429,77.201067,,,,,,,,31.4,
6358,"Mandir Marg, New Delhi - DPCC",28.636429,77.201067,,,,,,,,42.7,
6358,"Mandir Marg, New Delhi - DPCC",28.636429,77.201067,,,,,,,,25.9,
6358,"Mandir Marg, New Delhi - DPCC",28.636429,77.201067,,,,,,,,32.2,
6358,"Mandir Marg, New Delhi - DPCC",28.636429,77.201067,,,,,,,,20.2,
6358,"Mandir Marg, New Delhi - DPCC",28.636429,77.201067,,,,,,,,25.2,
6358,"Mandir Marg, New Delhi - DPCC",28.636429,77.201067,,,,,,,,12.3,
6358,"Mandir Marg, New Delhi - DPCC",28.636429,77.201067,,,,,,,,6.8,
6358,"Mandir Marg, New Delhi - DPCC",28.636429,77.201067,,,,,,,,5.2,
6358,"Mandir Marg, New Delhi - DPCC",28.636429,77.201067,,,,,,,,11.0,
6358,"Mandir Marg, New Delhi - DPCC",28.636429,77.201067,,,,,,,,8.1,
6358,"Mandir Marg, New Delhi - DPCC",28.636429,77.201067,,,,,,,,6.6,
6358,"Mandir Marg, New Delhi - DPCC",28.636429,77.201067,,,,,,,,1.6,
6358,"Mandir Marg, New Delhi - DPCC",28.636429,77.201067,,,,,,,,0.5,
6358,"Mandir Marg, New Delhi - DPCC",28.636429,77.201067,,,,,,,,4.2,
6358,"Mandir Marg, New Delhi - DPCC",28.636429,77.201067,,,,,,,,6.0,
6358,"Mandir Marg, New Delhi - DPCC",28.636429,77.201067,,,,,,,,4.7,
6358,"Mandir Marg, New Delhi - DPCC",28.636429,77.201067,,,,,,,,6.3,
6358,"Mandir Marg, New Delhi - DPCC",28.636429,77.201067,,,,,,,,16.2,
6358,"Mandir Marg, New Delhi - DPCC",28.636429,77.201067,,,,,,,,23.8,
6358,"Mandir Marg, New Delhi - DPCC",28.636429,77.201067,,,,,,,,8.6,
6358,"Mandir Marg, New Delhi - DPCC",28.636429,77.201067,,,,,,,,21.5,
6358,"Mandir Marg, New Delhi - DPCC",28.636429,77.201067,,,,,,,,9.2,
6358,"Mandir Marg, New Delhi - DPCC",28.636429,77.201067,,,,,,,,13.4,
6358,"Mandir Marg, New Delhi - DPCC",28.636429,77.201067,,,,,,,,8.6,
6358,"Mandir Marg, New Delhi - DPCC",28.636429,77.201067,,,,,,,,0.0,
6358,"Mandir Marg, New Delhi - DPCC",28.636429,77.201067,,,,,,,,2.4,
6358,"Mandir Marg, New Delhi - DPCC",28.636429,77.201067,,,,,,,,12.8,
6358,"Mandir Marg, New Delhi - DPCC",28.636429,77.201067,,,,,,,,9.7,
6358,"Mandir Marg, New Delhi - DPCC",28.636429,77.201067,,,,,,,,13.1,
6358,"Mandir Marg, New Delhi - DPCC",28.636429,77.201067,,,,,,,,11.5,
6358,"Mandir Marg, New Delhi - DPCC",28.636429,77.201067,,,,,,,,7.9,
6358,"Mandir Marg, New Delhi - DPCC",28.636429,77.201067,,,,,,,,7.6,
6358,"Mandir Marg, New Delhi - DPCC",28.636429,77.201067,,,,,,,,9.2,
6358,"Mandir Marg, New Delhi - DPCC",28.636429,77.201067,,,,,,,,7.3,
6358,"Mandir Marg, New Delhi - DPCC",28.636429,77.201067,,,,,,,,6.0,
6358,"Mandir Marg, New Delhi - DPCC",28.636429,77.201067,,,,,,,,2.6,
6358,"Mandir Marg, New Delhi - DPCC",28.636429,77.201067,,,,,,,,0.0,
6358,"Mandir Marg, New Delhi - DPCC",28.636429,77.201067,,,,,,,,2.9,
6358,"Mandir Marg, New Delhi - DPCC",28.636429,77.201067,,,,,,,,7.1,
6358,"Mandir Marg, New Delhi - DPCC",28.636429,77.201067,,,,,,,,1.8,
6358,"Mandir Marg, New Delhi - DPCC",28.636429,77.201067,,,,,,,,0.5,
6358,"Mandir Marg, New Delhi - DPCC",28.636429,77.201067,,,,,,,,1.3,
6358,"Mandir Marg, New Delhi - DPCC",28.636429,77.201067,,,,,,,,4.2,
6358,"Mandir Marg, New Delhi - DPCC",28.636429,77.201067,,,,,,,,6.8,
6358,"Mandir Marg, New Delhi - DPCC",28.636429,77.201067,,,,,,,,12.8,
6358,"Mandir Marg, New Delhi - DPCC",28.636429,77.201067,,,,,,,,17.3,
6358,"Mandir Marg, New Delhi - DPCC",28.636429,77.201067,,,,,,,,14.1,
6358,"Mandir Marg, New Delhi - DPCC",28.636429,77.201067,,,,,,,,10.2,
6358,"Mandir Marg, New Delhi - DPCC",28.636429,77.201067,,,,,,,,4.7,
6358,"Mandir Marg, New Delhi - DPCC",28.636429,77.201067,,,,,,,,1.8,
6358,"Mandir Marg, New Delhi - DPCC",28.636429,77.201067,,,,,,,,21.7,
6358,"Mandir Marg, New Delhi - DPCC",28.636429,77.201067,,,,,,,,3.4,
6358,"Mandir Marg, New Delhi - DPCC",28.636429,77.201067,,,,,,,,17.8,
6358,"Mandir Marg, New Delhi - DPCC",28.636429,77.201067,,,,,,,,12.3,
6358,"Mandir Marg, New Delhi - DPCC",28.636429,77.201067,,,,,,,,13.4,
6358,"Mandir Marg, New Delhi - DPCC",28.636429,77.201067,,,,,,,,13.1,
6358,"Mandir Marg, New Delhi - DPCC",28.636429,77.201067,,,,,,,,15.7,
6358,"Mandir Marg, New Delhi - DPCC",28.636429,77.201067,,,,,,,,10.0,
6358,"Mandir Marg, New Delhi - DPCC",28.636429,77.201067,,,,,,,,7.3,
6358,"Mandir Marg, New Delhi - DPCC",28.636429,77.201067,,,,,,,,13.6,
6358,"Mandir Marg, New Delhi - DPCC",28.636429,77.201067,,,,,,,,13.4,
6358,"Mandir Marg, New Delhi - DPCC",28.636429,77.201067,,,,,,,,11.5,
6358,"Mandir Marg, New Delhi - DPCC",28.636429,77.201067,,,,,,,,11.3,
6358,"Mandir Marg, New Delhi - DPCC",28.636429,77.201067,,,,,,,,11.5,
6358,"Mandir Marg, New Delhi - DPCC",28.636429,77.201067,,,,,,,,10.7,
6358,"Mandir Marg, New Delhi - DPCC",28.636429,77.201067,,,,,,,,10.7,
6358,"Mandir Marg, New Delhi - DPCC",28.636429,77.201067,,,,,,,,11.0,
6358,"Mandir Marg, New Delhi - DPCC",28.636429,77.201067,,,,,,,,11.5,
6358,"Mandir Marg, New Delhi - DPCC",28.636429,77.201067,,,,,,,,12.8,
6358,"Mandir Marg, New Delhi - DPCC",28.636429,77.201067,,,,,,,,12.6,
6358,"Mandir Marg, New Delhi - DPCC",28.636429,77.201067,,,,,,,,13.1,
6358,"Mandir Marg, New Delhi - DPCC",28.636429,77.201067,,,,,,,,12.8,
6358,"Mandir Marg, New Delhi - DPCC",28.636429,77.201067,,,,,,,,13.4,
6358,"Mandir Marg, New Delhi - DPCC",28.636429,77.201067,,,,,,,,14.1,
6358,"Mandir Marg, New Delhi - DPCC",28.636429,77.201067,,,,,,,,14.1,
6358,"Mandir Marg, New Delhi - DPCC",28.636429,77.201067,,,,,,,,14.9,
6358,"Mandir Marg, New Delhi - DPCC",28.636429,77.201067,,,,,,,,14.4,
6358,"Mandir Marg, New Delhi - DPCC",28.636429,77.201067,,,,,,,,14.9,
6358,"Mandir Marg, New Delhi - DPCC",28.636429,77.201067,,,,,,,,14.9,
6358,"Mandir Marg, New Delhi - DPCC",28.636429,77.201067,,,,,,,,13.6,
6358,"Mandir Marg, New Delhi - DPCC",28.636429,77.201067,,,,,,,,13.9,
6358,"Mandir Marg, New Delhi - DPCC",28.636429,77.201067,,,,,,,,13.9,
6358,"Mandir Marg, New Delhi - DPCC",28.636429,77.201067,,,,,,,,12.8,
6358,"Mandir Marg, New Delhi - DPCC",28.636429,77.201067,,,,,,,,11.8,
6358,"Mandir Marg, New Delhi - DPCC",28.636429,77.201067,,,,,,,,11.3,
6358,"Mandir Marg, New Delhi - DPCC",28.636429,77.201067,,,,,,,,11.5,
6358,"Mandir Marg, New Delhi - DPCC",28.636429,77.201067,,,,,,,,12.6,
6358,"Mandir Marg, New Delhi - DPCC",28.636429,77.201067,,,,,,,,12.3,
6358,"Mandir Marg, New Delhi - DPCC",28.636429,77.201067,,,,,,,,10.2,
6358,"Mandir Marg, New Delhi - DPCC",28.636429,77.201067,,,,,,,,10.2,
6358,"Mandir Marg, New Delhi - DPCC",28.636429,77.201067,,,,,,,,10.0,
6358,"Mandir Marg, New Delhi - DPCC",28.636429,77.201067,,,,,,,,10.7,
6358,"Mandir Marg, New Delhi - DPCC",28.636429,77.201067,,,,,,,,10.2,
6358,"Mandir Marg, New Delhi - DPCC",28.636429,77.201067,,,,,,,,9.2,
6358,"Mandir Marg, New Delhi - DPCC",28.636429,77.201067,,,,,,,,9.4,
6358,"Mandir Marg, New Delhi - DPCC",28.636429,77.201067,,,,,,,,10.0,
6358,"Mandir Marg, New Delhi - DPCC",28.636429,77.201067,,,,,,,,9.4,
6358,"Mandir Marg, New Delhi - DPCC",28.636429,77.201067,,,,,,,,10.2,
6358,"Mandir Marg, New Delhi - DPCC",28.636429,77.201067,,,,,,,,10.5,
6358,"Mandir Marg, New Delhi - DPCC",28.636429,77.201067,,,,,,,,8.9,
6358,"Mandir Marg, New Delhi - DPCC",28.636429,77.201067,,,,,,,,6.8,
6358,"Mandir Marg, New Delhi - DPCC",28.636429,77.201067,,,,,,,,7.3,
6358,"Mandir Marg, New Delhi - DPCC",28.636429,77.201067,,,,,,,,7.6,
6358,"Mandir Marg, New Delhi - DPCC",28.636429,77.201067,,,,,,,,12.3,
6358,"Mandir Marg, New Delhi - DPCC",28.636429,77.201067,,,,,,,,13.9,
6358,"Mandir Marg, New Delhi - DPCC",28.636429,77.201067,,,,,,,,13.6,
6358,"Mandir Marg, New Delhi - DPCC",28.636429,77.201067,,,,,,,,13.9,
6358,"Mandir Marg, New Delhi - DPCC",28.636429,77.201067,,,,,,,,13.4,
6358,"Mandir Marg, New Delhi - DPCC",28.636429,77.201067,,,,,,,,14.1,
6358,"Mandir Marg, New Delhi - DPCC",28.636429,77.201067,,,,,,,,13.9,
6358,"Mandir Marg, New Delhi - DPCC",28.636429,77.201067,,,,,,,,14.9,
6358,"Mandir Marg, New Delhi - DPCC",28.636429,77.201067,,,,,,,,14.9,
6358,"Mandir Marg, New Delhi - DPCC",28.636429,77.201067,,,,,,,,14.1,
6358,"Mandir Marg, New Delhi - DPCC",28.636429,77.201067,,,,,,,,14.9,
6358,"Mandir Marg, New Delhi - DPCC",28.636429,77.201067,,,,,,,,13.4,
6358,"Mandir Marg, New Delhi - DPCC",28.636429,77.201067,,,,,,,,12.6,
6358,"Mandir Marg, New Delhi - DPCC",28.636429,77.201067,,,,,,,,12.3,
6358,"Mandir Marg, New Delhi - DPCC",28.636429,77.201067,,,,,,,,11.8,
6358,"Mandir Marg, New Delhi - DPCC",28.636429,77.201067,,,,,,,,11.5,
6358,"Mandir Marg, New Delhi - DPCC",28.636429,77.201067,,,,,,,,11.8,
6358,"Mandir Marg, New Delhi - DPCC",28.636429,77.201067,,,,,,,,10.0,
6358,"Mandir Marg, New Delhi - DPCC",28.636429,77.201067,,,,,,,,10.2,
6358,"Mandir Marg, New Delhi - DPCC",28.636429,77.201067,,,,,,,,9.4,
6358,"Mandir Marg, New Delhi - DPCC",28.636429,77.201067,,,,,,,,10.0,
6358,"Mandir Marg, New Delhi - DPCC",28.636429,77.201067,,,,,,,,10.7,
6358,"Mandir Marg, New Delhi - DPCC",28.636429,77.201067,,,,,,,,11.8,
6358,"Mandir Marg, New Delhi - DPCC",28.636429,77.201067,,,,,,,,10.7,
6358,"Mandir Marg, New Delhi - DPCC",28.636429,77.201067,,,,,,,,10.5,
6358,"Mandir Marg, New Delhi - DPCC",28.636429,77.201067,,,,,,,,10.0,
6358,"Mandir Marg, New Delhi - DPCC",28.636429,77.201067,,,,,,,,10.5,
6358,"Mandir Marg, New Delhi - DPCC",28.636429,77.201067,,,,,,,,11.3,
6358,"Mandir Marg, New Delhi - DPCC",28.636429,77.201067,,,,,,,,11.0,
6358,"Mandir Marg, New Delhi - DPCC",28.636429,77.201067,,,,,,,,11.5,
6358,"Mandir Marg, New Delhi - DPCC",28.636429,77.201067,,,,,,,,12.1,
6358,"Mandir Marg, New Delhi - DPCC",28.636429,77.201067,,,,,,,,12.1,
6358,"Mandir Marg, New Delhi - DPCC",28.636429,77.201067,,,,,,,,11.3,
6358,"Mandir Marg, New Delhi - DPCC",28.636429,77.201067,,,,,,,,10.5,
6358,"Mandir Marg, New Delhi - DPCC",28.636429,77.201067,,,,,,,,11.3,
6358,"Mandir Marg, New Delhi - DPCC",28.636429,77.201067,,,,,,,,11.0,
6358,"Mandir Marg, New Delhi - DPCC",28.636429,77.201067,,,,,,,,11.0,
6358,"Mandir Marg, New Delhi - DPCC",28.636429,77.201067,,,,,,,,11.5,
6358,"Mandir Marg, New Delhi - DPCC",28.636429,77.201067,,,,,,,,8.6,
6358,"Mandir Marg, New Delhi - DPCC",28.636429,77.201067,,,,,,,,7.9,
6358,"Mandir Marg, New Delhi - DPCC",28.636429,77.201067,,,,,,,,7.6,
6358,"Mandir Marg, New Delhi - DPCC",28.636429,77.201067,,,,,,,,8.4,
6358,"Mandir Marg, New Delhi - DPCC",28.636429,77.201067,,,,,,,,9.4,
6358,"Mandir Marg, New Delhi - DPCC",28.636429,77.201067,,,,,,,,8.9,
6358,"Mandir Marg, New Delhi - DPCC",28.636429,77.201067,,,,,,,,8.9,
6358,"Mandir Marg, New Delhi - DPCC",28.636429,77.201067,,,,,,,,7.6,
6358,"Mandir Marg, New Delhi - DPCC",28.636429,77.201067,,,,,,,,8.1,
6358,"Mandir Marg, New Delhi - DPCC",28.636429,77.201067,,,,,,,,8.4,
6358,"Mandir Marg, New Delhi - DPCC",28.636429,77.201067,,,,,,,,8.1,
6358,"Mandir Marg, New Delhi - DPCC",28.636429,77.201067,,,,,,,,8.6,
6358,"Mandir Marg, New Delhi - DPCC",28.636429,77.201067,,,,,,,,9.4,
6358,"Mandir Marg, New Delhi - DPCC",28.636429,77.201067,,,,,,,,9.2,
6358,"Mandir Marg, New Delhi - DPCC",28.636429,77.201067,,,,,,,,10.5,
6358,"Mandir Marg, New Delhi - DPCC",28.636429,77.201067,,,,,,,,11.5,
6358,"Mandir Marg, New Delhi - DPCC",28.636429,77.201067,,,,,,,,12.1,
6358,"Mandir Marg, New Delhi - DPCC",28.636429,77.201067,,,,,,,,11.3,
6358,"Mandir Marg, New Delhi - DPCC",28.636429,77.201067,,,,,,,,11.5,
6358,"Mandir Marg, New Delhi - DPCC",28.636429,77.201067,,,,,,,,11.5,
6358,"Mandir Marg, New Delhi - DPCC",28.636429,77.201067,,,,,,,,10.5,
6358,"Mandir Marg, New Delhi - DPCC",28.636429,77.201067,,,,,,,,10.0,
6358,"Mandir Marg, New Delhi - DPCC",28.636429,77.201067,,,,,,,,10.5,
6358,"Mandir Marg, New Delhi - DPCC",28.636429,77.201067,,,,,,,,10.5,
6358,"Mandir Marg, New Delhi - DPCC",28.636429,77.201067,,,,,,,,10.0,
6358,"Mandir Marg, New Delhi - DPCC",28.636429,77.201067,,,,,,,,9.7,
6358,"Mandir Marg, New Delhi - DPCC",28.636429,77.201067,,,,,,,,9.4,
6358,"Mandir Marg, New Delhi - DPCC",28.636429,77.201067,,,,,,,,8.4,
6358,"Mandir Marg, New Delhi - DPCC",28.636429,77.201067,,,,,,,,9.7,
6358,"Mandir Marg, New Delhi - DPCC",28.636429,77.201067,,,,,,,,11.8,
6358,"Mandir Marg, New Delhi - DPCC",28.636429,77.201067,,,,,,,,11.5,
6358,"Mandir Marg, New Delhi - DPCC",28.636429,77.201067,,,,,,,,13.1,
6358,"Mandir Marg, New Delhi - DPCC",28.636429,77.201067,,,,,,,,10.5,
6358,"Mandir Marg, New Delhi - DPCC",28.636429,77.201067,,,,,,,,11.3,
6358,"Mandir Marg, New Delhi - DPCC",28.636429,77.201067,,,,,,,,10.5,
6358,"Mandir Marg, New Delhi - DPCC",28.636429,77.201067,,,,,,,,11.5,
6358,"Mandir Marg, New Delhi - DPCC",28.636429,77.201067,,,,,,,,11.0,
6358,"Mandir Marg, New Delhi - DPCC",28.636429,77.201067,,,,,,,,11.8,
6358,"Mandir Marg, New Delhi - DPCC",28.636429,77.201067,,,,,,,,12.1,
6358,"Mandir Marg, New Delhi - DPCC",28.636429,77.201067,,,,,,,,11.8,
6358,"Mandir Marg, New Delhi - DPCC",28.636429,77.201067,,,,,,,,8.4,
6358,"Mandir Marg, New Delhi - DPCC",28.636429,77.201067,,,,,,,,7.9,
6358,"Mandir Marg, New Delhi - DPCC",28.636429,77.201067,,,,,,,,7.6,
6358,"Mandir Marg, New Delhi - DPCC",28.636429,77.201067,,,,,,,,7.1,
6358,"Mandir Marg, New Delhi - DPCC",28.636429,77.201067,,,,,,,,6.6,
6358,"Mandir Marg, New Delhi - DPCC",28.636429,77.201067,,,,,,,,7.6,
6358,"Mandir Marg, New Delhi - DPCC",28.636429,77.201067,,,,,,,,6.6,
6358,"Mandir Marg, New Delhi - DPCC",28.636429,77.201067,,,,,,,,7.1,
6358,"Mandir Marg, New Delhi - DPCC",28.636429,77.201067,,,,,,,,8.9,
6358,"Mandir Marg, New Delhi - DPCC",28.636429,77.201067,,,,,,,,8.9,
6358,"Mandir Marg, New Delhi - DPCC",28.636429,77.201067,,,,,,,,9.2,
6358,"Mandir Marg, New Delhi - DPCC",28.636429,77.201067,,,,,,,,8.6,
6358,"Mandir Marg, New Delhi - DPCC",28.636429,77.201067,,,,,,,,9.7,
6358,"Mandir Marg, New Delhi - DPCC",28.636429,77.201067,,,,,,,,10.2,
6358,"Mandir Marg, New Delhi - DPCC",28.636429,77.201067,,,,,,,,11.0,
6358,"Mandir Marg, New Delhi - DPCC",28.636429,77.201067,,,,,,,,11.0,
6358,"Mandir Marg, New Delhi - DPCC",28.636429,77.201067,,,,,,,,11.8,
6358,"Mandir Marg, New Delhi - DPCC",28.636429,77.201067,,,,,,,,12.3,
6358,"Mandir Marg, New Delhi - DPCC",28.636429,77.201067,,,,,,,,12.1,
6358,"Mandir Marg, New Delhi - DPCC",28.636429,77.201067,,,,,,,,12.6,
6358,"Mandir Marg, New Delhi - DPCC",28.636429,77.201067,,,,,,,,11.8,
6358,"Mandir Marg, New Delhi - DPCC",28.636429,77.201067,,,,,,,,10.7,
6358,"Mandir Marg, New Delhi - DPCC",28.636429,77.201067,,,,,,,,10.5,
6358,"Mandir Marg, New Delhi - DPCC",28.636429,77.201067,,,,,,,,9.4,
6358,"Mandir Marg, New Delhi - DPCC",28.636429,77.201067,,,,,,,,9.4,
6358,"Mandir Marg, New Delhi - DPCC",28.636429,77.201067,,,,,,,,10.2,
6358,"Mandir Marg, New Delhi - DPCC",28.636429,77.201067,,,,,,,,12.1,
6358,"Mandir Marg, New Delhi - DPCC",28.636429,77.201067,,,,,,,,12.6,
6358,"Mandir Marg, New Delhi - DPCC",28.636429,77.201067,,,,,,,,13.4,
6358,"Mandir Marg, New Delhi - DPCC",28.636429,77.201067,,,,,,,,14.7,
6358,"Mandir Marg, New Delhi - DPCC",28.636429,77.201067,,,,,,,,13.6,
6358,"Mandir Marg, New Delhi - DPCC",28.636429,77.201067,,,,,,,,14.1,
6358,"Mandir Marg, New Delhi - DPCC",28.636429,77.201067,,,,,,,,12.6,
6358,"Mandir Marg, New Delhi - DPCC",28.636429,77.201067,,,,,,,,13.1,
6358,"Mandir Marg, New Delhi - DPCC",28.636429,77.201067,,,,,,,,15.2,
6358,"Mandir Marg, New Delhi - DPCC",28.636429,77.201067,,,,,,,,15.2,
6358,"Mandir Marg, New Delhi - DPCC",28.636429,77.201067,,,,,,,,14.7,
6358,"Mandir Marg, New Delhi - DPCC",28.636429,77.201067,,,,,,,,14.1,
6358,"Mandir Marg, New Delhi - DPCC",28.636429,77.201067,,,,,,,,10.5,
6358,"Mandir Marg, New Delhi - DPCC",28.636429,77.201067,,,,,,,,8.9,
6358,"Mandir Marg, New Delhi - DPCC",28.636429,77.201067,,,,,,,,9.4,
6358,"Mandir Marg, New Delhi - DPCC",28.636429,77.201067,,,,,,,,10.0,
6358,"Mandir Marg, New Delhi - DPCC",28.636429,77.201067,,,,,,,,9.4,
6358,"Mandir Marg, New Delhi - DPCC",28.636429,77.201067,,,,,,,,8.1,
6358,"Mandir Marg, New Delhi - DPCC",28.636429,77.201067,,,,,,,,8.6,
6358,"Mandir Marg, New Delhi - DPCC",28.636429,77.201067,,,,,,,,8.4,
6358,"Mandir Marg, New Delhi - DPCC",28.636429,77.201067,,,,,,,,8.4,
6358,"Mandir Marg, New Delhi - DPCC",28.636429,77.201067,,,,,,,,6.8,
6358,"Mandir Marg, New Delhi - DPCC",28.636429,77.201067,,,,,,,,8.4,
6358,"Mandir Marg, New Delhi - DPCC",28.636429,77.201067,,,,,,,,8.9,
6358,"Mandir Marg, New Delhi - DPCC",28.636429,77.201067,,,,,,,,9.2,
6358,"Mandir Marg, New Delhi - DPCC",28.636429,77.201067,,,,,,,,9.2,
6358,"Mandir Marg, New Delhi - DPCC",28.636429,77.201067,,,,,,,,13.1,
6358,"Mandir Marg, New Delhi - DPCC",28.636429,77.201067,,,,,,,,13.1,
6358,"Mandir Marg, New Delhi - DPCC",28.636429,77.201067,,,,,,,,13.6,
6358,"Mandir Marg, New Delhi - DPCC",28.636429,77.201067,,,,,,,,12.3,
6358,"Mandir Marg, New Delhi - DPCC",28.636429,77.201067,,,,,,,,12.8,
6358,"Mandir Marg, New Delhi - DPCC",28.636429,77.201067,,,,,,,,11.5,
6358,"Mandir Marg, New Delhi - DPCC",28.636429,77.201067,,,,,,,,6.0,
6358,"Mandir Marg, New Delhi - DPCC",28.636429,77.201067,,,,,,,,7.3,
6358,"Mandir Marg, New Delhi - DPCC",28.636429,77.201067,,,,,,,,6.6,
6358,"Mandir Marg, New Delhi - DPCC",28.636429,77.201067,,,,,,,,7.6,
6358,"Mandir Marg, New Delhi - DPCC",28.636429,77.201067,,,,,,,,7.3,
6358,"Mandir Marg, New Delhi - DPCC",28.636429,77.201067,,,,,,,,7.9,
6358,"Mandir Marg, New Delhi - DPCC",28.636429,77.201067,,,,,,,,6.8,
6358,"Mandir Marg, New Delhi - DPCC",28.636429,77.201067,,,,,,,,10.0,
6358,"Mandir Marg, New Delhi - DPCC",28.636429,77.201067,,,,,,,,10.2,
6358,"Mandir Marg, New Delhi - DPCC",28.636429,77.201067,,,,,,,,10.2,
6358,"Mandir Marg, New Delhi - DPCC",28.636429,77.201067,,,,,,,,10.0,
6358,"Mandir Marg, New Delhi - DPCC",28.636429,77.201067,,,,,,,,11.0,
6358,"Mandir Marg, New Delhi - DPCC",28.636429,77.201067,,,,,,,,11.5,
6358,"Mandir Marg, New Delhi - DPCC",28.636429,77.201067,,,,,,,,10.7,
6358,"Mandir Marg, New Delhi - DPCC",28.636429,77.201067,,,,,,,,11.8,
6358,"Mandir Marg, New Delhi - DPCC",28.636429,77.201067,,,,,,,,11.8,
6358,"Mandir Marg, New Delhi - DPCC",28.636429,77.201067,,,,,,,,11.8,
6358,"Mandir Marg, New Delhi - DPCC",28.636429,77.201067,,,,,,,,11.8,
6358,"Mandir Marg, New Delhi - DPCC",28.636429,77.201067,,,,,,,,11.8,
6358,"Mandir Marg, New Delhi - DPCC",28.636429,77.201067,,,,,,,,11.8,
6358,"Mandir Marg, New Delhi - DPCC",28.636429,77.201067,,,,,,,,10.7,
6358,"Mandir Marg, New Delhi - DPCC",28.636429,77.201067,,,,,,,,11.0,
6358,"Mandir Marg, New Delhi - DPCC",28.636429,77.201067,,,,,,,,10.0,
6358,"Mandir Marg, New Delhi - DPCC",28.636429,77.201067,,,,,,,,11.0,
6358,"Mandir Marg, New Delhi - DPCC",28.636429,77.201067,,,,,,,,11.3,
6358,"Mandir Marg, New Delhi - DPCC",28.636429,77.201067,,,,,,,,11.3,
6358,"Mandir Marg, New Delhi - DPCC",28.636429,77.201067,,,,,,,,9.7,
