location_id,location_name,latitude,longitude,no,no2,nox,o3,pm25,so2
1831,Chester,40.787628,-74.6763,,0.0,,0.039,,0.0
1831,Chester,40.787628,-74.6763,,0.001,,0.033,,0.0
1831,Chester,40.787628,-74.6763,,0.0,,0.035,,0.0
1831,Chester,40.787628,-74.6763,,0.0,,0.038,,0.0
1831,Chester,40.787628,-74.6763,,0.0,,0.039,,0.0
1831,Chester,40.787628,-74.6763,,0.0,,0.038,,0.0
1831,Chester,40.787628,-74.6763,,0.001,,0.037,,0.0
1831,Chester,40.787628,-74.6763,,0.003,,0.03,,
1831,Chester,40.787628,-74.6763,,0.002,,0.032,,0.0
1831,Chester,40.787628,-74.6763,,0.003,,,,0.0
1831,Chester,40.787628,-74.6763,,0.004,,0.03,,0.001
1831,Chester,40.787628,-74.6763,,0.007,,0.025,,0.002
1831,Chester,40.787628,-74.6763,,0.006,,0.026,,0.002
1831,Chester,40.787628,-74.6763,,0.002,,0.035,,0.0
1831,Chester,40.787628,-74.6763,,0.006,,0.029,,0.0
1831,Chester,40.787628,-74.6763,,0.008,,0.026,,0.0
1831,Chester,40.787628,-74.6763,,0.006,,0.028,,0.0
1831,Chester,40.787628,-74.6763,,0.005,,,,0.001
1831,Chester,40.787628,-74.6763,,0.007,,0.026,,0.001
1831,Chester,40.787628,-74.6763,,0.006,,0.028,,0.002
1831,Chester,40.787628,-74.6763,,0.008,,0.024,,0.002
1831,Chester,40.787628,-74.6763,,0.006,,0.028,,0.002
1831,Chester,40.787628,-74.6763,,0.005,,0.03,,0.002
1831,Chester,40.787628,-74.6763,,0.004,,0.032,,0.002
1831,Chester,40.787628,-74.6763,,0.008,,0.026,,0.002
1831,Chester,40.787628,-74.6763,,0.011,,0.023,,0.0
1831,Chester,40.787628,-74.6763,,0.028,,0.006,,0.0
1831,Chester,40.787628,-74.6763,,0.037,,0.001,,0.001
1831,Chester,40.787628,-74.6763,,0.038,,0.0,,
1831,Chester,40.787628,-74.6763,,0.034,,0.002,,0.0
1831,Chester,40.787628,-74.6763,,0.036,,,,0.001
1831,Chester,40.787628,-74.6763,,0.035,,0.004,,0.001
1831,Chester,40.787628,-74.6763,,0.018,,0.018,,0.0
1831,Chester,40.787628,-74.6763,,0.004,,0.029,,0.0
1831,Chester,40.787628,-74.6763,,0.003,,0.032,,0.0
1831,Chester,40.787628,-74.6763,,0.002,,0.034,,0.001
1831,Chester,40.787628,-74.6763,,0.002,,0.029,,0.0
1831,Chester,40.787628,-74.6763,,0.002,,0.03,,0.0
1831,Chester,40.787628,-74.6763,,0.001,,0.03,,0.0
1831,Chester,40.787628,-74.6763,,0.001,,0.03,,0.0
1831,Chester,40.787628,-74.6763,,0.001,,0.03,,0.0
1831,Chester,40.787628,-74.6763,,0.002,,0.029,,0.0
1831,Chester,40.787628,-74.6763,,0.001,,0.032,,0.0
1831,Chester,40.787628,-74.6763,,0.001,,,,0.0
1831,Chester,40.787628,-74.6763,,0.001,,0.032,,0.0
1831,Chester,40.787628,-74.6763,,0.0,,0.033,,0.0
1831,Chester,40.787628,-74.6763,,0.0,,0.034,,0.0
1831,Chester,40.787628,-74.6763,,0.0,,0.035,,0.0
1831,Chester,40.787628,-74.6763,,0.0,,0.039,,0.0
1831,Chester,40.787628,-74.6763,,0.0,,0.041,,0.0
1831,Chester,40.787628,-74.6763,,0.0,,0.04,,0.0
1831,Chester,40.787628,-74.6763,,0.0,,0.039,,0.0
1831,Chester,40.787628,-74.6763,,0.0,,0.038,,0.0
1831,Chester,40.787628,-74.6763,,0.0,,0.037,,0.0
1831,Chester,40.787628,-74.6763,,0.0,,0.036,,0.0
1831,Chester,40.787628,-74.6763,,0.0,,0.036,,0.0
1831,Chester,40.787628,-74.6763,,0.0,,0.035,,0.0
1831,Chester,40.787628,-74.6763,,0.0,,0.035,,0.0
1831,Chester,40.787628,-74.6763,,0.0,,0.035,,0.0
1831,Chester,40.787628,-74.6763,,0.0,,,,0.0
1831,Chester,40.787628,-74.6763,,0.002,,0.031,,0.001
1831,Chester,40.787628,-74.6763,,0.001,,0.033,,0.0
1831,Chester,40.787628,-74.6763,,0.0,,0.035,,0.0
1831,Chester,40.787628,-74.6763,,0.0,,0.038,,0.0
1831,Chester,40.787628,-74.6763,,0.0,,0.038,,0.0
1831,Chester,40.787628,-74.6763,,0.0,,0.038,,0.0
1831,Chester,40.787628,-74.6763,,0.001,,0.036,,0.0
1831,Chester,40.787628,-74.6763,,0.001,,0.036,,
1831,Chester,40.787628,-74.6763,,0.001,,0.036,,0.0
1831,Chester,40.787628,-74.6763,,0.0,,0.038,,0.0
1831,Chester,40.787628,-74.6763,,0.0,,0.038,,0.0
1831,Chester,40.787628,-74.6763,,0.0,,0.039,,0.0
1831,Chester,40.787628,-74.6763,,0.015,,0.014,,0.0
1831,Chester,40.787628,-74.6763,,0.005,,,,0.0
1831,Chester,40.787628,-74.6763,,0.008,,0.021,,0.0
1831,Chester,40.787628,-74.6763,,0.012,,0.023,,0.0
1831,Chester,40.787628,-74.6763,,0.019,,0.017,,0.0
1831,Chester,40.787628,-74.6763,,0.007,,0.026,,0.0
1831,Chester,40.787628,-74.6763,,0.011,,0.024,,0.0
1831,Chester,40.787628,-74.6763,,0.016,,0.02,,0.0
1831,Chester,40.787628,-74.6763,,0.002,,0.03,,0.0
1831,Chester,40.787628,-74.6763,,0.002,,0.03,,0.0
1831,Chester,40.787628,-74.6763,,0.001,,0.032,,0.0
1831,Chester,40.787628,-74.6763,,0.002,,0.026,,0.0
1831,Chester,40.787628,-74.6763,,0.0,,0.024,,
1831,Chester,40.787628,-74.6763,,0.0,,0.025,,0.0
1831,Chester,40.787628,-74.6763,,0.0,,0.036,,0.0
1831,Chester,40.787628,-74.6763,,0.0,,0.036,,0.0
1831,Chester,40.787628,-74.6763,,0.0,,0.037,,0.0
1831,Chester,40.787628,-74.6763,,0.0,,0.036,,0.0
1831,Chester,40.787628,-74.6763,,0.0,,0.034,,0.0
1831,Chester,40.787628,-74.6763,,,,0.033,,0.0
1831,Chester,40.787628,-74.6763,,,,0.034,,0.0
1831,Chester,40.787628,-74.6763,,0.0,,0.033,,0.0
1831,Chester,40.787628,-74.6763,,0.001,,0.035,,0.0
1831,Chester,40.787628,-74.6763,,0.002,,0.034,,0.0
1831,Chester,40.787628,-74.6763,,0.002,,0.033,,0.001
1831,Chester,40.787628,-74.6763,,0.005,,0.032,,0.0
1831,Chester,40.787628,-74.6763,,0.008,,0.026,,0.0
1831,Chester,40.787628,-74.6763,,0.022,,0.008,,0.001
1831,Chester,40.787628,-74.6763,,0.019,,0.012,,0.0
1831,Chester,40.787628,-74.6763,,0.026,,,,0.0
1831,Chester,40.787628,-74.6763,,0.005,,0.016,,0.0
1831,Chester,40.787628,-74.6763,,0.003,,0.021,,0.0
1831,Chester,40.787628,-74.6763,,0.003,,0.02,,0.0
1831,Chester,40.787628,-74.6763,,0.003,,0.021,,0.0
1831,Chester,40.787628,-74.6763,,0.003,,0.025,,0.0
1831,Chester,40.787628,-74.6763,,0.009,,0.024,,
1831,Chester,40.787628,-74.6763,,0.01,,0.021,,0.0
1831,Chester,40.787628,-74.6763,,0.012,,0.024,,0.003
1831,Chester,40.787628,-74.6763,,0.007,,0.031,,0.001
1831,Chester,40.787628,-74.6763,,0.006,,0.032,,0.002
1831,Chester,40.787628,-74.6763,,0.01,,0.032,,0.001
1831,Chester,40.787628,-74.6763,,0.004,,,,0.0
1831,Chester,40.787628,-74.6763,,0.004,,0.037,,0.0
1831,Chester,40.787628,-74.6763,,0.005,,0.036,,0.001
1831,Chester,40.787628,-74.6763,,0.003,,0.039,,0.001
1831,Chester,40.787628,-74.6763,,0.003,,0.04,,0.0
1831,Chester,40.787628,-74.6763,,0.003,,0.039,,0.0
1831,Chester,40.787628,-74.6763,,0.005,,0.037,,0.0
1831,Chester,40.787628,-74.6763,,0.003,,0.039,,0.0
1831,Chester,40.787628,-74.6763,,0.002,,0.045,,0.0
1831,Chester,40.787628,-74.6763,,0.007,,0.024,,0.0
1831,Chester,40.787628,-74.6763,,0.02,,0.015,,0.0
1831,Chester,40.787628,-74.6763,,0.026,,0.014,,0.0
1831,Chester,40.787628,-74.6763,,0.012,,0.017,,0.0
1831,Chester,40.787628,-74.6763,,0.001,,0.026,,0.0
1831,Chester,40.787628,-74.6763,,0.001,,0.024,,0.0
1831,Chester,40.787628,-74.6763,,0.001,,0.018,,0.0
1831,Chester,40.787628,-74.6763,,0.0,,0.035,,0.0
1831,Chester,40.787628,-74.6763,,0.004,,0.033,,0.0
1831,Chester,40.787628,-74.6763,,0.012,,0.024,,0.0
1831,Chester,40.787628,-74.6763,,0.007,,0.024,,0.0
1831,Chester,40.787628,-74.6763,,0.006,,,,0.0
1831,Chester,40.787628,-74.6763,,0.001,,0.03,,0.0
1831,Chester,40.787628,-74.6763,,0.002,,0.034,,0.0
1831,Chester,40.787628,-74.6763,,0.003,,0.031,,0.0
1831,Chester,40.787628,-74.6763,,0.005,,0.019,,0.0
1831,Chester,40.787628,-74.6763,,0.002,,0.026,,0.0
1831,Chester,40.787628,-74.6763,,0.0,,0.035,,0.0
1831,Chester,40.787628,-74.6763,,0.013,,0.0,,0.0
1831,Chester,40.787628,-74.6763,,0.006,,0.0,,0.0
1831,Chester,40.787628,-74.6763,,0.009,,0.02,,0.0
1831,Chester,40.787628,-74.6763,,0.002,,0.03,,0.0
1831,Chester,40.787628,-74.6763,,0.005,,0.026,,0.0
1831,Chester,40.787628,-74.6763,,0.003,,0.031,,0.0
1831,Chester,40.787628,-74.6763,,0.004,,0.032,,0.0
1831,Chester,40.787628,-74.6763,,0.003,,0.033,,0.0
1831,Chester,40.787628,-74.6763,,0.01,,0.025,,0.0
1831,Chester,40.787628,-74.6763,,0.014,,0.014,,0.0
1831,Chester,40.787628,-74.6763,,0.007,,0.023,,0.0
1831,Chester,40.787628,-74.6763,,0.004,,0.027,,0.0
1831,Chester,40.787628,-74.6763,,0.002,,0.032,,
1831,Chester,40.787628,-74.6763,,0.003,,0.029,,0.0
1831,Chester,40.787628,-74.6763,,0.002,,,,0.0
1831,Chester,40.787628,-74.6763,,0.002,,0.038,,0.0
1831,Chester,40.787628,-74.6763,,0.014,,0.021,,0.0
1831,Chester,40.787628,-74.6763,,0.022,,0.014,,0.0
1831,Chester,40.787628,-74.6763,,0.0,,0.043,,0.0
1831,Chester,40.787628,-74.6763,,0.009,,0.03,,0.0
1831,Chester,40.787628,-74.6763,,0.003,,0.034,,0.0
1831,Chester,40.787628,-74.6763,,0.003,,0.034,,0.0
1831,Chester,40.787628,-74.6763,,0.01,,0.024,,0.0
1831,Chester,40.787628,-74.6763,,0.012,,0.02,,0.0
1831,Chester,40.787628,-74.6763,,0.006,,0.016,,0.0
1831,Chester,40.787628,-74.6763,,0.001,,0.038,,0.0
1831,Chester,40.787628,-74.6763,,0.001,,0.038,,0.0
1831,Chester,40.787628,-74.6763,,0.001,,0.039,,0.0
1831,Chester,40.787628,-74.6763,,0.004,,0.037,,0.0
1831,Chester,40.787628,-74.6763,,0.022,,0.021,,0.0
1831,Chester,40.787628,-74.6763,,0.024,,0.018,,0.0
1831,Chester,40.787628,-74.6763,,0.012,,0.028,,0.0
1831,Chester,40.787628,-74.6763,,0.006,,0.033,,0.0
1831,Chester,40.787628,-74.6763,,0.004,,0.035,,0.0
1831,Chester,40.787628,-74.6763,,0.005,,0.033,,0.0
1831,Chester,40.787628,-74.6763,,0.005,,0.031,,0.0
1831,Chester,40.787628,-74.6763,,0.004,,0.032,,0.0
1831,Chester,40.787628,-74.6763,,0.005,,0.03,,0.0
1831,Chester,40.787628,-74.6763,,0.005,,0.028,,0.0
1831,Chester,40.787628,-74.6763,,0.003,,0.033,,0.0
1831,Chester,40.787628,-74.6763,,0.003,,0.033,,0.0
1831,Chester,40.787628,-74.6763,,0.006,,0.03,,0.0
1831,Chester,40.787628,-74.6763,,0.01,,0.023,,0.0
1831,Chester,40.787628,-74.6763,,0.013,,0.018,,0.0
1831,Chester,40.787628,-74.6763,,0.012,,0.017,,0.0
1831,Chester,40.787628,-74.6763,,0.012,,0.015,,0.0
1831,Chester,40.787628,-74.6763,,0.014,,0.011,,0.0
1831,Chester,40.787628,-74.6763,,0.013,,0.01,,
1831,Chester,40.787628,-74.6763,,0.009,,0.016,,0.0
1831,Chester,40.787628,-74.6763,,0.005,,0.02,,0.0
1831,Chester,40.787628,-74.6763,,0.005,,,,0.0
1831,Chester,40.787628,-74.6763,,0.005,,0.018,,0.0
1831,Chester,40.787628,-74.6763,,0.007,,0.014,,0.0
1831,Chester,40.787628,-74.6763,,0.008,,0.011,,0.0
1831,Chester,40.787628,-74.6763,,0.007,,0.012,,0.0
1831,Chester,40.787628,-74.6763,,0.006,,0.013,,0.0
1831,Chester,40.787628,-74.6763,,0.003,,0.031,,0.0
1831,Chester,40.787628,-74.6763,,0.001,,0.031,,0.0
1831,Chester,40.787628,-74.6763,,0.002,,0.032,,0.0
1831,Chester,40.787628,-74.6763,,0.001,,0.035,,0.0
1831,Chester,40.787628,-74.6763,,0.003,,0.035,,0.0
1831,Chester,40.787628,-74.6763,,0.004,,0.033,,0.0
1831,Chester,40.787628,-74.6763,,0.005,,0.029,,0.0
1831,Chester,40.787628,-74.6763,,0.007,,0.026,,0.0
1831,Chester,40.787628,-74.6763,,0.01,,0.023,,
1831,Chester,40.787628,-74.6763,,,,0.025,,0.0
1831,Chester,40.787628,-74.6763,,,,0.027,,0.0
1831,Chester,40.787628,-74.6763,,0.003,,0.03,,0.0
1831,Chester,40.787628,-74.6763,,0.001,,0.032,,0.0
1831,Chester,40.787628,-74.6763,,0.0,,0.039,,0.0
1831,Chester,40.787628,-74.6763,,0.0,,0.04,,0.0
1831,Chester,40.787628,-74.6763,,0.0,,0.041,,0.0
1831,Chester,40.787628,-74.6763,,0.0,,0.042,,0.0
1831,Chester,40.787628,-74.6763,,0.0,,0.043,,0.0
1831,Chester,40.787628,-74.6763,,0.0,,0.044,,0.0
1831,Chester,40.787628,-74.6763,,0.0,,0.044,,0.0
1831,Chester,40.787628,-74.6763,,0.0,,0.044,,0.0
1831,Chester,40.787628,-74.6763,,0.001,,0.042,,0.0
1831,Chester,40.787628,-74.6763,,0.003,,0.04,,0.0
1831,Chester,40.787628,-74.6763,,0.003,,0.04,,0.0
1831,Chester,40.787628,-74.6763,,0.002,,0.043,,0.0
1831,Chester,40.787628,-74.6763,,0.001,,0.044,,0.0
1831,Chester,40.787628,-74.6763,,0.001,,0.042,,0.0
1831,Chester,40.787628,-74.6763,,0.002,,0.039,,0.0
1831,Chester,40.787628,-74.6763,,0.006,,0.032,,
1831,Chester,40.787628,-74.6763,,0.019,,0.019,,0.0
1831,Chester,40.787628,-74.6763,,0.016,,0.022,,0.0
1831,Chester,40.787628,-74.6763,,0.011,,,,0.0
1831,Chester,40.787628,-74.6763,,0.008,,0.028,,
1831,Chester,40.787628,-74.6763,,0.009,,0.028,,0.0
1831,Chester,40.787628,-74.6763,,0.006,,0.033,,0.0
1831,Chester,40.787628,-74.6763,,0.004,,0.036,,0.0
1831,Chester,40.787628,-74.6763,,0.005,,0.036,,0.0
1831,Chester,40.787628,-74.6763,,0.007,,0.033,,0.0
1831,Chester,40.787628,-74.6763,,0.008,,0.03,,0.0
1831,Chester,40.787628,-74.6763,,0.007,,0.031,,0.0
1831,Chester,40.787628,-74.6763,,0.006,,0.031,,0.0
1831,Chester,40.787628,-74.6763,,0.007,,0.027,,0.0
1831,Chester,40.787628,-74.6763,,0.006,,0.028,,0.0
1831,Chester,40.787628,-74.6763,,0.003,,0.024,,0.0
1831,Chester,40.787628,-74.6763,,0.003,,0.023,,0.0
1831,Chester,40.787628,-74.6763,,0.003,,,,0.0
1831,Chester,40.787628,-74.6763,,0.002,,0.019,,0.0
1831,Chester,40.787628,-74.6763,,0.003,,0.018,,0.0
1831,Chester,40.787628,-74.6763,,0.003,,0.018,,0.0
1831,Chester,40.787628,-74.6763,,0.002,,0.017,,0.0
1831,Chester,40.787628,-74.6763,,0.002,,0.021,,0.0
1831,Chester,40.787628,-74.6763,,0.002,,0.023,,0.0
1831,Chester,40.787628,-74.6763,,0.002,,0.027,,0.0
1831,Chester,40.787628,-74.6763,,0.002,,0.026,,0.0
1831,Chester,40.787628,-74.6763,,0.003,,0.026,,0.0
1831,Chester,40.787628,-74.6763,,0.006,,0.024,,0.0
1831,Chester,40.787628,-74.6763,,0.008,,0.023,,0.0
1831,Chester,40.787628,-74.6763,,0.006,,0.026,,0.0
1831,Chester,40.787628,-74.6763,,0.005,,0.027,,0.0
1831,Chester,40.787628,-74.6763,,0.006,,0.024,,0.0
1831,Chester,40.787628,-74.6763,,0.005,,0.022,,0.0
1831,Chester,40.787628,-74.6763,,0.004,,0.023,,0.0
1831,Chester,40.787628,-74.6763,,0.003,,0.018,,0.0
1831,Chester,40.787628,-74.6763,,0.003,,0.017,,0.0
1831,Chester,40.787628,-74.6763,,0.001,,0.02,,0.0
1831,Chester,40.787628,-74.6763,,0.001,,0.02,,0.0
1831,Chester,40.787628,-74.6763,,0.001,,,,0.0
1831,Chester,40.787628,-74.6763,,0.001,,,,0.0
1831,Chester,40.787628,-74.6763,,0.001,,0.036,,0.0
1831,Chester,40.787628,-74.6763,,0.001,,0.036,,0.0
1831,Chester,40.787628,-74.6763,,0.002,,0.035,,0.0
1831,Chester,40.787628,-74.6763,,0.004,,0.032,,0.0
1831,Chester,40.787628,-74.6763,,0.003,,0.033,,0.0
1831,Chester,40.787628,-74.6763,,0.0,,0.029,,0.0
1831,Chester,40.787628,-74.6763,,0.002,,0.027,,0.0
1831,Chester,40.787628,-74.6763,,0.002,,0.028,,0.0
1831,Chester,40.787628,-74.6763,,0.003,,0.027,,0.0
1831,Chester,40.787628,-74.6763,,0.004,,0.026,,0.0
1831,Chester,40.787628,-74.6763,,0.002,,0.031,,0.0
1831,Chester,40.787628,-74.6763,,0.002,,0.033,,0.0
1831,Chester,40.787628,-74.6763,,0.001,,0.034,,0.0
1831,Chester,40.787628,-74.6763,,0.002,,0.035,,0.0
1831,Chester,40.787628,-74.6763,,0.002,,0.029,,0.0
1831,Chester,40.787628,-74.6763,,0.002,,0.029,,0.0
1831,Chester,40.787628,-74.6763,,0.002,,0.028,,0.0
1831,Chester,40.787628,-74.6763,,0.002,,0.028,,
1831,Chester,40.787628,-74.6763,,0.002,,0.028,,0.0
1831,Chester,40.787628,-74.6763,,0.003,,,,0.0
1831,Chester,40.787628,-74.6763,,0.004,,0.024,,0.0
1831,Chester,40.787628,-74.6763,,0.005,,0.021,,0.0
1831,Chester,40.787628,-74.6763,,0.006,,0.02,,0.0
1831,Chester,40.787628,-74.6763,,0.009,,0.017,,0.0
1831,Chester,40.787628,-74.6763,,0.011,,0.016,,0.0
1831,Chester,40.787628,-74.6763,,0.016,,0.017,,0.0
1831,Chester,40.787628,-74.6763,,0.003,,0.036,,0.0
1831,Chester,40.787628,-74.6763,,0.003,,0.034,,0.0
1831,Chester,40.787628,-74.6763,,0.003,,0.034,,0.0
1831,Chester,40.787628,-74.6763,,0.003,,0.031,,0.0
1831,Chester,40.787628,-74.6763,,0.005,,0.028,,0.0
1831,Chester,40.787628,-74.6763,,0.005,,0.026,,0.0
1831,Chester,40.787628,-74.6763,,0.004,,0.026,,0.0
1831,Chester,40.787628,-74.6763,,0.004,,0.024,,0.0
1831,Chester,40.787628,-74.6763,,0.004,,0.021,,0.0
1831,Chester,40.787628,-74.6763,,0.005,,0.019,,0.0
1831,Chester,40.787628,-74.6763,,0.004,,,,0.0
1831,Chester,40.787628,-74.6763,,0.004,,0.018,,0.0
1831,Chester,40.787628,-74.6763,,0.003,,0.017,,0.0
1831,Chester,40.787628,-74.6763,,0.003,,0.017,,0.0
1831,Chester,40.787628,-74.6763,,0.002,,0.018,,0.0
1831,Chester,40.787628,-74.6763,,0.001,,0.02,,0.0
1831,Chester,40.787628,-74.6763,,0.001,,0.021,,0.0
1831,Chester,40.787628,-74.6763,,0.001,,0.022,,0.0
1831,Chester,40.787628,-74.6763,,0.001,,0.023,,0.0
1831,Chester,40.787628,-74.6763,,0.001,,0.024,,0.0
1831,Chester,40.787628,-74.6763,,0.001,,0.023,,0.0
1831,Chester,40.787628,-74.6763,,0.001,,0.023,,0.0
1831,Chester,40.787628,-74.6763,,0.002,,0.021,,0.0
1831,Chester,40.787628,-74.6763,,0.002,,0.023,,0.0
1831,Chester,40.787628,-74.6763,,0.004,,0.021,,0.0
1831,Chester,40.787628,-74.6763,,0.002,,0.02,,0.0
1831,Chester,40.787628,-74.6763,,0.003,,0.018,,0.0
1831,Chester,40.787628,-74.6763,,0.002,,0.023,,
1831,Chester,40.787628,-74.6763,,,,0.023,,0.0
1831,Chester,40.787628,-74.6763,,0.005,,0.021,,0.0
1831,Chester,40.787628,-74.6763,,0.005,,0.021,,0.0
1831,Chester,40.787628,-74.6763,,0.005,,0.024,,0.0
1831,Chester,40.787628,-74.6763,,0.004,,0.026,,0.0
1831,Chester,40.787628,-74.6763,,0.003,,0.028,,0.0
1831,Chester,40.787628,-74.6763,,0.005,,0.018,,0.0
1831,Chester,40.787628,-74.6763,,0.001,,,,0.0
1831,Chester,40.787628,-74.6763,,0.001,,0.035,,0.0
1831,Chester,40.787628,-74.6763,,0.003,,0.034,,0.0
1831,Chester,40.787628,-74.6763,,0.001,,0.043,,0.0
1831,Chester,40.787628,-74.6763,,0.003,,0.04,,
1831,Chester,40.787628,-74.6763,,0.006,,0.042,,0.0
1831,Chester,40.787628,-74.6763,,0.008,,0.035,,0.0
1831,Chester,40.787628,-74.6763,,0.009,,0.031,,0.0
1831,Chester,40.787628,-74.6763,,,,0.046,,0.0
1831,Chester,40.787628,-74.6763,,0.0,,0.038,,0.0
1831,Chester,40.787628,-74.6763,,0.0,,0.04,,0.0
1831,Chester,40.787628,-74.6763,,0.0,,,,0.0
1831,Chester,40.787628,-74.6763,,0.0,,0.04,,0.0
1831,Chester,40.787628,-74.6763,,0.0,,0.04,,0.0
1831,Chester,40.787628,-74.6763,,0.0,,0.04,,0.0
1831,Chester,40.787628,-74.6763,,0.0,,0.042,,0.0
1831,Chester,40.787628,-74.6763,,0.0,,0.045,,0.0
1831,Chester,40.787628,-74.6763,,0.0,,0.045,,0.0
1831,Chester,40.787628,-74.6763,,0.0,,0.044,,0.0
1831,Chester,40.787628,-74.6763,,0.0,,0.043,,0.0
1831,Chester,40.787628,-74.6763,,0.0,,0.043,,0.0
1831,Chester,40.787628,-74.6763,,0.0,,0.042,,0.0
1831,Chester,40.787628,-74.6763,,0.0,,0.041,,
1831,Chester,40.787628,-74.6763,,,,0.041,,0.0
1831,Chester,40.787628,-74.6763,,,,0.04,,0.0
1831,Chester,40.787628,-74.6763,,0.0,,0.038,,0.0
1831,Chester,40.787628,-74.6763,,0.0,,0.037,,0.0
1831,Chester,40.787628,-74.6763,,0.0,,0.039,,0.0
1831,Chester,40.787628,-74.6763,,0.0,,0.041,,0.0
1831,Chester,40.787628,-74.6763,,0.0,,,,0.0
1831,Chester,40.787628,-74.6763,,0.0,,,,0.0
1831,Chester,40.787628,-74.6763,,0.001,,,,0.0
1831,Chester,40.787628,-74.6763,,0.001,,,,0.0
1831,Chester,40.787628,-74.6763,,0.001,,,,0.0
1831,Chester,40.787628,-74.6763,,0.001,,,,0.0
1831,Chester,40.787628,-74.6763,,,,,,0.0
1831,Chester,40.787628,-74.6763,,0.003,,,,0.0
1831,Chester,40.787628,-74.6763,,0.003,,,,0.0
1831,Chester,40.787628,-74.6763,,0.001,,0.041,,0.0
1831,Chester,40.787628,-74.6763,,0.001,,0.042,,0.0
1831,Chester,40.787628,-74.6763,,0.003,,0.041,,0.0
1831,Chester,40.787628,-74.6763,,,,0.043,,0.0
1831,Chester,40.787628,-74.6763,,0.007,,,,0.0
1831,Chester,40.787628,-74.6763,,0.005,,0.033,,
1831,Chester,40.787628,-74.6763,,0.002,,0.038,,0.0
1831,Chester,40.787628,-74.6763,,0.0,,0.038,,0.0
1831,Chester,40.787628,-74.6763,,0.001,,0.036,,0.0
1831,Chester,40.787628,-74.6763,,0.001,,0.034,,0.0
1831,Chester,40.787628,-74.6763,,0.001,,0.041,,0.0
1831,Chester,40.787628,-74.6763,,0.0,,0.044,,0.0
1831,Chester,40.787628,-74.6763,,0.0,,0.044,,0.0
1831,Chester,40.787628,-74.6763,,0.001,,0.042,,0.0
1831,Chester,40.787628,-74.6763,,0.002,,0.041,,0.0
1831,Chester,40.787628,-74.6763,,0.003,,0.039,,0.0
1831,Chester,40.787628,-74.6763,,0.001,,0.041,,0.0
1831,Chester,40.787628,-74.6763,,0.001,,0.039,,0.0
1831,Chester,40.787628,-74.6763,,0.003,,,,0.0
1831,Chester,40.787628,-74.6763,,0.003,,,,0.0
1831,Chester,40.787628,-74.6763,,0.004,,0.032,,
1831,Chester,40.787628,-74.6763,,0.001,,0.033,,0.0
1831,Chester,40.787628,-74.6763,,0.0,,0.039,,0.0
1831,Chester,40.787628,-74.6763,,0.002,,0.037,,0.0
1831,Chester,40.787628,-74.6763,,0.002,,0.036,,0.0
1831,Chester,40.787628,-74.6763,,0.003,,0.035,,0.0
1831,Chester,40.787628,-74.6763,,0.001,,0.037,,0.0
1831,Chester,40.787628,-74.6763,,0.001,,0.037,,
1831,Chester,40.787628,-74.6763,,0.001,,0.038,,0.0
1831,Chester,40.787628,-74.6763,,0.001,,,,0.0
1831,Chester,40.787628,-74.6763,,0.0,,0.043,,0.0
1831,Chester,40.787628,-74.6763,,0.0,,0.044,,0.0
1831,Chester,40.787628,-74.6763,,0.0,,0.044,,0.0
1831,Chester,40.787628,-74.6763,,0.0,,0.045,,0.0
1831,Chester,40.787628,-74.6763,,0.0,,0.044,,0.0
1831,Chester,40.787628,-74.6763,,0.0,,0.044,,0.0
1831,Chester,40.787628,-74.6763,,0.0,,,,
1831,Chester,40.787628,-74.6763,,0.001,,,,0.0
1831,Chester,40.787628,-74.6763,,0.001,,0.041,,0.0
1831,Chester,40.787628,-74.6763,,0.001,,0.041,,0.0
1831,Chester,40.787628,-74.6763,,0.001,,0.042,,0.0
1831,Chester,40.787628,-74.6763,,0.0,,0.044,,0.0
1831,Chester,40.787628,-74.6763,,0.0,,0.046,,0.0
1831,Chester,40.787628,-74.6763,,0.0,,0.043,,0.0
1831,Chester,40.787628,-74.6763,,0.0,,0.042,,0.0
1831,Chester,40.787628,-74.6763,,0.0,,0.04,,0.0
1831,Chester,40.787628,-74.6763,,0.001,,0.04,,
1831,Chester,40.787628,-74.6763,,0.002,,0.038,,0.0
1831,Chester,40.787628,-74.6763,,0.003,,,,0.0
1831,Chester,40.787628,-74.6763,,0.006,,0.033,,0.0
1831,Chester,40.787628,-74.6763,,0.006,,0.034,,0.0
1831,Chester,40.787628,-74.6763,,0.007,,0.033,,0.0
1831,Chester,40.787628,-74.6763,,0.005,,,,0.0
1831,Chester,40.787628,-74.6763,,0.002,,0.041,,0.0
1831,Chester,40.787628,-74.6763,,0.0,,0.042,,0.0
1831,Chester,40.787628,-74.6763,,0.001,,0.04,,0.0
1831,Chester,40.787628,-74.6763,,0.001,,0.045,,0.0
1831,Chester,40.787628,-74.6763,,0.0,,0.044,,0.0
1831,Chester,40.787628,-74.6763,,0.0,,0.043,,
1831,Chester,40.787628,-74.6763,,0.001,,0.042,,0.0
1831,Chester,40.787628,-74.6763,,0.002,,0.04,,0.0
1831,Chester,40.787628,-74.6763,,0.002,,0.038,,0.0
1831,Chester,40.787628,-74.6763,,0.002,,0.038,,0.0
1831,Chester,40.787628,-74.6763,,0.001,,0.038,,0.0
1831,Chester,40.787628,-74.6763,,0.0,,0.039,,0.0
1831,Chester,40.787628,-74.6763,,0.0,,0.039,,0.0
1831,Chester,40.787628,-74.6763,,0.0,,0.038,,0.0
1831,Chester,40.787628,-74.6763,,0.001,,0.038,,0.0
1831,Chester,40.787628,-74.6763,,0.0,,0.038,,0.0
1831,Chester,40.787628,-74.6763,,0.0,,0.041,,
1831,Chester,40.787628,-74.6763,,0.002,,0.04,,0.0
1831,Chester,40.787628,-74.6763,,0.0,,0.041,,0.0
1831,Chester,40.787628,-74.6763,,0.0,,0.042,,0.0
1831,Chester,40.787628,-74.6763,,0.0,,0.043,,0.0
1831,Chester,40.787628,-74.6763,,0.0,,0.042,,0.0
1831,Chester,40.787628,-74.6763,,0.0,,0.042,,0.0
1831,Chester,40.787628,-74.6763,,0.0,,,,0.0
1831,Chester,40.787628,-74.6763,,0.0,,,,0.0
1831,Chester,40.787628,-74.6763,,0.0,,,,0.0
1831,Chester,40.787628,-74.6763,,0.0,,0.043,,0.0
1831,Chester,40.787628,-74.6763,,0.0,,0.047,,0.0
1831,Chester,40.787628,-74.6763,,0.0,,0.048,,0.0
1831,Chester,40.787628,-74.6763,,0.0,,0.048,,0.0
1831,Chester,40.787628,-74.6763,,0.0,,0.048,,
1831,Chester,40.787628,-74.6763,,0.0,,,,0.0
1831,Chester,40.787628,-74.6763,,0.0,,0.05,,0.0
1831,Chester,40.787628,-74.6763,,0.001,,0.043,,0.0
1831,Chester,40.787628,-74.6763,,0.002,,0.041,,0.0
1831,Chester,40.787628,-74.6763,,0.001,,0.041,,
1831,Chester,40.787628,-74.6763,,0.001,,0.041,,0.0
1831,Chester,40.787628,-74.6763,,0.003,,0.038,,0.0
1831,Chester,40.787628,-74.6763,,0.004,,0.037,,0.0
1831,Chester,40.787628,-74.6763,,0.002,,0.04,,0.0
1831,Chester,40.787628,-74.6763,,0.003,,0.038,,0.0
1831,Chester,40.787628,-74.6763,,0.003,,0.04,,0.0
1831,Chester,40.787628,-74.6763,,0.003,,0.039,,0.0
1831,Chester,40.787628,-74.6763,,0.002,,0.04,,0.0
1831,Chester,40.787628,-74.6763,,0.001,,0.043,,0.0
1831,Chester,40.787628,-74.6763,,0.0,,,,0.0
1831,Chester,40.787628,-74.6763,,0.001,,,,0.0
1831,Chester,40.787628,-74.6763,,0.001,,,,0.0
1831,Chester,40.787628,-74.6763,,0.002,,,,0.0
1831,Chester,40.787628,-74.6763,,0.001,,,,0.0
1831,Chester,40.787628,-74.6763,,0.002,,,,0.0
1831,Chester,40.787628,-74.6763,,0.002,,,,0.0
1831,Chester,40.787628,-74.6763,,0.002,,,,0.0
1831,Chester,40.787628,-74.6763,,0.001,,0.043,,0.0
1831,Chester,40.787628,-74.6763,,0.001,,0.043,,0.0
1831,Chester,40.787628,-74.6763,,0.001,,0.043,,0.0
1831,Chester,40.787628,-74.6763,,0.001,,0.041,,0.0
1831,Chester,40.787628,-74.6763,,0.0,,0.043,,
1831,Chester,40.787628,-74.6763,,0.0,,0.043,,0.0
1831,Chester,40.787628,-74.6763,,0.001,,,,0.0
1831,Chester,40.787628,-74.6763,,0.001,,0.041,,0.0
1831,Chester,40.787628,-74.6763,,0.001,,0.041,,0.0
1831,Chester,40.787628,-74.6763,,0.0,,0.043,,0.0
1831,Chester,40.787628,-74.6763,,0.0,,0.045,,0.0
1831,Chester,40.787628,-74.6763,,0.0,,0.046,,0.0
1831,Chester,40.787628,-74.6763,,0.0,,0.047,,0.0
1831,Chester,40.787628,-74.6763,,0.0,,0.049,,0.0
1831,Chester,40.787628,-74.6763,,0.0,,0.049,,0.0
1831,Chester,40.787628,-74.6763,,0.0,,0.049,,0.0
1831,Chester,40.787628,-74.6763,,0.0,,0.048,,0.0
1831,Chester,40.787628,-74.6763,,0.0,,0.047,,0.0
1831,Chester,40.787628,-74.6763,,0.0,,0.046,,0.0
1831,Chester,40.787628,-74.6763,,0.0,,0.043,,0.0
1831,Chester,40.787628,-74.6763,,0.0,,0.042,,0.0
1831,Chester,40.787628,-74.6763,,0.0,,0.04,,
1831,Chester,40.787628,-74.6763,,0.0,,0.039,,0.0
1831,Chester,40.787628,-74.6763,,0.001,,,,0.0
1831,Chester,40.787628,-74.6763,,0.001,,0.038,,0.0
1831,Chester,40.787628,-74.6763,,0.0,,0.045,,0.0
1831,Chester,40.787628,-74.6763,,0.0,,0.048,,0.0
1831,Chester,40.787628,-74.6763,,0.0,,0.046,,0.0
1831,Chester,40.787628,-74.6763,,0.0,,0.044,,0.0
1831,Chester,40.787628,-74.6763,,0.0,,0.044,,0.0
1831,Chester,40.787628,-74.6763,,0.001,,,,0.0
1831,Chester,40.787628,-74.6763,,0.0,,0.041,,0.0
1831,Chester,40.787628,-74.6763,,0.0,,0.043,,0.0
1831,Chester,40.787628,-74.6763,,0.0,,0.048,,0.0
1831,Chester,40.787628,-74.6763,,0.0,,0.049,,0.0
1831,Chester,40.787628,-74.6763,,0.0,,0.049,,0.0
1831,Chester,40.787628,-74.6763,,0.0,,0.048,,0.0
1831,Chester,40.787628,-74.6763,,0.0,,0.046,,0.0
1831,Chester,40.787628,-74.6763,,0.0,,0.047,,0.0
1831,Chester,40.787628,-74.6763,,0.0,,0.046,,0.0
1831,Chester,40.787628,-74.6763,,0.0,,,,0.0
1831,Chester,40.787628,-74.6763,,0.0,,0.04,,0.0
1831,Chester,40.787628,-74.6763,,0.001,,0.04,,0.0
1831,Chester,40.787628,-74.6763,,0.0,,0.044,,0.0
1831,Chester,40.787628,-74.6763,,0.0,,0.043,,0.0
1831,Chester,40.787628,-74.6763,,0.001,,0.042,,0.0
1831,Chester,40.787628,-74.6763,,0.004,,0.036,,0.0
1831,Chester,40.787628,-74.6763,,0.006,,0.033,,0.0
1831,Chester,40.787628,-74.6763,,0.008,,,,0.0
1831,Chester,40.787628,-74.6763,,0.004,,0.037,,0.0
1831,Chester,40.787628,-74.6763,,0.002,,0.047,,0.0
1831,Chester,40.787628,-74.6763,,0.004,,0.045,,0.0
1831,Chester,40.787628,-74.6763,,0.009,,0.037,,0.0
1831,Chester,40.787628,-74.6763,,0.011,,0.034,,0.0
1831,Chester,40.787628,-74.6763,,0.011,,0.033,,0.0
1831,Chester,40.787628,-74.6763,,0.007,,0.035,,0.0
1831,Chester,40.787628,-74.6763,,0.006,,0.035,,0.0
1831,Chester,40.787628,-74.6763,,0.004,,0.042,,0.0
1831,Chester,40.787628,-74.6763,,0.005,,0.04,,0.0
1831,Chester,40.787628,-74.6763,,0.015,,0.031,,0.0
1831,Chester,40.787628,-74.6763,,0.023,,0.025,,0.0
1831,Chester,40.787628,-74.6763,,0.023,,0.028,,0.0
1831,Chester,40.787628,-74.6763,,0.02,,0.032,,0.0
1831,Chester,40.787628,-74.6763,,0.012,,0.04,,0.0
1831,Chester,40.787628,-74.6763,,0.009,,0.04,,0.0
1831,Chester,40.787628,-74.6763,,0.01,,0.037,,0.0
1831,Chester,40.787628,-74.6763,,0.009,,0.031,,0.0
1831,Chester,40.787628,-74.6763,,0.008,,0.03,,0.0
1831,Chester,40.787628,-74.6763,,0.007,,0.026,,
1831,Chester,40.787628,-74.6763,,0.003,,,,0.0
1831,Chester,40.787628,-74.6763,,0.004,,0.028,,0.0
1831,Chester,40.787628,-74.6763,,0.004,,0.03,,0.0
1831,Chester,40.787628,-74.6763,,0.005,,0.027,,0.0
1831,Chester,40.787628,-74.6763,,0.008,,0.023,,0.0
1831,Chester,40.787628,-74.6763,,0.008,,0.024,,0.0
1831,Chester,40.787628,-74.6763,,0.01,,0.02,,0.0
1831,Chester,40.787628,-74.6763,,0.012,,0.012,,
1831,Chester,40.787628,-74.6763,,0.012,,,,0.0
1831,Chester,40.787628,-74.6763,,0.011,,0.008,,0.0
1831,Chester,40.787628,-74.6763,,0.01,,0.009,,0.0
1831,Chester,40.787628,-74.6763,,0.014,,0.009,,0.0
1831,Chester,40.787628,-74.6763,,0.017,,0.013,,0.0
1831,Chester,40.787628,-74.6763,,0.018,,0.021,,0.0
1831,Chester,40.787628,-74.6763,,0.01,,0.033,,0.0
1831,Chester,40.787628,-74.6763,,0.015,,0.022,,0.0
1831,Chester,40.787628,-74.6763,,0.011,,0.025,,0.0
1831,Chester,40.787628,-74.6763,,0.013,,0.02,,0.0
1831,Chester,40.787628,-74.6763,,0.017,,0.015,,
1831,Chester,40.787628,-74.6763,,0.005,,0.027,,0.0
1831,Chester,40.787628,-74.6763,,0.001,,0.026,,0.0
1831,Chester,40.787628,-74.6763,,0.0,,0.037,,0.0
1831,Chester,40.787628,-74.6763,,0.0,,0.038,,0.0
1831,Chester,40.787628,-74.6763,,0.0,,,,0.0
1831,Chester,40.787628,-74.6763,,0.0,,,,0.0
1831,Chester,40.787628,-74.6763,,0.0,,0.046,,0.0
1831,Chester,40.787628,-74.6763,,0.0,,0.047,,0.0
1831,Chester,40.787628,-74.6763,,0.0,,0.047,,0.0
1831,Chester,40.787628,-74.6763,,0.0,,0.049,,0.0
1831,Chester,40.787628,-74.6763,,0.001,,0.045,,0.0
1831,Chester,40.787628,-74.6763,,0.001,,0.043,,0.0
1831,Chester,40.787628,-74.6763,,,,0.04,,0.0
1831,Chester,40.787628,-74.6763,,0.001,,,,0.0
1831,Chester,40.787628,-74.6763,,0.001,,0.04,,0.0
1831,Chester,40.787628,-74.6763,,0.001,,0.043,,0.0
1831,Chester,40.787628,-74.6763,,0.001,,0.041,,0.0
1831,Chester,40.787628,-74.6763,,0.0,,0.042,,0.0
1831,Chester,40.787628,-74.6763,,0.0,,0.044,,0.0
1831,Chester,40.787628,-74.6763,,0.0,,0.044,,0.0
1831,Chester,40.787628,-74.6763,,0.0,,0.045,,0.0
1831,Chester,40.787628,-74.6763,,0.001,,0.043,,0.0
1831,Chester,40.787628,-74.6763,,0.002,,0.041,,
1831,Chester,40.787628,-74.6763,,0.0,,0.045,,0.0
1831,Chester,40.787628,-74.6763,,0.0,,,,0.0
1831,Chester,40.787628,-74.6763,,0.001,,0.042,,
1831,Chester,40.787628,-74.6763,,0.002,,0.04,,0.0
1831,Chester,40.787628,-74.6763,,0.001,,0.045,,0.0
1831,Chester,40.787628,-74.6763,,0.001,,0.046,,0.0
1831,Chester,40.787628,-74.6763,,0.0,,0.051,,0.0
1831,Chester,40.787628,-74.6763,,0.0,,0.051,,0.0
1831,Chester,40.787628,-74.6763,,0.002,,0.046,,0.0
1831,Chester,40.787628,-74.6763,,0.003,,0.043,,0.0
1831,Chester,40.787628,-74.6763,,0.004,,0.041,,0.0
1831,Chester,40.787628,-74.6763,,0.006,,0.038,,0.0
1831,Chester,40.787628,-74.6763,,0.008,,0.032,,0.0
1831,Chester,40.787628,-74.6763,,0.007,,0.034,,0.0
1831,Chester,40.787628,-74.6763,,0.008,,0.03,,
1831,Chester,40.787628,-74.6763,,0.007,,0.027,,0.0
1831,Chester,40.787628,-74.6763,,0.008,,0.024,,0.0
1831,Chester,40.787628,-74.6763,,0.007,,0.027,,0.0
1831,Chester,40.787628,-74.6763,,0.018,,0.026,,0.0
1831,Chester,40.787628,-74.6763,,0.01,,0.037,,0.0
1831,Chester,40.787628,-74.6763,,0.005,,0.042,,0.0
1831,Chester,40.787628,-74.6763,,0.022,,0.017,,0.0
1831,Chester,40.787628,-74.6763,,0.011,,0.026,,0.0
1831,Chester,40.787628,-74.6763,,0.008,,0.027,,0.0
1831,Chester,40.787628,-74.6763,,0.008,,0.026,,0.0
1831,Chester,40.787628,-74.6763,,0.009,,0.023,,
1831,Chester,40.787628,-74.6763,,0.011,,0.02,,0.0
1831,Chester,40.787628,-74.6763,,0.012,,0.018,,0.0
1831,Chester,40.787628,-74.6763,,0.016,,,,0.0
1831,Chester,40.787628,-74.6763,,0.03,,0.002,,0.0
1831,Chester,40.787628,-74.6763,,0.022,,0.009,,0.0
1831,Chester,40.787628,-74.6763,,0.022,,0.01,,0.0
1831,Chester,40.787628,-74.6763,,0.014,,0.015,,0.0
1831,Chester,40.787628,-74.6763,,0.008,,0.017,,0.0
1831,Chester,40.787628,-74.6763,,0.005,,0.028,,0.0
1831,Chester,40.787628,-74.6763,,0.0,,0.044,,0.0
1831,Chester,40.787628,-74.6763,,0.0,,0.044,,0.0
1831,Chester,40.787628,-74.6763,,0.0,,0.046,,0.0
1831,Chester,40.787628,-74.6763,,0.0,,,,0.0
1831,Chester,40.787628,-74.6763,,0.0,,0.045,,0.0
1831,Chester,40.787628,-74.6763,,0.0,,0.045,,0.0
1831,Chester,40.787628,-74.6763,,0.0,,0.043,,0.0
1831,Chester,40.787628,-74.6763,,0.0,,0.044,,0.0
1831,Chester,40.787628,-74.6763,,0.0,,0.045,,0.0
1831,Chester,40.787628,-74.6763,,0.0,,0.046,,0.0
1831,Chester,40.787628,-74.6763,,0.0,,0.049,,0.0
1831,Chester,40.787628,-74.6763,,0.002,,0.044,,0.0
1831,Chester,40.787628,-74.6763,,0.005,,0.033,,0.0
1831,Chester,40.787628,-74.6763,,0.005,,0.041,,0.0
1831,Chester,40.787628,-74.6763,,0.005,,0.042,,0.0
1831,Chester,40.787628,-74.6763,,0.004,,0.044,,0.0
1831,Chester,40.787628,-74.6763,,0.002,,0.045,,0.0
1831,Chester,40.787628,-74.6763,,0.003,,0.046,,0.0
1831,Chester,40.787628,-74.6763,,0.003,,0.053,,0.0
1831,Chester,40.787628,-74.6763,,0.003,,0.053,,0.0
1831,Chester,40.787628,-74.6763,,0.001,,0.053,,0.0
1831,Chester,40.787628,-74.6763,,0.001,,0.042,,
1831,Chester,40.787628,-74.6763,,0.001,,0.041,,0.0
1831,Chester,40.787628,-74.6763,,0.0,,,,0.0
1831,Chester,40.787628,-74.6763,,0.0,,,,0.0
1831,Chester,40.787628,-74.6763,,0.0,,0.05,,0.0
1831,Chester,40.787628,-74.6763,,0.0,,0.047,,0.0
1831,Chester,40.787628,-74.6763,,0.0,,0.046,,0.0
1831,Chester,40.787628,-74.6763,,0.0,,0.047,,0.0
1831,Chester,40.787628,-74.6763,,0.0,,0.048,,0.0
1831,Chester,40.787628,-74.6763,,0.0,,0.048,,0.0
1831,Chester,40.787628,-74.6763,,0.0,,0.045,,0.0
1831,Chester,40.787628,-74.6763,,0.0,,0.043,,0.0
1831,Chester,40.787628,-74.6763,,0.0,,0.041,,0.0
1831,Chester,40.787628,-74.6763,,,,0.04,,0.0
1831,Chester,40.787628,-74.6763,,0.0,,,,0.0
1831,Chester,40.787628,-74.6763,,0.0,,0.037,,0.0
1831,Chester,40.787628,-74.6763,,0.0,,0.036,,0.0
1831,Chester,40.787628,-74.6763,,0.0,,0.041,,0.0
1831,Chester,40.787628,-74.6763,,0.0,,0.046,,0.0
1831,Chester,40.787628,-74.6763,,0.0,,0.046,,0.0
1831,Chester,40.787628,-74.6763,,0.0,,0.045,,0.0
1831,Chester,40.787628,-74.6763,,0.0,,0.045,,0.0
1831,Chester,40.787628,-74.6763,,0.0,,0.045,,0.0
1831,Chester,40.787628,-74.6763,,0.0,,0.043,,0.0
1831,Chester,40.787628,-74.6763,,0.0,,0.044,,0.0
1831,Chester,40.787628,-74.6763,,0.0,,0.045,,
1831,Chester,40.787628,-74.6763,,0.0,,0.045,,0.0
1831,Chester,40.787628,-74.6763,,0.0,,0.044,,0.0
1831,Chester,40.787628,-74.6763,,0.0,,,,0.0
1831,Chester,40.787628,-74.6763,,0.001,,0.042,,0.0
1831,Chester,40.787628,-74.6763,,0.0,,0.043,,0.0
1831,Chester,40.787628,-74.6763,,0.0,,0.045,,0.0
1831,Chester,40.787628,-74.6763,,0.0,,0.047,,0.0
1831,Chester,40.787628,-74.6763,,0.003,,0.044,,0.0
1831,Chester,40.787628,-74.6763,,0.002,,0.044,,0.0
1831,Chester,40.787628,-74.6763,,0.003,,0.038,,0.0
1831,Chester,40.787628,-74.6763,,0.004,,0.034,,0.0
1831,Chester,40.787628,-74.6763,,0.007,,0.031,,0.0
1831,Chester,40.787628,-74.6763,,0.001,,0.047,,0.0
1831,Chester,40.787628,-74.6763,,0.001,,0.045,,0.0
1831,Chester,40.787628,-74.6763,,0.001,,0.044,,0.0
1831,Chester,40.787628,-74.6763,,0.005,,0.038,,0.0
1831,Chester,40.787628,-74.6763,,0.01,,0.035,,0.0
1831,Chester,40.787628,-74.6763,,0.001,,0.046,,0.0
1831,Chester,40.787628,-74.6763,,0.001,,0.046,,0.0
1831,Chester,40.787628,-74.6763,,0.001,,0.051,,0.0
1831,Chester,40.787628,-74.6763,,0.001,,0.052,,0.0
1831,Chester,40.787628,-74.6763,,0.003,,0.05,,0.0
1831,Chester,40.787628,-74.6763,,0.004,,0.047,,0.0
1831,Chester,40.787628,-74.6763,,0.004,,0.044,,0.0
1831,Chester,40.787628,-74.6763,,0.005,,0.043,,0.0
1831,Chester,40.787628,-74.6763,,0.004,,0.042,,
1831,Chester,40.787628,-74.6763,,0.004,,0.041,,0.0
1831,Chester,40.787628,-74.6763,,0.006,,0.039,,0.0
1831,Chester,40.787628,-74.6763,,0.008,,0.04,,0.0
1831,Chester,40.787628,-74.6763,,0.005,,0.046,,0.0
1831,Chester,40.787628,-74.6763,,0.004,,0.047,,0.0
1831,Chester,40.787628,-74.6763,,0.002,,0.056,,0.0
1831,Chester,40.787628,-74.6763,,0.002,,0.051,,0.0
1831,Chester,40.787628,-74.6763,,0.003,,0.048,,0.0
1831,Chester,40.787628,-74.6763,,0.001,,0.049,,0.0
1831,Chester,40.787628,-74.6763,,0.002,,0.047,,0.0
1831,Chester,40.787628,-74.6763,,0.003,,0.044,,0.0
1831,Chester,40.787628,-74.6763,,0.005,,0.042,,0.0
1831,Chester,40.787628,-74.6763,,0.002,,0.057,,0.0
1831,Chester,40.787628,-74.6763,,0.002,,0.062,,0.0
1831,Chester,40.787628,-74.6763,,0.002,,0.071,,0.0
1831,Chester,40.787628,-74.6763,,0.002,,0.071,,0.0
1831,Chester,40.787628,-74.6763,,0.002,,0.071,,0.0
1831,Chester,40.787628,-74.6763,,0.001,,0.073,,0.0
1831,Chester,40.787628,-74.6763,,0.002,,0.064,,0.0
1831,Chester,40.787628,-74.6763,,0.001,,0.055,,0.0
1831,Chester,40.787628,-74.6763,,0.002,,0.048,,0.0
1831,Chester,40.787628,-74.6763,,0.003,,0.048,,0.0
1831,Chester,40.787628,-74.6763,,0.001,,0.047,,0.0
1831,Chester,40.787628,-74.6763,,0.0,,0.045,,0.0
1831,Chester,40.787628,-74.6763,,0.001,,,,0.0
1831,Chester,40.787628,-74.6763,,0.001,,0.046,,0.0
1831,Chester,40.787628,-74.6763,,0.001,,0.044,,0.0
1831,Chester,40.787628,-74.6763,,0.001,,0.042,,0.0
1831,Chester,40.787628,-74.6763,,0.001,,0.042,,0.0
1831,Chester,40.787628,-74.6763,,0.001,,0.042,,0.0
1831,Chester,40.787628,-74.6763,,0.0,,0.042,,0.0
1831,Chester,40.787628,-74.6763,,0.001,,0.042,,0.0
1831,Chester,40.787628,-74.6763,,0.0,,,,0.0
1831,Chester,40.787628,-74.6763,,0.001,,,,0.0
1831,Chester,40.787628,-74.6763,,0.002,,0.04,,
1831,Chester,40.787628,-74.6763,,0.002,,0.039,,0.0
1831,Chester,40.787628,-74.6763,,0.003,,0.038,,0.0
1831,Chester,40.787628,-74.6763,,0.003,,0.038,,0.0
1831,Chester,40.787628,-74.6763,,0.004,,0.032,,0.0
1831,Chester,40.787628,-74.6763,,0.006,,0.029,,0.0
1831,Chester,40.787628,-74.6763,,0.0,,0.051,,0.0
1831,Chester,40.787628,-74.6763,,0.0,,0.051,,0.0
1831,Chester,40.787628,-74.6763,,0.004,,0.032,,0.0
1831,Chester,40.787628,-74.6763,,0.002,,0.029,,0.0
1831,Chester,40.787628,-74.6763,,0.002,,0.028,,0.0
1831,Chester,40.787628,-74.6763,,0.002,,0.03,,0.0
1831,Chester,40.787628,-74.6763,,0.002,,0.032,,0.0
1831,Chester,40.787628,-74.6763,,0.001,,0.034,,0.0
1831,Chester,40.787628,-74.6763,,0.0,,,,0.0
1831,Chester,40.787628,-74.6763,,0.0,,0.033,,0.0
1831,Chester,40.787628,-74.6763,,0.001,,0.032,,0.0
1831,Chester,40.787628,-74.6763,,0.002,,0.03,,0.0
1831,Chester,40.787628,-74.6763,,0.002,,0.03,,0.0
1831,Chester,40.787628,-74.6763,,0.002,,0.033,,0.0
1831,Chester,40.787628,-74.6763,,0.001,,0.035,,0.0
1831,Chester,40.787628,-74.6763,,0.002,,0.034,,0.0
1831,Chester,40.787628,-74.6763,,0.002,,0.035,,0.0
1831,Chester,40.787628,-74.6763,,0.003,,0.036,,0.0
1831,Chester,40.787628,-74.6763,,0.003,,0.037,,0.0
1831,Chester,40.787628,-74.6763,,0.003,,0.038,,0.0
1831,Chester,40.787628,-74.6763,,0.004,,0.034,,0.0
1831,Chester,40.787628,-74.6763,,0.006,,0.029,,
1831,Chester,40.787628,-74.6763,,0.003,,0.031,,0.0
1831,Chester,40.787628,-74.6763,,0.003,,0.03,,0.0
1831,Chester,40.787628,-74.6763,,0.0,,0.036,,0.0
1831,Chester,40.787628,-74.6763,,0.0,,0.047,,0.0
1831,Chester,40.787628,-74.6763,,0.0,,0.046,,
1831,Chester,40.787628,-74.6763,,0.0,,,,0.0
1831,Chester,40.787628,-74.6763,,0.0,,0.043,,0.0
1831,Chester,40.787628,-74.6763,,0.0,,0.042,,0.0
1831,Chester,40.787628,-74.6763,,0.0,,0.044,,0.0
1831,Chester,40.787628,-74.6763,,0.0,,0.046,,0.0
1831,Chester,40.787628,-74.6763,,0.0,,0.04,,0.0
1831,Chester,40.787628,-74.6763,,0.0,,,,0.0
1831,Chester,40.787628,-74.6763,,0.0,,0.053,,0.0
1831,Chester,40.787628,-74.6763,,0.0,,,,0.0
1831,Chester,40.787628,-74.6763,,0.0,,0.049,,0.0
1831,Chester,40.787628,-74.6763,,0.0,,0.053,,0.0
1831,Chester,40.787628,-74.6763,,0.0,,0.055,,0.0
1831,Chester,40.787628,-74.6763,,0.004,,0.042,,0.0
1831,Chester,40.787628,-74.6763,,0.006,,0.041,,
1831,Chester,40.787628,-74.6763,,0.003,,0.052,,0.0
1831,Chester,40.787628,-74.6763,,0.011,,0.046,,0.0
1831,Chester,40.787628,-74.6763,,0.015,,0.046,,0.0
1831,Chester,40.787628,-74.6763,,0.007,,0.057,,0.0
1831,Chester,40.787628,-74.6763,,0.004,,0.059,,0.0
1831,Chester,40.787628,-74.6763,,0.004,,0.058,,0.0
1831,Chester,40.787628,-74.6763,,0.002,,0.057,,0.0
1831,Chester,40.787628,-74.6763,,0.0,,0.06,,0.0
1831,Chester,40.787628,-74.6763,,0.001,,0.054,,0.0
1831,Chester,40.787628,-74.6763,,0.005,,0.039,,0.0
1831,Chester,40.787628,-74.6763,,0.001,,0.048,,0.0
1831,Chester,40.787628,-74.6763,,0.003,,0.044,,0.0
1831,Chester,40.787628,-74.6763,,0.004,,0.041,,0.0
1831,Chester,40.787628,-74.6763,,0.008,,0.036,,0.0
1831,Chester,40.787628,-74.6763,,0.008,,0.037,,0.0
1831,Chester,40.787628,-74.6763,,0.007,,0.029,,0.0
1831,Chester,40.787628,-74.6763,,0.005,,0.03,,0.0
1831,Chester,40.787628,-74.6763,,0.003,,0.03,,0.0
1831,Chester,40.787628,-74.6763,,0.003,,0.03,,0.0
1831,Chester,40.787628,-74.6763,,0.002,,0.032,,0.0
1831,Chester,40.787628,-74.6763,,0.0,,0.035,,0.0
1831,Chester,40.787628,-74.6763,,0.0,,0.04,,0.0
1831,Chester,40.787628,-74.6763,,0.0,,0.038,,0.0
1831,Chester,40.787628,-74.6763,,0.001,,0.035,,0.0
1831,Chester,40.787628,-74.6763,,0.0,,0.04,,0.0
1831,Chester,40.787628,-74.6763,,0.0,,0.047,,0.0
1831,Chester,40.787628,-74.6763,,0.0,,0.051,,0.0
1831,Chester,40.787628,-74.6763,,0.0,,0.052,,0.0
1831,Chester,40.787628,-74.6763,,0.0,,0.052,,0.0
1831,Chester,40.787628,-74.6763,,0.0,,0.051,,0.0
1831,Chester,40.787628,-74.6763,,0.0,,0.05,,0.0
1831,Chester,40.787628,-74.6763,,0.0,,0.049,,0.0
1831,Chester,40.787628,-74.6763,,0.0,,0.049,,0.0
1831,Chester,40.787628,-74.6763,,0.0,,0.048,,0.0
1831,Chester,40.787628,-74.6763,,0.001,,0.047,,0.0
1831,Chester,40.787628,-74.6763,,0.001,,0.044,,0.0
1831,Chester,40.787628,-74.6763,,0.002,,0.043,,0.0
1831,Chester,40.787628,-74.6763,,0.002,,0.042,,0.0
1831,Chester,40.787628,-74.6763,,0.002,,0.04,,0.0
1831,Chester,40.787628,-74.6763,,0.002,,0.038,,0.0
1831,Chester,40.787628,-74.6763,,0.001,,0.039,,
1831,Chester,40.787628,-74.6763,,0.001,,0.039,,0.0
1831,Chester,40.787628,-74.6763,,0.006,,0.033,,0.0
1831,Chester,40.787628,-74.6763,,0.008,,,,0.0
1831,Chester,40.787628,-74.6763,,0.006,,0.033,,0.0
1831,Chester,40.787628,-74.6763,,0.01,,0.028,,0.0
1831,Chester,40.787628,-74.6763,,0.013,,0.026,,0.0
1831,Chester,40.787628,-74.6763,,0.02,,0.019,,0.0
1831,Chester,40.787628,-74.6763,,0.017,,0.027,,0.0
1831,Chester,40.787628,-74.6763,,0.008,,0.045,,0.0
1831,Chester,40.787628,-74.6763,,0.008,,0.045,,0.0
1831,Chester,40.787628,-74.6763,,0.01,,0.038,,0.0
1831,Chester,40.787628,-74.6763,,0.006,,0.039,,0.0
1831,Chester,40.787628,-74.6763,,0.004,,0.036,,0.0
1831,Chester,40.787628,-74.6763,,0.004,,0.028,,0.0
1831,Chester,40.787628,-74.6763,,0.003,,0.027,,0.0
1831,Chester,40.787628,-74.6763,,0.002,,0.028,,
1831,Chester,40.787628,-74.6763,,0.001,,0.032,,0.0
1831,Chester,40.787628,-74.6763,,0.002,,0.03,,0.0
1831,Chester,40.787628,-74.6763,,0.001,,,,0.0
1831,Chester,40.787628,-74.6763,,0.001,,,,0.0
1831,Chester,40.787628,-74.6763,,0.002,,0.028,,0.0
1831,Chester,40.787628,-74.6763,,0.002,,0.03,,0.0
1831,Chester,40.787628,-74.6763,,0.002,,0.034,,0.0
1831,Chester,40.787628,-74.6763,,0.002,,0.035,,0.0
1831,Chester,40.787628,-74.6763,,0.002,,0.038,,0.0
1831,Chester,40.787628,-74.6763,,0.002,,0.041,,0.0
1831,Chester,40.787628,-74.6763,,0.003,,0.046,,0.0
1831,Chester,40.787628,-74.6763,,0.002,,0.062,,0.0
1831,Chester,40.787628,-74.6763,,0.002,,0.064,,0.0
1831,Chester,40.787628,-74.6763,,0.002,,0.06,,0.0
1831,Chester,40.787628,-74.6763,,0.002,,0.059,,0.0
1831,Chester,40.787628,-74.6763,,0.001,,0.057,,0.0
1831,Chester,40.787628,-74.6763,,0.0,,0.052,,0.0
1831,Chester,40.787628,-74.6763,,0.0,,0.047,,0.0
1831,Chester,40.787628,-74.6763,,0.001,,0.046,,0.0
1831,Chester,40.787628,-74.6763,,0.0,,0.046,,0.0
1831,Chester,40.787628,-74.6763,,,,0.044,,0.0
1831,Chester,40.787628,-74.6763,,0.0,,,,0.0
1831,Chester,40.787628,-74.6763,,0.0,,0.041,,0.0
1831,Chester,40.787628,-74.6763,,0.0,,0.039,,0.0
1831,Chester,40.787628,-74.6763,,0.0,,0.033,,0.0
1831,Chester,40.787628,-74.6763,,0.0,,0.036,,0.0
1831,Chester,40.787628,-74.6763,,0.0,,0.034,,0.0
1831,Chester,40.787628,-74.6763,,0.0,,0.036,,0.0
1831,Chester,40.787628,-74.6763,,0.0,,0.038,,0.0
1831,Chester,40.787628,-74.6763,,0.0,,0.034,,0.0
1831,Chester,40.787628,-74.6763,,0.0,,0.03,,0.0
1831,Chester,40.787628,-74.6763,,0.0,,0.03,,0.0
1831,Chester,40.787628,-74.6763,,0.0,,0.032,,0.0
1831,Chester,40.787628,-74.6763,,0.0,,0.037,,0.0
1831,Chester,40.787628,-74.6763,,0.0,,0.037,,0.0
1831,Chester,40.787628,-74.6763,,0.0,,0.037,,0.0
1831,Chester,40.787628,-74.6763,,0.0,,0.036,,0.0
1831,Chester,40.787628,-74.6763,,0.001,,0.033,,0.0
1831,Chester,40.787628,-74.6763,,0.001,,0.033,,0.0
1831,Chester,40.787628,-74.6763,,0.0,,0.037,,0.0
1831,Chester,40.787628,-74.6763,,0.0,,0.036,,
1831,Chester,40.787628,-74.6763,,0.001,,0.037,,0.0
1831,Chester,40.787628,-74.6763,,0.001,,0.037,,0.0
1831,Chester,40.787628,-74.6763,,0.001,,,,0.0
1831,Chester,40.787628,-74.6763,,0.002,,0.04,,
1831,Chester,40.787628,-74.6763,,0.001,,0.042,,0.0
1831,Chester,40.787628,-74.6763,,0.0,,0.045,,0.0
1831,Chester,40.787628,-74.6763,,0.0,,0.046,,0.0
1831,Chester,40.787628,-74.6763,,0.0,,0.044,,0.0
1831,Chester,40.787628,-74.6763,,0.0,,0.042,,0.0
1831,Chester,40.787628,-74.6763,,0.0,,0.041,,0.0
1831,Chester,40.787628,-74.6763,,0.0,,0.041,,0.0
1831,Chester,40.787628,-74.6763,,0.0,,0.042,,0.0
1831,Chester,40.787628,-74.6763,,0.0,,0.043,,0.0
1831,Chester,40.787628,-74.6763,,0.001,,0.04,,0.0
1831,Chester,40.787628,-74.6763,,0.001,,0.039,,0.0
1831,Chester,40.787628,-74.6763,,0.001,,0.039,,0.0
1831,Chester,40.787628,-74.6763,,0.001,,0.039,,0.0
1831,Chester,40.787628,-74.6763,,0.002,,0.036,,0.0
1831,Chester,40.787628,-74.6763,,0.002,,0.034,,0.0
1831,Chester,40.787628,-74.6763,,0.001,,0.038,,0.0
1831,Chester,40.787628,-74.6763,,0.001,,0.039,,0.0
1831,Chester,40.787628,-74.6763,,0.001,,0.039,,0.0
1831,Chester,40.787628,-74.6763,,0.001,,0.039,,
1831,Chester,40.787628,-74.6763,,0.001,,0.037,,0.0
1831,Chester,40.787628,-74.6763,,0.004,,0.032,,0.0
1831,Chester,40.787628,-74.6763,,0.003,,,,0.001
1831,Chester,40.787628,-74.6763,,0.004,,0.042,,0.001
1831,Chester,40.787628,-74.6763,,0.007,,0.04,,0.0
1831,Chester,40.787628,-74.6763,,0.005,,0.041,,0.0
1831,Chester,40.787628,-74.6763,,0.002,,0.05,,0.0
1831,Chester,40.787628,-74.6763,,0.001,,0.053,,0.0
1831,Chester,40.787628,-74.6763,,0.002,,0.058,,0.0
1831,Chester,40.787628,-74.6763,,0.002,,0.063,,0.0
1831,Chester,40.787628,-74.6763,,0.002,,0.068,,0.0
1831,Chester,40.787628,-74.6763,,0.001,,0.073,,0.0
1831,Chester,40.787628,-74.6763,,0.001,,0.072,,0.0
1831,Chester,40.787628,-74.6763,,0.0,,0.072,,0.0
1831,Chester,40.787628,-74.6763,,0.001,,0.072,,0.0
1831,Chester,40.787628,-74.6763,,0.001,,0.072,,0.0
1831,Chester,40.787628,-74.6763,,0.001,,0.07,,0.0
1831,Chester,40.787628,-74.6763,,0.002,,0.07,,0.0
1831,Chester,40.787628,-74.6763,,0.002,,0.07,,0.0
1831,Chester,40.787628,-74.6763,,0.001,,0.069,,0.0
1831,Chester,40.787628,-74.6763,,0.001,,0.067,,0.0
1831,Chester,40.787628,-74.6763,,0.001,,0.065,,
1831,Chester,40.787628,-74.6763,,0.002,,0.061,,0.0
1831,Chester,40.787628,-74.6763,,0.002,,0.059,,0.0
1831,Chester,40.787628,-74.6763,,0.002,,,,0.0
1831,Chester,40.787628,-74.6763,,0.003,,0.052,,0.0
1831,Chester,40.787628,-74.6763,,0.008,,0.046,,0.0
1831,Chester,40.787628,-74.6763,,0.004,,0.056,,0.001
1831,Chester,40.787628,-74.6763,,0.002,,0.063,,0.001
1831,Chester,40.787628,-74.6763,,0.002,,0.065,,0.001
1831,Chester,40.787628,-74.6763,,0.001,,0.074,,0.0
1831,Chester,40.787628,-74.6763,,0.0,,0.073,,0.0
1831,Chester,40.787628,-74.6763,,0.001,,0.072,,0.0
1831,Chester,40.787628,-74.6763,,0.001,,0.076,,0.0
1831,Chester,40.787628,-74.6763,,0.001,,0.075,,0.0
1831,Chester,40.787628,-74.6763,,0.001,,0.071,,0.0
1831,Chester,40.787628,-74.6763,,0.001,,0.069,,0.0
1831,Chester,40.787628,-74.6763,,0.001,,0.073,,0.0
1831,Chester,40.787628,-74.6763,,0.001,,0.071,,0.0
1831,Chester,40.787628,-74.6763,,0.001,,0.067,,0.0
1831,Chester,40.787628,-74.6763,,0.001,,0.066,,
1831,Chester,40.787628,-74.6763,,0.001,,0.063,,0.0
1831,Chester,40.787628,-74.6763,,0.002,,0.059,,0.0
1831,Chester,40.787628,-74.6763,,0.002,,,,0.0
1831,Chester,40.787628,-74.6763,,0.002,,0.053,,0.0
1831,Chester,40.787628,-74.6763,,0.003,,0.053,,0.0
1831,Chester,40.787628,-74.6763,,0.005,,0.05,,0.0
1831,Chester,40.787628,-74.6763,,0.005,,0.047,,0.0
1831,Chester,40.787628,-74.6763,,0.003,,0.05,,0.0
1831,Chester,40.787628,-74.6763,,0.001,,0.06,,0.0
1831,Chester,40.787628,-74.6763,,0.001,,0.062,,0.0
1831,Chester,40.787628,-74.6763,,0.0,,0.063,,0.0
1831,Chester,40.787628,-74.6763,,0.0,,0.061,,0.0
1831,Chester,40.787628,-74.6763,,0.001,,0.064,,0.0
1831,Chester,40.787628,-74.6763,,0.001,,0.064,,0.0
1831,Chester,40.787628,-74.6763,,0.0,,0.064,,0.0
1831,Chester,40.787628,-74.6763,,0.0,,0.056,,0.0
1831,Chester,40.787628,-74.6763,,0.001,,0.042,,0.0
1831,Chester,40.787628,-74.6763,,0.001,,0.031,,0.0
1831,Chester,40.787628,-74.6763,,0.0,,0.031,,
1831,Chester,40.787628,-74.6763,,0.0,,0.033,,0.0
1831,Chester,40.787628,-74.6763,,0.001,,0.037,,0.0
1831,Chester,40.787628,-74.6763,,0.001,,,,0.0
1831,Chester,40.787628,-74.6763,,0.001,,0.041,,0.0
1831,Chester,40.787628,-74.6763,,0.001,,0.038,,0.0
1831,Chester,40.787628,-74.6763,,0.002,,0.035,,0.0
1831,Chester,40.787628,-74.6763,,0.003,,0.034,,0.0
1831,Chester,40.787628,-74.6763,,0.002,,0.036,,0.0
1831,Chester,40.787628,-74.6763,,0.002,,0.037,,0.0
1831,Chester,40.787628,-74.6763,,0.003,,0.036,,0.0
1831,Chester,40.787628,-74.6763,,0.002,,0.045,,0.0
1831,Chester,40.787628,-74.6763,,0.003,,0.057,,0.0
1831,Chester,40.787628,-74.6763,,0.001,,0.065,,0.0
1831,Chester,40.787628,-74.6763,,0.001,,0.061,,0.0
1831,Chester,40.787628,-74.6763,,0.001,,0.06,,0.0
1831,Chester,40.787628,-74.6763,,0.001,,0.061,,0.0
1831,Chester,40.787628,-74.6763,,0.0,,0.059,,0.0
1831,Chester,40.787628,-74.6763,,0.0,,0.056,,0.0
1831,Chester,40.787628,-74.6763,,0.0,,0.058,,0.0
1831,Chester,40.787628,-74.6763,,0.0,,0.052,,
1831,Chester,40.787628,-74.6763,,0.0,,0.052,,0.0
1831,Chester,40.787628,-74.6763,,0.0,,0.051,,0.0
1831,Chester,40.787628,-74.6763,,0.0,,,,0.0
1831,Chester,40.787628,-74.6763,,0.0,,,,0.0
1831,Chester,40.787628,-74.6763,,0.0,,0.049,,0.0
1831,Chester,40.787628,-74.6763,,0.0,,0.048,,0.0
1831,Chester,40.787628,-74.6763,,0.0,,0.048,,0.0
1831,Chester,40.787628,-74.6763,,0.0,,0.05,,0.0
1831,Chester,40.787628,-74.6763,,0.0,,0.051,,0.0
1831,Chester,40.787628,-74.6763,,0.0,,0.053,,0.0
1831,Chester,40.787628,-74.6763,,0.0,,0.057,,0.0
1831,Chester,40.787628,-74.6763,,0.0,,0.058,,0.0
1831,Chester,40.787628,-74.6763,,0.0,,0.058,,0.0
1831,Chester,40.787628,-74.6763,,0.0,,0.059,,0.0
1831,Chester,40.787628,-74.6763,,0.0,,0.058,,0.0
1831,Chester,40.787628,-74.6763,,0.0,,0.058,,0.0
1831,Chester,40.787628,-74.6763,,0.0,,0.057,,0.0
1831,Chester,40.787628,-74.6763,,0.001,,0.055,,0.0
1831,Chester,40.787628,-74.6763,,0.001,,0.054,,0.0
1831,Chester,40.787628,-74.6763,,0.001,,0.053,,0.0
1831,Chester,40.787628,-74.6763,,0.001,,0.051,,0.0
1831,Chester,40.787628,-74.6763,,0.001,,0.048,,0.0
1831,Chester,40.787628,-74.6763,,0.001,,0.047,,
1831,Chester,40.787628,-74.6763,,,,0.044,,0.0
1831,Chester,40.787628,-74.6763,,,,0.041,,0.0
1831,Chester,40.787628,-74.6763,,0.001,,0.036,,0.0
1831,Chester,40.787628,-74.6763,,0.001,,0.034,,0.0
1831,Chester,40.787628,-74.6763,,0.001,,0.041,,0.0
1831,Chester,40.787628,-74.6763,,0.0,,0.054,,0.0
1831,Chester,40.787628,-74.6763,,0.0,,0.051,,0.0
1831,Chester,40.787628,-74.6763,,0.0,,0.051,,0.0
1831,Chester,40.787628,-74.6763,,0.0,,0.051,,0.0
1831,Chester,40.787628,-74.6763,,0.001,,0.048,,0.0
1831,Chester,40.787628,-74.6763,,0.002,,0.047,,0.0
1831,Chester,40.787628,-74.6763,,0.002,,0.049,,0.0
1831,Chester,40.787628,-74.6763,,0.001,,0.051,,0.0
1831,Chester,40.787628,-74.6763,,0.001,,0.049,,0.0
1831,Chester,40.787628,-74.6763,,0.001,,0.047,,0.0
1831,Chester,40.787628,-74.6763,,0.0,,0.046,,0.0
1831,Chester,40.787628,-74.6763,,0.0,,0.049,,0.0
1831,Chester,40.787628,-74.6763,,0.0,,0.048,,0.0
1831,Chester,40.787628,-74.6763,,0.0,,0.046,,0.0
1831,Chester,40.787628,-74.6763,,0.0,,0.047,,0.0
1831,Chester,40.787628,-74.6763,,0.0,,0.047,,
1831,Chester,40.787628,-74.6763,,0.0,,0.045,,0.0
1831,Chester,40.787628,-74.6763,,,,,,0.0
1831,Chester,40.787628,-74.6763,,,,,,0.0
1831,Chester,40.787628,-74.6763,,,,0.037,,
1831,Chester,40.787628,-74.6763,,,,0.037,,0.0
1831,Chester,40.787628,-74.6763,,,,0.04,,0.0
1831,Chester,40.787628,-74.6763,,,,0.049,,0.0
1831,Chester,40.787628,-74.6763,,,,0.052,,0.0
1831,Chester,40.787628,-74.6763,,,,0.053,,0.0
1831,Chester,40.787628,-74.6763,,,,0.053,,0.0
1831,Chester,40.787628,-74.6763,,,,0.052,,0.0
1831,Chester,40.787628,-74.6763,,,,0.052,,0.0
1831,Chester,40.787628,-74.6763,,,,0.05,,0.0
1831,Chester,40.787628,-74.6763,,,,0.048,,0.0
1831,Chester,40.787628,-74.6763,,,,0.053,,0.0
1831,Chester,40.787628,-74.6763,,,,0.049,,0.0
1831,Chester,40.787628,-74.6763,,,,0.047,,0.0
1831,Chester,40.787628,-74.6763,,,,0.046,,0.0
1831,Chester,40.787628,-74.6763,,,,0.041,,
1831,Chester,40.787628,-74.6763,,,,0.038,,0.0
1831,Chester,40.787628,-74.6763,,,,0.037,,0.0
1831,Chester,40.787628,-74.6763,,,,0.033,,0.0
1831,Chester,40.787628,-74.6763,,,,0.042,,0.0
1831,Chester,40.787628,-74.6763,,,,0.053,,0.0
1831,Chester,40.787628,-74.6763,,,,0.05,,0.0
1831,Chester,40.787628,-74.6763,,,,0.05,,0.0
1831,Chester,40.787628,-74.6763,,,,0.049,,0.0
1831,Chester,40.787628,-74.6763,,,,0.055,,0.0
1831,Chester,40.787628,-74.6763,,,,0.057,,0.0
1831,Chester,40.787628,-74.6763,,,,0.054,,0.0
1831,Chester,40.787628,-74.6763,,,,0.053,,0.0
1831,Chester,40.787628,-74.6763,,,,0.051,,0.0
1831,Chester,40.787628,-74.6763,,,,0.048,,0.0
1831,Chester,40.787628,-74.6763,,,,0.047,,0.0
1831,Chester,40.787628,-74.6763,,,,0.045,,0.0
1831,Chester,40.787628,-74.6763,,,,0.043,,0.0
1831,Chester,40.787628,-74.6763,,,,0.042,,0.0
1831,Chester,40.787628,-74.6763,,,,0.039,,0.0
1831,Chester,40.787628,-74.6763,,,,0.036,,
1831,Chester,40.787628,-74.6763,,,,0.038,,
1831,Chester,40.787628,-74.6763,,,,0.036,,
1831,Chester,40.787628,-74.6763,,,,0.038,,
1831,Chester,40.787628,-74.6763,,,,0.041,,
1831,Chester,40.787628,-74.6763,,,,0.045,,
1831,Chester,40.787628,-74.6763,,,,0.053,,
1831,Chester,40.787628,-74.6763,,,,0.06,,
1831,Chester,40.787628,-74.6763,,,,0.058,,
1831,Chester,40.787628,-74.6763,,,,0.063,,
1831,Chester,40.787628,-74.6763,,,,0.065,,
1831,Chester,40.787628,-74.6763,,,,0.071,,
1831,Chester,40.787628,-74.6763,,,,0.072,,
1831,Chester,40.787628,-74.6763,,,,0.065,,
1831,Chester,40.787628,-74.6763,,,,0.06,,
1831,Chester,40.787628,-74.6763,,,,0.05,,
1831,Chester,40.787628,-74.6763,,,,0.044,,
1831,Chester,40.787628,-74.6763,,,,0.042,,
1831,Chester,40.787628,-74.6763,,,,0.039,,
1831,Chester,40.787628,-74.6763,,,,0.036,,
1831,Chester,40.787628,-74.6763,,,,0.035,,
1831,Chester,40.787628,-74.6763,,,,0.033,,
1831,Chester,40.787628,-74.6763,,,,0.018,,
1831,Chester,40.787628,-74.6763,,,,0.019,,
1831,Chester,40.787628,-74.6763,,,,0.023,,
1831,Chester,40.787628,-74.6763,,,,0.031,,
1831,Chester,40.787628,-74.6763,,,,0.037,,
1831,Chester,40.787628,-74.6763,,,,0.036,,
1831,Chester,40.787628,-74.6763,,,,0.032,,
1831,Chester,40.787628,-74.6763,,,,0.036,,
1831,Chester,40.787628,-74.6763,,,,0.045,,
1831,Chester,40.787628,-74.6763,,,,0.051,,
1831,Chester,40.787628,-74.6763,,,,0.055,,
1831,Chester,40.787628,-74.6763,0.0,,0.0,,,
1831,Chester,40.787628,-74.6763,0.0,,0.0,,,
1831,Chester,40.787628,-74.6763,0.0,,0.0,,,
1831,Chester,40.787628,-74.6763,0.0,,0.0,,,
1831,Chester,40.787628,-74.6763,0.0,,0.001,,,
1831,Chester,40.787628,-74.6763,0.0,,0.0,,,
1831,Chester,40.787628,-74.6763,0.0,,0.001,,,
1831,Chester,40.787628,-74.6763,0.0,,0.001,,,
1831,Chester,40.787628,-74.6763,0.0,,0.003,,,
1831,Chester,40.787628,-74.6763,0.0,,0.004,,,
1831,Chester,40.787628,-74.6763,0.0,,0.002,,,
1831,Chester,40.787628,-74.6763,0.0,,0.0,,,
1831,Chester,40.787628,-74.6763,0.0,,0.0,,,
1831,Chester,40.787628,-74.6763,0.0,,0.0,,,
1831,Chester,40.787628,-74.6763,0.0,,0.0,,,
1831,Chester,40.787628,-74.6763,0.0,,0.0,,,
1831,Chester,40.787628,-74.6763,0.0,,0.0,,,
1831,Chester,40.787628,-74.6763,0.0,,0.0,,,
1831,Chester,40.787628,-74.6763,0.0,,0.0,,,
1831,Chester,40.787628,-74.6763,0.0,,0.0,,,
1831,Chester,40.787628,-74.6763,0.0,,0.0,,,
1831,Chester,40.787628,-74.6763,0.0,,0.0,,,
1831,Chester,40.787628,-74.6763,0.0,,0.0,,,
1831,Chester,40.787628,-74.6763,0.0,,0.0,,,
1831,Chester,40.787628,-74.6763,0.0,,0.0,,,
1831,Chester,40.787628,-74.6763,0.0,,0.0,,,
1831,Chester,40.787628,-74.6763,0.0,,0.0,,,
1831,Chester,40.787628,-74.6763,0.0,,0.0,,,
1831,Chester,40.787628,-74.6763,0.0,,0.0,,,
1831,Chester,40.787628,-74.6763,0.0,,0.0,,,
1831,Chester,40.787628,-74.6763,0.0,,0.0,,,
1831,Chester,40.787628,-74.6763,0.0,,0.002,,,
1831,Chester,40.787628,-74.6763,0.0,,0.006,,,
1831,Chester,40.787628,-74.6763,0.0,,0.003,,,
1831,Chester,40.787628,-74.6763,0.0,,0.001,,,
1831,Chester,40.787628,-74.6763,0.0,,0.0,,,
1831,Chester,40.787628,-74.6763,0.0,,0.001,,,
1831,Chester,40.787628,-74.6763,0.0,,0.001,,,
1831,Chester,40.787628,-74.6763,0.0,,0.003,,,
1831,Chester,40.787628,-74.6763,0.0,,0.003,,,
1831,Chester,40.787628,-74.6763,0.0,,0.004,,,
1831,Chester,40.787628,-74.6763,0.0,,0.006,,,
1831,Chester,40.787628,-74.6763,0.0,,0.008,,,
1831,Chester,40.787628,-74.6763,0.0,,0.011,,,
1831,Chester,40.787628,-74.6763,0.002,,0.011,,,
1831,Chester,40.787628,-74.6763,0.001,,0.006,,,
1831,Chester,40.787628,-74.6763,0.002,,0.01,,,
1831,Chester,40.787628,-74.6763,0.001,,0.009,,,
1831,Chester,40.787628,-74.6763,0.0,,0.003,,,
1831,Chester,40.787628,-74.6763,0.0,,0.002,,,
1831,Chester,40.787628,-74.6763,0.0,,0.001,,,
1831,Chester,40.787628,-74.6763,0.0,,0.001,,,
1831,Chester,40.787628,-74.6763,0.0,,0.001,,,
1831,Chester,40.787628,-74.6763,0.0,,0.002,,,
1831,Chester,40.787628,-74.6763,0.0,,0.002,,,
1831,Chester,40.787628,-74.6763,0.0,,0.004,,,
1831,Chester,40.787628,-74.6763,0.0,,0.005,,,
1831,Chester,40.787628,-74.6763,0.0,,0.005,,,
1831,Chester,40.787628,-74.6763,0.0,,0.004,,,
1831,Chester,40.787628,-74.6763,0.0,,0.006,,,
1831,Chester,40.787628,-74.6763,0.0,,0.004,,,
1831,Chester,40.787628,-74.6763,0.0,,0.003,,,
1831,Chester,40.787628,-74.6763,0.0,,0.002,,,
1831,Chester,40.787628,-74.6763,0.0,,0.002,,,
1831,Chester,40.787628,-74.6763,0.0,,0.001,,,
1831,Chester,40.787628,-74.6763,0.0,,0.001,,,
1831,Chester,40.787628,-74.6763,0.0,,0.001,,,
1831,Chester,40.787628,-74.6763,0.0,,0.002,,,
1831,Chester,40.787628,-74.6763,0.0,,0.002,,,
1831,Chester,40.787628,-74.6763,0.0,,0.0,,,
1831,Chester,40.787628,-74.6763,0.0,,0.001,,,
1831,Chester,40.787628,-74.6763,0.0,,0.001,,,
1831,Chester,40.787628,-74.6763,0.0,,0.0,,,
1831,Chester,40.787628,-74.6763,0.0,,0.0,,,
1831,Chester,40.787628,-74.6763,0.0,,0.0,,,
1831,Chester,40.787628,-74.6763,0.0,,0.0,,,
1831,Chester,40.787628,-74.6763,0.0,,0.0,,,
1831,Chester,40.787628,-74.6763,0.0,,0.001,,,
1831,Chester,40.787628,-74.6763,0.0,,0.0,,,
1831,Chester,40.787628,-74.6763,0.0,,0.0,,,
1831,Chester,40.787628,-74.6763,0.0,,0.0,,,
1831,Chester,40.787628,-74.6763,0.0,,0.0,,,
1831,Chester,40.787628,-74.6763,0.0,,0.0,,,
1831,Chester,40.787628,-74.6763,0.0,,0.0,,,
1831,Chester,40.787628,-74.6763,0.0,,0.0,,,
1831,Chester,40.787628,-74.6763,0.0,,0.0,,,
1831,Chester,40.787628,-74.6763,0.0,,0.0,,,
1831,Chester,40.787628,-74.6763,0.0,,0.0,,,
1831,Chester,40.787628,-74.6763,0.0,,0.0,,,
1831,Chester,40.787628,-74.6763,0.0,,0.0,,,
1831,Chester,40.787628,-74.6763,0.0,,0.0,,,
1831,Chester,40.787628,-74.6763,0.0,,0.0,,,
1831,Chester,40.787628,-74.6763,0.0,,0.0,,,
1831,Chester,40.787628,-74.6763,0.0,,0.0,,,
1831,Chester,40.787628,-74.6763,0.0,,0.0,,,
1831,Chester,40.787628,-74.6763,0.0,,0.0,,,
1831,Chester,40.787628,-74.6763,0.0,,0.0,,,
1831,Chester,40.787628,-74.6763,0.0,,0.0,,,
1831,Chester,40.787628,-74.6763,0.0,,0.0,,,
1831,Chester,40.787628,-74.6763,0.0,,0.0,,,
1831,Chester,40.787628,-74.6763,0.0,,0.0,,,
1831,Chester,40.787628,-74.6763,0.0,,0.0,,,
1831,Chester,40.787628,-74.6763,0.0,,0.0,,,
1831,Chester,40.787628,-74.6763,0.0,,0.0,,,
1831,Chester,40.787628,-74.6763,0.0,,0.001,,,
1831,Chester,40.787628,-74.6763,0.0,,0.0,,,
1831,Chester,40.787628,-74.6763,0.0,,0.0,,,
1831,Chester,40.787628,-74.6763,0.0,,0.0,,,
1831,Chester,40.787628,-74.6763,0.0,,0.0,,,
1831,Chester,40.787628,-74.6763,0.0,,0.002,,,
1831,Chester,40.787628,-74.6763,0.0,,0.008,,,
1831,Chester,40.787628,-74.6763,0.001,,0.014,,,
1831,Chester,40.787628,-74.6763,0.002,,0.011,,,
1831,Chester,40.787628,-74.6763,0.002,,0.007,,,
1831,Chester,40.787628,-74.6763,0.002,,0.009,,,
1831,Chester,40.787628,-74.6763,0.001,,0.006,,,
1831,Chester,40.787628,-74.6763,0.001,,0.004,,,
1831,Chester,40.787628,-74.6763,0.0,,0.004,,,
1831,Chester,40.787628,-74.6763,0.0,,0.002,,,
1831,Chester,40.787628,-74.6763,0.0,,0.001,,,
1831,Chester,40.787628,-74.6763,0.0,,0.001,,,
1831,Chester,40.787628,-74.6763,0.0,,0.001,,,
1831,Chester,40.787628,-74.6763,0.0,,0.001,,,
1831,Chester,40.787628,-74.6763,0.0,,0.002,,,
1831,Chester,40.787628,-74.6763,0.0,,0.002,,,
1831,Chester,40.787628,-74.6763,0.0,,0.002,,,
1831,Chester,40.787628,-74.6763,0.0,,0.002,,,
1831,Chester,40.787628,-74.6763,0.0,,0.002,,,
1831,Chester,40.787628,-74.6763,0.0,,0.002,,,
1831,Chester,40.787628,-74.6763,0.0,,0.002,,,
1831,Chester,40.787628,-74.6763,0.0,,0.002,,,
1831,Chester,40.787628,-74.6763,0.0,,0.002,,,
1831,Chester,40.787628,-74.6763,0.0,,0.001,,,
1831,Chester,40.787628,-74.6763,0.0,,0.001,,,
1831,Chester,40.787628,-74.6763,0.0,,0.002,,,
1831,Chester,40.787628,-74.6763,0.0,,0.004,,,
1831,Chester,40.787628,-74.6763,0.001,,0.006,,,
1831,Chester,40.787628,-74.6763,0.001,,0.007,,,
1831,Chester,40.787628,-74.6763,0.0,,0.003,,,
1831,Chester,40.787628,-74.6763,0.0,,0.003,,,
1831,Chester,40.787628,-74.6763,0.0,,0.004,,,
1831,Chester,40.787628,-74.6763,0.0,,0.003,,,
1831,Chester,40.787628,-74.6763,0.0,,0.002,,,
1831,Chester,40.787628,-74.6763,0.0,,0.001,,,
1831,Chester,40.787628,-74.6763,0.0,,0.001,,,
1831,Chester,40.787628,-74.6763,0.0,,0.001,,,
1831,Chester,40.787628,-74.6763,0.0,,0.001,,,
1831,Chester,40.787628,-74.6763,0.0,,0.002,,,
1831,Chester,40.787628,-74.6763,0.0,,0.001,,,
1831,Chester,40.787628,-74.6763,0.0,,0.001,,,
1831,Chester,40.787628,-74.6763,0.0,,0.002,,,
1831,Chester,40.787628,-74.6763,0.0,,0.002,,,
1831,Chester,40.787628,-74.6763,0.0,,0.002,,,
1831,Chester,40.787628,-74.6763,0.0,,0.006,,,
1831,Chester,40.787628,-74.6763,0.0,,0.004,,,
1831,Chester,40.787628,-74.6763,0.0,,0.003,,,
1831,Chester,40.787628,-74.6763,0.0,,0.003,,,
1831,Chester,40.787628,-74.6763,0.0,,0.002,,,
1831,Chester,40.787628,-74.6763,0.0,,0.002,,,
1831,Chester,40.787628,-74.6763,0.0,,0.002,,,
1831,Chester,40.787628,-74.6763,0.0,,0.005,,,
1831,Chester,40.787628,-74.6763,0.0,,0.007,,,
1831,Chester,40.787628,-74.6763,0.001,,0.01,,,
1831,Chester,40.787628,-74.6763,0.001,,0.014,,,
1831,Chester,40.787628,-74.6763,0.002,,0.018,,,
1831,Chester,40.787628,-74.6763,0.002,,0.016,,,
1831,Chester,40.787628,-74.6763,0.002,,0.017,,,
1831,Chester,40.787628,-74.6763,0.001,,0.017,,,
1831,Chester,40.787628,-74.6763,0.001,,0.017,,,
1831,Chester,40.787628,-74.6763,0.0,,0.014,,,
1831,Chester,40.787628,-74.6763,0.0,,0.011,,,
1831,Chester,40.787628,-74.6763,0.0,,0.009,,,
1831,Chester,40.787628,-74.6763,0.0,,0.008,,,
1831,Chester,40.787628,-74.6763,0.0,,0.008,,,
1831,Chester,40.787628,-74.6763,0.0,,0.009,,,
1831,Chester,40.787628,-74.6763,0.0,,0.008,,,
1831,Chester,40.787628,-74.6763,0.0,,0.007,,,
1831,Chester,40.787628,-74.6763,0.0,,0.006,,,
1831,Chester,40.787628,-74.6763,0.0,,0.006,,,
1831,Chester,40.787628,-74.6763,0.0,,0.005,,,
1831,Chester,40.787628,-74.6763,0.0,,0.006,,,
1831,Chester,40.787628,-74.6763,0.0,,0.006,,,
1831,Chester,40.787628,-74.6763,0.001,,0.007,,,
1831,Chester,40.787628,-74.6763,0.002,,0.008,,,
1831,Chester,40.787628,-74.6763,0.001,,0.005,,,
1831,Chester,40.787628,-74.6763,0.001,,0.005,,,
1831,Chester,40.787628,-74.6763,0.003,,0.007,,,
1831,Chester,40.787628,-74.6763,0.005,,0.012,,,
1831,Chester,40.787628,-74.6763,0.0,,0.003,,,
1831,Chester,40.787628,-74.6763,0.0,,0.002,,,
1831,Chester,40.787628,-74.6763,0.0,,0.001,,,
1831,Chester,40.787628,-74.6763,0.0,,0.001,,,
1831,Chester,40.787628,-74.6763,0.0,,0.001,,,
1831,Chester,40.787628,-74.6763,0.0,,0.001,,,
1831,Chester,40.787628,-74.6763,0.0,,0.001,,,
1831,Chester,40.787628,-74.6763,0.0,,0.0,,,
1831,Chester,40.787628,-74.6763,0.0,,0.0,,,
1831,Chester,40.787628,-74.6763,0.0,,0.0,,,
1831,Chester,40.787628,-74.6763,0.0,,0.0,,,
1831,Chester,40.787628,-74.6763,0.0,,0.0,,,
1831,Chester,40.787628,-74.6763,0.0,,0.0,,,
1831,Chester,40.787628,-74.6763,0.0,,0.0,,,
1831,Chester,40.787628,-74.6763,0.0,,0.0,,,
1831,Chester,40.787628,-74.6763,0.0,,0.0,,,
1831,Chester,40.787628,-74.6763,0.0,,0.0,,,
1831,Chester,40.787628,-74.6763,0.0,,0.0,,,
1831,Chester,40.787628,-74.6763,0.0,,0.0,,,
1831,Chester,40.787628,-74.6763,0.0,,0.0,,,
1831,Chester,40.787628,-74.6763,0.0,,0.0,,,
1831,Chester,40.787628,-74.6763,0.0,,0.0,,,
1831,Chester,40.787628,-74.6763,0.0,,0.0,,,
1831,Chester,40.787628,-74.6763,0.0,,0.0,,,
1831,Chester,40.787628,-74.6763,0.0,,0.0,,,
1831,Chester,40.787628,-74.6763,0.0,,0.0,,,
1831,Chester,40.787628,-74.6763,0.0,,0.0,,,
1831,Chester,40.787628,-74.6763,0.0,,0.0,,,
1831,Chester,40.787628,-74.6763,0.0,,0.0,,,
1831,Chester,40.787628,-74.6763,0.0,,0.0,,,
1831,Chester,40.787628,-74.6763,0.0,,0.0,,,
1831,Chester,40.787628,-74.6763,0.0,,0.0,,,
1831,Chester,40.787628,-74.6763,0.0,,0.0,,,
1831,Chester,40.787628,-74.6763,0.0,,0.0,,,
1831,Chester,40.787628,-74.6763,0.0,,0.0,,,
1831,Chester,40.787628,-74.6763,0.0,,0.0,,,
1831,Chester,40.787628,-74.6763,0.0,,0.0,,,
1831,Chester,40.787628,-74.6763,0.0,,0.0,,,
1831,Chester,40.787628,-74.6763,0.0,,0.0,,,
1831,Chester,40.787628,-74.6763,0.0,,0.0,,,
1831,Chester,40.787628,-74.6763,0.0,,0.0,,,
1831,Chester,40.787628,-74.6763,0.0,,0.0,,,
1831,Chester,40.787628,-74.6763,0.0,,0.0,,,
1831,Chester,40.787628,-74.6763,0.0,,0.001,,,
1831,Chester,40.787628,-74.6763,0.0,,0.0,,,
1831,Chester,40.787628,-74.6763,0.0,,0.0,,,
1831,Chester,40.787628,-74.6763,0.0,,0.0,,,
1831,Chester,40.787628,-74.6763,0.0,,0.0,,,
1831,Chester,40.787628,-74.6763,0.0,,0.0,,,
1831,Chester,40.787628,-74.6763,0.0,,0.0,,,
1831,Chester,40.787628,-74.6763,0.0,,0.0,,,
1831,Chester,40.787628,-74.6763,0.0,,0.0,,,
1831,Chester,40.787628,-74.6763,0.0,,0.0,,,
1831,Chester,40.787628,-74.6763,0.0,,0.0,,,
1831,Chester,40.787628,-74.6763,0.0,,0.0,,,
1831,Chester,40.787628,-74.6763,0.0,,0.0,,,
1831,Chester,40.787628,-74.6763,0.0,,0.002,,,
1831,Chester,40.787628,-74.6763,0.0,,0.002,,,
1831,Chester,40.787628,-74.6763,0.0,,0.002,,,
1831,Chester,40.787628,-74.6763,0.0,,0.002,,,
1831,Chester,40.787628,-74.6763,0.0,,0.003,,,
1831,Chester,40.787628,-74.6763,0.0,,0.004,,,
1831,Chester,40.787628,-74.6763,0.0,,0.002,,,
1831,Chester,40.787628,-74.6763,0.0,,0.002,,,
1831,Chester,40.787628,-74.6763,0.0,,0.003,,,
1831,Chester,40.787628,-74.6763,0.0,,0.005,,,
1831,Chester,40.787628,-74.6763,0.0,,0.003,,,
1831,Chester,40.787628,-74.6763,0.0,,0.002,,,
1831,Chester,40.787628,-74.6763,0.0,,0.0,,,
1831,Chester,40.787628,-74.6763,0.0,,0.0,,,
1831,Chester,40.787628,-74.6763,0.0,,0.001,,,
1831,Chester,40.787628,-74.6763,0.0,,0.001,,,
1831,Chester,40.787628,-74.6763,0.0,,0.0,,,
1831,Chester,40.787628,-74.6763,0.0,,0.0,,,
1831,Chester,40.787628,-74.6763,0.0,,0.003,,,
1831,Chester,40.787628,-74.6763,0.0,,0.003,,,
1831,Chester,40.787628,-74.6763,0.0,,0.002,,,
1831,Chester,40.787628,-74.6763,0.0,,0.002,,,
1831,Chester,40.787628,-74.6763,0.0,,0.002,,,
1831,Chester,40.787628,-74.6763,0.0,,0.001,,,
1831,Chester,40.787628,-74.6763,0.0,,0.001,,,
1831,Chester,40.787628,-74.6763,0.0,,0.002,,,
1831,Chester,40.787628,-74.6763,0.0,,0.002,,,
1831,Chester,40.787628,-74.6763,0.0,,0.002,,,
1831,Chester,40.787628,-74.6763,0.0,,0.003,,,
1831,Chester,40.787628,-74.6763,0.0,,0.002,,,
1831,Chester,40.787628,-74.6763,0.0,,0.003,,,
1831,Chester,40.787628,-74.6763,0.0,,0.004,,,
1831,Chester,40.787628,-74.6763,0.0,,0.002,,,
1831,Chester,40.787628,-74.6763,0.0,,0.002,,,
1831,Chester,40.787628,-74.6763,0.0,,0.002,,,
1831,Chester,40.787628,-74.6763,0.0,,0.001,,,
1831,Chester,40.787628,-74.6763,0.0,,0.001,,,
1831,Chester,40.787628,-74.6763,0.0,,0.001,,,
1831,Chester,40.787628,-74.6763,0.002,,0.009,,,
1831,Chester,40.787628,-74.6763,0.0,,0.001,,,
1831,Chester,40.787628,-74.6763,0.0,,0.001,,,
1831,Chester,40.787628,-74.6763,0.0,,0.001,,,
1831,Chester,40.787628,-74.6763,0.0,,0.001,,,
1831,Chester,40.787628,-74.6763,0.0,,0.002,,,
1831,Chester,40.787628,-74.6763,0.0,,0.002,,,
1831,Chester,40.787628,-74.6763,0.0,,0.001,,,
1831,Chester,40.787628,-74.6763,0.0,,0.002,,,
1831,Chester,40.787628,-74.6763,0.0,,0.002,,,
1831,Chester,40.787628,-74.6763,0.0,,0.002,,,
1831,Chester,40.787628,-74.6763,0.0,,0.003,,,
1831,Chester,40.787628,-74.6763,0.0,,0.004,,,
1831,Chester,40.787628,-74.6763,0.0,,0.005,,,
1831,Chester,40.787628,-74.6763,0.0,,0.005,,,
1831,Chester,40.787628,-74.6763,0.0,,0.005,,,
1831,Chester,40.787628,-74.6763,0.0,,0.008,,,
1831,Chester,40.787628,-74.6763,0.0,,0.007,,,
1831,Chester,40.787628,-74.6763,0.0,,0.005,,,
1831,Chester,40.787628,-74.6763,0.0,,0.002,,,
1831,Chester,40.787628,-74.6763,0.0,,0.002,,,
1831,Chester,40.787628,-74.6763,0.0,,0.002,,,
1831,Chester,40.787628,-74.6763,0.0,,0.002,,,
1831,Chester,40.787628,-74.6763,0.0,,0.002,,,
1831,Chester,40.787628,-74.6763,0.0,,0.002,,,
1831,Chester,40.787628,-74.6763,0.0,,0.001,,,
1831,Chester,40.787628,-74.6763,0.0,,0.001,,,
1831,Chester,40.787628,-74.6763,0.0,,0.001,,,
1831,Chester,40.787628,-74.6763,0.0,,0.001,,,
1831,Chester,40.787628,-74.6763,0.0,,0.001,,,
1831,Chester,40.787628,-74.6763,0.0,,0.002,,,
1831,Chester,40.787628,-74.6763,0.0,,0.002,,,
1831,Chester,40.787628,-74.6763,0.0,,0.002,,,
1831,Chester,40.787628,-74.6763,0.0,,0.002,,,
1831,Chester,40.787628,-74.6763,0.0,,0.003,,,
1831,Chester,40.787628,-74.6763,0.0,,0.004,,,
1831,Chester,40.787628,-74.6763,0.0,,0.005,,,
1831,Chester,40.787628,-74.6763,0.0,,0.003,,,
1831,Chester,40.787628,-74.6763,0.0,,0.003,,,
1831,Chester,40.787628,-74.6763,0.0,,0.002,,,
1831,Chester,40.787628,-74.6763,0.0,,0.001,,,
1831,Chester,40.787628,-74.6763,0.0,,0.002,,,
1831,Chester,40.787628,-74.6763,0.0,,0.001,,,
1831,Chester,40.787628,-74.6763,0.0,,0.001,,,
1831,Chester,40.787628,-74.6763,0.0,,0.001,,,
1831,Chester,40.787628,-74.6763,0.0,,0.001,,,
1831,Chester,40.787628,-74.6763,0.0,,0.001,,,
1831,Chester,40.787628,-74.6763,0.0,,0.0,,,
1831,Chester,40.787628,-74.6763,0.0,,0.001,,,
1831,Chester,40.787628,-74.6763,0.0,,0.0,,,
1831,Chester,40.787628,-74.6763,0.0,,0.001,,,
1831,Chester,40.787628,-74.6763,0.0,,0.001,,,
1831,Chester,40.787628,-74.6763,0.0,,0.001,,,
1831,Chester,40.787628,-74.6763,0.0,,0.001,,,
1831,Chester,40.787628,-74.6763,0.0,,0.003,,,
1831,Chester,40.787628,-74.6763,0.0,,0.007,,,
1831,Chester,40.787628,-74.6763,0.0,,0.006,,,
1831,Chester,40.787628,-74.6763,0.0,,0.003,,,
1831,Chester,40.787628,-74.6763,0.0,,0.001,,,
1831,Chester,40.787628,-74.6763,0.0,,0.001,,,
1831,Chester,40.787628,-74.6763,0.0,,0.002,,,
1831,Chester,40.787628,-74.6763,0.0,,0.002,,,
1831,Chester,40.787628,-74.6763,0.0,,0.003,,,
1831,Chester,40.787628,-74.6763,0.0,,0.004,,,
1831,Chester,40.787628,-74.6763,0.0,,0.004,,,
1831,Chester,40.787628,-74.6763,0.0,,0.003,,,
1831,Chester,40.787628,-74.6763,0.0,,0.002,,,
1831,Chester,40.787628,-74.6763,0.0,,0.001,,,
1831,Chester,40.787628,-74.6763,0.0,,0.001,,,
1831,Chester,40.787628,-74.6763,0.0,,0.001,,,
1831,Chester,40.787628,-74.6763,0.0,,0.001,,,
1831,Chester,40.787628,-74.6763,0.0,,0.001,,,
1831,Chester,40.787628,-74.6763,0.0,,0.001,,,
1831,Chester,40.787628,-74.6763,0.0,,0.001,,,
1831,Chester,40.787628,-74.6763,0.0,,0.001,,,
1831,Chester,40.787628,-74.6763,0.0,,0.001,,,
1831,Chester,40.787628,-74.6763,0.0,,0.003,,,
1831,Chester,40.787628,-74.6763,0.0,,0.002,,,
1831,Chester,40.787628,-74.6763,0.0,,0.001,,,
1831,Chester,40.787628,-74.6763,0.0,,0.001,,,
1831,Chester,40.787628,-74.6763,0.0,,0.002,,,
1831,Chester,40.787628,-74.6763,0.0,,0.002,,,
1831,Chester,40.787628,-74.6763,0.0,,0.002,,,
1831,Chester,40.787628,-74.6763,0.0,,0.001,,,
1831,Chester,40.787628,-74.6763,0.0,,0.005,,,
1831,Chester,40.787628,-74.6763,0.0,,0.003,,,
1831,Chester,40.787628,-74.6763,0.0,,0.002,,,
1831,Chester,40.787628,-74.6763,0.0,,0.002,,,
1831,Chester,40.787628,-74.6763,0.0,,0.002,,,
1831,Chester,40.787628,-74.6763,0.0,,0.002,,,
1831,Chester,40.787628,-74.6763,0.0,,0.002,,,
1831,Chester,40.787628,-74.6763,0.0,,0.002,,,
1831,Chester,40.787628,-74.6763,0.0,,0.001,,,
1831,Chester,40.787628,-74.6763,0.0,,0.0,,,
1831,Chester,40.787628,-74.6763,0.0,,0.0,,,
1831,Chester,40.787628,-74.6763,0.0,,0.001,,,
1831,Chester,40.787628,-74.6763,0.0,,0.001,,,
1831,Chester,40.787628,-74.6763,0.0,,0.001,,,
1831,Chester,40.787628,-74.6763,0.0,,0.002,,,
1831,Chester,40.787628,-74.6763,0.0,,0.002,,,
1831,Chester,40.787628,-74.6763,0.0,,0.002,,,
1831,Chester,40.787628,-74.6763,0.0,,0.002,,,
1831,Chester,40.787628,-74.6763,0.0,,0.001,,,
1831,Chester,40.787628,-74.6763,0.0,,0.001,,,
1831,Chester,40.787628,-74.6763,0.0,,0.001,,,
1831,Chester,40.787628,-74.6763,0.0,,0.002,,,
1831,Chester,40.787628,-74.6763,0.0,,0.003,,,
1831,Chester,40.787628,-74.6763,0.0,,0.002,,,
1831,Chester,40.787628,-74.6763,0.0,,0.003,,,
1831,Chester,40.787628,-74.6763,0.0,,0.003,,,
1831,Chester,40.787628,-74.6763,0.0,,0.002,,,
1831,Chester,40.787628,-74.6763,0.0,,0.001,,,
1831,Chester,40.787628,-74.6763,0.0,,0.0,,,
1831,Chester,40.787628,-74.6763,0.0,,0.001,,,
1831,Chester,40.787628,-74.6763,0.0,,0.002,,,
1831,Chester,40.787628,-74.6763,0.0,,0.001,,,
1831,Chester,40.787628,-74.6763,0.0,,0.001,,,
1831,Chester,40.787628,-74.6763,0.0,,0.001,,,
1831,Chester,40.787628,-74.6763,0.0,,0.001,,,
1831,Chester,40.787628,-74.6763,0.0,,0.002,,,
1831,Chester,40.787628,-74.6763,0.0,,0.001,,,
1831,Chester,40.787628,-74.6763,0.0,,0.001,,,
1831,Chester,40.787628,-74.6763,0.0,,0.0,,,
1831,Chester,40.787628,-74.6763,0.0,,0.0,,,
1831,Chester,40.787628,-74.6763,0.0,,0.001,,,
1831,Chester,40.787628,-74.6763,0.0,,0.001,,,
1831,Chester,40.787628,-74.6763,0.0,,0.002,,,
1831,Chester,40.787628,-74.6763,0.0,,0.002,,,
1831,Chester,40.787628,-74.6763,0.0,,0.002,,,
1831,Chester,40.787628,-74.6763,0.0,,0.003,,,
1831,Chester,40.787628,-74.6763,0.0,,0.003,,,
1831,Chester,40.787628,-74.6763,0.0,,0.002,,,
1831,Chester,40.787628,-74.6763,0.0,,0.001,,,
1831,Chester,40.787628,-74.6763,0.0,,0.0,,,
1831,Chester,40.787628,-74.6763,0.0,,0.0,,,
1831,Chester,40.787628,-74.6763,0.0,,0.0,,,
1831,Chester,40.787628,-74.6763,0.0,,0.0,,,
1831,Chester,40.787628,-74.6763,0.0,,0.0,,,
1831,Chester,40.787628,-74.6763,0.0,,0.0,,,
1831,Chester,40.787628,-74.6763,0.0,,0.0,,,
1831,Chester,40.787628,-74.6763,0.0,,0.0,,,
1831,Chester,40.787628,-74.6763,0.0,,0.001,,,
1831,Chester,40.787628,-74.6763,0.0,,0.001,,,
1831,Chester,40.787628,-74.6763,0.0,,0.002,,,
1831,Chester,40.787628,-74.6763,0.0,,0.001,,,
1831,Chester,40.787628,-74.6763,0.0,,0.004,,,
1831,Chester,40.787628,-74.6763,0.0,,0.005,,,
1831,Chester,40.787628,-74.6763,0.0,,0.004,,,
1831,Chester,40.787628,-74.6763,0.0,,0.003,,,
1831,Chester,40.787628,-74.6763,0.0,,0.003,,,
1831,Chester,40.787628,-74.6763,0.0,,0.004,,,
1831,Chester,40.787628,-74.6763,0.0,,0.004,,,
1831,Chester,40.787628,-74.6763,0.0,,0.004,,,
1831,Chester,40.787628,-74.6763,0.0,,0.004,,,
1831,Chester,40.787628,-74.6763,0.0,,0.004,,,
1831,Chester,40.787628,-74.6763,0.0,,0.004,,,
1831,Chester,40.787628,-74.6763,0.0,,0.005,,,
1831,Chester,40.787628,-74.6763,0.0,,0.005,,,
1831,Chester,40.787628,-74.6763,0.0,,0.003,,,
1831,Chester,40.787628,-74.6763,0.0,,0.001,,,
1831,Chester,40.787628,-74.6763,0.0,,0.002,,,
1831,Chester,40.787628,-74.6763,0.0,,0.001,,,
1831,Chester,40.787628,-74.6763,0.0,,0.0,,,
1831,Chester,40.787628,-74.6763,0.0,,0.001,,,
1831,Chester,40.787628,-74.6763,0.0,,0.001,,,
1831,Chester,40.787628,-74.6763,0.0,,0.001,,,
1831,Chester,40.787628,-74.6763,0.0,,0.001,,,
1831,Chester,40.787628,-74.6763,0.0,,0.001,,,
1831,Chester,40.787628,-74.6763,0.0,,0.001,,,
1831,Chester,40.787628,-74.6763,0.0,,0.001,,,
1831,Chester,40.787628,-74.6763,0.0,,0.001,,,
1831,Chester,40.787628,-74.6763,0.0,,0.0,,,
1831,Chester,40.787628,-74.6763,0.0,,0.0,,,
1831,Chester,40.787628,-74.6763,0.0,,0.0,,,
1831,Chester,40.787628,-74.6763,0.0,,0.0,,,
1831,Chester,40.787628,-74.6763,0.0,,0.0,,,
1831,Chester,40.787628,-74.6763,0.0,,0.0,,,
1831,Chester,40.787628,-74.6763,0.0,,0.0,,,
1831,Chester,40.787628,-74.6763,0.0,,0.0,,,
1831,Chester,40.787628,-74.6763,0.0,,0.001,,,
1831,Chester,40.787628,-74.6763,0.0,,0.001,,,
1831,Chester,40.787628,-74.6763,0.0,,0.001,,,
1831,Chester,40.787628,-74.6763,0.0,,0.001,,,
1831,Chester,40.787628,-74.6763,0.0,,0.002,,,
1831,Chester,40.787628,-74.6763,0.0,,0.001,,,
1831,Chester,40.787628,-74.6763,0.0,,0.001,,,
1831,Chester,40.787628,-74.6763,0.0,,0.001,,,
1831,Chester,40.787628,-74.6763,0.0,,0.001,,,
1831,Chester,40.787628,-74.6763,0.0,,0.0,,,
1831,Chester,40.787628,-74.6763,0.0,,0.0,,,
1831,Chester,40.787628,-74.6763,0.0,,0.0,,,
1831,Chester,40.787628,-74.6763,0.0,,0.0,,,
1831,Chester,40.787628,-74.6763,0.0,,0.0,,,
1831,Chester,40.787628,-74.6763,0.0,,0.0,,,
1831,Chester,40.787628,-74.6763,0.0,,0.0,,,
1831,Chester,40.787628,-74.6763,0.0,,0.0,,,
1831,Chester,40.787628,-74.6763,0.0,,0.0,,,
1831,Chester,40.787628,-74.6763,0.0,,0.0,,,
1831,Chester,40.787628,-74.6763,0.0,,0.0,,,
1831,Chester,40.787628,-74.6763,0.0,,0.0,,,
1831,Chester,40.787628,-74.6763,0.0,,0.0,,,
1831,Chester,40.787628,-74.6763,0.0,,0.0,,,
1831,Chester,40.787628,-74.6763,0.0,,0.0,,,
1831,Chester,40.787628,-74.6763,0.0,,0.001,,,
1831,Chester,40.787628,-74.6763,0.0,,0.002,,,
1831,Chester,40.787628,-74.6763,0.0,,0.002,,,
1831,Chester,40.787628,-74.6763,0.0,,0.001,,,
1831,Chester,40.787628,-74.6763,0.0,,0.0,,,
1831,Chester,40.787628,-74.6763,0.0,,0.0,,,
1831,Chester,40.787628,-74.6763,0.0,,0.0,,,
1831,Chester,40.787628,-74.6763,0.0,,0.0,,,
1831,Chester,40.787628,-74.6763,0.0,,0.0,,,
1831,Chester,40.787628,-74.6763,0.0,,0.0,,,
1831,Chester,40.787628,-74.6763,0.0,,0.0,,,
1831,Chester,40.787628,-74.6763,0.0,,0.0,,,
1831,Chester,40.787628,-74.6763,0.0,,0.0,,,
1831,Chester,40.787628,-74.6763,0.0,,0.001,,,
1831,Chester,40.787628,-74.6763,0.0,,0.001,,,
1831,Chester,40.787628,-74.6763,0.0,,0.001,,,
1831,Chester,40.787628,-74.6763,0.0,,0.001,,,
1831,Chester,40.787628,-74.6763,0.0,,0.001,,,
1831,Chester,40.787628,-74.6763,0.0,,0.002,,,
1831,Chester,40.787628,-74.6763,0.0,,0.004,,,
1831,Chester,40.787628,-74.6763,0.0,,0.004,,,
1831,Chester,40.787628,-74.6763,0.0,,0.003,,,
1831,Chester,40.787628,-74.6763,0.0,,0.004,,,
1831,Chester,40.787628,-74.6763,0.0,,0.002,,,
1831,Chester,40.787628,-74.6763,0.0,,0.002,,,
1831,Chester,40.787628,-74.6763,0.0,,0.003,,,
1831,Chester,40.787628,-74.6763,0.0,,0.003,,,
1831,Chester,40.787628,-74.6763,0.0,,0.004,,,
1831,Chester,40.787628,-74.6763,0.001,,0.005,,,
1831,Chester,40.787628,-74.6763,0.002,,0.006,,,
1831,Chester,40.787628,-74.6763,0.002,,0.008,,,
1831,Chester,40.787628,-74.6763,0.002,,0.007,,,
1831,Chester,40.787628,-74.6763,0.001,,0.005,,,
1831,Chester,40.787628,-74.6763,0.002,,0.009,,,
1831,Chester,40.787628,-74.6763,0.003,,0.015,,,
1831,Chester,40.787628,-74.6763,0.002,,0.014,,,
1831,Chester,40.787628,-74.6763,0.0,,0.008,,,
1831,Chester,40.787628,-74.6763,0.0,,0.008,,,
1831,Chester,40.787628,-74.6763,0.0,,0.006,,,
1831,Chester,40.787628,-74.6763,0.0,,0.004,,,
1831,Chester,40.787628,-74.6763,0.0,,0.003,,,
1831,Chester,40.787628,-74.6763,0.0,,0.004,,,
1831,Chester,40.787628,-74.6763,0.0,,0.005,,,
1831,Chester,40.787628,-74.6763,0.0,,0.005,,,
1831,Chester,40.787628,-74.6763,0.0,,0.003,,,
1831,Chester,40.787628,-74.6763,0.0,,0.004,,,
1831,Chester,40.787628,-74.6763,0.0,,0.005,,,
1831,Chester,40.787628,-74.6763,0.0,,0.003,,,
1831,Chester,40.787628,-74.6763,0.0,,0.004,,,
1831,Chester,40.787628,-74.6763,0.0,,0.009,,,
1831,Chester,40.787628,-74.6763,0.001,,0.008,,,
1831,Chester,40.787628,-74.6763,0.002,,0.012,,,
1831,Chester,40.787628,-74.6763,0.004,,0.018,,,
1831,Chester,40.787628,-74.6763,0.004,,0.019,,,
1831,Chester,40.787628,-74.6763,0.0,,0.003,,,
1831,Chester,40.787628,-74.6763,0.0,,0.003,,,
1831,Chester,40.787628,-74.6763,0.0,,0.003,,,
1831,Chester,40.787628,-74.6763,0.0,,0.003,,,
1831,Chester,40.787628,-74.6763,0.0,,0.003,,,
1831,Chester,40.787628,-74.6763,0.0,,0.002,,,
1831,Chester,40.787628,-74.6763,0.0,,0.002,,,
1831,Chester,40.787628,-74.6763,0.0,,0.003,,,
1831,Chester,40.787628,-74.6763,0.0,,0.002,,,
1831,Chester,40.787628,-74.6763,0.0,,0.0,,,
1831,Chester,40.787628,-74.6763,0.0,,0.0,,,
1831,Chester,40.787628,-74.6763,0.0,,0.0,,,
1831,Chester,40.787628,-74.6763,0.0,,0.001,,,
1831,Chester,40.787628,-74.6763,0.0,,0.002,,,
1831,Chester,40.787628,-74.6763,0.0,,0.002,,,
1831,Chester,40.787628,-74.6763,0.0,,0.0,,,
1831,Chester,40.787628,-74.6763,0.0,,0.0,,,
1831,Chester,40.787628,-74.6763,0.0,,0.0,,,
1831,Chester,40.787628,-74.6763,0.0,,0.0,,,
1831,Chester,40.787628,-74.6763,0.0,,0.0,,,
1831,Chester,40.787628,-74.6763,0.0,,0.0,,,
1831,Chester,40.787628,-74.6763,0.0,,0.0,,,
1831,Chester,40.787628,-74.6763,0.0,,0.0,,,
1831,Chester,40.787628,-74.6763,0.0,,0.0,,,
1831,Chester,40.787628,-74.6763,0.0,,0.0,,,
1831,Chester,40.787628,-74.6763,0.0,,0.0,,,
1831,Chester,40.787628,-74.6763,0.0,,0.0,,,
1831,Chester,40.787628,-74.6763,0.0,,0.0,,,
1831,Chester,40.787628,-74.6763,0.0,,0.0,,,
1831,Chester,40.787628,-74.6763,0.0,,0.0,,,
1831,Chester,40.787628,-74.6763,0.0,,0.0,,,
1831,Chester,40.787628,-74.6763,0.0,,0.0,,,
1831,Chester,40.787628,-74.6763,0.0,,0.0,,,
1831,Chester,40.787628,-74.6763,0.0,,0.0,,,
1831,Chester,40.787628,-74.6763,0.0,,0.0,,,
1831,Chester,40.787628,-74.6763,0.0,,0.0,,,
1831,Chester,40.787628,-74.6763,0.0,,0.0,,,
1831,Chester,40.787628,-74.6763,0.0,,0.0,,,
1831,Chester,40.787628,-74.6763,0.0,,0.001,,,
1831,Chester,40.787628,-74.6763,0.0,,0.002,,,
1831,Chester,40.787628,-74.6763,0.01,,0.017,,,
1831,Chester,40.787628,-74.6763,0.005,,0.008,,,
1831,Chester,40.787628,-74.6763,0.001,,0.003,,,
1831,Chester,40.787628,-74.6763,0.0,,0.0,,,
1831,Chester,40.787628,-74.6763,0.0,,0.0,,,
1831,Chester,40.787628,-74.6763,0.0,,0.001,,,
1831,Chester,40.787628,-74.6763,0.0,,0.001,,,
1831,Chester,40.787628,-74.6763,0.0,,0.001,,,
1831,Chester,40.787628,-74.6763,0.0,,0.0,,,
1831,Chester,40.787628,-74.6763,0.0,,0.0,,,
1831,Chester,40.787628,-74.6763,0.0,,0.001,,,
1831,Chester,40.787628,-74.6763,0.0,,0.0,,,
1831,Chester,40.787628,-74.6763,0.0,,0.001,,,
1831,Chester,40.787628,-74.6763,0.0,,0.0,,,
1831,Chester,40.787628,-74.6763,0.0,,0.003,,,
1831,Chester,40.787628,-74.6763,0.006,,0.016,,,
1831,Chester,40.787628,-74.6763,0.002,,0.012,,,
1831,Chester,40.787628,-74.6763,0.0,,0.004,,,
1831,Chester,40.787628,-74.6763,0.0,,0.002,,,
1831,Chester,40.787628,-74.6763,0.002,,0.005,,,
1831,Chester,40.787628,-74.6763,0.0,,0.003,,,
1831,Chester,40.787628,-74.6763,0.001,,0.006,,,
1831,Chester,40.787628,-74.6763,0.001,,0.006,,,
1831,Chester,40.787628,-74.6763,0.001,,0.005,,,
1831,Chester,40.787628,-74.6763,0.0,,0.004,,,
1831,Chester,40.787628,-74.6763,0.0,,0.003,,,
1831,Chester,40.787628,-74.6763,0.0,,0.003,,,
1831,Chester,40.787628,-74.6763,0.0,,0.003,,,
1831,Chester,40.787628,-74.6763,0.0,,0.002,,,
1831,Chester,40.787628,-74.6763,0.0,,0.002,,,
1831,Chester,40.787628,-74.6763,0.0,,0.002,,,
1831,Chester,40.787628,-74.6763,0.0,,0.002,,,
1831,Chester,40.787628,-74.6763,0.0,,0.002,,,
1831,Chester,40.787628,-74.6763,0.0,,0.003,,,
1831,Chester,40.787628,-74.6763,0.0,,0.003,,,
1831,Chester,40.787628,-74.6763,0.0,,0.004,,,
1831,Chester,40.787628,-74.6763,0.0,,0.004,,,
1831,Chester,40.787628,-74.6763,0.0,,0.003,,,
1831,Chester,40.787628,-74.6763,0.0,,0.005,,,
1831,Chester,40.787628,-74.6763,0.0,,0.005,,,
1831,Chester,40.787628,-74.6763,0.0,,0.004,,,
1831,Chester,40.787628,-74.6763,0.0,,0.003,,,
1831,Chester,40.787628,-74.6763,0.0,,0.004,,,
1831,Chester,40.787628,-74.6763,0.0,,0.007,,,
1831,Chester,40.787628,-74.6763,0.0,,0.007,,,
1831,Chester,40.787628,-74.6763,0.0,,0.004,,,
1831,Chester,40.787628,-74.6763,0.0,,0.004,,,
1831,Chester,40.787628,-74.6763,0.0,,0.004,,,
1831,Chester,40.787628,-74.6763,0.0,,0.003,,,
1831,Chester,40.787628,-74.6763,0.0,,0.003,,,
1831,Chester,40.787628,-74.6763,0.0,,0.002,,,
1831,Chester,40.787628,-74.6763,0.0,,0.002,,,
1831,Chester,40.787628,-74.6763,0.0,,0.002,,,
1831,Chester,40.787628,-74.6763,0.0,,0.004,,,
1831,Chester,40.787628,-74.6763,0.0,,0.006,,,
1831,Chester,40.787628,-74.6763,0.0,,0.01,,,
1831,Chester,40.787628,-74.6763,0.0,,0.01,,,
1831,Chester,40.787628,-74.6763,0.0,,0.007,,,
1831,Chester,40.787628,-74.6763,0.0,,0.007,,,
1831,Chester,40.787628,-74.6763,0.0,,0.006,,,
1831,Chester,40.787628,-74.6763,0.0,,0.006,,,
1831,Chester,40.787628,-74.6763,0.0,,0.005,,,
1831,Chester,40.787628,-74.6763,0.0,,0.006,,,
1831,Chester,40.787628,-74.6763,0.0,,0.005,,,
1831,Chester,40.787628,-74.6763,0.0,,0.005,,,
1831,Chester,40.787628,-74.6763,0.0,,0.005,,,
1831,Chester,40.787628,-74.6763,0.0,,0.004,,,
1831,Chester,40.787628,-74.6763,0.0,,0.003,,,
1831,Chester,40.787628,-74.6763,0.0,,0.002,,,
1831,Chester,40.787628,-74.6763,0.0,,0.002,,,
1831,Chester,40.787628,-74.6763,0.0,,0.001,,,
1831,Chester,40.787628,-74.6763,0.0,,0.001,,,
1831,Chester,40.787628,-74.6763,0.0,,0.0,,,
1831,Chester,40.787628,-74.6763,0.0,,0.0,,,
1831,Chester,40.787628,-74.6763,0.0,,0.001,,,
1831,Chester,40.787628,-74.6763,0.0,,0.001,,,
1831,Chester,40.787628,-74.6763,0.0,,0.001,,,
1831,Chester,40.787628,-74.6763,0.0,,0.002,,,
1831,Chester,40.787628,-74.6763,0.0,,0.003,,,
1831,Chester,40.787628,-74.6763,0.0,,0.003,,,
1831,Chester,40.787628,-74.6763,0.0,,0.004,,,
1831,Chester,40.787628,-74.6763,0.0,,0.004,,,
1831,Chester,40.787628,-74.6763,0.0,,0.004,,,
1831,Chester,40.787628,-74.6763,0.0,,0.004,,,
1831,Chester,40.787628,-74.6763,0.0,,0.003,,,
1831,Chester,40.787628,-74.6763,0.0,,0.003,,,
1831,Chester,40.787628,-74.6763,0.0,,0.002,,,
1831,Chester,40.787628,-74.6763,0.0,,0.002,,,
1831,Chester,40.787628,-74.6763,0.0,,0.001,,,
1831,Chester,40.787628,-74.6763,0.0,,0.001,,,
1831,Chester,40.787628,-74.6763,0.0,,0.001,,,
1831,Chester,40.787628,-74.6763,0.0,,0.001,,,
1831,Chester,40.787628,-74.6763,0.0,,0.0,,,
1831,Chester,40.787628,-74.6763,0.0,,0.0,,,
1831,Chester,40.787628,-74.6763,0.0,,0.0,,,
1831,Chester,40.787628,-74.6763,0.0,,0.0,,,
1831,Chester,40.787628,-74.6763,0.0,,0.0,,,
1831,Chester,40.787628,-74.6763,0.0,,0.0,,,
1831,Chester,40.787628,-74.6763,0.0,,0.0,,,
1831,Chester,40.787628,-74.6763,0.0,,0.0,,,
1831,Chester,40.787628,-74.6763,0.0,,0.0,,,
1831,Chester,40.787628,-74.6763,0.0,,0.0,,,
1831,Chester,40.787628,-74.6763,0.0,,0.001,,,
1831,Chester,40.787628,-74.6763,0.0,,0.001,,,
1831,Chester,40.787628,-74.6763,0.0,,0.002,,,
1831,Chester,40.787628,-74.6763,0.0,,0.002,,,
1831,Chester,40.787628,-74.6763,0.0,,0.002,,,
1831,Chester,40.787628,-74.6763,0.0,,0.002,,,
1831,Chester,40.787628,-74.6763,0.0,,0.002,,,
1831,Chester,40.787628,-74.6763,0.0,,0.002,,,
1831,Chester,40.787628,-74.6763,0.0,,0.002,,,
1831,Chester,40.787628,-74.6763,0.0,,0.003,,,
1831,Chester,40.787628,-74.6763,0.0,,0.002,,,
1831,Chester,40.787628,-74.6763,0.0,,0.0,,,
1831,Chester,40.787628,-74.6763,0.0,,0.0,,,
1831,Chester,40.787628,-74.6763,0.0,,0.0,,,
1831,Chester,40.787628,-74.6763,0.0,,0.0,,,
1831,Chester,40.787628,-74.6763,0.0,,0.0,,,
1831,Chester,40.787628,-74.6763,0.0,,0.0,,,
1831,Chester,40.787628,-74.6763,0.0,,0.001,,,
1831,Chester,40.787628,-74.6763,0.0,,0.001,,,
1831,Chester,40.787628,-74.6763,0.0,,0.002,,,
1831,Chester,40.787628,-74.6763,0.0,,0.002,,,
1831,Chester,40.787628,-74.6763,0.0,,0.001,,,
1831,Chester,40.787628,-74.6763,0.0,,0.001,,,
1831,Chester,40.787628,-74.6763,0.0,,0.0,,,
1831,Chester,40.787628,-74.6763,0.0,,0.0,,,
1831,Chester,40.787628,-74.6763,0.0,,0.0,,,
1831,Chester,40.787628,-74.6763,0.0,,0.0,,,
1831,Chester,40.787628,-74.6763,0.0,,0.0,,,
1831,Chester,40.787628,-74.6763,0.0,,0.0,,,
1831,Chester,40.787628,-74.6763,0.0,,0.0,,,
1831,Chester,40.787628,-74.6763,0.0,,0.0,,,
1831,Chester,40.787628,-74.6763,0.0,,0.0,,,
1831,Chester,40.787628,-74.6763,0.0,,0.0,,,
1831,Chester,40.787628,-74.6763,0.0,,0.0,,,
1831,Chester,40.787628,-74.6763,0.0,,0.001,,,
1831,Chester,40.787628,-74.6763,0.0,,0.0,,,
1831,Chester,40.787628,-74.6763,0.0,,0.0,,,
1831,Chester,40.787628,-74.6763,0.0,,0.0,,,
1831,Chester,40.787628,-74.6763,0.0,,0.001,,,
1831,Chester,40.787628,-74.6763,0.0,,0.001,,,
1831,Chester,40.787628,-74.6763,0.0,,0.001,,,
1831,Chester,40.787628,-74.6763,0.0,,0.002,,,
1831,Chester,40.787628,-74.6763,0.0,,0.003,,,
1831,Chester,40.787628,-74.6763,0.0,,0.003,,,
1831,Chester,40.787628,-74.6763,0.0,,0.002,,,
1831,Chester,40.787628,-74.6763,0.0,,0.002,,,
1831,Chester,40.787628,-74.6763,0.0,,0.001,,,
1831,Chester,40.787628,-74.6763,0.0,,0.001,,,
1831,Chester,40.787628,-74.6763,0.0,,0.001,,,
1831,Chester,40.787628,-74.6763,0.0,,0.001,,,
1831,Chester,40.787628,-74.6763,0.0,,0.001,,,
1831,Chester,40.787628,-74.6763,0.0,,0.001,,,
1831,Chester,40.787628,-74.6763,0.0,,0.0,,,
1831,Chester,40.787628,-74.6763,0.0,,0.0,,,
1831,Chester,40.787628,-74.6763,0.0,,0.001,,,
1831,Chester,40.787628,-74.6763,0.0,,0.0,,,
1831,Chester,40.787628,-74.6763,0.0,,0.001,,,
1831,Chester,40.787628,-74.6763,0.0,,0.001,,,
1831,Chester,40.787628,-74.6763,0.0,,0.001,,,
1831,Chester,40.787628,-74.6763,0.0,,0.001,,,
1831,Chester,40.787628,-74.6763,0.0,,0.002,,,
1831,Chester,40.787628,-74.6763,0.0,,0.001,,,
1831,Chester,40.787628,-74.6763,0.0,,0.001,,,
1831,Chester,40.787628,-74.6763,0.0,,0.002,,,
1831,Chester,40.787628,-74.6763,0.0,,0.001,,,
1831,Chester,40.787628,-74.6763,0.0,,0.003,,,
1831,Chester,40.787628,-74.6763,0.0,,0.002,,,
1831,Chester,40.787628,-74.6763,0.0,,0.001,,,
1831,Chester,40.787628,-74.6763,0.0,,0.001,,,
1831,Chester,40.787628,-74.6763,0.0,,0.001,,,
1831,Chester,40.787628,-74.6763,0.0,,0.0,,,
1831,Chester,40.787628,-74.6763,0.0,,0.0,,,
1831,Chester,40.787628,-74.6763,0.0,,0.001,,,
1831,Chester,40.787628,-74.6763,0.0,,0.001,,,
1831,Chester,40.787628,-74.6763,0.0,,0.001,,,
1831,Chester,40.787628,-74.6763,0.0,,0.001,,,
1831,Chester,40.787628,-74.6763,0.0,,0.0,,,
1831,Chester,40.787628,-74.6763,0.0,,0.0,,,
1831,Chester,40.787628,-74.6763,0.0,,0.0,,,
1831,Chester,40.787628,-74.6763,0.0,,0.001,,,
1831,Chester,40.787628,-74.6763,0.0,,0.0,,,
1831,Chester,40.787628,-74.6763,0.0,,0.0,,,
1831,Chester,40.787628,-74.6763,0.0,,0.0,,,
1831,Chester,40.787628,-74.6763,0.0,,0.0,,,
1831,Chester,40.787628,-74.6763,0.0,,0.0,,,
1831,Chester,40.787628,-74.6763,0.0,,0.0,,,
1831,Chester,40.787628,-74.6763,0.0,,0.0,,,
1831,Chester,40.787628,-74.6763,0.0,,0.0,,,
1831,Chester,40.787628,-74.6763,0.0,,0.001,,,
1831,Chester,40.787628,-74.6763,0.0,,0.001,,,
1831,Chester,40.787628,-74.6763,0.0,,0.001,,,
1831,Chester,40.787628,-74.6763,0.0,,0.001,,,
1831,Chester,40.787628,-74.6763,0.0,,0.001,,,
1831,Chester,40.787628,-74.6763,0.0,,0.001,,,
1831,Chester,40.787628,-74.6763,0.0,,0.001,,,
1831,Chester,40.787628,-74.6763,0.0,,0.0,,,
1831,Chester,40.787628,-74.6763,0.0,,0.001,,,
1831,Chester,40.787628,-74.6763,0.0,,0.0,,,
1831,Chester,40.787628,-74.6763,0.0,,0.0,,,
1831,Chester,40.787628,-74.6763,0.0,,0.0,,,
1831,Chester,40.787628,-74.6763,0.0,,0.0,,,
1831,Chester,40.787628,-74.6763,0.0,,0.0,,,
1831,Chester,40.787628,-74.6763,0.0,,0.001,,,
1831,Chester,40.787628,-74.6763,0.0,,0.001,,,
1831,Chester,40.787628,-74.6763,0.0,,0.002,,,
1831,Chester,40.787628,-74.6763,0.0,,0.002,,,
1831,Chester,40.787628,-74.6763,0.0,,0.001,,,
1831,Chester,40.787628,-74.6763,0.0,,0.001,,,
1831,Chester,40.787628,-74.6763,0.0,,0.002,,,
1831,Chester,40.787628,-74.6763,0.0,,0.002,,,
1831,Chester,40.787628,-74.6763,0.0,,0.002,,,
1831,Chester,40.787628,-74.6763,0.0,,0.002,,,
1831,Chester,40.787628,-74.6763,0.0,,0.001,,,
1831,Chester,40.787628,-74.6763,0.0,,0.006,,,
1831,Chester,40.787628,-74.6763,0.001,,0.005,,,
1831,Chester,40.787628,-74.6763,0.002,,0.005,,,
1831,Chester,40.787628,-74.6763,0.002,,0.005,,,
1831,Chester,40.787628,-74.6763,0.001,,0.003,,,
1831,Chester,40.787628,-74.6763,0.0,,0.002,,,
1831,Chester,40.787628,-74.6763,0.0,,0.001,,,
1831,Chester,40.787628,-74.6763,0.0,,0.0,,,
1831,Chester,40.787628,-74.6763,0.0,,0.0,,,
1831,Chester,40.787628,-74.6763,0.0,,0.0,,,
1831,Chester,40.787628,-74.6763,0.0,,0.0,,,
1831,Chester,40.787628,-74.6763,0.0,,0.0,,,
1831,Chester,40.787628,-74.6763,0.0,,0.0,,,
1831,Chester,40.787628,-74.6763,0.0,,0.0,,,
1831,Chester,40.787628,-74.6763,0.0,,0.002,,,
1831,Chester,40.787628,-74.6763,0.0,,0.001,,,
1831,Chester,40.787628,-74.6763,0.0,,0.001,,,
1831,Chester,40.787628,-74.6763,0.0,,0.002,,,
1831,Chester,40.787628,-74.6763,0.0,,0.001,,,
1831,Chester,40.787628,-74.6763,0.0,,0.001,,,
1831,Chester,40.787628,-74.6763,0.0,,0.001,,,
1831,Chester,40.787628,-74.6763,0.0,,0.0,,,
1831,Chester,40.787628,-74.6763,0.0,,0.0,,,
1831,Chester,40.787628,-74.6763,0.002,,0.007,,,
1831,Chester,40.787628,-74.6763,0.0,,0.001,,,
1831,Chester,40.787628,-74.6763,0.0,,0.0,,,
1831,Chester,40.787628,-74.6763,0.0,,0.0,,,
1831,Chester,40.787628,-74.6763,0.0,,0.0,,,
1831,Chester,40.787628,-74.6763,0.0,,0.0,,,
1831,Chester,40.787628,-74.6763,0.0,,0.0,,,
1831,Chester,40.787628,-74.6763,0.0,,0.0,,,
1831,Chester,40.787628,-74.6763,0.0,,0.0,,,
1831,Chester,40.787628,-74.6763,0.0,,0.0,,,
1831,Chester,40.787628,-74.6763,0.0,,0.0,,,
1831,Chester,40.787628,-74.6763,0.0,,0.0,,,
1831,Chester,40.787628,-74.6763,0.0,,0.0,,,
1831,Chester,40.787628,-74.6763,0.0,,0.0,,,
1831,Chester,40.787628,-74.6763,0.0,,0.0,,,
1831,Chester,40.787628,-74.6763,0.0,,0.0,,,
1831,Chester,40.787628,-74.6763,0.0,,0.0,,,
1831,Chester,40.787628,-74.6763,0.0,,0.0,,,
1831,Chester,40.787628,-74.6763,0.0,,0.0,,,
1831,Chester,40.787628,-74.6763,0.0,,0.0,,,
1831,Chester,40.787628,-74.6763,0.0,,0.0,,,
1831,Chester,40.787628,-74.6763,0.0,,0.0,,,
1831,Chester,40.787628,-74.6763,0.0,,0.0,,,
1831,Chester,40.787628,-74.6763,0.0,,0.0,,,
1831,Chester,40.787628,-74.6763,0.0,,0.0,,,
1831,Chester,40.787628,-74.6763,0.0,,0.001,,,
1831,Chester,40.787628,-74.6763,0.0,,0.0,,,
1831,Chester,40.787628,-74.6763,0.0,,0.0,,,
1831,Chester,40.787628,-74.6763,0.0,,0.0,,,
1831,Chester,40.787628,-74.6763,0.0,,0.0,,,
1831,Chester,40.787628,-74.6763,0.0,,0.0,,,
1831,Chester,40.787628,-74.6763,0.0,,0.0,,,
1831,Chester,40.787628,-74.6763,0.0,,0.0,,,
1831,Chester,40.787628,-74.6763,0.0,,0.0,,,
1831,Chester,40.787628,-74.6763,0.0,,0.0,,,
1831,Chester,40.787628,-74.6763,0.0,,0.0,,,
1831,Chester,40.787628,-74.6763,0.0,,0.0,,,
1831,Chester,40.787628,-74.6763,0.0,,0.001,,,
1831,Chester,40.787628,-74.6763,0.0,,0.001,,,
1831,Chester,40.787628,-74.6763,0.0,,0.001,,,
1831,Chester,40.787628,-74.6763,0.0,,0.001,,,
1831,Chester,40.787628,-74.6763,0.0,,0.001,,,
1831,Chester,40.787628,-74.6763,0.0,,0.0,,,
1831,Chester,40.787628,-74.6763,0.0,,0.0,,,
1831,Chester,40.787628,-74.6763,0.0,,0.0,,,
1831,Chester,40.787628,-74.6763,0.0,,0.0,,,
1831,Chester,40.787628,-74.6763,0.0,,0.001,,,
1831,Chester,40.787628,-74.6763,0.0,,0.0,,,
1831,Chester,40.787628,-74.6763,0.0,,0.0,,,
1831,Chester,40.787628,-74.6763,0.0,,0.0,,,
1831,Chester,40.787628,-74.6763,0.0,,0.0,,,
1831,Chester,40.787628,-74.6763,0.0,,0.0,,,
1831,Chester,40.787628,-74.6763,0.0,,0.0,,,
1831,Chester,40.787628,-74.6763,0.0,,0.0,,,
1831,Chester,40.787628,-74.6763,0.0,,0.0,,,
1831,Chester,40.787628,-74.6763,0.0,,0.0,,,
1831,Chester,40.787628,-74.6763,0.0,,0.0,,,
1831,Chester,40.787628,-74.6763,0.0,,0.0,,,
1831,Chester,40.787628,-74.6763,0.0,,0.0,,,
1831,Chester,40.787628,-74.6763,0.0,,0.0,,,
1831,Chester,40.787628,-74.6763,0.0,,0.0,,,
1831,Chester,40.787628,-74.6763,0.0,,0.0,,,
1831,Chester,40.787628,-74.6763,0.0,,0.0,,,
1831,Chester,40.787628,-74.6763,0.0,,0.0,,,
1831,Chester,40.787628,-74.6763,0.0,,0.0,,,
1831,Chester,40.787628,-74.6763,0.0,,0.0,,,
1831,Chester,40.787628,-74.6763,0.0,,0.0,,,
1831,Chester,40.787628,-74.6763,0.0,,0.0,,,
1831,Chester,40.787628,-74.6763,0.0,,0.0,,,
1831,Chester,40.787628,-74.6763,0.0,,0.0,,,
1831,Chester,40.787628,-74.6763,0.0,,0.002,,,
1831,Chester,40.787628,-74.6763,0.0,,0.001,,,
1831,Chester,40.787628,-74.6763,0.0,,0.0,,,
1831,Chester,40.787628,-74.6763,0.0,,0.001,,,
1831,Chester,40.787628,-74.6763,0.0,,0.001,,,
1831,Chester,40.787628,-74.6763,0.0,,0.0,,,
1831,Chester,40.787628,-74.6763,0.0,,0.0,,,
1831,Chester,40.787628,-74.6763,0.0,,0.0,,,
1831,Chester,40.787628,-74.6763,0.0,,0.0,,,
1831,Chester,40.787628,-74.6763,0.0,,0.0,,,
1831,Chester,40.787628,-74.6763,0.0,,0.0,,,
1831,Chester,40.787628,-74.6763,0.0,,0.0,,,
1831,Chester,40.787628,-74.6763,0.0,,0.003,,,
1831,Chester,40.787628,-74.6763,0.0,,0.006,,,
1831,Chester,40.787628,-74.6763,0.0,,0.005,,,
1831,Chester,40.787628,-74.6763,0.0,,0.004,,,
1831,Chester,40.787628,-74.6763,0.0,,0.005,,,
1831,Chester,40.787628,-74.6763,0.0,,0.01,,,
1831,Chester,40.787628,-74.6763,0.0,,0.009,,,
1831,Chester,40.787628,-74.6763,0.0,,0.006,,,
1831,Chester,40.787628,-74.6763,0.0,,0.004,,,
1831,Chester,40.787628,-74.6763,0.0,,0.004,,,
1831,Chester,40.787628,-74.6763,0.0,,0.002,,,
1831,Chester,40.787628,-74.6763,0.0,,0.002,,,
1831,Chester,40.787628,-74.6763,0.0,,0.003,,,
1831,Chester,40.787628,-74.6763,0.0,,0.002,,,
1831,Chester,40.787628,-74.6763,0.0,,0.003,,,
1831,Chester,40.787628,-74.6763,0.0,,0.002,,,
1831,Chester,40.787628,-74.6763,0.0,,0.0,,,
1831,Chester,40.787628,-74.6763,0.0,,0.0,,,
1831,Chester,40.787628,-74.6763,0.0,,0.0,,,
1831,Chester,40.787628,-74.6763,0.0,,0.0,,,
1831,Chester,40.787628,-74.6763,0.0,,0.0,,,
1831,Chester,40.787628,-74.6763,0.0,,0.0,,,
1831,Chester,40.787628,-74.6763,0.0,,0.0,,,
1831,Chester,40.787628,-74.6763,0.0,,0.0,,,
1831,Chester,40.787628,-74.6763,0.0,,0.0,,,
1831,Chester,40.787628,-74.6763,0.0,,0.001,,,
1831,Chester,40.787628,-74.6763,0.0,,0.002,,,
1831,Chester,40.787628,-74.6763,0.0,,0.001,,,
1831,Chester,40.787628,-74.6763,0.0,,0.002,,,
1831,Chester,40.787628,-74.6763,0.0,,0.001,,,
1831,Chester,40.787628,-74.6763,0.0,,0.001,,,
1831,Chester,40.787628,-74.6763,0.0,,0.002,,,
1831,Chester,40.787628,-74.6763,0.0,,0.002,,,
1831,Chester,40.787628,-74.6763,0.0,,0.001,,,
1831,Chester,40.787628,-74.6763,0.0,,0.001,,,
1831,Chester,40.787628,-74.6763,0.0,,0.002,,,
1831,Chester,40.787628,-74.6763,0.0,,0.003,,,
1831,Chester,40.787628,-74.6763,0.0,,0.004,,,
1831,Chester,40.787628,-74.6763,0.001,,0.006,,,
1831,Chester,40.787628,-74.6763,0.0,,0.002,,,
1831,Chester,40.787628,-74.6763,0.0,,0.0,,,
1831,Chester,40.787628,-74.6763,0.0,,0.0,,,
1831,Chester,40.787628,-74.6763,0.0,,0.0,,,
1831,Chester,40.787628,-74.6763,0.0,,0.0,,,
1831,Chester,40.787628,-74.6763,0.0,,0.0,,,
1831,Chester,40.787628,-74.6763,0.0,,0.001,,,
1831,Chester,40.787628,-74.6763,0.0,,0.0,,,
1831,Chester,40.787628,-74.6763,0.0,,0.001,,,
1831,Chester,40.787628,-74.6763,0.0,,0.001,,,
1831,Chester,40.787628,-74.6763,0.0,,0.002,,,
1831,Chester,40.787628,-74.6763,0.0,,0.002,,,
1831,Chester,40.787628,-74.6763,0.0,,0.002,,,
1831,Chester,40.787628,-74.6763,0.0,,0.002,,,
1831,Chester,40.787628,-74.6763,0.0,,0.003,,,
1831,Chester,40.787628,-74.6763,0.0,,0.003,,,
1831,Chester,40.787628,-74.6763,0.0,,0.002,,,
1831,Chester,40.787628,-74.6763,0.0,,0.002,,,
1831,Chester,40.787628,-74.6763,0.0,,0.002,,,
1831,Chester,40.787628,-74.6763,0.0,,0.004,,,
1831,Chester,40.787628,-74.6763,0.0,,0.004,,,
1831,Chester,40.787628,-74.6763,0.0,,0.004,,,
1831,Chester,40.787628,-74.6763,0.0,,0.004,,,
1831,Chester,40.787628,-74.6763,0.0,,0.003,,,
1831,Chester,40.787628,-74.6763,0.0,,0.002,,,
1831,Chester,40.787628,-74.6763,0.0,,0.001,,,
1831,Chester,40.787628,-74.6763,0.0,,0.001,,,
1831,Chester,40.787628,-74.6763,0.0,,0.0,,,
1831,Chester,40.787628,-74.6763,0.0,,0.0,,,
1831,Chester,40.787628,-74.6763,0.0,,0.001,,,
1831,Chester,40.787628,-74.6763,0.0,,0.001,,,
1831,Chester,40.787628,-74.6763,0.0,,0.001,,,
1831,Chester,40.787628,-74.6763,0.0,,0.001,,,
1831,Chester,40.787628,-74.6763,0.0,,0.001,,,
1831,Chester,40.787628,-74.6763,0.0,,0.001,,,
1831,Chester,40.787628,-74.6763,0.0,,0.002,,,
1831,Chester,40.787628,-74.6763,0.0,,0.004,,,
1831,Chester,40.787628,-74.6763,0.0,,0.002,,,
1831,Chester,40.787628,-74.6763,0.0,,0.001,,,
1831,Chester,40.787628,-74.6763,0.0,,0.001,,,
1831,Chester,40.787628,-74.6763,0.0,,0.001,,,
1831,Chester,40.787628,-74.6763,0.0,,0.001,,,
1831,Chester,40.787628,-74.6763,0.0,,0.002,,,
1831,Chester,40.787628,-74.6763,0.0,,0.003,,,
1831,Chester,40.787628,-74.6763,0.0,,0.003,,,
1831,Chester,40.787628,-74.6763,0.0,,0.004,,,
1831,Chester,40.787628,-74.6763,0.0,,0.004,,,
1831,Chester,40.787628,-74.6763,0.0,,0.003,,,
1831,Chester,40.787628,-74.6763,0.0,,0.001,,,
1831,Chester,40.787628,-74.6763,0.0,,0.0,,,
1831,Chester,40.787628,-74.6763,0.0,,0.0,,,
1831,Chester,40.787628,-74.6763,0.0,,0.0,,,
1831,Chester,40.787628,-74.6763,0.0,,0.0,,,
1831,Chester,40.787628,-74.6763,0.0,,0.0,,,
1831,Chester,40.787628,-74.6763,0.0,,0.0,,,
1831,Chester,40.787628,-74.6763,0.0,,0.0,,,
1831,Chester,40.787628,-74.6763,0.0,,0.0,,,
1831,Chester,40.787628,-74.6763,0.0,,0.001,,,
1831,Chester,40.787628,-74.6763,0.0,,0.0,,,
1831,Chester,40.787628,-74.6763,0.0,,0.0,,,
1831,Chester,40.787628,-74.6763,0.0,,0.0,,,
1831,Chester,40.787628,-74.6763,0.0,,0.0,,,
1831,Chester,40.787628,-74.6763,,,,,0.8,
1831,Chester,40.787628,-74.6763,,,,,2.4,
1831,Chester,40.787628,-74.6763,,,,,-0.7,
1831,Chester,40.787628,-74.6763,,,,,1.4,
1831,Chester,40.787628,-74.6763,,,,,1.1,
1831,Chester,40.787628,-74.6763,,,,,2.1,
1831,Chester,40.787628,-74.6763,,,,,-0.5,
1831,Chester,40.787628,-74.6763,,,,,-2.1,
1831,Chester,40.787628,-74.6763,,,,,-0.6,
1831,Chester,40.787628,-74.6763,,,,,1.4,
1831,Chester,40.787628,-74.6763,,,,,1.7,
1831,Chester,40.787628,-74.6763,,,,,0.0,
1831,Chester,40.787628,-74.6763,,,,,-1.1,
1831,Chester,40.787628,-74.6763,,,,,-1.0,
1831,Chester,40.787628,-74.6763,,,,,0.0,
1831,Chester,40.787628,-74.6763,,,,,-2.1,
1831,Chester,40.787628,-74.6763,,,,,-1.7,
1831,Chester,40.787628,-74.6763,,,,,0.3,
1831,Chester,40.787628,-74.6763,,,,,-2.1,
1831,Chester,40.787628,-74.6763,,,,,2.6,
1831,Chester,40.787628,-74.6763,,,,,0.8,
1831,Chester,40.787628,-74.6763,,,,,3.4,
1831,Chester,40.787628,-74.6763,,,,,1.2,
1831,Chester,40.787628,-74.6763,,,,,1.5,
1831,Chester,40.787628,-74.6763,,,,,0.1,
1831,Chester,40.787628,-74.6763,,,,,2.3,
1831,Chester,40.787628,-74.6763,,,,,3.1,
1831,Chester,40.787628,-74.6763,,,,,2.5,
1831,Chester,40.787628,-74.6763,,,,,3.4,
1831,Chester,40.787628,-74.6763,,,,,-0.2,
1831,Chester,40.787628,-74.6763,,,,,5.0,
1831,Chester,40.787628,-74.6763,,,,,4.5,
1831,Chester,40.787628,-74.6763,,,,,2.0,
1831,Chester,40.787628,-74.6763,,,,,4.7,
1831,Chester,40.787628,-74.6763,,,,,5.4,
1831,Chester,40.787628,-74.6763,,,,,5.5,
1831,Chester,40.787628,-74.6763,,,,,5.0,
1831,Chester,40.787628,-74.6763,,,,,6.0,
1831,Chester,40.787628,-74.6763,,,,,7.0,
1831,Chester,40.787628,-74.6763,,,,,3.7,
1831,Chester,40.787628,-74.6763,,,,,4.2,
1831,Chester,40.787628,-74.6763,,,,,3.7,
1831,Chester,40.787628,-74.6763,,,,,5.9,
1831,Chester,40.787628,-74.6763,,,,,6.1,
1831,Chester,40.787628,-74.6763,,,,,2.2,
1831,Chester,40.787628,-74.6763,,,,,-1.9,
1831,Chester,40.787628,-74.6763,,,,,2.3,
1831,Chester,40.787628,-74.6763,,,,,-2.1,
1831,Chester,40.787628,-74.6763,,,,,0.2,
1831,Chester,40.787628,-74.6763,,,,,-3.6,
1831,Chester,40.787628,-74.6763,,,,,-3.2,
1831,Chester,40.787628,-74.6763,,,,,-3.9,
1831,Chester,40.787628,-74.6763,,,,,-3.5,
1831,Chester,40.787628,-74.6763,,,,,-4.9,
1831,Chester,40.787628,-74.6763,,,,,-3.4,
1831,Chester,40.787628,-74.6763,,,,,-1.2,
1831,Chester,40.787628,-74.6763,,,,,-4.9,
1831,Chester,40.787628,-74.6763,,,,,-4.9,
1831,Chester,40.787628,-74.6763,,,,,-2.0,
1831,Chester,40.787628,-74.6763,,,,,1.1,
1831,Chester,40.787628,-74.6763,,,,,-1.0,
1831,Chester,40.787628,-74.6763,,,,,-3.4,
1831,Chester,40.787628,-74.6763,,,,,0.3,
1831,Chester,40.787628,-74.6763,,,,,0.4,
1831,Chester,40.787628,-74.6763,,,,,2.6,
1831,Chester,40.787628,-74.6763,,,,,4.8,
1831,Chester,40.787628,-74.6763,,,,,3.0,
1831,Chester,40.787628,-74.6763,,,,,7.8,
1831,Chester,40.787628,-74.6763,,,,,1.3,
1831,Chester,40.787628,-74.6763,,,,,8.7,
1831,Chester,40.787628,-74.6763,,,,,7.8,
1831,Chester,40.787628,-74.6763,,,,,5.1,
1831,Chester,40.787628,-74.6763,,,,,7.4,
1831,Chester,40.787628,-74.6763,,,,,5.8,
1831,Chester,40.787628,-74.6763,,,,,7.5,
1831,Chester,40.787628,-74.6763,,,,,6.3,
1831,Chester,40.787628,-74.6763,,,,,11.0,
1831,Chester,40.787628,-74.6763,,,,,9.0,
1831,Chester,40.787628,-74.6763,,,,,6.5,
1831,Chester,40.787628,-74.6763,,,,,8.2,
1831,Chester,40.787628,-74.6763,,,,,7.3,
1831,Chester,40.787628,-74.6763,,,,,12.7,
1831,Chester,40.787628,-74.6763,,,,,10.5,
1831,Chester,40.787628,-74.6763,,,,,9.6,
1831,Chester,40.787628,-74.6763,,,,,11.2,
1831,Chester,40.787628,-74.6763,,,,,9.1,
1831,Chester,40.787628,-74.6763,,,,,8.3,
1831,Chester,40.787628,-74.6763,,,,,0.8,
1831,Chester,40.787628,-74.6763,,,,,-3.3,
1831,Chester,40.787628,-74.6763,,,,,-2.8,
1831,Chester,40.787628,-74.6763,,,,,2.7,
1831,Chester,40.787628,-74.6763,,,,,-2.2,
1831,Chester,40.787628,-74.6763,,,,,-3.8,
1831,Chester,40.787628,-74.6763,,,,,-2.4,
1831,Chester,40.787628,-74.6763,,,,,-2.4,
1831,Chester,40.787628,-74.6763,,,,,-0.8,
1831,Chester,40.787628,-74.6763,,,,,-2.8,
1831,Chester,40.787628,-74.6763,,,,,-2.0,
1831,Chester,40.787628,-74.6763,,,,,-2.6,
1831,Chester,40.787628,-74.6763,,,,,-4.8,
1831,Chester,40.787628,-74.6763,,,,,1.6,
1831,Chester,40.787628,-74.6763,,,,,-2.1,
1831,Chester,40.787628,-74.6763,,,,,-3.8,
1831,Chester,40.787628,-74.6763,,,,,-4.8,
1831,Chester,40.787628,-74.6763,,,,,-4.0,
1831,Chester,40.787628,-74.6763,,,,,-2.2,
1831,Chester,40.787628,-74.6763,,,,,0.2,
1831,Chester,40.787628,-74.6763,,,,,-0.1,
1831,Chester,40.787628,-74.6763,,,,,-1.4,
1831,Chester,40.787628,-74.6763,,,,,-1.7,
1831,Chester,40.787628,-74.6763,,,,,-3.3,
1831,Chester,40.787628,-74.6763,,,,,-3.0,
1831,Chester,40.787628,-74.6763,,,,,-0.8,
1831,Chester,40.787628,-74.6763,,,,,-2.1,
1831,Chester,40.787628,-74.6763,,,,,-3.6,
1831,Chester,40.787628,-74.6763,,,,,-2.7,
1831,Chester,40.787628,-74.6763,,,,,-2.9,
1831,Chester,40.787628,-74.6763,,,,,-4.2,
1831,Chester,40.787628,-74.6763,,,,,-0.6,
1831,Chester,40.787628,-74.6763,,,,,-4.4,
1831,Chester,40.787628,-74.6763,,,,,-3.9,
1831,Chester,40.787628,-74.6763,,,,,-2.2,
1831,Chester,40.787628,-74.6763,,,,,-2.5,
1831,Chester,40.787628,-74.6763,,,,,-3.3,
1831,Chester,40.787628,-74.6763,,,,,-2.5,
1831,Chester,40.787628,-74.6763,,,,,-1.6,
1831,Chester,40.787628,-74.6763,,,,,-0.6,
1831,Chester,40.787628,-74.6763,,,,,0.0,
1831,Chester,40.787628,-74.6763,,,,,-1.6,
1831,Chester,40.787628,-74.6763,,,,,-2.9,
1831,Chester,40.787628,-74.6763,,,,,-3.0,
1831,Chester,40.787628,-74.6763,,,,,-1.3,
1831,Chester,40.787628,-74.6763,,,,,0.1,
1831,Chester,40.787628,-74.6763,,,,,-2.9,
1831,Chester,40.787628,-74.6763,,,,,-3.8,
1831,Chester,40.787628,-74.6763,,,,,-3.2,
1831,Chester,40.787628,-74.6763,,,,,-2.9,
1831,Chester,40.787628,-74.6763,,,,,-4.9,
1831,Chester,40.787628,-74.6763,,,,,-3.0,
1831,Chester,40.787628,-74.6763,,,,,-2.7,
1831,Chester,40.787628,-74.6763,,,,,-1.3,
1831,Chester,40.787628,-74.6763,,,,,1.0,
1831,Chester,40.787628,-74.6763,,,,,0.1,
1831,Chester,40.787628,-74.6763,,,,,1.1,
1831,Chester,40.787628,-74.6763,,,,,2.1,
1831,Chester,40.787628,-74.6763,,,,,4.9,
1831,Chester,40.787628,-74.6763,,,,,3.9,
1831,Chester,40.787628,-74.6763,,,,,3.7,
1831,Chester,40.787628,-74.6763,,,,,-2.7,
1831,Chester,40.787628,-74.6763,,,,,-2.9,
1831,Chester,40.787628,-74.6763,,,,,-4.9,
1831,Chester,40.787628,-74.6763,,,,,-3.7,
1831,Chester,40.787628,-74.6763,,,,,-3.0,
1831,Chester,40.787628,-74.6763,,,,,-2.9,
1831,Chester,40.787628,-74.6763,,,,,0.0,
1831,Chester,40.787628,-74.6763,,,,,-2.9,
1831,Chester,40.787628,-74.6763,,,,,-3.0,
1831,Chester,40.787628,-74.6763,,,,,-3.3,
1831,Chester,40.787628,-74.6763,,,,,-0.1,
1831,Chester,40.787628,-74.6763,,,,,2.3,
1831,Chester,40.787628,-74.6763,,,,,-2.9,
1831,Chester,40.787628,-74.6763,,,,,-1.6,
1831,Chester,40.787628,-74.6763,,,,,-1.7,
1831,Chester,40.787628,-74.6763,,,,,-3.6,
1831,Chester,40.787628,-74.6763,,,,,-2.0,
1831,Chester,40.787628,-74.6763,,,,,-4.8,
1831,Chester,40.787628,-74.6763,,,,,-2.2,
1831,Chester,40.787628,-74.6763,,,,,-4.8,
1831,Chester,40.787628,-74.6763,,,,,-2.9,
1831,Chester,40.787628,-74.6763,,,,,-3.5,
1831,Chester,40.787628,-74.6763,,,,,-4.1,
1831,Chester,40.787628,-74.6763,,,,,-3.9,
1831,Chester,40.787628,-74.6763,,,,,-3.9,
1831,Chester,40.787628,-74.6763,,,,,-2.4,
1831,Chester,40.787628,-74.6763,,,,,-3.2,
1831,Chester,40.787628,-74.6763,,,,,-3.9,
1831,Chester,40.787628,-74.6763,,,,,-2.7,
1831,Chester,40.787628,-74.6763,,,,,-3.7,
1831,Chester,40.787628,-74.6763,,,,,0.0,
1831,Chester,40.787628,-74.6763,,,,,-4.5,
1831,Chester,40.787628,-74.6763,,,,,-2.7,
1831,Chester,40.787628,-74.6763,,,,,1.0,
1831,Chester,40.787628,-74.6763,,,,,0.1,
1831,Chester,40.787628,-74.6763,,,,,0.5,
1831,Chester,40.787628,-74.6763,,,,,-0.2,
1831,Chester,40.787628,-74.6763,,,,,3.1,
1831,Chester,40.787628,-74.6763,,,,,-2.4,
1831,Chester,40.787628,-74.6763,,,,,2.4,
1831,Chester,40.787628,-74.6763,,,,,1.7,
1831,Chester,40.787628,-74.6763,,,,,-1.4,
1831,Chester,40.787628,-74.6763,,,,,-1.2,
1831,Chester,40.787628,-74.6763,,,,,-0.5,
1831,Chester,40.787628,-74.6763,,,,,0.5,
1831,Chester,40.787628,-74.6763,,,,,-0.5,
1831,Chester,40.787628,-74.6763,,,,,-0.9,
1831,Chester,40.787628,-74.6763,,,,,-1.5,
1831,Chester,40.787628,-74.6763,,,,,-4.2,
1831,Chester,40.787628,-74.6763,,,,,-2.7,
1831,Chester,40.787628,-74.6763,,,,,-0.4,
1831,Chester,40.787628,-74.6763,,,,,-3.9,
1831,Chester,40.787628,-74.6763,,,,,-3.0,
1831,Chester,40.787628,-74.6763,,,,,-3.4,
1831,Chester,40.787628,-74.6763,,,,,-2.7,
1831,Chester,40.787628,-74.6763,,,,,1.1,
1831,Chester,40.787628,-74.6763,,,,,-0.5,
1831,Chester,40.787628,-74.6763,,,,,5.3,
1831,Chester,40.787628,-74.6763,,,,,0.6,
1831,Chester,40.787628,-74.6763,,,,,1.9,
1831,Chester,40.787628,-74.6763,,,,,1.8,
1831,Chester,40.787628,-74.6763,,,,,-0.5,
1831,Chester,40.787628,-74.6763,,,,,0.0,
1831,Chester,40.787628,-74.6763,,,,,0.3,
1831,Chester,40.787628,-74.6763,,,,,1.1,
1831,Chester,40.787628,-74.6763,,,,,3.3,
1831,Chester,40.787628,-74.6763,,,,,2.7,
1831,Chester,40.787628,-74.6763,,,,,-0.3,
1831,Chester,40.787628,-74.6763,,,,,-1.4,
1831,Chester,40.787628,-74.6763,,,,,-3.1,
1831,Chester,40.787628,-74.6763,,,,,-1.2,
1831,Chester,40.787628,-74.6763,,,,,-1.6,
1831,Chester,40.787628,-74.6763,,,,,-1.2,
1831,Chester,40.787628,-74.6763,,,,,0.7,
1831,Chester,40.787628,-74.6763,,,,,-1.2,
1831,Chester,40.787628,-74.6763,,,,,-1.2,
1831,Chester,40.787628,-74.6763,,,,,0.1,
1831,Chester,40.787628,-74.6763,,,,,0.5,
1831,Chester,40.787628,-74.6763,,,,,3.1,
1831,Chester,40.787628,-74.6763,,,,,3.6,
1831,Chester,40.787628,-74.6763,,,,,-2.6,
1831,Chester,40.787628,-74.6763,,,,,-2.2,
1831,Chester,40.787628,-74.6763,,,,,0.0,
1831,Chester,40.787628,-74.6763,,,,,-1.2,
1831,Chester,40.787628,-74.6763,,,,,-2.9,
1831,Chester,40.787628,-74.6763,,,,,-3.7,
1831,Chester,40.787628,-74.6763,,,,,0.3,
1831,Chester,40.787628,-74.6763,,,,,-4.9,
1831,Chester,40.787628,-74.6763,,,,,-2.5,
1831,Chester,40.787628,-74.6763,,,,,-4.5,
1831,Chester,40.787628,-74.6763,,,,,-3.2,
1831,Chester,40.787628,-74.6763,,,,,-4.0,
1831,Chester,40.787628,-74.6763,,,,,-3.2,
1831,Chester,40.787628,-74.6763,,,,,-1.3,
1831,Chester,40.787628,-74.6763,,,,,-1.9,
1831,Chester,40.787628,-74.6763,,,,,-0.8,
1831,Chester,40.787628,-74.6763,,,,,-2.0,
1831,Chester,40.787628,-74.6763,,,,,-0.4,
1831,Chester,40.787628,-74.6763,,,,,-3.9,
1831,Chester,40.787628,-74.6763,,,,,1.6,
1831,Chester,40.787628,-74.6763,,,,,0.6,
1831,Chester,40.787628,-74.6763,,,,,-0.5,
1831,Chester,40.787628,-74.6763,,,,,0.2,
1831,Chester,40.787628,-74.6763,,,,,1.9,
1831,Chester,40.787628,-74.6763,,,,,0.0,
1831,Chester,40.787628,-74.6763,,,,,-0.1,
1831,Chester,40.787628,-74.6763,,,,,0.9,
1831,Chester,40.787628,-74.6763,,,,,-1.9,
1831,Chester,40.787628,-74.6763,,,,,0.3,
1831,Chester,40.787628,-74.6763,,,,,-1.9,
1831,Chester,40.787628,-74.6763,,,,,-0.3,
1831,Chester,40.787628,-74.6763,,,,,-1.1,
1831,Chester,40.787628,-74.6763,,,,,0.2,
1831,Chester,40.787628,-74.6763,,,,,1.6,
1831,Chester,40.787628,-74.6763,,,,,1.0,
1831,Chester,40.787628,-74.6763,,,,,-0.4,
1831,Chester,40.787628,-74.6763,,,,,-1.2,
1831,Chester,40.787628,-74.6763,,,,,1.0,
1831,Chester,40.787628,-74.6763,,,,,0.3,
1831,Chester,40.787628,-74.6763,,,,,1.6,
1831,Chester,40.787628,-74.6763,,,,,0.6,
1831,Chester,40.787628,-74.6763,,,,,2.3,
1831,Chester,40.787628,-74.6763,,,,,-0.7,
1831,Chester,40.787628,-74.6763,,,,,1.6,
1831,Chester,40.787628,-74.6763,,,,,1.7,
1831,Chester,40.787628,-74.6763,,,,,3.4,
1831,Chester,40.787628,-74.6763,,,,,3.9,
1831,Chester,40.787628,-74.6763,,,,,3.5,
1831,Chester,40.787628,-74.6763,,,,,3.0,
1831,Chester,40.787628,-74.6763,,,,,2.7,
1831,Chester,40.787628,-74.6763,,,,,6.7,
1831,Chester,40.787628,-74.6763,,,,,4.3,
1831,Chester,40.787628,-74.6763,,,,,6.7,
1831,Chester,40.787628,-74.6763,,,,,6.9,
1831,Chester,40.787628,-74.6763,,,,,6.0,
1831,Chester,40.787628,-74.6763,,,,,4.1,
1831,Chester,40.787628,-74.6763,,,,,6.0,
1831,Chester,40.787628,-74.6763,,,,,2.7,
1831,Chester,40.787628,-74.6763,,,,,6.7,
1831,Chester,40.787628,-74.6763,,,,,2.4,
1831,Chester,40.787628,-74.6763,,,,,4.9,
1831,Chester,40.787628,-74.6763,,,,,4.6,
1831,Chester,40.787628,-74.6763,,,,,5.0,
1831,Chester,40.787628,-74.6763,,,,,2.4,
1831,Chester,40.787628,-74.6763,,,,,7.9,
1831,Chester,40.787628,-74.6763,,,,,2.0,
1831,Chester,40.787628,-74.6763,,,,,4.7,
1831,Chester,40.787628,-74.6763,,,,,3.7,
1831,Chester,40.787628,-74.6763,,,,,-1.4,
1831,Chester,40.787628,-74.6763,,,,,1.6,
1831,Chester,40.787628,-74.6763,,,,,2.6,
1831,Chester,40.787628,-74.6763,,,,,3.6,
1831,Chester,40.787628,-74.6763,,,,,0.8,
1831,Chester,40.787628,-74.6763,,,,,1.1,
1831,Chester,40.787628,-74.6763,,,,,1.9,
1831,Chester,40.787628,-74.6763,,,,,2.9,
1831,Chester,40.787628,-74.6763,,,,,1.7,
1831,Chester,40.787628,-74.6763,,,,,2.6,
1831,Chester,40.787628,-74.6763,,,,,3.9,
1831,Chester,40.787628,-74.6763,,,,,1.2,
1831,Chester,40.787628,-74.6763,,,,,3.8,
1831,Chester,40.787628,-74.6763,,,,,1.0,
1831,Chester,40.787628,-74.6763,,,,,3.4,
1831,Chester,40.787628,-74.6763,,,,,2.2,
1831,Chester,40.787628,-74.6763,,,,,2.9,
1831,Chester,40.787628,-74.6763,,,,,2.5,
1831,Chester,40.787628,-74.6763,,,,,2.5,
1831,Chester,40.787628,-74.6763,,,,,2.2,
1831,Chester,40.787628,-74.6763,,,,,2.8,
1831,Chester,40.787628,-74.6763,,,,,1.8,
1831,Chester,40.787628,-74.6763,,,,,4.4,
1831,Chester,40.787628,-74.6763,,,,,0.1,
1831,Chester,40.787628,-74.6763,,,,,5.3,
1831,Chester,40.787628,-74.6763,,,,,4.0,
1831,Chester,40.787628,-74.6763,,,,,0.6,
1831,Chester,40.787628,-74.6763,,,,,5.8,
1831,Chester,40.787628,-74.6763,,,,,5.3,
1831,Chester,40.787628,-74.6763,,,,,5.3,
1831,Chester,40.787628,-74.6763,,,,,5.8,
1831,Chester,40.787628,-74.6763,,,,,4.4,
1831,Chester,40.787628,-74.6763,,,,,4.8,
1831,Chester,40.787628,-74.6763,,,,,3.5,
1831,Chester,40.787628,-74.6763,,,,,9.0,
1831,Chester,40.787628,-74.6763,,,,,4.5,
1831,Chester,40.787628,-74.6763,,,,,4.5,
1831,Chester,40.787628,-74.6763,,,,,6.0,
1831,Chester,40.787628,-74.6763,,,,,2.5,
1831,Chester,40.787628,-74.6763,,,,,4.9,
1831,Chester,40.787628,-74.6763,,,,,2.2,
1831,Chester,40.787628,-74.6763,,,,,1.2,
1831,Chester,40.787628,-74.6763,,,,,3.4,
1831,Chester,40.787628,-74.6763,,,,,-2.1,
1831,Chester,40.787628,-74.6763,,,,,2.6,
1831,Chester,40.787628,-74.6763,,,,,4.9,
1831,Chester,40.787628,-74.6763,,,,,3.7,
1831,Chester,40.787628,-74.6763,,,,,5.3,
1831,Chester,40.787628,-74.6763,,,,,4.3,
1831,Chester,40.787628,-74.6763,,,,,4.9,
1831,Chester,40.787628,-74.6763,,,,,5.4,
1831,Chester,40.787628,-74.6763,,,,,3.2,
1831,Chester,40.787628,-74.6763,,,,,7.4,
1831,Chester,40.787628,-74.6763,,,,,5.3,
1831,Chester,40.787628,-74.6763,,,,,6.9,
1831,Chester,40.787628,-74.6763,,,,,7.5,
1831,Chester,40.787628,-74.6763,,,,,8.7,
1831,Chester,40.787628,-74.6763,,,,,9.4,
1831,Chester,40.787628,-74.6763,,,,,14.0,
1831,Chester,40.787628,-74.6763,,,,,13.5,
1831,Chester,40.787628,-74.6763,,,,,9.6,
1831,Chester,40.787628,-74.6763,,,,,8.1,
1831,Chester,40.787628,-74.6763,,,,,8.5,
1831,Chester,40.787628,-74.6763,,,,,3.9,
1831,Chester,40.787628,-74.6763,,,,,7.0,
1831,Chester,40.787628,-74.6763,,,,,0.9,
1831,Chester,40.787628,-74.6763,,,,,5.3,
1831,Chester,40.787628,-74.6763,,,,,1.0,
1831,Chester,40.787628,-74.6763,,,,,5.4,
1831,Chester,40.787628,-74.6763,,,,,5.0,
1831,Chester,40.787628,-74.6763,,,,,9.7,
1831,Chester,40.787628,-74.6763,,,,,6.3,
1831,Chester,40.787628,-74.6763,,,,,3.4,
1831,Chester,40.787628,-74.6763,,,,,3.0,
1831,Chester,40.787628,-74.6763,,,,,4.5,
1831,Chester,40.787628,-74.6763,,,,,4.9,
1831,Chester,40.787628,-74.6763,,,,,3.0,
1831,Chester,40.787628,-74.6763,,,,,1.2,
1831,Chester,40.787628,-74.6763,,,,,1.4,
1831,Chester,40.787628,-74.6763,,,,,-1.0,
1831,Chester,40.787628,-74.6763,,,,,-1.9,
1831,Chester,40.787628,-74.6763,,,,,-0.8,
1831,Chester,40.787628,-74.6763,,,,,-1.9,
1831,Chester,40.787628,-74.6763,,,,,1.7,
1831,Chester,40.787628,-74.6763,,,,,-0.7,
1831,Chester,40.787628,-74.6763,,,,,-1.1,
1831,Chester,40.787628,-74.6763,,,,,0.2,
1831,Chester,40.787628,-74.6763,,,,,2.4,
1831,Chester,40.787628,-74.6763,,,,,1.0,
1831,Chester,40.787628,-74.6763,,,,,4.9,
1831,Chester,40.787628,-74.6763,,,,,-0.7,
1831,Chester,40.787628,-74.6763,,,,,-1.1,
1831,Chester,40.787628,-74.6763,,,,,-1.1,
1831,Chester,40.787628,-74.6763,,,,,3.1,
1831,Chester,40.787628,-74.6763,,,,,0.1,
1831,Chester,40.787628,-74.6763,,,,,-3.4,
1831,Chester,40.787628,-74.6763,,,,,-0.2,
1831,Chester,40.787628,-74.6763,,,,,1.9,
1831,Chester,40.787628,-74.6763,,,,,0.5,
1831,Chester,40.787628,-74.6763,,,,,1.9,
1831,Chester,40.787628,-74.6763,,,,,3.6,
1831,Chester,40.787628,-74.6763,,,,,3.5,
1831,Chester,40.787628,-74.6763,,,,,0.8,
1831,Chester,40.787628,-74.6763,,,,,0.9,
1831,Chester,40.787628,-74.6763,,,,,0.8,
1831,Chester,40.787628,-74.6763,,,,,2.3,
1831,Chester,40.787628,-74.6763,,,,,0.3,
1831,Chester,40.787628,-74.6763,,,,,0.2,
1831,Chester,40.787628,-74.6763,,,,,0.3,
1831,Chester,40.787628,-74.6763,,,,,0.9,
1831,Chester,40.787628,-74.6763,,,,,-0.9,
1831,Chester,40.787628,-74.6763,,,,,-1.2,
1831,Chester,40.787628,-74.6763,,,,,-0.6,
1831,Chester,40.787628,-74.6763,,,,,1.4,
1831,Chester,40.787628,-74.6763,,,,,0.6,
1831,Chester,40.787628,-74.6763,,,,,2.0,
1831,Chester,40.787628,-74.6763,,,,,-3.4,
1831,Chester,40.787628,-74.6763,,,,,1.5,
1831,Chester,40.787628,-74.6763,,,,,1.3,
1831,Chester,40.787628,-74.6763,,,,,2.6,
1831,Chester,40.787628,-74.6763,,,,,-2.4,
1831,Chester,40.787628,-74.6763,,,,,1.1,
1831,Chester,40.787628,-74.6763,,,,,-0.5,
1831,Chester,40.787628,-74.6763,,,,,1.0,
1831,Chester,40.787628,-74.6763,,,,,-0.3,
1831,Chester,40.787628,-74.6763,,,,,0.5,
1831,Chester,40.787628,-74.6763,,,,,1.5,
1831,Chester,40.787628,-74.6763,,,,,-2.1,
1831,Chester,40.787628,-74.6763,,,,,-1.2,
1831,Chester,40.787628,-74.6763,,,,,0.0,
1831,Chester,40.787628,-74.6763,,,,,-3.3,
1831,Chester,40.787628,-74.6763,,,,,0.2,
1831,Chester,40.787628,-74.6763,,,,,-0.5,
1831,Chester,40.787628,-74.6763,,,,,1.7,
1831,Chester,40.787628,-74.6763,,,,,-1.0,
1831,Chester,40.787628,-74.6763,,,,,-3.4,
1831,Chester,40.787628,-74.6763,,,,,-1.1,
1831,Chester,40.787628,-74.6763,,,,,0.5,
1831,Chester,40.787628,-74.6763,,,,,5.4,
1831,Chester,40.787628,-74.6763,,,,,3.7,
1831,Chester,40.787628,-74.6763,,,,,4.2,
1831,Chester,40.787628,-74.6763,,,,,5.9,
1831,Chester,40.787628,-74.6763,,,,,5.4,
1831,Chester,40.787628,-74.6763,,,,,5.0,
1831,Chester,40.787628,-74.6763,,,,,6.0,
1831,Chester,40.787628,-74.6763,,,,,11.0,
1831,Chester,40.787628,-74.6763,,,,,8.3,
1831,Chester,40.787628,-74.6763,,,,,12.2,
1831,Chester,40.787628,-74.6763,,,,,8.5,
1831,Chester,40.787628,-74.6763,,,,,10.5,
1831,Chester,40.787628,-74.6763,,,,,10.7,
1831,Chester,40.787628,-74.6763,,,,,11.5,
1831,Chester,40.787628,-74.6763,,,,,11.0,
1831,Chester,40.787628,-74.6763,,,,,9.8,
1831,Chester,40.787628,-74.6763,,,,,9.6,
1831,Chester,40.787628,-74.6763,,,,,10.2,
1831,Chester,40.787628,-74.6763,,,,,8.3,
1831,Chester,40.787628,-74.6763,,,,,8.5,
1831,Chester,40.787628,-74.6763,,,,,10.0,
1831,Chester,40.787628,-74.6763,,,,,6.5,
1831,Chester,40.787628,-74.6763,,,,,12.9,
1831,Chester,40.787628,-74.6763,,,,,10.1,
1831,Chester,40.787628,-74.6763,,,,,7.3,
1831,Chester,40.787628,-74.6763,,,,,3.5,
1831,Chester,40.787628,-74.6763,,,,,6.4,
1831,Chester,40.787628,-74.6763,,,,,8.9,
1831,Chester,40.787628,-74.6763,,,,,4.6,
1831,Chester,40.787628,-74.6763,,,,,2.5,
1831,Chester,40.787628,-74.6763,,,,,5.4,
1831,Chester,40.787628,-74.6763,,,,,8.0,
1831,Chester,40.787628,-74.6763,,,,,6.9,
1831,Chester,40.787628,-74.6763,,,,,7.7,
1831,Chester,40.787628,-74.6763,,,,,9.4,
1831,Chester,40.787628,-74.6763,,,,,7.5,
1831,Chester,40.787628,-74.6763,,,,,11.7,
1831,Chester,40.787628,-74.6763,,,,,11.8,
1831,Chester,40.787628,-74.6763,,,,,14.9,
1831,Chester,40.787628,-74.6763,,,,,13.1,
1831,Chester,40.787628,-74.6763,,,,,11.6,
1831,Chester,40.787628,-74.6763,,,,,16.0,
1831,Chester,40.787628,-74.6763,,,,,13.0,
1831,Chester,40.787628,-74.6763,,,,,15.5,
1831,Chester,40.787628,-74.6763,,,,,13.0,
1831,Chester,40.787628,-74.6763,,,,,13.2,
1831,Chester,40.787628,-74.6763,,,,,15.4,
1831,Chester,40.787628,-74.6763,,,,,10.6,
1831,Chester,40.787628,-74.6763,,,,,9.8,
1831,Chester,40.787628,-74.6763,,,,,9.5,
1831,Chester,40.787628,-74.6763,,,,,6.8,
1831,Chester,40.787628,-74.6763,,,,,7.7,
1831,Chester,40.787628,-74.6763,,,,,3.5,
1831,Chester,40.787628,-74.6763,,,,,5.4,
1831,Chester,40.787628,-74.6763,,,,,6.4,
1831,Chester,40.787628,-74.6763,,,,,5.5,
1831,Chester,40.787628,-74.6763,,,,,2.9,
1831,Chester,40.787628,-74.6763,,,,,-0.3,
1831,Chester,40.787628,-74.6763,,,,,4.0,
1831,Chester,40.787628,-74.6763,,,,,3.5,
1831,Chester,40.787628,-74.6763,,,,,2.9,
1831,Chester,40.787628,-74.6763,,,,,7.8,
1831,Chester,40.787628,-74.6763,,,,,9.0,
1831,Chester,40.787628,-74.6763,,,,,9.5,
1831,Chester,40.787628,-74.6763,,,,,8.1,
1831,Chester,40.787628,-74.6763,,,,,9.2,
1831,Chester,40.787628,-74.6763,,,,,10.2,
1831,Chester,40.787628,-74.6763,,,,,5.5,
1831,Chester,40.787628,-74.6763,,,,,6.8,
1831,Chester,40.787628,-74.6763,,,,,5.1,
1831,Chester,40.787628,-74.6763,,,,,2.5,
1831,Chester,40.787628,-74.6763,,,,,2.9,
1831,Chester,40.787628,-74.6763,,,,,4.4,
1831,Chester,40.787628,-74.6763,,,,,4.4,
1831,Chester,40.787628,-74.6763,,,,,-1.1,
1831,Chester,40.787628,-74.6763,,,,,5.1,
1831,Chester,40.787628,-74.6763,,,,,2.0,
1831,Chester,40.787628,-74.6763,,,,,2.0,
1831,Chester,40.787628,-74.6763,,,,,4.4,
1831,Chester,40.787628,-74.6763,,,,,2.0,
1831,Chester,40.787628,-74.6763,,,,,4.9,
1831,Chester,40.787628,-74.6763,,,,,3.5,
1831,Chester,40.787628,-74.6763,,,,,4.7,
1831,Chester,40.787628,-74.6763,,,,,8.2,
1831,Chester,40.787628,-74.6763,,,,,7.5,
1831,Chester,40.787628,-74.6763,,,,,1.1,
1831,Chester,40.787628,-74.6763,,,,,2.1,
1831,Chester,40.787628,-74.6763,,,,,0.8,
1831,Chester,40.787628,-74.6763,,,,,0.3,
1831,Chester,40.787628,-74.6763,,,,,-2.9,
1831,Chester,40.787628,-74.6763,,,,,-0.2,
1831,Chester,40.787628,-74.6763,,,,,-3.4,
1831,Chester,40.787628,-74.6763,,,,,-1.1,
1831,Chester,40.787628,-74.6763,,,,,-1.1,
1831,Chester,40.787628,-74.6763,,,,,1.7,
1831,Chester,40.787628,-74.6763,,,,,-1.0,
1831,Chester,40.787628,-74.6763,,,,,0.2,
1831,Chester,40.787628,-74.6763,,,,,-1.2,
1831,Chester,40.787628,-74.6763,,,,,-0.8,
1831,Chester,40.787628,-74.6763,,,,,2.1,
1831,Chester,40.787628,-74.6763,,,,,2.9,
1831,Chester,40.787628,-74.6763,,,,,0.3,
1831,Chester,40.787628,-74.6763,,,,,-1.6,
1831,Chester,40.787628,-74.6763,,,,,-1.1,
1831,Chester,40.787628,-74.6763,,,,,0.1,
1831,Chester,40.787628,-74.6763,,,,,2.9,
1831,Chester,40.787628,-74.6763,,,,,-0.1,
1831,Chester,40.787628,-74.6763,,,,,-3.9,
1831,Chester,40.787628,-74.6763,,,,,-3.7,
1831,Chester,40.787628,-74.6763,,,,,-0.4,
1831,Chester,40.787628,-74.6763,,,,,0.4,
1831,Chester,40.787628,-74.6763,,,,,1.5,
1831,Chester,40.787628,-74.6763,,,,,-0.4,
1831,Chester,40.787628,-74.6763,,,,,-0.7,
1831,Chester,40.787628,-74.6763,,,,,0.5,
1831,Chester,40.787628,-74.6763,,,,,-1.2,
1831,Chester,40.787628,-74.6763,,,,,-3.4,
1831,Chester,40.787628,-74.6763,,,,,-2.5,
1831,Chester,40.787628,-74.6763,,,,,-1.3,
1831,Chester,40.787628,-74.6763,,,,,-1.6,
1831,Chester,40.787628,-74.6763,,,,,-2.4,
1831,Chester,40.787628,-74.6763,,,,,-0.1,
1831,Chester,40.787628,-74.6763,,,,,-2.4,
1831,Chester,40.787628,-74.6763,,,,,2.3,
1831,Chester,40.787628,-74.6763,,,,,-1.4,
1831,Chester,40.787628,-74.6763,,,,,1.0,
1831,Chester,40.787628,-74.6763,,,,,-0.7,
1831,Chester,40.787628,-74.6763,,,,,-1.0,
1831,Chester,40.787628,-74.6763,,,,,-3.1,
1831,Chester,40.787628,-74.6763,,,,,-0.8,
1831,Chester,40.787628,-74.6763,,,,,-0.4,
1831,Chester,40.787628,-74.6763,,,,,3.5,
1831,Chester,40.787628,-74.6763,,,,,4.8,
1831,Chester,40.787628,-74.6763,,,,,4.0,
1831,Chester,40.787628,-74.6763,,,,,-1.5,
1831,Chester,40.787628,-74.6763,,,,,0.5,
1831,Chester,40.787628,-74.6763,,,,,0.1,
1831,Chester,40.787628,-74.6763,,,,,-3.6,
1831,Chester,40.787628,-74.6763,,,,,-3.7,
1831,Chester,40.787628,-74.6763,,,,,-3.8,
1831,Chester,40.787628,-74.6763,,,,,-4.4,
1831,Chester,40.787628,-74.6763,,,,,-2.0,
1831,Chester,40.787628,-74.6763,,,,,1.0,
1831,Chester,40.787628,-74.6763,,,,,-2.6,
1831,Chester,40.787628,-74.6763,,,,,-3.6,
1831,Chester,40.787628,-74.6763,,,,,-3.5,
1831,Chester,40.787628,-74.6763,,,,,-3.6,
1831,Chester,40.787628,-74.6763,,,,,-3.9,
1831,Chester,40.787628,-74.6763,,,,,-4.8,
1831,Chester,40.787628,-74.6763,,,,,-4.0,
1831,Chester,40.787628,-74.6763,,,,,-1.6,
1831,Chester,40.787628,-74.6763,,,,,-1.7,
1831,Chester,40.787628,-74.6763,,,,,-3.4,
1831,Chester,40.787628,-74.6763,,,,,-0.6,
1831,Chester,40.787628,-74.6763,,,,,-0.9,
1831,Chester,40.787628,-74.6763,,,,,-1.5,
1831,Chester,40.787628,-74.6763,,,,,-3.1,
1831,Chester,40.787628,-74.6763,,,,,-3.6,
1831,Chester,40.787628,-74.6763,,,,,-3.7,
1831,Chester,40.787628,-74.6763,,,,,-4.9,
1831,Chester,40.787628,-74.6763,,,,,-2.9,
1831,Chester,40.787628,-74.6763,,,,,-1.2,
1831,Chester,40.787628,-74.6763,,,,,-1.5,
1831,Chester,40.787628,-74.6763,,,,,-2.4,
1831,Chester,40.787628,-74.6763,,,,,-2.0,
1831,Chester,40.787628,-74.6763,,,,,-2.1,
1831,Chester,40.787628,-74.6763,,,,,-4.8,
1831,Chester,40.787628,-74.6763,,,,,-3.4,
1831,Chester,40.787628,-74.6763,,,,,-2.7,
1831,Chester,40.787628,-74.6763,,,,,-3.2,
1831,Chester,40.787628,-74.6763,,,,,-4.4,
1831,Chester,40.787628,-74.6763,,,,,-2.2,
1831,Chester,40.787628,-74.6763,,,,,-3.1,
1831,Chester,40.787628,-74.6763,,,,,-1.2,
1831,Chester,40.787628,-74.6763,,,,,-4.4,
1831,Chester,40.787628,-74.6763,,,,,-4.5,
1831,Chester,40.787628,-74.6763,,,,,-1.6,
1831,Chester,40.787628,-74.6763,,,,,-1.9,
1831,Chester,40.787628,-74.6763,,,,,-3.2,
1831,Chester,40.787628,-74.6763,,,,,-3.6,
1831,Chester,40.787628,-74.6763,,,,,-3.4,
1831,Chester,40.787628,-74.6763,,,,,0.1,
1831,Chester,40.787628,-74.6763,,,,,-1.6,
1831,Chester,40.787628,-74.6763,,,,,-0.2,
1831,Chester,40.787628,-74.6763,,,,,2.9,
1831,Chester,40.787628,-74.6763,,,,,-0.5,
1831,Chester,40.787628,-74.6763,,,,,-0.4,
1831,Chester,40.787628,-74.6763,,,,,1.5,
1831,Chester,40.787628,-74.6763,,,,,2.1,
1831,Chester,40.787628,-74.6763,,,,,2.4,
1831,Chester,40.787628,-74.6763,,,,,0.8,
1831,Chester,40.787628,-74.6763,,,,,-0.7,
1831,Chester,40.787628,-74.6763,,,,,-3.9,
1831,Chester,40.787628,-74.6763,,,,,-1.1,
1831,Chester,40.787628,-74.6763,,,,,-1.1,
1831,Chester,40.787628,-74.6763,,,,,-2.9,
1831,Chester,40.787628,-74.6763,,,,,-1.5,
1831,Chester,40.787628,-74.6763,,,,,-0.1,
1831,Chester,40.787628,-74.6763,,,,,0.7,
1831,Chester,40.787628,-74.6763,,,,,1.1,
1831,Chester,40.787628,-74.6763,,,,,-0.7,
1831,Chester,40.787628,-74.6763,,,,,-3.6,
1831,Chester,40.787628,-74.6763,,,,,-3.0,
1831,Chester,40.787628,-74.6763,,,,,0.2,
1831,Chester,40.787628,-74.6763,,,,,4.2,
1831,Chester,40.787628,-74.6763,,,,,1.2,
1831,Chester,40.787628,-74.6763,,,,,1.7,
1831,Chester,40.787628,-74.6763,,,,,1.2,
1831,Chester,40.787628,-74.6763,,,,,-2.1,
1831,Chester,40.787628,-74.6763,,,,,2.5,
1831,Chester,40.787628,-74.6763,,,,,4.0,
1831,Chester,40.787628,-74.6763,,,,,1.0,
1831,Chester,40.787628,-74.6763,,,,,1.0,
1831,Chester,40.787628,-74.6763,,,,,-1.4,
1831,Chester,40.787628,-74.6763,,,,,13.5,
1831,Chester,40.787628,-74.6763,,,,,8.3,
1831,Chester,40.787628,-74.6763,,,,,7.4,
1831,Chester,40.787628,-74.6763,,,,,5.8,
1831,Chester,40.787628,-74.6763,,,,,7.9,
1831,Chester,40.787628,-74.6763,,,,,7.9,
1831,Chester,40.787628,-74.6763,,,,,5.4,
1831,Chester,40.787628,-74.6763,,,,,7.3,
1831,Chester,40.787628,-74.6763,,,,,5.8,
1831,Chester,40.787628,-74.6763,,,,,6.4,
1831,Chester,40.787628,-74.6763,,,,,6.0,
1831,Chester,40.787628,-74.6763,,,,,9.7,
1831,Chester,40.787628,-74.6763,,,,,9.9,
1831,Chester,40.787628,-74.6763,,,,,10.0,
1831,Chester,40.787628,-74.6763,,,,,7.9,
1831,Chester,40.787628,-74.6763,,,,,10.7,
1831,Chester,40.787628,-74.6763,,,,,9.0,
1831,Chester,40.787628,-74.6763,,,,,8.3,
1831,Chester,40.787628,-74.6763,,,,,9.4,
1831,Chester,40.787628,-74.6763,,,,,12.4,
1831,Chester,40.787628,-74.6763,,,,,2.9,
1831,Chester,40.787628,-74.6763,,,,,0.6,
1831,Chester,40.787628,-74.6763,,,,,1.5,
1831,Chester,40.787628,-74.6763,,,,,-2.6,
1831,Chester,40.787628,-74.6763,,,,,-1.7,
1831,Chester,40.787628,-74.6763,,,,,1.6,
1831,Chester,40.787628,-74.6763,,,,,-1.5,
1831,Chester,40.787628,-74.6763,,,,,-0.6,
1831,Chester,40.787628,-74.6763,,,,,0.9,
1831,Chester,40.787628,-74.6763,,,,,-2.9,
1831,Chester,40.787628,-74.6763,,,,,-4.5,
1831,Chester,40.787628,-74.6763,,,,,-4.9,
1831,Chester,40.787628,-74.6763,,,,,-1.8,
1831,Chester,40.787628,-74.6763,,,,,-4.0,
1831,Chester,40.787628,-74.6763,,,,,1.5,
1831,Chester,40.787628,-74.6763,,,,,-3.4,
1831,Chester,40.787628,-74.6763,,,,,-2.9,
1831,Chester,40.787628,-74.6763,,,,,-1.3,
1831,Chester,40.787628,-74.6763,,,,,-2.4,
1831,Chester,40.787628,-74.6763,,,,,-2.2,
1831,Chester,40.787628,-74.6763,,,,,-2.2,
1831,Chester,40.787628,-74.6763,,,,,-3.9,
1831,Chester,40.787628,-74.6763,,,,,-3.0,
1831,Chester,40.787628,-74.6763,,,,,-0.6,
1831,Chester,40.787628,-74.6763,,,,,-1.6,
1831,Chester,40.787628,-74.6763,,,,,-0.3,
1831,Chester,40.787628,-74.6763,,,,,-4.7,
1831,Chester,40.787628,-74.6763,,,,,1.9,
1831,Chester,40.787628,-74.6763,,,,,0.8,
1831,Chester,40.787628,-74.6763,,,,,-0.1,
1831,Chester,40.787628,-74.6763,,,,,0.9,
1831,Chester,40.787628,-74.6763,,,,,-0.4,
1831,Chester,40.787628,-74.6763,,,,,0.5,
1831,Chester,40.787628,-74.6763,,,,,-1.9,
1831,Chester,40.787628,-74.6763,,,,,-0.6,
1831,Chester,40.787628,-74.6763,,,,,0.2,
1831,Chester,40.787628,-74.6763,,,,,-1.1,
1831,Chester,40.787628,-74.6763,,,,,3.4,
1831,Chester,40.787628,-74.6763,,,,,-0.1,
1831,Chester,40.787628,-74.6763,,,,,-3.1,
1831,Chester,40.787628,-74.6763,,,,,0.1,
1831,Chester,40.787628,-74.6763,,,,,-3.3,
1831,Chester,40.787628,-74.6763,,,,,0.0,
1831,Chester,40.787628,-74.6763,,,,,-2.9,
1831,Chester,40.787628,-74.6763,,,,,-3.9,
1831,Chester,40.787628,-74.6763,,,,,-1.0,
1831,Chester,40.787628,-74.6763,,,,,-1.9,
1831,Chester,40.787628,-74.6763,,,,,-2.0,
1831,Chester,40.787628,-74.6763,,,,,1.9,
1831,Chester,40.787628,-74.6763,,,,,4.2,
1831,Chester,40.787628,-74.6763,,,,,1.2,
1831,Chester,40.787628,-74.6763,,,,,-3.3,
1831,Chester,40.787628,-74.6763,,,,,2.4,
1831,Chester,40.787628,-74.6763,,,,,-1.1,
1831,Chester,40.787628,-74.6763,,,,,-1.2,
1831,Chester,40.787628,-74.6763,,,,,-1.1,
1831,Chester,40.787628,-74.6763,,,,,-4.0,
1831,Chester,40.787628,-74.6763,,,,,-3.5,
1831,Chester,40.787628,-74.6763,,,,,0.1,
1831,Chester,40.787628,-74.6763,,,,,-1.5,
1831,Chester,40.787628,-74.6763,,,,,2.4,
1831,Chester,40.787628,-74.6763,,,,,2.0,
1831,Chester,40.787628,-74.6763,,,,,-3.1,
1831,Chester,40.787628,-74.6763,,,,,-2.2,
1831,Chester,40.787628,-74.6763,,,,,0.7,
1831,Chester,40.787628,-74.6763,,,,,-1.5,
1831,Chester,40.787628,-74.6763,,,,,-2.3,
1831,Chester,40.787628,-74.6763,,,,,-4.3,
1831,Chester,40.787628,-74.6763,,,,,-1.8,
1831,Chester,40.787628,-74.6763,,,,,-3.8,
1831,Chester,40.787628,-74.6763,,,,,2.1,
1831,Chester,40.787628,-74.6763,,,,,4.0,
1831,Chester,40.787628,-74.6763,,,,,1.6,
1831,Chester,40.787628,-74.6763,,,,,-0.7,
1831,Chester,40.787628,-74.6763,,,,,-2.9,
1831,Chester,40.787628,-74.6763,,,,,1.6,
1831,Chester,40.787628,-74.6763,,,,,7.3,
1831,Chester,40.787628,-74.6763,,,,,-1.5,
1831,Chester,40.787628,-74.6763,,,,,-3.5,
1831,Chester,40.787628,-74.6763,,,,,-1.7,
1831,Chester,40.787628,-74.6763,,,,,-1.6,
1831,Chester,40.787628,-74.6763,,,,,-3.4,
1831,Chester,40.787628,-74.6763,,,,,-4.5,
1831,Chester,40.787628,-74.6763,,,,,-4.4,
1831,Chester,40.787628,-74.6763,,,,,-2.7,
1831,Chester,40.787628,-74.6763,,,,,-3.2,
1831,Chester,40.787628,-74.6763,,,,,0.2,
1831,Chester,40.787628,-74.6763,,,,,0.4,
1831,Chester,40.787628,-74.6763,,,,,2.6,
1831,Chester,40.787628,-74.6763,,,,,-1.6,
1831,Chester,40.787628,-74.6763,,,,,3.6,
1831,Chester,40.787628,-74.6763,,,,,1.5,
1831,Chester,40.787628,-74.6763,,,,,-1.9,
1831,Chester,40.787628,-74.6763,,,,,3.1,
1831,Chester,40.787628,-74.6763,,,,,3.0,
1831,Chester,40.787628,-74.6763,,,,,-2.8,
1831,Chester,40.787628,-74.6763,,,,,-1.2,
1831,Chester,40.787628,-74.6763,,,,,-2.8,
1831,Chester,40.787628,-74.6763,,,,,-2.9,
1831,Chester,40.787628,-74.6763,,,,,0.5,
1831,Chester,40.787628,-74.6763,,,,,-2.3,
1831,Chester,40.787628,-74.6763,,,,,-0.2,
1831,Chester,40.787628,-74.6763,,,,,2.9,
1831,Chester,40.787628,-74.6763,,,,,-0.4,
1831,Chester,40.787628,-74.6763,,,,,0.3,
1831,Chester,40.787628,-74.6763,,,,,-1.1,
1831,Chester,40.787628,-74.6763,,,,,-1.9,
1831,Chester,40.787628,-74.6763,,,,,-1.0,
1831,Chester,40.787628,-74.6763,,,,,-3.1,
1831,Chester,40.787628,-74.6763,,,,,1.4,
1831,Chester,40.787628,-74.6763,,,,,0.0,
1831,Chester,40.787628,-74.6763,,,,,4.9,
1831,Chester,40.787628,-74.6763,,,,,1.1,
1831,Chester,40.787628,-74.6763,,,,,-4.4,
1831,Chester,40.787628,-74.6763,,,,,-1.7,
1831,Chester,40.787628,-74.6763,,,,,4.0,
1831,Chester,40.787628,-74.6763,,,,,0.0,
1831,Chester,40.787628,-74.6763,,,,,-0.1,
1831,Chester,40.787628,-74.6763,,,,,2.6,
1831,Chester,40.787628,-74.6763,,,,,0.0,
1831,Chester,40.787628,-74.6763,,,,,0.0,
1831,Chester,40.787628,-74.6763,,,,,0.7,
1831,Chester,40.787628,-74.6763,,,,,1.2,
1831,Chester,40.787628,-74.6763,,,,,0.0,
1831,Chester,40.787628,-74.6763,,,,,-1.5,
1831,Chester,40.787628,-74.6763,,,,,4.8,
1831,Chester,40.787628,-74.6763,,,,,-0.4,
1831,Chester,40.787628,-74.6763,,,,,16.0,
1831,Chester,40.787628,-74.6763,,,,,5.7,
1831,Chester,40.787628,-74.6763,,,,,-3.3,
1831,Chester,40.787628,-74.6763,,,,,0.9,
1831,Chester,40.787628,-74.6763,,,,,0.6,
1831,Chester,40.787628,-74.6763,,,,,1.7,
1831,Chester,40.787628,-74.6763,,,,,0.8,
1831,Chester,40.787628,-74.6763,,,,,3.6,
1831,Chester,40.787628,-74.6763,,,,,1.8,
1831,Chester,40.787628,-74.6763,,,,,0.0,
1831,Chester,40.787628,-74.6763,,,,,1.4,
1831,Chester,40.787628,-74.6763,,,,,8.7,
1831,Chester,40.787628,-74.6763,,,,,1.1,
1831,Chester,40.787628,-74.6763,,,,,6.5,
1831,Chester,40.787628,-74.6763,,,,,9.7,
1831,Chester,40.787628,-74.6763,,,,,7.5,
1831,Chester,40.787628,-74.6763,,,,,11.0,
1831,Chester,40.787628,-74.6763,,,,,8.3,
1831,Chester,40.787628,-74.6763,,,,,9.9,
1831,Chester,40.787628,-74.6763,,,,,8.8,
1831,Chester,40.787628,-74.6763,,,,,6.4,
1831,Chester,40.787628,-74.6763,,,,,8.0,
1831,Chester,40.787628,-74.6763,,,,,7.3,
1831,Chester,40.787628,-74.6763,,,,,5.0,
1831,Chester,40.787628,-74.6763,,,,,4.5,
1831,Chester,40.787628,-74.6763,,,,,3.2,
1831,Chester,40.787628,-74.6763,,,,,1.0,
1831,Chester,40.787628,-74.6763,,,,,1.4,
1831,Chester,40.787628,-74.6763,,,,,1.0,
1831,Chester,40.787628,-74.6763,,,,,2.5,
1831,Chester,40.787628,-74.6763,,,,,4.2,
1831,Chester,40.787628,-74.6763,,,,,8.0,
1831,Chester,40.787628,-74.6763,,,,,8.7,
1831,Chester,40.787628,-74.6763,,,,,7.9,
1831,Chester,40.787628,-74.6763,,,,,8.7,
1831,Chester,40.787628,-74.6763,,,,,9.4,
1831,Chester,40.787628,-74.6763,,,,,8.8,
1831,Chester,40.787628,-74.6763,,,,,7.1,
1831,Chester,40.787628,-74.6763,,,,,7.0,
1831,Chester,40.787628,-74.6763,,,,,8.2,
1831,Chester,40.787628,-74.6763,,,,,12.4,
1831,Chester,40.787628,-74.6763,,,,,11.3,
1831,Chester,40.787628,-74.6763,,,,,8.1,
1831,Chester,40.787628,-74.6763,,,,,9.5,
1831,Chester,40.787628,-74.6763,,,,,10.2,
1831,Chester,40.787628,-74.6763,,,,,9.1,
1831,Chester,40.787628,-74.6763,,,,,-1.4,
1831,Chester,40.787628,-74.6763,,,,,14.6,
1831,Chester,40.787628,-74.6763,,,,,9.3,
1831,Chester,40.787628,-74.6763,,,,,8.8,
1831,Chester,40.787628,-74.6763,,,,,12.2,
1831,Chester,40.787628,-74.6763,,,,,10.6,
1831,Chester,40.787628,-74.6763,,,,,9.8,
1831,Chester,40.787628,-74.6763,,,,,7.0,
1831,Chester,40.787628,-74.6763,,,,,7.3,
1831,Chester,40.787628,-74.6763,,,,,8.0,
1831,Chester,40.787628,-74.6763,,,,,8.2,
1831,Chester,40.787628,-74.6763,,,,,7.3,
1831,Chester,40.787628,-74.6763,,,,,10.7,
1831,Chester,40.787628,-74.6763,,,,,12.2,
1831,Chester,40.787628,-74.6763,,,,,7.0,
1831,Chester,40.787628,-74.6763,,,,,8.2,
1831,Chester,40.787628,-74.6763,,,,,6.1,
1831,Chester,40.787628,-74.6763,,,,,5.1,
1831,Chester,40.787628,-74.6763,,,,,4.4,
1831,Chester,40.787628,-74.6763,,,,,4.4,
1831,Chester,40.787628,-74.6763,,,,,4.9,
1831,Chester,40.787628,-74.6763,,,,,3.7,
1831,Chester,40.787628,-74.6763,,,,,1.8,
1831,Chester,40.787628,-74.6763,,,,,1.9,
1831,Chester,40.787628,-74.6763,,,,,4.0,
1831,Chester,40.787628,-74.6763,,,,,1.7,
1831,Chester,40.787628,-74.6763,,,,,3.6,
1831,Chester,40.787628,-74.6763,,,,,0.8,
1831,Chester,40.787628,-74.6763,,,,,0.8,
1831,Chester,40.787628,-74.6763,,,,,0.2,
1831,Chester,40.787628,-74.6763,,,,,0.9,
1831,Chester,40.787628,-74.6763,,,,,2.1,
1831,Chester,40.787628,-74.6763,,,,,1.1,
1831,Chester,40.787628,-74.6763,,,,,1.1,
1831,Chester,40.787628,-74.6763,,,,,0.1,
1831,Chester,40.787628,-74.6763,,,,,0.7,
1831,Chester,40.787628,-74.6763,,,,,-1.4,
1831,Chester,40.787628,-74.6763,,,,,5.8,
1831,Chester,40.787628,-74.6763,,,,,-0.5,
1831,Chester,40.787628,-74.6763,,,,,-0.1,
1831,Chester,40.787628,-74.6763,,,,,3.4,
1831,Chester,40.787628,-74.6763,,,,,-1.1,
1831,Chester,40.787628,-74.6763,,,,,2.6,
1831,Chester,40.787628,-74.6763,,,,,1.5,
1831,Chester,40.787628,-74.6763,,,,,-2.3,
1831,Chester,40.787628,-74.6763,,,,,-4.2,
1831,Chester,40.787628,-74.6763,,,,,0.9,
1831,Chester,40.787628,-74.6763,,,,,-0.5,
1831,Chester,40.787628,-74.6763,,,,,-3.6,
1831,Chester,40.787628,-74.6763,,,,,-1.8,
1831,Chester,40.787628,-74.6763,,,,,-1.9,
1831,Chester,40.787628,-74.6763,,,,,-1.0,
1831,Chester,40.787628,-74.6763,,,,,-1.6,
1831,Chester,40.787628,-74.6763,,,,,3.8,
1831,Chester,40.787628,-74.6763,,,,,2.2,
1831,Chester,40.787628,-74.6763,,,,,4.0,
1831,Chester,40.787628,-74.6763,,,,,7.0,
1831,Chester,40.787628,-74.6763,,,,,4.4,
1831,Chester,40.787628,-74.6763,,,,,5.7,
1831,Chester,40.787628,-74.6763,,,,,5.9,
1831,Chester,40.787628,-74.6763,,,,,1.8,
1831,Chester,40.787628,-74.6763,,,,,3.8,
1831,Chester,40.787628,-74.6763,,,,,4.9,
1831,Chester,40.787628,-74.6763,,,,,6.3,
1831,Chester,40.787628,-74.6763,,,,,-1.2,
1831,Chester,40.787628,-74.6763,,,,,0.6,
1831,Chester,40.787628,-74.6763,,,,,3.1,
1831,Chester,40.787628,-74.6763,,,,,0.8,
1831,Chester,40.787628,-74.6763,,,,,-0.5,
1831,Chester,40.787628,-74.6763,,,,,-0.9,
1831,Chester,40.787628,-74.6763,,,,,-2.4,
1831,Chester,40.787628,-74.6763,,,,,-2.2,
1831,Chester,40.787628,-74.6763,,,,,-4.0,
1831,Chester,40.787628,-74.6763,,,,,-3.7,
1831,Chester,40.787628,-74.6763,,,,,-2.0,
1831,Chester,40.787628,-74.6763,,,,,-4.2,
1831,Chester,40.787628,-74.6763,,,,,-1.3,
1831,Chester,40.787628,-74.6763,,,,,-0.8,
1831,Chester,40.787628,-74.6763,,,,,-0.9,
1831,Chester,40.787628,-74.6763,,,,,0.4,
1831,Chester,40.787628,-74.6763,,,,,-3.1,
1831,Chester,40.787628,-74.6763,,,,,-2.7,
1831,Chester,40.787628,-74.6763,,,,,-4.9,
1831,Chester,40.787628,-74.6763,,,,,-0.8,
1831,Chester,40.787628,-74.6763,,,,,-3.1,
1831,Chester,40.787628,-74.6763,,,,,0.7,
1831,Chester,40.787628,-74.6763,,,,,-2.3,
1831,Chester,40.787628,-74.6763,,,,,-0.5,
1831,Chester,40.787628,-74.6763,,,,,-0.4,
1831,Chester,40.787628,-74.6763,,,,,-0.2,
1831,Chester,40.787628,-74.6763,,,,,-1.3,
1831,Chester,40.787628,-74.6763,,,,,-3.9,
1831,Chester,40.787628,-74.6763,,,,,-3.4,
1831,Chester,40.787628,-74.6763,,,,,-2.5,
1831,Chester,40.787628,-74.6763,,,,,-2.8,
1831,Chester,40.787628,-74.6763,,,,,-1.7,
1831,Chester,40.787628,-74.6763,,,,,-1.9,
1831,Chester,40.787628,-74.6763,,,,,-4.9,
1831,Chester,40.787628,-74.6763,,,,,-3.4,
1831,Chester,40.787628,-74.6763,,,,,-2.7,
1831,Chester,40.787628,-74.6763,,,,,-2.7,
1831,Chester,40.787628,-74.6763,,,,,-4.5,
1831,Chester,40.787628,-74.6763,,,,,-0.3,
1831,Chester,40.787628,-74.6763,,,,,-3.2,
1831,Chester,40.787628,-74.6763,,,,,-2.2,
1831,Chester,40.787628,-74.6763,,,,,-4.4,
1831,Chester,40.787628,-74.6763,,,,,-2.9,
1831,Chester,40.787628,-74.6763,,,,,1.4,
1831,Chester,40.787628,-74.6763,,,,,3.9,
1831,Chester,40.787628,-74.6763,,,,,4.3,
1831,Chester,40.787628,-74.6763,,,,,2.7,
1831,Chester,40.787628,-74.6763,,,,,1.2,
1831,Chester,40.787628,-74.6763,,,,,3.6,
1831,Chester,40.787628,-74.6763,,,,,2.0,
1831,Chester,40.787628,-74.6763,,,,,2.3,
1831,Chester,40.787628,-74.6763,,,,,2.4,
1831,Chester,40.787628,-74.6763,,,,,3.1,
1831,Chester,40.787628,-74.6763,,,,,4.4,
1831,Chester,40.787628,-74.6763,,,,,0.8,
1831,Chester,40.787628,-74.6763,,,,,3.8,
1831,Chester,40.787628,-74.6763,,,,,3.4,
1831,Chester,40.787628,-74.6763,,,,,-0.7,
1831,Chester,40.787628,-74.6763,,,,,-2.9,
1831,Chester,40.787628,-74.6763,,,,,-2.2,
1831,Chester,40.787628,-74.6763,,,,,-2.0,
1831,Chester,40.787628,-74.6763,,,,,-0.2,
1831,Chester,40.787628,-74.6763,,,,,-2.9,
1831,Chester,40.787628,-74.6763,,,,,-3.2,
1831,Chester,40.787628,-74.6763,,,,,-1.1,
1831,Chester,40.787628,-74.6763,,,,,-0.6,
1831,Chester,40.787628,-74.6763,,,,,-1.2,
1831,Chester,40.787628,-74.6763,,,,,-4.4,
1831,Chester,40.787628,-74.6763,,,,,3.8,
1831,Chester,40.787628,-74.6763,,,,,-1.4,
1831,Chester,40.787628,-74.6763,,,,,-2.6,
1831,Chester,40.787628,-74.6763,,,,,3.8,
1831,Chester,40.787628,-74.6763,,,,,0.1,
1831,Chester,40.787628,-74.6763,,,,,0.7,
1831,Chester,40.787628,-74.6763,,,,,-0.4,
1831,Chester,40.787628,-74.6763,,,,,-2.6,
1831,Chester,40.787628,-74.6763,,,,,-2.7,
1831,Chester,40.787628,-74.6763,,,,,-3.9,
1831,Chester,40.787628,-74.6763,,,,,-3.0,
1831,Chester,40.787628,-74.6763,,,,,-0.4,
1831,Chester,40.787628,-74.6763,,,,,-1.4,
1831,Chester,40.787628,-74.6763,,,,,0.3,
1831,Chester,40.787628,-74.6763,,,,,-1.0,
1831,Chester,40.787628,-74.6763,,,,,1.9,
1831,Chester,40.787628,-74.6763,,,,,-2.4,
1831,Chester,40.787628,-74.6763,,,,,-1.5,
1831,Chester,40.787628,-74.6763,,,,,-1.6,
1831,Chester,40.787628,-74.6763,,,,,-4.3,
1831,Chester,40.787628,-74.6763,,,,,-4.9,
1831,Chester,40.787628,-74.6763,,,,,-4.5,
1831,Chester,40.787628,-74.6763,,,,,-4.3,
1831,Chester,40.787628,-74.6763,,,,,-1.8,
1831,Chester,40.787628,-74.6763,,,,,5.1,
1831,Chester,40.787628,-74.6763,,,,,4.5,
1831,Chester,40.787628,-74.6763,,,,,0.1,
