location_id,location_name,datetimeUtc,latitude,longitude,no,no2,o3,pm10,pm25,so2
4084,VITRY-SUR-SEINE,2018-01-05 01:00:00+00:00,48.77589800004221,2.37578800006495,,8.5,67.5,11.8,12.28,0.0
4084,VITRY-SUR-SEINE,2018-01-05 02:00:00+00:00,48.77589800004221,2.37578800006495,,8.5,67.75,10.73,9.53,0.0
4084,VITRY-SUR-SEINE,2018-01-05 03:00:00+00:00,48.77589800004221,2.37578800006495,,9.25,69.25,12.83,8.2,0.0
4084,VITRY-SUR-SEINE,2018-01-05 04:00:00+00:00,48.77589800004221,2.37578800006495,,11.5,66.0,7.1,4.73,0.0
4084,VITRY-SUR-SEINE,2018-01-05 05:00:00+00:00,48.77589800004221,2.37578800006495,,9.75,79.5,5.65,1.53,0.0
4084,VITRY-SUR-SEINE,2018-01-05 06:00:00+00:00,48.77589800004221,2.37578800006495,,47.0,40.25,9.23,3.1,0.0
4084,VITRY-SUR-SEINE,2018-01-05 07:00:00+00:00,48.77589800004221,2.37578800006495,,70.25,17.0,10.33,5.08,0.0
4084,VITRY-SUR-SEINE,2018-01-05 08:00:00+00:00,48.77589800004221,2.37578800006495,,64.75,23.75,11.95,4.5,0.0
4084,VITRY-SUR-SEINE,2018-01-05 09:00:00+00:00,48.77589800004221,2.37578800006495,,63.0,22.75,7.05,7.2,0.0
4084,VITRY-SUR-SEINE,2018-01-05 10:00:00+00:00,48.77589800004221,2.37578800006495,,57.5,26.75,11.0,10.4,0.0
4084,VITRY-SUR-SEINE,2018-01-05 11:00:00+00:00,48.77589800004221,2.37578800006495,,49.5,33.5,11.78,9.53,0.0
4084,VITRY-SUR-SEINE,2018-01-05 12:00:00+00:00,48.77589800004221,2.37578800006495,,38.0,42.5,18.13,11.58,0.0
4084,VITRY-SUR-SEINE,2018-01-05 13:00:00+00:00,48.77589800004221,2.37578800006495,,29.0,52.75,20.03,8.2,0.0
4084,VITRY-SUR-SEINE,2018-01-05 14:00:00+00:00,48.77589800004221,2.37578800006495,,26.0,55.75,20.98,7.4,0.0
4084,VITRY-SUR-SEINE,2018-01-05 15:00:00+00:00,48.77589800004221,2.37578800006495,,29.5,54.0,18.73,7.1,0.0
4084,VITRY-SUR-SEINE,2018-01-05 16:00:00+00:00,48.77589800004221,2.37578800006495,,40.5,42.25,12.13,8.68,0.0
4084,VITRY-SUR-SEINE,2018-01-05 17:00:00+00:00,48.77589800004221,2.37578800006495,,57.5,25.25,12.38,9.4,0.0
4084,VITRY-SUR-SEINE,2018-01-05 18:00:00+00:00,48.77589800004221,2.37578800006495,,61.5,20.25,9.18,8.1,0.0
4084,VITRY-SUR-SEINE,2018-01-05 19:00:00+00:00,48.77589800004221,2.37578800006495,,66.0,15.25,16.6,9.7,0.0
4084,VITRY-SUR-SEINE,2018-01-05 20:00:00+00:00,48.77589800004221,2.37578800006495,,77.0,5.0,16.8,16.48,0.0
4084,VITRY-SUR-SEINE,2018-01-05 21:00:00+00:00,48.77589800004221,2.37578800006495,,62.0,13.5,17.05,11.83,0.0
4084,VITRY-SUR-SEINE,2018-01-05 22:00:00+00:00,48.77589800004221,2.37578800006495,,61.5,9.75,22.73,16.78,0.0
4084,VITRY-SUR-SEINE,2018-01-05 23:00:00+00:00,48.77589800004221,2.37578800006495,,60.0,8.25,23.45,15.3,0.0
4084,VITRY-SUR-SEINE,2018-01-06 00:00:00+00:00,48.77589800004221,2.37578800006495,,51.75,12.0,18.23,8.15,0.0
4084,VITRY-SUR-SEINE,2018-01-06 01:00:00+00:00,48.77589800004221,2.37578800006495,,33.75,25.5,22.0,7.5,0.33
4084,VITRY-SUR-SEINE,2018-01-06 02:00:00+00:00,48.77589800004221,2.37578800006495,,22.0,35.0,12.65,11.08,0.25
4084,VITRY-SUR-SEINE,2018-01-06 03:00:00+00:00,48.77589800004221,2.37578800006495,,14.75,46.0,9.48,8.53,0.25
4084,VITRY-SUR-SEINE,2018-01-06 04:00:00+00:00,48.77589800004221,2.37578800006495,,20.5,39.25,15.73,6.33,0.25
4084,VITRY-SUR-SEINE,2018-01-06 05:00:00+00:00,48.77589800004221,2.37578800006495,,27.5,35.0,,,0.75
4084,VITRY-SUR-SEINE,2018-01-06 06:00:00+00:00,48.77589800004221,2.37578800006495,,,28.75,12.75,9.5,
4084,VITRY-SUR-SEINE,2018-01-06 07:00:00+00:00,48.77589800004221,2.37578800006495,,36.0,28.75,,,0.25
4084,VITRY-SUR-SEINE,2018-01-06 09:00:00+00:00,48.77589800004221,2.37578800006495,,,,23.55,11.18,
4084,VITRY-SUR-SEINE,2018-01-06 10:00:00+00:00,48.77589800004221,2.37578800006495,,50.25,15.25,18.85,10.83,1.0
4084,VITRY-SUR-SEINE,2018-01-06 11:00:00+00:00,48.77589800004221,2.37578800006495,,38.25,28.75,21.95,14.2,1.0
4084,VITRY-SUR-SEINE,2018-01-06 12:00:00+00:00,48.77589800004221,2.37578800006495,,25.0,43.0,18.63,14.7,0.75
4084,VITRY-SUR-SEINE,2018-01-06 13:00:00+00:00,48.77589800004221,2.37578800006495,,25.75,42.0,20.63,14.3,1.0
4084,VITRY-SUR-SEINE,2018-01-06 14:00:00+00:00,48.77589800004221,2.37578800006495,,39.25,29.0,22.93,13.6,1.0
4084,VITRY-SUR-SEINE,2018-01-06 15:00:00+00:00,48.77589800004221,2.37578800006495,,48.25,22.25,24.3,12.73,1.0
4084,VITRY-SUR-SEINE,2018-01-06 16:00:00+00:00,48.77589800004221,2.37578800006495,,52.5,17.25,22.5,13.48,1.0
4084,VITRY-SUR-SEINE,2018-01-06 17:00:00+00:00,48.77589800004221,2.37578800006495,,55.0,17.0,23.7,14.08,0.5
4084,VITRY-SUR-SEINE,2018-01-06 18:00:00+00:00,48.77589800004221,2.37578800006495,,48.5,18.5,24.15,12.23,1.0
4084,VITRY-SUR-SEINE,2018-01-06 19:00:00+00:00,48.77589800004221,2.37578800006495,,51.25,12.25,26.8,17.38,1.0
4084,VITRY-SUR-SEINE,2018-01-06 20:00:00+00:00,48.77589800004221,2.37578800006495,,43.25,16.0,28.13,15.43,0.75
4084,VITRY-SUR-SEINE,2018-01-06 21:00:00+00:00,48.77589800004221,2.37578800006495,,27.5,30.25,21.78,17.08,1.0
4084,VITRY-SUR-SEINE,2018-01-06 22:00:00+00:00,48.77589800004221,2.37578800006495,,24.0,32.25,20.53,16.3,1.0
4084,VITRY-SUR-SEINE,2018-01-06 23:00:00+00:00,48.77589800004221,2.37578800006495,,35.75,18.75,22.55,17.7,0.75
4084,VITRY-SUR-SEINE,2018-01-07 00:00:00+00:00,48.77589800004221,2.37578800006495,,30.75,20.0,27.35,16.2,1.0
4084,VITRY-SUR-SEINE,2018-01-07 01:00:00+00:00,48.77589800004221,2.37578800006495,,21.0,28.25,21.7,17.58,1.0
4084,VITRY-SUR-SEINE,2018-01-07 02:00:00+00:00,48.77589800004221,2.37578800006495,,15.0,33.5,20.8,19.9,1.0
4084,VITRY-SUR-SEINE,2018-01-07 03:00:00+00:00,48.77589800004221,2.37578800006495,,15.0,34.75,22.25,17.63,0.67
4084,VITRY-SUR-SEINE,2018-01-07 04:00:00+00:00,48.77589800004221,2.37578800006495,,16.0,29.25,26.5,16.7,1.0
4084,VITRY-SUR-SEINE,2018-01-07 05:00:00+00:00,48.77589800004221,2.37578800006495,,21.0,23.0,25.73,23.45,1.0
4084,VITRY-SUR-SEINE,2018-01-07 06:00:00+00:00,48.77589800004221,2.37578800006495,,26.5,18.0,27.98,23.9,1.0
4084,VITRY-SUR-SEINE,2018-01-07 07:00:00+00:00,48.77589800004221,2.37578800006495,,24.0,22.25,25.53,22.53,1.0
4084,VITRY-SUR-SEINE,2018-01-07 08:00:00+00:00,48.77589800004221,2.37578800006495,,22.25,23.75,27.35,25.58,1.0
4084,VITRY-SUR-SEINE,2018-01-07 09:00:00+00:00,48.77589800004221,2.37578800006495,,20.0,26.75,22.35,20.33,1.5
4084,VITRY-SUR-SEINE,2018-01-07 10:00:00+00:00,48.77589800004221,2.37578800006495,,18.0,31.5,17.85,18.5,1.0
4084,VITRY-SUR-SEINE,2018-01-07 11:00:00+00:00,48.77589800004221,2.37578800006495,,16.0,32.0,21.4,17.93,1.0
4084,VITRY-SUR-SEINE,2018-01-07 12:00:00+00:00,48.77589800004221,2.37578800006495,,15.25,32.0,12.85,18.0,1.0
4084,VITRY-SUR-SEINE,2018-01-07 13:00:00+00:00,48.77589800004221,2.37578800006495,,15.0,31.25,15.55,14.5,1.0
4084,VITRY-SUR-SEINE,2018-01-07 14:00:00+00:00,48.77589800004221,2.37578800006495,,15.0,29.75,12.4,12.63,1.0
4084,VITRY-SUR-SEINE,2018-01-07 15:00:00+00:00,48.77589800004221,2.37578800006495,,16.75,26.0,13.28,10.4,1.0
4084,VITRY-SUR-SEINE,2018-01-07 16:00:00+00:00,48.77589800004221,2.37578800006495,,19.0,21.25,12.58,10.5,1.0
4084,VITRY-SUR-SEINE,2018-01-07 17:00:00+00:00,48.77589800004221,2.37578800006495,,24.75,15.0,10.6,16.58,1.0
4084,VITRY-SUR-SEINE,2018-01-07 18:00:00+00:00,48.77589800004221,2.37578800006495,,26.0,12.5,10.55,9.85,1.0
4084,VITRY-SUR-SEINE,2018-01-07 19:00:00+00:00,48.77589800004221,2.37578800006495,,26.5,11.5,13.38,14.68,1.0
4084,VITRY-SUR-SEINE,2018-01-07 20:00:00+00:00,48.77589800004221,2.37578800006495,,25.25,12.25,11.73,11.83,0.75
4084,VITRY-SUR-SEINE,2018-01-07 21:00:00+00:00,48.77589800004221,2.37578800006495,,22.0,14.25,13.78,15.18,0.25
4084,VITRY-SUR-SEINE,2018-01-07 22:00:00+00:00,48.77589800004221,2.37578800006495,,18.75,16.75,12.28,8.53,0.5
4084,VITRY-SUR-SEINE,2018-01-07 23:00:00+00:00,48.77589800004221,2.37578800006495,,14.0,21.5,9.33,10.28,0.25
4084,VITRY-SUR-SEINE,2018-01-08 00:00:00+00:00,48.77589800004221,2.37578800006495,,10.25,25.0,12.15,12.5,0.5
4084,VITRY-SUR-SEINE,2018-01-08 01:00:00+00:00,48.77589800004221,2.37578800006495,,9.0,26.0,8.43,8.03,0.0
4084,VITRY-SUR-SEINE,2018-01-08 02:00:00+00:00,48.77589800004221,2.37578800006495,,8.25,26.5,11.38,10.0,0.0
4084,VITRY-SUR-SEINE,2018-01-08 03:00:00+00:00,48.77589800004221,2.37578800006495,,8.0,26.25,9.28,8.5,0.25
4084,VITRY-SUR-SEINE,2018-01-08 04:00:00+00:00,48.77589800004221,2.37578800006495,,8.25,26.75,8.68,9.78,0.0
4084,VITRY-SUR-SEINE,2018-01-08 05:00:00+00:00,48.77589800004221,2.37578800006495,,10.25,24.75,7.2,14.08,0.25
4084,VITRY-SUR-SEINE,2018-01-08 06:00:00+00:00,48.77589800004221,2.37578800006495,,21.5,14.75,,,0.25
4084,VITRY-SUR-SEINE,2018-01-08 07:00:00+00:00,48.77589800004221,2.37578800006495,,,,10.98,14.18,
4084,VITRY-SUR-SEINE,2018-01-08 08:00:00+00:00,48.77589800004221,2.37578800006495,,32.5,5.75,18.8,14.4,0.25
4084,VITRY-SUR-SEINE,2018-01-08 09:00:00+00:00,48.77589800004221,2.37578800006495,,28.5,7.5,11.18,12.43,0.25
4084,VITRY-SUR-SEINE,2018-01-08 10:00:00+00:00,48.77589800004221,2.37578800006495,,25.0,10.5,17.8,18.45,0.0
4084,VITRY-SUR-SEINE,2018-01-08 11:00:00+00:00,48.77589800004221,2.37578800006495,,20.5,14.0,17.9,25.75,0.0
4084,VITRY-SUR-SEINE,2018-01-08 12:00:00+00:00,48.77589800004221,2.37578800006495,,14.75,18.25,18.23,16.75,0.0
4084,VITRY-SUR-SEINE,2018-01-08 13:00:00+00:00,48.77589800004221,2.37578800006495,,12.75,20.0,21.63,16.9,0.0
4084,VITRY-SUR-SEINE,2018-01-08 14:00:00+00:00,48.77589800004221,2.37578800006495,,17.75,17.25,17.13,13.63,0.25
4084,VITRY-SUR-SEINE,2018-01-08 15:00:00+00:00,48.77589800004221,2.37578800006495,,16.75,17.75,19.9,16.98,0.0
4084,VITRY-SUR-SEINE,2018-01-08 16:00:00+00:00,48.77589800004221,2.37578800006495,,28.25,7.5,26.3,22.68,0.25
4084,VITRY-SUR-SEINE,2018-01-08 17:00:00+00:00,48.77589800004221,2.37578800006495,,33.75,2.5,25.33,18.73,0.0
4084,VITRY-SUR-SEINE,2018-01-08 18:00:00+00:00,48.77589800004221,2.37578800006495,,35.75,0.0,26.33,19.5,0.0
4084,VITRY-SUR-SEINE,2018-01-08 19:00:00+00:00,48.77589800004221,2.37578800006495,,36.0,0.25,28.18,20.58,0.25
4084,VITRY-SUR-SEINE,2018-01-08 20:00:00+00:00,48.77589800004221,2.37578800006495,,31.75,1.0,26.28,25.38,0.0
4084,VITRY-SUR-SEINE,2018-01-08 21:00:00+00:00,48.77589800004221,2.37578800006495,,28.25,3.0,25.1,19.73,0.0
4084,VITRY-SUR-SEINE,2018-01-08 22:00:00+00:00,48.77589800004221,2.37578800006495,,25.5,2.75,25.35,24.78,0.25
4084,VITRY-SUR-SEINE,2018-01-08 23:00:00+00:00,48.77589800004221,2.37578800006495,,27.0,1.5,28.48,23.9,0.0
4084,VITRY-SUR-SEINE,2018-01-09 00:00:00+00:00,48.77589800004221,2.37578800006495,,29.5,0.0,26.35,24.8,0.0
4084,VITRY-SUR-SEINE,2018-01-09 01:00:00+00:00,48.77589800004221,2.37578800006495,,26.75,0.0,22.25,22.33,1.0
4084,VITRY-SUR-SEINE,2018-01-09 02:00:00+00:00,48.77589800004221,2.37578800006495,,26.5,0.0,25.28,24.2,1.0
4084,VITRY-SUR-SEINE,2018-01-09 03:00:00+00:00,48.77589800004221,2.37578800006495,,25.75,0.0,23.4,21.73,1.0
4084,VITRY-SUR-SEINE,2018-01-09 04:00:00+00:00,48.77589800004221,2.37578800006495,,25.75,0.0,22.98,19.73,1.0
4084,VITRY-SUR-SEINE,2018-01-09 05:00:00+00:00,48.77589800004221,2.37578800006495,,27.5,0.0,37.68,36.9,1.0
4084,VITRY-SUR-SEINE,2018-01-09 06:00:00+00:00,48.77589800004221,2.37578800006495,,29.75,0.0,27.85,22.1,1.25
4084,VITRY-SUR-SEINE,2018-01-09 07:00:00+00:00,48.77589800004221,2.37578800006495,,36.25,0.0,31.88,28.98,1.5
4084,VITRY-SUR-SEINE,2018-01-09 08:00:00+00:00,48.77589800004221,2.37578800006495,,38.0,0.0,35.55,23.83,1.5
4084,VITRY-SUR-SEINE,2018-01-09 09:00:00+00:00,48.77589800004221,2.37578800006495,,30.0,0.0,31.4,27.68,1.25
4084,VITRY-SUR-SEINE,2018-01-09 10:00:00+00:00,48.77589800004221,2.37578800006495,,28.75,0.0,38.3,32.38,1.5
4084,VITRY-SUR-SEINE,2018-01-09 11:00:00+00:00,48.77589800004221,2.37578800006495,,23.75,2.0,39.28,31.6,1.0
4084,VITRY-SUR-SEINE,2018-01-09 12:00:00+00:00,48.77589800004221,2.37578800006495,,21.0,4.25,30.93,25.15,1.25
4084,VITRY-SUR-SEINE,2018-01-09 13:00:00+00:00,48.77589800004221,2.37578800006495,,19.25,3.25,25.33,26.0,1.0
4084,VITRY-SUR-SEINE,2018-01-09 14:00:00+00:00,48.77589800004221,2.37578800006495,,17.75,2.5,34.25,21.63,1.25
4084,VITRY-SUR-SEINE,2018-01-09 15:00:00+00:00,48.77589800004221,2.37578800006495,,22.5,2.75,31.23,22.9,1.0
4084,VITRY-SUR-SEINE,2018-01-09 16:00:00+00:00,48.77589800004221,2.37578800006495,,26.75,2.0,33.3,23.9,1.0
4084,VITRY-SUR-SEINE,2018-01-09 17:00:00+00:00,48.77589800004221,2.37578800006495,,31.0,2.5,25.55,20.03,1.0
4084,VITRY-SUR-SEINE,2018-01-09 18:00:00+00:00,48.77589800004221,2.37578800006495,,30.25,11.25,16.98,12.93,1.0
4084,VITRY-SUR-SEINE,2018-01-09 19:00:00+00:00,48.77589800004221,2.37578800006495,,26.5,18.25,14.23,10.4,1.0
4084,VITRY-SUR-SEINE,2018-01-09 20:00:00+00:00,48.77589800004221,2.37578800006495,,24.5,21.0,17.03,12.1,0.75
4084,VITRY-SUR-SEINE,2018-01-09 21:00:00+00:00,48.77589800004221,2.37578800006495,,20.25,25.25,18.38,12.4,1.0
4084,VITRY-SUR-SEINE,2018-01-09 22:00:00+00:00,48.77589800004221,2.37578800006495,,16.0,30.5,16.68,10.7,1.0
4084,VITRY-SUR-SEINE,2018-01-09 23:00:00+00:00,48.77589800004221,2.37578800006495,,13.75,34.25,14.55,9.43,1.25
4084,VITRY-SUR-SEINE,2018-01-10 00:00:00+00:00,48.77589800004221,2.37578800006495,,13.0,36.75,10.78,11.28,1.25
4084,VITRY-SUR-SEINE,2018-01-10 01:00:00+00:00,48.77589800004221,2.37578800006495,,10.5,40.75,8.93,7.13,1.0
4084,VITRY-SUR-SEINE,2018-01-10 02:00:00+00:00,48.77589800004221,2.37578800006495,,9.5,40.75,10.45,7.5,1.5
4084,VITRY-SUR-SEINE,2018-01-10 03:00:00+00:00,48.77589800004221,2.37578800006495,,9.75,41.75,8.43,8.6,2.0
4084,VITRY-SUR-SEINE,2018-01-10 04:00:00+00:00,48.77589800004221,2.37578800006495,,12.0,40.75,8.63,7.6,1.5
4084,VITRY-SUR-SEINE,2018-01-10 05:00:00+00:00,48.77589800004221,2.37578800006495,,17.5,36.0,10.5,6.63,1.75
4084,VITRY-SUR-SEINE,2018-01-10 06:00:00+00:00,48.77589800004221,2.37578800006495,,35.75,20.5,10.38,6.3,1.75
4084,VITRY-SUR-SEINE,2018-01-10 07:00:00+00:00,48.77589800004221,2.37578800006495,,41.0,15.75,9.35,8.18,1.25
4084,VITRY-SUR-SEINE,2018-01-10 08:00:00+00:00,48.77589800004221,2.37578800006495,,44.5,9.75,13.03,8.5,1.0
4084,VITRY-SUR-SEINE,2018-01-10 09:00:00+00:00,48.77589800004221,2.37578800006495,,55.0,3.75,15.65,17.75,1.25
4084,VITRY-SUR-SEINE,2018-01-10 10:00:00+00:00,48.77589800004221,2.37578800006495,,60.5,3.75,20.3,14.33,1.5
4084,VITRY-SUR-SEINE,2018-01-10 11:00:00+00:00,48.77589800004221,2.37578800006495,,41.5,16.5,19.85,11.43,1.25
4084,VITRY-SUR-SEINE,2018-01-10 12:00:00+00:00,48.77589800004221,2.37578800006495,,28.5,34.5,16.35,9.63,2.0
4084,VITRY-SUR-SEINE,2018-01-10 13:00:00+00:00,48.77589800004221,2.37578800006495,,28.25,37.0,19.08,10.0,1.5
4084,VITRY-SUR-SEINE,2018-01-10 14:00:00+00:00,48.77589800004221,2.37578800006495,,27.5,36.25,9.83,8.93,1.5
4084,VITRY-SUR-SEINE,2018-01-10 15:00:00+00:00,48.77589800004221,2.37578800006495,,31.5,33.0,19.38,9.3,1.5
4084,VITRY-SUR-SEINE,2018-01-10 16:00:00+00:00,48.77589800004221,2.37578800006495,,34.25,28.75,17.6,9.4,2.0
4084,VITRY-SUR-SEINE,2018-01-10 17:00:00+00:00,48.77589800004221,2.37578800006495,,58.75,6.75,24.03,9.3,2.0
4084,VITRY-SUR-SEINE,2018-01-10 18:00:00+00:00,48.77589800004221,2.37578800006495,,65.75,1.0,31.5,18.85,1.75
4084,VITRY-SUR-SEINE,2018-01-10 19:00:00+00:00,48.77589800004221,2.37578800006495,,64.0,0.0,32.38,16.8,2.0
4084,VITRY-SUR-SEINE,2018-01-10 20:00:00+00:00,48.77589800004221,2.37578800006495,,62.75,1.0,37.85,23.48,2.0
4084,VITRY-SUR-SEINE,2018-01-10 21:00:00+00:00,48.77589800004221,2.37578800006495,,57.5,0.0,28.78,17.05,1.5
4084,VITRY-SUR-SEINE,2018-01-10 22:00:00+00:00,48.77589800004221,2.37578800006495,,55.0,0.5,28.23,25.08,1.75
4084,VITRY-SUR-SEINE,2018-01-10 23:00:00+00:00,48.77589800004221,2.37578800006495,,47.5,0.25,29.75,22.93,1.25
4084,VITRY-SUR-SEINE,2018-01-11 00:00:00+00:00,48.77589800004221,2.37578800006495,,47.75,0.25,26.43,21.0,1.5
4084,VITRY-SUR-SEINE,2018-01-11 01:00:00+00:00,48.77589800004221,2.37578800006495,,40.25,4.0,20.95,19.8,0.0
4084,VITRY-SUR-SEINE,2018-01-11 02:00:00+00:00,48.77589800004221,2.37578800006495,,21.5,26.0,16.55,20.8,0.0
4084,VITRY-SUR-SEINE,2018-01-11 03:00:00+00:00,48.77589800004221,2.37578800006495,,16.75,28.75,11.08,12.55,0.0
4084,VITRY-SUR-SEINE,2018-01-11 04:00:00+00:00,48.77589800004221,2.37578800006495,,21.25,22.5,16.13,10.7,0.5
4084,VITRY-SUR-SEINE,2018-01-11 05:00:00+00:00,48.77589800004221,2.37578800006495,,27.25,19.25,14.53,12.18,0.0
4084,VITRY-SUR-SEINE,2018-01-11 06:00:00+00:00,48.77589800004221,2.37578800006495,,37.25,8.75,16.73,15.88,0.0
4084,VITRY-SUR-SEINE,2018-01-11 07:00:00+00:00,48.77589800004221,2.37578800006495,,48.5,1.5,18.3,12.23,0.25
4084,VITRY-SUR-SEINE,2018-01-11 08:00:00+00:00,48.77589800004221,2.37578800006495,,61.25,0.0,24.2,17.98,0.75
4084,VITRY-SUR-SEINE,2018-01-11 09:00:00+00:00,48.77589800004221,2.37578800006495,,60.25,0.0,18.4,10.93,0.5
4084,VITRY-SUR-SEINE,2018-01-11 10:00:00+00:00,48.77589800004221,2.37578800006495,,53.67,1.33,24.43,11.1,0.33
4084,VITRY-SUR-SEINE,2018-01-11 11:00:00+00:00,48.77589800004221,2.37578800006495,,60.5,1.25,25.38,18.15,1.0
4084,VITRY-SUR-SEINE,2018-01-11 12:00:00+00:00,48.77589800004221,2.37578800006495,,51.25,6.75,23.2,20.48,0.5
4084,VITRY-SUR-SEINE,2018-01-11 13:00:00+00:00,48.77589800004221,2.37578800006495,,48.25,12.75,35.45,31.55,1.0
4084,VITRY-SUR-SEINE,2018-01-11 14:00:00+00:00,48.77589800004221,2.37578800006495,,43.75,20.75,26.15,19.28,1.0
4084,VITRY-SUR-SEINE,2018-01-11 15:00:00+00:00,48.77589800004221,2.37578800006495,,58.0,13.75,29.78,19.3,0.75
4084,VITRY-SUR-SEINE,2018-01-11 16:00:00+00:00,48.77589800004221,2.37578800006495,,57.0,12.5,27.65,19.7,1.25
4084,VITRY-SUR-SEINE,2018-01-11 17:00:00+00:00,48.77589800004221,2.37578800006495,,58.0,11.75,23.55,15.63,0.75
4084,VITRY-SUR-SEINE,2018-01-11 18:00:00+00:00,48.77589800004221,2.37578800006495,,51.75,10.0,21.0,18.38,0.5
4084,VITRY-SUR-SEINE,2018-01-11 19:00:00+00:00,48.77589800004221,2.37578800006495,,44.5,16.5,15.53,20.38,1.0
4084,VITRY-SUR-SEINE,2018-01-11 20:00:00+00:00,48.77589800004221,2.37578800006495,,49.5,15.25,23.28,16.93,0.75
4084,VITRY-SUR-SEINE,2018-01-11 21:00:00+00:00,48.77589800004221,2.37578800006495,,39.5,21.75,,,0.5
4084,VITRY-SUR-SEINE,2018-01-12 01:00:00+00:00,48.77589800004221,2.37578800006495,,25.25,22.25,16.85,15.1,1.0
4084,VITRY-SUR-SEINE,2018-01-12 02:00:00+00:00,48.77589800004221,2.37578800006495,,24.0,18.75,12.28,17.38,1.25
4084,VITRY-SUR-SEINE,2018-01-12 03:00:00+00:00,48.77589800004221,2.37578800006495,,26.75,13.25,18.3,20.98,1.0
4084,VITRY-SUR-SEINE,2018-01-12 04:00:00+00:00,48.77589800004221,2.37578800006495,,31.25,8.5,18.23,24.38,1.0
4084,VITRY-SUR-SEINE,2018-01-12 05:00:00+00:00,48.77589800004221,2.37578800006495,,38.5,4.75,26.43,24.9,1.0
4084,VITRY-SUR-SEINE,2018-01-12 06:00:00+00:00,48.77589800004221,2.37578800006495,,46.5,1.25,27.93,20.83,1.5
4084,VITRY-SUR-SEINE,2018-01-12 07:00:00+00:00,48.77589800004221,2.37578800006495,,51.5,0.0,29.63,22.98,1.0
4084,VITRY-SUR-SEINE,2018-01-12 08:00:00+00:00,48.77589800004221,2.37578800006495,,51.75,0.0,38.18,23.8,1.0
4084,VITRY-SUR-SEINE,2018-01-12 09:00:00+00:00,48.77589800004221,2.37578800006495,,55.25,0.25,36.95,25.88,1.0
4084,VITRY-SUR-SEINE,2018-01-12 10:00:00+00:00,48.77589800004221,2.37578800006495,,52.5,1.0,46.23,36.45,1.0
4084,VITRY-SUR-SEINE,2018-01-12 11:00:00+00:00,48.77589800004221,2.37578800006495,,51.0,2.5,41.7,33.63,1.0
4084,VITRY-SUR-SEINE,2018-01-12 12:00:00+00:00,48.77589800004221,2.37578800006495,,46.25,3.5,41.28,36.3,1.0
4084,VITRY-SUR-SEINE,2018-01-12 13:00:00+00:00,48.77589800004221,2.37578800006495,,47.0,4.75,,,1.0
4084,VITRY-SUR-SEINE,2018-01-12 15:00:00+00:00,48.77589800004221,2.37578800006495,,,,37.08,37.18,
4084,VITRY-SUR-SEINE,2018-01-12 16:00:00+00:00,48.77589800004221,2.37578800006495,,53.5,2.5,36.75,31.05,0.5
4084,VITRY-SUR-SEINE,2018-01-12 17:00:00+00:00,48.77589800004221,2.37578800006495,,61.75,0.0,40.28,32.28,1.0
4084,VITRY-SUR-SEINE,2018-01-12 18:00:00+00:00,48.77589800004221,2.37578800006495,,59.5,0.0,38.73,30.9,1.0
4084,VITRY-SUR-SEINE,2018-01-12 19:00:00+00:00,48.77589800004221,2.37578800006495,,60.25,0.0,,,1.0
4084,VITRY-SUR-SEINE,2018-01-13 00:00:00+00:00,48.77589800004221,2.37578800006495,,48.5,0.25,48.48,40.98,0.75
4084,VITRY-SUR-SEINE,2018-01-13 01:00:00+00:00,48.77589800004221,2.37578800006495,,46.25,0.0,41.23,36.73,1.0
4084,VITRY-SUR-SEINE,2018-01-13 02:00:00+00:00,48.77589800004221,2.37578800006495,,39.75,0.0,43.18,35.83,1.25
4084,VITRY-SUR-SEINE,2018-01-13 03:00:00+00:00,48.77589800004221,2.37578800006495,,36.0,0.0,41.5,34.4,1.0
4084,VITRY-SUR-SEINE,2018-01-13 04:00:00+00:00,48.77589800004221,2.37578800006495,,33.25,0.0,40.4,37.48,1.0
4084,VITRY-SUR-SEINE,2018-01-13 05:00:00+00:00,48.77589800004221,2.37578800006495,,31.25,0.0,39.68,30.53,1.0
4084,VITRY-SUR-SEINE,2018-01-13 06:00:00+00:00,48.77589800004221,2.37578800006495,,28.25,3.25,36.98,24.23,1.0
4084,VITRY-SUR-SEINE,2018-01-13 07:00:00+00:00,48.77589800004221,2.37578800006495,,30.75,4.5,29.25,27.28,1.0
4084,VITRY-SUR-SEINE,2018-01-13 08:00:00+00:00,48.77589800004221,2.37578800006495,,20.0,16.0,25.63,21.13,1.0
4084,VITRY-SUR-SEINE,2018-01-13 09:00:00+00:00,48.77589800004221,2.37578800006495,,21.25,15.0,21.75,23.48,1.0
4084,VITRY-SUR-SEINE,2018-01-13 10:00:00+00:00,48.77589800004221,2.37578800006495,,20.25,16.0,31.83,28.25,2.0
4084,VITRY-SUR-SEINE,2018-01-13 11:00:00+00:00,48.77589800004221,2.37578800006495,,16.25,22.25,19.48,16.58,2.0
4084,VITRY-SUR-SEINE,2018-01-13 12:00:00+00:00,48.77589800004221,2.37578800006495,,16.75,25.0,25.15,18.9,2.0
4084,VITRY-SUR-SEINE,2018-01-13 13:00:00+00:00,48.77589800004221,2.37578800006495,,17.75,25.5,21.45,19.6,1.75
4084,VITRY-SUR-SEINE,2018-01-13 14:00:00+00:00,48.77589800004221,2.37578800006495,,17.75,24.25,18.75,21.5,1.5
4084,VITRY-SUR-SEINE,2018-01-13 15:00:00+00:00,48.77589800004221,2.37578800006495,,22.0,20.75,22.2,18.83,1.0
4084,VITRY-SUR-SEINE,2018-01-13 16:00:00+00:00,48.77589800004221,2.37578800006495,,23.0,22.0,22.65,19.6,1.0
4084,VITRY-SUR-SEINE,2018-01-13 17:00:00+00:00,48.77589800004221,2.37578800006495,,29.5,14.25,25.33,25.05,1.5
4084,VITRY-SUR-SEINE,2018-01-13 18:00:00+00:00,48.77589800004221,2.37578800006495,,41.5,3.0,25.95,25.8,1.5
4084,VITRY-SUR-SEINE,2018-01-13 19:00:00+00:00,48.77589800004221,2.37578800006495,,32.0,13.0,30.48,26.6,1.0
4084,VITRY-SUR-SEINE,2018-01-13 20:00:00+00:00,48.77589800004221,2.37578800006495,,32.25,16.25,28.55,22.43,1.25
4084,VITRY-SUR-SEINE,2018-01-13 21:00:00+00:00,48.77589800004221,2.37578800006495,,27.25,22.25,25.93,27.08,1.25
4084,VITRY-SUR-SEINE,2018-01-13 22:00:00+00:00,48.77589800004221,2.37578800006495,,26.5,21.25,27.85,23.53,1.0
4084,VITRY-SUR-SEINE,2018-01-13 23:00:00+00:00,48.77589800004221,2.37578800006495,,23.75,21.25,24.45,23.9,1.0
4084,VITRY-SUR-SEINE,2018-01-14 00:00:00+00:00,48.77589800004221,2.37578800006495,,22.0,20.75,27.58,20.45,1.25
4084,VITRY-SUR-SEINE,2018-01-14 01:00:00+00:00,48.77589800004221,2.37578800006495,,25.0,15.75,25.7,26.48,2.0
4084,VITRY-SUR-SEINE,2018-01-14 02:00:00+00:00,48.77589800004221,2.37578800006495,,24.0,12.0,25.93,23.03,2.33
4084,VITRY-SUR-SEINE,2018-01-14 03:00:00+00:00,48.77589800004221,2.37578800006495,,32.67,8.0,28.25,23.9,2.0
4084,VITRY-SUR-SEINE,2018-01-14 04:00:00+00:00,48.77589800004221,2.37578800006495,,30.75,4.75,26.03,27.85,2.0
4084,VITRY-SUR-SEINE,2018-01-14 05:00:00+00:00,48.77589800004221,2.37578800006495,,32.25,2.25,26.73,25.2,2.0
4084,VITRY-SUR-SEINE,2018-01-14 06:00:00+00:00,48.77589800004221,2.37578800006495,,28.5,3.0,28.43,27.98,1.75
4084,VITRY-SUR-SEINE,2018-01-14 07:00:00+00:00,48.77589800004221,2.37578800006495,,28.0,2.5,30.5,26.9,1.0
4084,VITRY-SUR-SEINE,2018-01-14 08:00:00+00:00,48.77589800004221,2.37578800006495,,37.25,0.0,29.4,28.8,1.5
4084,VITRY-SUR-SEINE,2018-01-14 09:00:00+00:00,48.77589800004221,2.37578800006495,,39.75,2.0,37.03,32.1,1.75
4084,VITRY-SUR-SEINE,2018-01-14 10:00:00+00:00,48.77589800004221,2.37578800006495,,31.5,7.0,31.63,30.9,2.75
4084,VITRY-SUR-SEINE,2018-01-14 11:00:00+00:00,48.77589800004221,2.37578800006495,,28.25,14.5,33.58,34.78,3.0
4084,VITRY-SUR-SEINE,2018-01-14 12:00:00+00:00,48.77589800004221,2.37578800006495,,23.75,20.0,32.78,34.5,2.0
4084,VITRY-SUR-SEINE,2018-01-14 13:00:00+00:00,48.77589800004221,2.37578800006495,,27.75,21.25,31.3,28.43,2.0
4084,VITRY-SUR-SEINE,2018-01-14 14:00:00+00:00,48.77589800004221,2.37578800006495,,32.0,18.25,31.98,26.6,2.25
4084,VITRY-SUR-SEINE,2018-01-14 15:00:00+00:00,48.77589800004221,2.37578800006495,,41.5,13.75,,35.55,2.0
4084,VITRY-SUR-SEINE,2018-01-14 16:00:00+00:00,48.77589800004221,2.37578800006495,,,8.5,,28.35,
4084,VITRY-SUR-SEINE,2018-01-14 17:00:00+00:00,48.77589800004221,2.37578800006495,,,2.0,39.93,28.3,
4084,VITRY-SUR-SEINE,2018-01-14 18:00:00+00:00,48.77589800004221,2.37578800006495,,50.75,1.25,41.93,38.73,1.75
4084,VITRY-SUR-SEINE,2018-01-14 19:00:00+00:00,48.77589800004221,2.37578800006495,,58.0,1.25,44.33,36.33,1.5
4084,VITRY-SUR-SEINE,2018-01-14 20:00:00+00:00,48.77589800004221,2.37578800006495,,52.5,1.0,46.0,44.45,1.0
4084,VITRY-SUR-SEINE,2018-01-14 21:00:00+00:00,48.77589800004221,2.37578800006495,,35.5,11.75,31.35,30.63,1.0
4084,VITRY-SUR-SEINE,2018-01-14 22:00:00+00:00,48.77589800004221,2.37578800006495,,20.25,25.75,27.85,23.35,1.0
4084,VITRY-SUR-SEINE,2018-01-14 23:00:00+00:00,48.77589800004221,2.37578800006495,,16.5,33.5,23.25,19.63,1.0
4084,VITRY-SUR-SEINE,2018-01-15 00:00:00+00:00,48.77589800004221,2.37578800006495,,14.75,41.75,13.23,11.28,1.0
4084,VITRY-SUR-SEINE,2018-01-15 01:00:00+00:00,48.77589800004221,2.37578800006495,,16.5,41.25,14.63,15.35,0.0
4084,VITRY-SUR-SEINE,2018-01-15 02:00:00+00:00,48.77589800004221,2.37578800006495,,12.5,41.75,15.33,15.6,0.25
4084,VITRY-SUR-SEINE,2018-01-15 03:00:00+00:00,48.77589800004221,2.37578800006495,,12.25,43.75,8.85,11.23,0.5
4084,VITRY-SUR-SEINE,2018-01-15 04:00:00+00:00,48.77589800004221,2.37578800006495,,16.75,39.0,11.5,11.28,0.5
4084,VITRY-SUR-SEINE,2018-01-15 05:00:00+00:00,48.77589800004221,2.37578800006495,,26.25,25.25,11.7,11.5,0.5
4084,VITRY-SUR-SEINE,2018-01-15 06:00:00+00:00,48.77589800004221,2.37578800006495,,42.0,7.75,12.85,10.73,0.5
4084,VITRY-SUR-SEINE,2018-01-15 07:00:00+00:00,48.77589800004221,2.37578800006495,,45.0,4.25,17.28,16.45,0.75
4084,VITRY-SUR-SEINE,2018-01-15 08:00:00+00:00,48.77589800004221,2.37578800006495,,37.0,10.75,21.83,12.13,0.25
4084,VITRY-SUR-SEINE,2018-01-15 09:00:00+00:00,48.77589800004221,2.37578800006495,,30.0,22.5,16.25,13.2,0.25
4084,VITRY-SUR-SEINE,2018-01-15 10:00:00+00:00,48.77589800004221,2.37578800006495,,24.75,34.0,12.68,11.63,0.5
4084,VITRY-SUR-SEINE,2018-01-15 11:00:00+00:00,48.77589800004221,2.37578800006495,,24.0,38.25,,,0.75
4084,VITRY-SUR-SEINE,2018-01-15 13:00:00+00:00,48.77589800004221,2.37578800006495,,,,11.15,9.6,
4084,VITRY-SUR-SEINE,2018-01-15 14:00:00+00:00,48.77589800004221,2.37578800006495,,14.0,54.0,7.65,8.1,1.0
4084,VITRY-SUR-SEINE,2018-01-15 15:00:00+00:00,48.77589800004221,2.37578800006495,,14.5,55.75,5.35,3.83,0.5
4084,VITRY-SUR-SEINE,2018-01-15 16:00:00+00:00,48.77589800004221,2.37578800006495,,18.25,52.5,8.58,1.43,0.5
4084,VITRY-SUR-SEINE,2018-01-15 17:00:00+00:00,48.77589800004221,2.37578800006495,,20.25,52.0,7.3,2.1,1.0
4084,VITRY-SUR-SEINE,2018-01-15 18:00:00+00:00,48.77589800004221,2.37578800006495,,37.75,36.0,6.55,5.3,0.75
4084,VITRY-SUR-SEINE,2018-01-15 19:00:00+00:00,48.77589800004221,2.37578800006495,,39.0,34.25,9.38,6.4,1.0
4084,VITRY-SUR-SEINE,2018-01-15 20:00:00+00:00,48.77589800004221,2.37578800006495,,15.75,58.25,7.58,7.1,1.0
4084,VITRY-SUR-SEINE,2018-01-15 21:00:00+00:00,48.77589800004221,2.37578800006495,,11.0,62.5,12.98,5.7,1.0
4084,VITRY-SUR-SEINE,2018-01-15 22:00:00+00:00,48.77589800004221,2.37578800006495,,13.25,59.75,11.6,12.15,1.0
4084,VITRY-SUR-SEINE,2018-01-15 23:00:00+00:00,48.77589800004221,2.37578800006495,,8.25,64.5,10.65,6.93,1.25
4084,VITRY-SUR-SEINE,2018-01-16 00:00:00+00:00,48.77589800004221,2.37578800006495,,14.25,56.0,7.1,3.53,1.0
4084,VITRY-SUR-SEINE,2018-01-16 01:00:00+00:00,48.77589800004221,2.37578800006495,,13.25,57.25,6.38,2.5,0.0
4084,VITRY-SUR-SEINE,2018-01-16 02:00:00+00:00,48.77589800004221,2.37578800006495,,6.5,64.0,5.83,3.7,0.0
4084,VITRY-SUR-SEINE,2018-01-16 03:00:00+00:00,48.77589800004221,2.37578800006495,,3.25,70.25,7.5,4.48,0.0
4084,VITRY-SUR-SEINE,2018-01-16 04:00:00+00:00,48.77589800004221,2.37578800006495,,6.25,69.0,7.28,6.78,0.0
4084,VITRY-SUR-SEINE,2018-01-16 05:00:00+00:00,48.77589800004221,2.37578800006495,,17.5,56.0,6.73,6.9,0.0
4084,VITRY-SUR-SEINE,2018-01-16 06:00:00+00:00,48.77589800004221,2.37578800006495,,20.25,55.25,8.53,2.73,0.0
4084,VITRY-SUR-SEINE,2018-01-16 07:00:00+00:00,48.77589800004221,2.37578800006495,,24.75,54.75,10.45,1.13,0.0
4084,VITRY-SUR-SEINE,2018-01-16 08:00:00+00:00,48.77589800004221,2.37578800006495,,27.25,50.25,12.95,5.78,0.0
4084,VITRY-SUR-SEINE,2018-01-16 09:00:00+00:00,48.77589800004221,2.37578800006495,,22.75,59.5,9.68,5.2,0.0
4084,VITRY-SUR-SEINE,2018-01-16 10:00:00+00:00,48.77589800004221,2.37578800006495,,22.75,58.5,7.65,4.6,0.0
4084,VITRY-SUR-SEINE,2018-01-16 11:00:00+00:00,48.77589800004221,2.37578800006495,,14.5,65.0,10.88,10.75,0.0
4084,VITRY-SUR-SEINE,2018-01-16 12:00:00+00:00,48.77589800004221,2.37578800006495,,10.5,72.25,21.9,9.23,0.0
4084,VITRY-SUR-SEINE,2018-01-16 13:00:00+00:00,48.77589800004221,2.37578800006495,,15.75,66.5,21.25,8.9,0.0
4084,VITRY-SUR-SEINE,2018-01-16 14:00:00+00:00,48.77589800004221,2.37578800006495,,13.25,67.25,10.93,7.03,0.0
4084,VITRY-SUR-SEINE,2018-01-16 15:00:00+00:00,48.77589800004221,2.37578800006495,,14.5,67.25,12.28,6.6,0.0
4084,VITRY-SUR-SEINE,2018-01-16 16:00:00+00:00,48.77589800004221,2.37578800006495,,18.0,65.0,9.75,7.58,0.0
4084,VITRY-SUR-SEINE,2018-01-16 17:00:00+00:00,48.77589800004221,2.37578800006495,,25.5,62.0,,,0.0
4084,VITRY-SUR-SEINE,2018-01-16 19:00:00+00:00,48.77589800004221,2.37578800006495,,,,5.95,6.5,
4084,VITRY-SUR-SEINE,2018-01-16 20:00:00+00:00,48.77589800004221,2.37578800006495,,18.5,70.0,8.55,3.93,0.0
4084,VITRY-SUR-SEINE,2018-01-16 21:00:00+00:00,48.77589800004221,2.37578800006495,,14.5,70.75,12.08,0.13,0.0
4084,VITRY-SUR-SEINE,2018-01-16 22:00:00+00:00,48.77589800004221,2.37578800006495,,6.75,79.75,10.4,1.3,0.0
4084,VITRY-SUR-SEINE,2018-01-16 23:00:00+00:00,48.77589800004221,2.37578800006495,,4.5,82.0,9.15,3.58,0.0
4084,VITRY-SUR-SEINE,2018-01-17 00:00:00+00:00,48.77589800004221,2.37578800006495,,4.25,84.75,5.55,4.78,0.0
4084,VITRY-SUR-SEINE,2018-01-17 01:00:00+00:00,48.77589800004221,2.37578800006495,,3.25,83.25,1.88,2.83,0.0
4084,VITRY-SUR-SEINE,2018-01-17 02:00:00+00:00,48.77589800004221,2.37578800006495,,2.0,82.5,7.08,0.0,0.0
4084,VITRY-SUR-SEINE,2018-01-17 03:00:00+00:00,48.77589800004221,2.37578800006495,,2.5,82.0,5.2,3.48,0.25
4084,VITRY-SUR-SEINE,2018-01-17 04:00:00+00:00,48.77589800004221,2.37578800006495,,3.5,79.5,4.88,6.68,0.0
4084,VITRY-SUR-SEINE,2018-01-17 05:00:00+00:00,48.77589800004221,2.37578800006495,,7.75,73.75,9.05,8.48,0.0
4084,VITRY-SUR-SEINE,2018-01-17 06:00:00+00:00,48.77589800004221,2.37578800006495,,10.75,71.25,11.68,8.0,0.0
4084,VITRY-SUR-SEINE,2018-01-17 07:00:00+00:00,48.77589800004221,2.37578800006495,,23.0,58.0,9.28,5.93,0.0
4084,VITRY-SUR-SEINE,2018-01-17 08:00:00+00:00,48.77589800004221,2.37578800006495,,22.75,57.25,7.08,11.25,0.0
4084,VITRY-SUR-SEINE,2018-01-17 09:00:00+00:00,48.77589800004221,2.37578800006495,,23.0,57.0,5.43,9.43,0.0
4084,VITRY-SUR-SEINE,2018-01-17 10:00:00+00:00,48.77589800004221,2.37578800006495,,21.0,55.5,13.4,6.83,0.0
4084,VITRY-SUR-SEINE,2018-01-17 11:00:00+00:00,48.77589800004221,2.37578800006495,,15.75,58.5,19.43,8.08,0.0
4084,VITRY-SUR-SEINE,2018-01-17 12:00:00+00:00,48.77589800004221,2.37578800006495,,14.25,64.5,20.4,9.18,0.0
4084,VITRY-SUR-SEINE,2018-01-17 13:00:00+00:00,48.77589800004221,2.37578800006495,,10.5,67.25,20.03,7.3,0.0
4084,VITRY-SUR-SEINE,2018-01-17 14:00:00+00:00,48.77589800004221,2.37578800006495,,10.25,67.75,22.03,9.38,0.0
4084,VITRY-SUR-SEINE,2018-01-17 15:00:00+00:00,48.77589800004221,2.37578800006495,,12.0,67.5,24.58,10.48,0.0
4084,VITRY-SUR-SEINE,2018-01-17 16:00:00+00:00,48.77589800004221,2.37578800006495,,21.75,56.25,24.2,12.58,0.0
4084,VITRY-SUR-SEINE,2018-01-17 17:00:00+00:00,48.77589800004221,2.37578800006495,,25.0,50.0,16.33,8.13,0.0
4084,VITRY-SUR-SEINE,2018-01-17 18:00:00+00:00,48.77589800004221,2.37578800006495,,24.0,49.25,17.5,8.6,0.0
4084,VITRY-SUR-SEINE,2018-01-17 19:00:00+00:00,48.77589800004221,2.37578800006495,,22.0,51.75,11.15,7.0,0.0
4084,VITRY-SUR-SEINE,2018-01-17 20:00:00+00:00,48.77589800004221,2.37578800006495,,16.0,57.5,14.6,8.4,0.0
4084,VITRY-SUR-SEINE,2018-01-17 21:00:00+00:00,48.77589800004221,2.37578800006495,,11.25,59.75,14.08,9.78,0.0
4084,VITRY-SUR-SEINE,2018-01-17 22:00:00+00:00,48.77589800004221,2.37578800006495,,20.75,49.25,12.28,6.93,0.0
4084,VITRY-SUR-SEINE,2018-01-17 23:00:00+00:00,48.77589800004221,2.37578800006495,,19.25,46.25,17.45,5.8,0.0
4084,VITRY-SUR-SEINE,2018-01-18 00:00:00+00:00,48.77589800004221,2.37578800006495,,11.25,54.75,13.73,9.75,0.0
4084,VITRY-SUR-SEINE,2018-01-19 01:00:00+00:00,48.77589800004221,2.37578800006495,,7.75,71.5,12.88,3.63,0.33
4084,VITRY-SUR-SEINE,2018-01-19 02:00:00+00:00,48.77589800004221,2.37578800006495,,7.5,71.75,12.7,6.58,1.0
4084,VITRY-SUR-SEINE,2018-01-19 03:00:00+00:00,48.77589800004221,2.37578800006495,,29.75,43.0,11.1,8.5,0.5
4084,VITRY-SUR-SEINE,2018-01-19 04:00:00+00:00,48.77589800004221,2.37578800006495,,23.75,48.5,13.2,5.93,0.25
4084,VITRY-SUR-SEINE,2018-01-19 05:00:00+00:00,48.77589800004221,2.37578800006495,,24.0,45.75,13.5,5.8,0.75
4084,VITRY-SUR-SEINE,2018-01-19 06:00:00+00:00,48.77589800004221,2.37578800006495,,45.0,27.75,14.58,4.8,0.0
4084,VITRY-SUR-SEINE,2018-01-19 07:00:00+00:00,48.77589800004221,2.37578800006495,,52.75,24.0,,,0.0
4084,VITRY-SUR-SEINE,2018-01-19 11:00:00+00:00,48.77589800004221,2.37578800006495,,,,7.33,5.83,
4084,VITRY-SUR-SEINE,2018-01-19 12:00:00+00:00,48.77589800004221,2.37578800006495,,32.5,41.0,8.48,6.6,0.0
4084,VITRY-SUR-SEINE,2018-01-19 13:00:00+00:00,48.77589800004221,2.37578800006495,,26.5,55.75,7.9,7.08,0.0
4084,VITRY-SUR-SEINE,2018-01-19 14:00:00+00:00,48.77589800004221,2.37578800006495,,24.0,63.75,10.2,6.43,0.0
4084,VITRY-SUR-SEINE,2018-01-19 15:00:00+00:00,48.77589800004221,2.37578800006495,,41.0,48.0,10.0,10.88,0.0
4084,VITRY-SUR-SEINE,2018-01-19 16:00:00+00:00,48.77589800004221,2.37578800006495,,46.67,39.75,9.7,8.53,0.0
4084,VITRY-SUR-SEINE,2018-01-19 17:00:00+00:00,48.77589800004221,2.37578800006495,,0.0,31.0,9.7,10.2,0.0
4084,VITRY-SUR-SEINE,2018-01-19 18:00:00+00:00,48.77589800004221,2.37578800006495,,63.5,24.25,16.45,6.83,0.0
4084,VITRY-SUR-SEINE,2018-01-19 19:00:00+00:00,48.77589800004221,2.37578800006495,,38.25,47.0,,,0.0
4084,VITRY-SUR-SEINE,2018-01-19 23:00:00+00:00,48.77589800004221,2.37578800006495,,22.5,52.5,15.7,9.23,0.0
4084,VITRY-SUR-SEINE,2018-01-20 00:00:00+00:00,48.77589800004221,2.37578800006495,,30.0,44.5,15.0,8.5,0.0
4084,VITRY-SUR-SEINE,2018-01-20 01:00:00+00:00,48.77589800004221,2.37578800006495,,29.25,39.0,13.03,6.7,2.67
4084,VITRY-SUR-SEINE,2018-01-20 02:00:00+00:00,48.77589800004221,2.37578800006495,,24.0,44.33,9.83,4.43,2.25
4084,VITRY-SUR-SEINE,2018-01-20 03:00:00+00:00,48.77589800004221,2.37578800006495,,23.5,43.67,12.5,8.18,2.0
4084,VITRY-SUR-SEINE,2018-01-20 04:00:00+00:00,48.77589800004221,2.37578800006495,,20.0,45.5,11.53,7.8,2.0
4084,VITRY-SUR-SEINE,2018-01-20 05:00:00+00:00,48.77589800004221,2.37578800006495,,20.0,44.75,9.83,7.33,2.0
4084,VITRY-SUR-SEINE,2018-01-20 06:00:00+00:00,48.77589800004221,2.37578800006495,,19.75,44.0,8.53,6.23,2.0
4084,VITRY-SUR-SEINE,2018-01-20 07:00:00+00:00,48.77589800004221,2.37578800006495,,21.0,44.25,9.5,5.1,2.0
4084,VITRY-SUR-SEINE,2018-01-20 08:00:00+00:00,48.77589800004221,2.37578800006495,,25.75,46.5,7.5,4.4,2.0
4084,VITRY-SUR-SEINE,2018-01-20 09:00:00+00:00,48.77589800004221,2.37578800006495,,21.5,52.75,7.6,6.98,2.0
4084,VITRY-SUR-SEINE,2018-01-20 10:00:00+00:00,48.77589800004221,2.37578800006495,,19.0,60.0,5.1,6.6,2.25
4084,VITRY-SUR-SEINE,2018-01-20 11:00:00+00:00,48.77589800004221,2.37578800006495,,19.5,59.0,4.03,6.6,2.0
4084,VITRY-SUR-SEINE,2018-01-20 12:00:00+00:00,48.77589800004221,2.37578800006495,,25.0,52.75,4.3,3.83,2.25
4084,VITRY-SUR-SEINE,2018-01-20 13:00:00+00:00,48.77589800004221,2.37578800006495,,38.0,35.75,4.2,5.78,2.25
4084,VITRY-SUR-SEINE,2018-01-20 14:00:00+00:00,48.77589800004221,2.37578800006495,,31.75,41.75,3.2,7.1,2.0
4084,VITRY-SUR-SEINE,2018-01-20 15:00:00+00:00,48.77589800004221,2.37578800006495,,10.75,61.0,4.3,5.03,2.5
4084,VITRY-SUR-SEINE,2018-01-20 16:00:00+00:00,48.77589800004221,2.37578800006495,,13.5,61.25,5.28,3.3,2.5
4084,VITRY-SUR-SEINE,2018-01-20 17:00:00+00:00,48.77589800004221,2.37578800006495,,14.5,59.5,12.25,5.1,2.5
4084,VITRY-SUR-SEINE,2018-01-20 18:00:00+00:00,48.77589800004221,2.37578800006495,,24.0,48.25,10.03,5.5,2.75
4084,VITRY-SUR-SEINE,2018-01-20 19:00:00+00:00,48.77589800004221,2.37578800006495,,14.75,55.75,5.83,5.8,3.0
4084,VITRY-SUR-SEINE,2018-01-20 20:00:00+00:00,48.77589800004221,2.37578800006495,,14.0,60.5,5.8,4.13,3.0
4084,VITRY-SUR-SEINE,2018-01-20 21:00:00+00:00,48.77589800004221,2.37578800006495,,12.0,67.5,,,3.5
4084,VITRY-SUR-SEINE,2018-01-20 23:00:00+00:00,48.77589800004221,2.37578800006495,,13.5,60.75,11.2,9.48,4.0
4084,VITRY-SUR-SEINE,2018-01-21 00:00:00+00:00,48.77589800004221,2.37578800006495,,14.5,58.0,8.43,6.1,3.75
4084,VITRY-SUR-SEINE,2018-01-21 01:00:00+00:00,48.77589800004221,2.37578800006495,,13.25,56.0,6.03,3.23,0.0
4084,VITRY-SUR-SEINE,2018-01-21 02:00:00+00:00,48.77589800004221,2.37578800006495,,12.0,54.5,6.1,4.38,0.0
4084,VITRY-SUR-SEINE,2018-01-21 03:00:00+00:00,48.77589800004221,2.37578800006495,,11.67,54.5,7.7,5.78,0.33
4084,VITRY-SUR-SEINE,2018-01-21 04:00:00+00:00,48.77589800004221,2.37578800006495,,12.0,57.75,5.03,4.33,1.0
4084,VITRY-SUR-SEINE,2018-01-21 05:00:00+00:00,48.77589800004221,2.37578800006495,,14.5,55.25,3.2,7.88,0.75
4084,VITRY-SUR-SEINE,2018-01-21 06:00:00+00:00,48.77589800004221,2.37578800006495,,20.5,48.25,10.78,7.5,0.5
4084,VITRY-SUR-SEINE,2018-01-21 07:00:00+00:00,48.77589800004221,2.37578800006495,,15.25,43.5,11.4,7.5,0.0
4084,VITRY-SUR-SEINE,2018-01-21 08:00:00+00:00,48.77589800004221,2.37578800006495,,19.75,42.5,11.5,11.68,0.0
4084,VITRY-SUR-SEINE,2018-01-21 09:00:00+00:00,48.77589800004221,2.37578800006495,,26.0,36.25,18.65,13.1,0.5
4084,VITRY-SUR-SEINE,2018-01-21 10:00:00+00:00,48.77589800004221,2.37578800006495,,27.5,37.0,14.53,13.98,0.0
4084,VITRY-SUR-SEINE,2018-01-21 11:00:00+00:00,48.77589800004221,2.37578800006495,,22.5,33.0,12.03,13.7,0.0
4084,VITRY-SUR-SEINE,2018-01-21 12:00:00+00:00,48.77589800004221,2.37578800006495,,21.5,33.25,17.55,10.53,0.0
4084,VITRY-SUR-SEINE,2018-01-21 13:00:00+00:00,48.77589800004221,2.37578800006495,,24.75,31.0,16.9,14.55,0.0
4084,VITRY-SUR-SEINE,2018-01-21 14:00:00+00:00,48.77589800004221,2.37578800006495,,25.25,34.0,12.83,11.63,0.0
4084,VITRY-SUR-SEINE,2018-01-21 15:00:00+00:00,48.77589800004221,2.37578800006495,,23.0,31.25,11.9,13.08,0.0
4084,VITRY-SUR-SEINE,2018-01-21 16:00:00+00:00,48.77589800004221,2.37578800006495,,35.25,21.0,10.5,10.33,0.0
4084,VITRY-SUR-SEINE,2018-01-21 17:00:00+00:00,48.77589800004221,2.37578800006495,,42.75,14.75,8.33,9.9,0.0
4084,VITRY-SUR-SEINE,2018-01-21 18:00:00+00:00,48.77589800004221,2.37578800006495,,54.5,5.5,8.6,15.15,0.0
4084,VITRY-SUR-SEINE,2018-01-21 19:00:00+00:00,48.77589800004221,2.37578800006495,,59.0,2.5,10.18,18.98,0.0
4084,VITRY-SUR-SEINE,2018-01-21 20:00:00+00:00,48.77589800004221,2.37578800006495,,58.75,1.5,19.25,14.25,0.0
4084,VITRY-SUR-SEINE,2018-01-21 21:00:00+00:00,48.77589800004221,2.37578800006495,,18.5,42.25,,,0.0
4084,VITRY-SUR-SEINE,2018-01-21 23:00:00+00:00,48.77589800004221,2.37578800006495,,8.75,46.5,10.9,5.68,0.0
4084,VITRY-SUR-SEINE,2018-01-22 00:00:00+00:00,48.77589800004221,2.37578800006495,,5.5,51.0,8.8,3.43,0.0
4084,VITRY-SUR-SEINE,2018-01-22 01:00:00+00:00,48.77589800004221,2.37578800006495,,3.75,53.25,6.7,2.4,0.0
4084,VITRY-SUR-SEINE,2018-01-22 02:00:00+00:00,48.77589800004221,2.37578800006495,,2.0,53.0,3.23,2.1,0.0
4084,VITRY-SUR-SEINE,2018-01-22 03:00:00+00:00,48.77589800004221,2.37578800006495,,5.0,48.25,1.1,1.7,0.0
4084,VITRY-SUR-SEINE,2018-01-22 04:00:00+00:00,48.77589800004221,2.37578800006495,,5.75,46.5,2.9,1.1,0.0
4084,VITRY-SUR-SEINE,2018-01-22 05:00:00+00:00,48.77589800004221,2.37578800006495,,14.0,39.25,2.5,0.6,0.0
4084,VITRY-SUR-SEINE,2018-01-22 06:00:00+00:00,48.77589800004221,2.37578800006495,,28.0,28.5,7.28,1.5,0.0
4084,VITRY-SUR-SEINE,2018-01-22 07:00:00+00:00,48.77589800004221,2.37578800006495,,55.0,8.0,6.43,3.4,0.0
4084,VITRY-SUR-SEINE,2018-01-22 08:00:00+00:00,48.77589800004221,2.37578800006495,,61.0,5.75,6.2,4.2,0.0
4084,VITRY-SUR-SEINE,2018-01-22 09:00:00+00:00,48.77589800004221,2.37578800006495,,56.25,11.0,5.1,3.0,0.0
4084,VITRY-SUR-SEINE,2018-01-22 10:00:00+00:00,48.77589800004221,2.37578800006495,,34.5,29.5,9.28,1.73,0.0
4084,VITRY-SUR-SEINE,2018-01-22 11:00:00+00:00,48.77589800004221,2.37578800006495,,18.25,46.0,7.8,1.5,0.0
4084,VITRY-SUR-SEINE,2018-01-22 12:00:00+00:00,48.77589800004221,2.37578800006495,,13.75,57.25,6.63,9.63,0.0
4084,VITRY-SUR-SEINE,2018-01-22 13:00:00+00:00,48.77589800004221,2.37578800006495,,36.25,46.25,9.1,10.0,0.75
4084,VITRY-SUR-SEINE,2018-01-22 14:00:00+00:00,48.77589800004221,2.37578800006495,,40.75,48.75,9.2,6.63,0.75
4084,VITRY-SUR-SEINE,2018-01-22 15:00:00+00:00,48.77589800004221,2.37578800006495,,23.0,59.75,11.3,13.15,1.0
4084,VITRY-SUR-SEINE,2018-01-22 16:00:00+00:00,48.77589800004221,2.37578800006495,,27.25,52.0,17.68,9.45,1.0
4084,VITRY-SUR-SEINE,2018-01-22 17:00:00+00:00,48.77589800004221,2.37578800006495,,32.75,46.25,,,1.0
4084,VITRY-SUR-SEINE,2018-01-22 23:00:00+00:00,48.77589800004221,2.37578800006495,,19.0,63.5,17.63,13.38,1.0
4084,VITRY-SUR-SEINE,2018-01-23 00:00:00+00:00,48.77589800004221,2.37578800006495,,16.75,59.0,16.0,9.15,1.0
4084,VITRY-SUR-SEINE,2018-01-23 01:00:00+00:00,48.77589800004221,2.37578800006495,,31.75,41.5,17.1,10.5,0.0
4084,VITRY-SUR-SEINE,2018-01-23 02:00:00+00:00,48.77589800004221,2.37578800006495,,15.75,54.0,12.15,9.3,0.0
4084,VITRY-SUR-SEINE,2018-01-23 03:00:00+00:00,48.77589800004221,2.37578800006495,,25.5,45.5,13.5,8.9,0.0
4084,VITRY-SUR-SEINE,2018-01-23 04:00:00+00:00,48.77589800004221,2.37578800006495,,17.75,54.25,16.2,8.13,0.0
4084,VITRY-SUR-SEINE,2018-01-23 05:00:00+00:00,48.77589800004221,2.37578800006495,,46.75,31.5,13.43,6.5,0.0
4084,VITRY-SUR-SEINE,2018-01-23 06:00:00+00:00,48.77589800004221,2.37578800006495,,50.0,22.5,13.0,5.9,0.0
4084,VITRY-SUR-SEINE,2018-01-23 07:00:00+00:00,48.77589800004221,2.37578800006495,,68.0,9.75,16.3,8.78,0.0
4084,VITRY-SUR-SEINE,2018-01-23 08:00:00+00:00,48.77589800004221,2.37578800006495,,74.5,6.25,21.88,5.73,0.0
4084,VITRY-SUR-SEINE,2018-01-23 09:00:00+00:00,48.77589800004221,2.37578800006495,,55.5,24.0,21.3,6.8,0.0
4084,VITRY-SUR-SEINE,2018-01-23 10:00:00+00:00,48.77589800004221,2.37578800006495,,33.25,36.75,16.73,7.8,0.0
4084,VITRY-SUR-SEINE,2018-01-23 11:00:00+00:00,48.77589800004221,2.37578800006495,,27.5,31.75,9.95,11.65,0.0
4084,VITRY-SUR-SEINE,2018-01-23 12:00:00+00:00,48.77589800004221,2.37578800006495,,28.75,33.25,13.98,10.2,0.0
4084,VITRY-SUR-SEINE,2018-01-23 13:00:00+00:00,48.77589800004221,2.37578800006495,,34.0,30.75,9.43,6.75,0.0
4084,VITRY-SUR-SEINE,2018-01-23 14:00:00+00:00,48.77589800004221,2.37578800006495,,31.5,35.75,11.3,6.6,0.0
4084,VITRY-SUR-SEINE,2018-01-23 15:00:00+00:00,48.77589800004221,2.37578800006495,,33.75,31.25,7.73,4.9,0.0
4084,VITRY-SUR-SEINE,2018-01-23 16:00:00+00:00,48.77589800004221,2.37578800006495,,31.25,33.75,9.5,4.83,0.0
4084,VITRY-SUR-SEINE,2018-01-23 17:00:00+00:00,48.77589800004221,2.37578800006495,,32.25,26.5,7.33,7.88,0.0
4084,VITRY-SUR-SEINE,2018-01-23 18:00:00+00:00,48.77589800004221,2.37578800006495,,30.25,24.5,9.78,8.2,0.0
4084,VITRY-SUR-SEINE,2018-01-23 19:00:00+00:00,48.77589800004221,2.37578800006495,,27.0,26.25,,,0.0
4084,VITRY-SUR-SEINE,2018-01-23 23:00:00+00:00,48.77589800004221,2.37578800006495,,13.0,40.5,9.8,6.33,0.0
4084,VITRY-SUR-SEINE,2018-01-24 00:00:00+00:00,48.77589800004221,2.37578800006495,,12.25,41.75,10.88,5.9,0.0
4084,VITRY-SUR-SEINE,2018-01-24 01:00:00+00:00,48.77589800004221,2.37578800006495,,10.0,44.25,6.93,3.83,0.0
4084,VITRY-SUR-SEINE,2018-01-24 02:00:00+00:00,48.77589800004221,2.37578800006495,,9.5,46.5,3.6,1.8,0.0
4084,VITRY-SUR-SEINE,2018-01-24 03:00:00+00:00,48.77589800004221,2.37578800006495,,10.25,45.75,2.6,3.78,0.0
4084,VITRY-SUR-SEINE,2018-01-24 04:00:00+00:00,48.77589800004221,2.37578800006495,,12.25,44.75,4.7,3.5,0.0
4084,VITRY-SUR-SEINE,2018-01-24 05:00:00+00:00,48.77589800004221,2.37578800006495,,16.5,39.25,8.98,1.7,0.0
4084,VITRY-SUR-SEINE,2018-01-24 06:00:00+00:00,48.77589800004221,2.37578800006495,,22.25,35.75,4.93,0.93,0.25
4084,VITRY-SUR-SEINE,2018-01-24 07:00:00+00:00,48.77589800004221,2.37578800006495,,25.5,32.75,2.0,1.0,0.25
4084,VITRY-SUR-SEINE,2018-01-24 08:00:00+00:00,48.77589800004221,2.37578800006495,,25.25,36.25,2.6,0.7,0.25
4084,VITRY-SUR-SEINE,2018-01-24 09:00:00+00:00,48.77589800004221,2.37578800006495,,24.25,39.5,7.38,4.48,1.0
4084,VITRY-SUR-SEINE,2018-01-24 10:00:00+00:00,48.77589800004221,2.37578800006495,,22.0,40.0,9.1,6.1,0.75
4084,VITRY-SUR-SEINE,2018-01-24 11:00:00+00:00,48.77589800004221,2.37578800006495,,17.75,42.5,12.18,5.8,0.75
4084,VITRY-SUR-SEINE,2018-01-24 12:00:00+00:00,48.77589800004221,2.37578800006495,,15.75,44.0,9.93,5.5,1.0
4084,VITRY-SUR-SEINE,2018-01-24 13:00:00+00:00,48.77589800004221,2.37578800006495,,16.0,46.25,7.43,6.2,1.5
4084,VITRY-SUR-SEINE,2018-01-24 14:00:00+00:00,48.77589800004221,2.37578800006495,,14.0,49.25,4.93,3.53,1.25
4084,VITRY-SUR-SEINE,2018-01-24 15:00:00+00:00,48.77589800004221,2.37578800006495,,15.25,49.0,6.28,4.4,1.25
4084,VITRY-SUR-SEINE,2018-01-24 16:00:00+00:00,48.77589800004221,2.37578800006495,,16.0,46.0,5.5,7.95,1.0
4084,VITRY-SUR-SEINE,2018-01-24 17:00:00+00:00,48.77589800004221,2.37578800006495,,17.5,44.75,,,1.0
4084,VITRY-SUR-SEINE,2018-01-24 23:00:00+00:00,48.77589800004221,2.37578800006495,,10.5,45.5,5.5,5.8,1.0
4084,VITRY-SUR-SEINE,2018-01-25 00:00:00+00:00,48.77589800004221,2.37578800006495,,10.0,44.75,9.18,3.63,1.0
4084,VITRY-SUR-SEINE,2018-01-25 01:00:00+00:00,48.77589800004221,2.37578800006495,,7.5,48.75,7.2,2.03,0.0
4084,VITRY-SUR-SEINE,2018-01-25 02:00:00+00:00,48.77589800004221,2.37578800006495,,7.25,53.25,4.63,3.48,0.0
4084,VITRY-SUR-SEINE,2018-01-25 03:00:00+00:00,48.77589800004221,2.37578800006495,,6.5,68.5,3.4,4.2,0.25
4084,VITRY-SUR-SEINE,2018-01-25 04:00:00+00:00,48.77589800004221,2.37578800006495,,23.75,55.25,3.6,2.6,1.0
4084,VITRY-SUR-SEINE,2018-01-25 05:00:00+00:00,48.77589800004221,2.37578800006495,,33.5,48.75,7.18,3.88,1.0
4084,VITRY-SUR-SEINE,2018-01-25 06:00:00+00:00,48.77589800004221,2.37578800006495,,42.25,37.5,9.9,3.4,1.0
4084,VITRY-SUR-SEINE,2018-01-25 07:00:00+00:00,48.77589800004221,2.37578800006495,,54.75,25.0,7.43,4.28,1.0
4084,VITRY-SUR-SEINE,2018-01-25 08:00:00+00:00,48.77589800004221,2.37578800006495,,49.0,31.5,7.4,8.85,1.0
4084,VITRY-SUR-SEINE,2018-01-25 09:00:00+00:00,48.77589800004221,2.37578800006495,,43.0,38.5,8.78,8.5,1.0
4084,VITRY-SUR-SEINE,2018-01-25 10:00:00+00:00,48.77589800004221,2.37578800006495,,40.5,42.75,11.1,5.63,1.0
4084,VITRY-SUR-SEINE,2018-01-25 11:00:00+00:00,48.77589800004221,2.37578800006495,,41.5,41.25,10.1,5.0,0.75
4084,VITRY-SUR-SEINE,2018-01-25 12:00:00+00:00,48.77589800004221,2.37578800006495,,43.25,37.75,12.48,7.78,1.0
4084,VITRY-SUR-SEINE,2018-01-25 13:00:00+00:00,48.77589800004221,2.37578800006495,,43.0,37.0,11.1,10.88,1.0
4084,VITRY-SUR-SEINE,2018-01-25 14:00:00+00:00,48.77589800004221,2.37578800006495,,40.5,41.75,9.2,8.83,1.0
4084,VITRY-SUR-SEINE,2018-01-25 15:00:00+00:00,48.77589800004221,2.37578800006495,,39.25,40.25,7.1,5.73,1.0
4084,VITRY-SUR-SEINE,2018-01-25 16:00:00+00:00,48.77589800004221,2.37578800006495,,44.5,34.75,9.0,5.3,1.25
4084,VITRY-SUR-SEINE,2018-01-25 17:00:00+00:00,48.77589800004221,2.37578800006495,,56.75,22.75,,,1.0
4084,VITRY-SUR-SEINE,2018-01-25 23:00:00+00:00,48.77589800004221,2.37578800006495,,26.5,45.25,11.4,9.2,1.0
4084,VITRY-SUR-SEINE,2018-01-26 00:00:00+00:00,48.77589800004221,2.37578800006495,,22.5,48.0,12.0,9.1,1.0
4084,VITRY-SUR-SEINE,2018-01-26 01:00:00+00:00,48.77589800004221,2.37578800006495,,24.75,38.5,10.3,6.9,1.0
4084,VITRY-SUR-SEINE,2018-01-26 02:00:00+00:00,48.77589800004221,2.37578800006495,,20.75,41.25,11.98,12.05,1.0
4084,VITRY-SUR-SEINE,2018-01-26 03:00:00+00:00,48.77589800004221,2.37578800006495,,24.75,33.0,13.78,7.25,1.25
4084,VITRY-SUR-SEINE,2018-01-26 04:00:00+00:00,48.77589800004221,2.37578800006495,,35.75,21.75,17.28,7.78,1.0
4084,VITRY-SUR-SEINE,2018-01-26 05:00:00+00:00,48.77589800004221,2.37578800006495,,46.75,8.5,,,1.0
4084,VITRY-SUR-SEINE,2018-01-26 06:00:00+00:00,48.77589800004221,2.37578800006495,,,,17.2,7.03,
4084,VITRY-SUR-SEINE,2018-01-26 07:00:00+00:00,48.77589800004221,2.37578800006495,,59.5,2.5,15.3,8.98,1.0
4084,VITRY-SUR-SEINE,2018-01-26 08:00:00+00:00,48.77589800004221,2.37578800006495,,56.0,3.75,20.58,9.5,1.0
4084,VITRY-SUR-SEINE,2018-01-26 09:00:00+00:00,48.77589800004221,2.37578800006495,,57.75,6.0,23.1,11.18,1.0
4084,VITRY-SUR-SEINE,2018-01-26 10:00:00+00:00,48.77589800004221,2.37578800006495,,40.25,23.25,22.6,10.8,0.75
4084,VITRY-SUR-SEINE,2018-01-26 11:00:00+00:00,48.77589800004221,2.37578800006495,,30.25,32.5,,,0.5
4084,VITRY-SUR-SEINE,2018-01-26 13:00:00+00:00,48.77589800004221,2.37578800006495,,,,24.78,12.35,
4084,VITRY-SUR-SEINE,2018-01-26 14:00:00+00:00,48.77589800004221,2.37578800006495,,30.25,38.75,26.9,12.8,0.25
4084,VITRY-SUR-SEINE,2018-01-26 15:00:00+00:00,48.77589800004221,2.37578800006495,,29.75,41.5,,,0.25
4084,VITRY-SUR-SEINE,2018-01-26 23:00:00+00:00,48.77589800004221,2.37578800006495,,69.75,0.0,39.85,31.2,1.0
4084,VITRY-SUR-SEINE,2018-01-27 00:00:00+00:00,48.77589800004221,2.37578800006495,,74.5,0.0,43.5,30.83,1.0
4084,VITRY-SUR-SEINE,2018-01-27 01:00:00+00:00,48.77589800004221,2.37578800006495,,63.75,0.0,38.43,32.78,3.0
4084,VITRY-SUR-SEINE,2018-01-27 02:00:00+00:00,48.77589800004221,2.37578800006495,,64.0,0.0,36.93,31.43,2.75
4084,VITRY-SUR-SEINE,2018-01-27 03:00:00+00:00,48.77589800004221,2.37578800006495,,55.75,0.0,32.83,30.83,3.0
4084,VITRY-SUR-SEINE,2018-01-27 04:00:00+00:00,48.77589800004221,2.37578800006495,,51.0,0.0,22.75,21.8,2.5
4084,VITRY-SUR-SEINE,2018-01-27 05:00:00+00:00,48.77589800004221,2.37578800006495,,57.0,0.0,32.25,26.15,2.75
4084,VITRY-SUR-SEINE,2018-01-27 06:00:00+00:00,48.77589800004221,2.37578800006495,,52.5,0.25,24.23,22.25,2.25
4084,VITRY-SUR-SEINE,2018-01-27 07:00:00+00:00,48.77589800004221,2.37578800006495,,50.25,3.5,26.7,20.63,2.0
4084,VITRY-SUR-SEINE,2018-01-27 08:00:00+00:00,48.77589800004221,2.37578800006495,,51.5,6.75,12.88,17.33,2.0
4084,VITRY-SUR-SEINE,2018-01-27 09:00:00+00:00,48.77589800004221,2.37578800006495,,48.25,9.0,20.25,19.48,2.0
4084,VITRY-SUR-SEINE,2018-01-27 10:00:00+00:00,48.77589800004221,2.37578800006495,,56.0,6.0,21.28,16.23,2.5
4084,VITRY-SUR-SEINE,2018-01-27 11:00:00+00:00,48.77589800004221,2.37578800006495,,56.5,5.5,20.7,24.9,2.25
4084,VITRY-SUR-SEINE,2018-01-27 12:00:00+00:00,48.77589800004221,2.37578800006495,,48.25,10.5,25.28,21.83,2.25
4084,VITRY-SUR-SEINE,2018-01-27 13:00:00+00:00,48.77589800004221,2.37578800006495,,42.75,17.5,,,2.5
4084,VITRY-SUR-SEINE,2018-01-27 14:00:00+00:00,48.77589800004221,2.37578800006495,,,24.75,,,
4084,VITRY-SUR-SEINE,2018-01-27 15:00:00+00:00,48.77589800004221,2.37578800006495,,,30.5,,,
4084,VITRY-SUR-SEINE,2018-01-27 17:00:00+00:00,48.77589800004221,2.37578800006495,,,,11.85,10.45,
4084,VITRY-SUR-SEINE,2018-01-27 18:00:00+00:00,48.77589800004221,2.37578800006495,,27.75,32.0,11.5,12.08,2.0
4084,VITRY-SUR-SEINE,2018-01-27 19:00:00+00:00,48.77589800004221,2.37578800006495,,31.25,29.0,,,2.25
4084,VITRY-SUR-SEINE,2018-01-27 23:00:00+00:00,48.77589800004221,2.37578800006495,,14.5,37.0,14.8,11.25,2.0
4084,VITRY-SUR-SEINE,2018-01-28 00:00:00+00:00,48.77589800004221,2.37578800006495,,14.25,36.25,14.5,17.5,2.25
4084,VITRY-SUR-SEINE,2018-01-28 01:00:00+00:00,48.77589800004221,2.37578800006495,,16.0,35.25,16.9,16.5,0.0
4084,VITRY-SUR-SEINE,2018-01-28 02:00:00+00:00,48.77589800004221,2.37578800006495,,13.67,36.75,15.2,14.03,0.0
4084,VITRY-SUR-SEINE,2018-01-28 03:00:00+00:00,48.77589800004221,2.37578800006495,,10.67,38.75,16.6,13.13,0.0
4084,VITRY-SUR-SEINE,2018-01-28 04:00:00+00:00,48.77589800004221,2.37578800006495,,11.75,35.0,18.2,15.68,0.0
4084,VITRY-SUR-SEINE,2018-01-28 05:00:00+00:00,48.77589800004221,2.37578800006495,,15.25,29.5,17.2,10.45,0.0
4084,VITRY-SUR-SEINE,2018-01-28 06:00:00+00:00,48.77589800004221,2.37578800006495,,20.0,27.25,15.33,14.85,0.0
4084,VITRY-SUR-SEINE,2018-01-28 07:00:00+00:00,48.77589800004221,2.37578800006495,,17.75,28.25,16.6,10.15,0.0
4084,VITRY-SUR-SEINE,2018-01-28 08:00:00+00:00,48.77589800004221,2.37578800006495,,21.5,24.75,11.05,14.45,0.0
4084,VITRY-SUR-SEINE,2018-01-28 09:00:00+00:00,48.77589800004221,2.37578800006495,,21.75,25.25,12.9,10.85,0.0
4084,VITRY-SUR-SEINE,2018-01-28 10:00:00+00:00,48.77589800004221,2.37578800006495,,26.25,22.75,8.83,16.53,0.0
4084,VITRY-SUR-SEINE,2018-01-28 11:00:00+00:00,48.77589800004221,2.37578800006495,,23.5,25.25,11.0,9.78,0.0
4084,VITRY-SUR-SEINE,2018-01-28 12:00:00+00:00,48.77589800004221,2.37578800006495,,27.5,21.75,14.1,11.2,0.0
4084,VITRY-SUR-SEINE,2018-01-28 13:00:00+00:00,48.77589800004221,2.37578800006495,,27.5,22.75,10.33,11.6,0.0
4084,VITRY-SUR-SEINE,2018-01-28 14:00:00+00:00,48.77589800004221,2.37578800006495,,27.25,21.75,12.28,10.33,0.0
4084,VITRY-SUR-SEINE,2018-01-28 15:00:00+00:00,48.77589800004221,2.37578800006495,,23.5,32.5,9.6,5.55,0.0
4084,VITRY-SUR-SEINE,2018-01-28 16:00:00+00:00,48.77589800004221,2.37578800006495,,18.5,41.75,5.73,4.83,0.0
4084,VITRY-SUR-SEINE,2018-01-28 17:00:00+00:00,48.77589800004221,2.37578800006495,,37.0,19.5,,,0.0
4084,VITRY-SUR-SEINE,2018-01-28 20:00:00+00:00,48.77589800004221,2.37578800006495,,,13.25,,,
4084,VITRY-SUR-SEINE,2018-01-28 21:00:00+00:00,48.77589800004221,2.37578800006495,,,23.5,,,
4084,VITRY-SUR-SEINE,2018-01-28 23:00:00+00:00,48.77589800004221,2.37578800006495,,39.25,21.0,14.5,7.4,0.75
4084,VITRY-SUR-SEINE,2018-01-29 00:00:00+00:00,48.77589800004221,2.37578800006495,,26.25,36.0,10.63,8.0,0.5
4084,VITRY-SUR-SEINE,2018-01-29 01:00:00+00:00,48.77589800004221,2.37578800006495,,17.5,41.75,8.3,6.23,0.33
4084,VITRY-SUR-SEINE,2018-01-29 02:00:00+00:00,48.77589800004221,2.37578800006495,,12.0,40.5,7.0,4.73,0.25
4084,VITRY-SUR-SEINE,2018-01-29 03:00:00+00:00,48.77589800004221,2.37578800006495,,33.5,12.75,8.08,5.4,1.0
4084,VITRY-SUR-SEINE,2018-01-29 04:00:00+00:00,48.77589800004221,2.37578800006495,,29.75,26.25,5.9,8.68,0.5
4084,VITRY-SUR-SEINE,2018-01-29 05:00:00+00:00,48.77589800004221,2.37578800006495,,18.0,42.75,4.03,8.2,0.5
4084,VITRY-SUR-SEINE,2018-01-29 06:00:00+00:00,48.77589800004221,2.37578800006495,,50.25,16.0,8.98,7.6,0.5
4084,VITRY-SUR-SEINE,2018-01-29 07:00:00+00:00,48.77589800004221,2.37578800006495,,57.75,9.0,10.9,9.08,0.0
4084,VITRY-SUR-SEINE,2018-01-29 08:00:00+00:00,48.77589800004221,2.37578800006495,,39.5,22.5,8.5,8.1,0.75
4084,VITRY-SUR-SEINE,2018-01-29 09:00:00+00:00,48.77589800004221,2.37578800006495,,44.5,18.0,10.2,6.03,0.0
4084,VITRY-SUR-SEINE,2018-01-29 10:00:00+00:00,48.77589800004221,2.37578800006495,,32.75,27.5,7.73,4.23,0.0
4084,VITRY-SUR-SEINE,2018-01-29 11:00:00+00:00,48.77589800004221,2.37578800006495,,25.25,35.75,6.0,,0.75
4084,VITRY-SUR-SEINE,2018-01-29 12:00:00+00:00,48.77589800004221,2.37578800006495,,21.75,,8.6,,1.0
4084,VITRY-SUR-SEINE,2018-01-29 13:00:00+00:00,48.77589800004221,2.37578800006495,,18.0,,5.1,5.23,1.0
4084,VITRY-SUR-SEINE,2018-01-29 14:00:00+00:00,48.77589800004221,2.37578800006495,,18.75,50.75,11.1,4.03,1.0
4084,VITRY-SUR-SEINE,2018-01-29 15:00:00+00:00,48.77589800004221,2.37578800006495,,23.5,46.75,8.6,4.1,1.0
4084,VITRY-SUR-SEINE,2018-01-29 16:00:00+00:00,48.77589800004221,2.37578800006495,,32.0,36.0,11.48,5.78,1.25
4084,VITRY-SUR-SEINE,2018-01-29 17:00:00+00:00,48.77589800004221,2.37578800006495,,38.0,32.5,12.5,8.68,1.0
4084,VITRY-SUR-SEINE,2018-01-29 18:00:00+00:00,48.77589800004221,2.37578800006495,,38.5,32.5,14.8,7.73,1.0
4084,VITRY-SUR-SEINE,2018-01-29 19:00:00+00:00,48.77589800004221,2.37578800006495,,31.5,40.25,9.73,10.08,1.0
4084,VITRY-SUR-SEINE,2018-01-29 20:00:00+00:00,48.77589800004221,2.37578800006495,,28.0,40.75,10.1,7.15,1.0
4084,VITRY-SUR-SEINE,2018-01-29 21:00:00+00:00,48.77589800004221,2.37578800006495,,21.0,49.25,,,1.0
4084,VITRY-SUR-SEINE,2018-01-30 05:00:00+00:00,48.77589800004221,2.37578800006495,,,,7.2,6.9,
4084,VITRY-SUR-SEINE,2018-01-30 06:00:00+00:00,48.77589800004221,2.37578800006495,,47.25,17.75,,,1.0
4084,VITRY-SUR-SEINE,2018-01-30 07:00:00+00:00,48.77589800004221,2.37578800006495,,,,10.2,7.3,
4084,VITRY-SUR-SEINE,2018-01-30 08:00:00+00:00,48.77589800004221,2.37578800006495,,62.75,1.25,11.4,9.58,1.0
4084,VITRY-SUR-SEINE,2018-01-30 09:00:00+00:00,48.77589800004221,2.37578800006495,,58.0,2.5,19.08,9.4,1.0
4084,VITRY-SUR-SEINE,2018-01-30 10:00:00+00:00,48.77589800004221,2.37578800006495,,54.75,5.5,20.4,9.6,1.5
4084,VITRY-SUR-SEINE,2018-01-30 11:00:00+00:00,48.77589800004221,2.37578800006495,,49.25,12.0,15.73,9.2,1.0
4084,VITRY-SUR-SEINE,2018-01-30 12:00:00+00:00,48.77589800004221,2.37578800006495,,33.75,24.75,12.8,6.93,1.0
4084,VITRY-SUR-SEINE,2018-01-30 13:00:00+00:00,48.77589800004221,2.37578800006495,,32.5,25.5,9.03,5.63,0.25
4084,VITRY-SUR-SEINE,2018-01-30 14:00:00+00:00,48.77589800004221,2.37578800006495,,39.5,20.0,9.0,4.63,1.0
4084,VITRY-SUR-SEINE,2018-01-30 15:00:00+00:00,48.77589800004221,2.37578800006495,,38.25,25.75,7.23,8.28,1.0
4084,VITRY-SUR-SEINE,2018-01-30 16:00:00+00:00,48.77589800004221,2.37578800006495,,38.75,23.75,11.1,6.6,1.5
4084,VITRY-SUR-SEINE,2018-01-30 17:00:00+00:00,48.77589800004221,2.37578800006495,,41.5,25.0,8.33,5.13,1.0
4084,VITRY-SUR-SEINE,2018-01-30 18:00:00+00:00,48.77589800004221,2.37578800006495,,49.75,16.0,13.78,5.0,1.25
4084,VITRY-SUR-SEINE,2018-01-30 19:00:00+00:00,48.77589800004221,2.37578800006495,,42.25,21.0,8.33,9.88,1.0
4084,VITRY-SUR-SEINE,2018-01-30 20:00:00+00:00,48.77589800004221,2.37578800006495,,37.0,23.5,6.0,9.6,1.0
4084,VITRY-SUR-SEINE,2018-01-30 21:00:00+00:00,48.77589800004221,2.37578800006495,,29.75,33.75,7.1,6.55,1.0
4084,VITRY-SUR-SEINE,2018-01-30 22:00:00+00:00,48.77589800004221,2.37578800006495,,27.0,36.75,9.7,4.43,1.0
4084,VITRY-SUR-SEINE,2018-01-30 23:00:00+00:00,48.77589800004221,2.37578800006495,,22.25,39.0,8.5,5.78,1.0
4084,VITRY-SUR-SEINE,2018-01-31 00:00:00+00:00,48.77589800004221,2.37578800006495,,17.25,43.25,8.7,9.75,1.25
4084,VITRY-SUR-SEINE,2018-01-31 01:00:00+00:00,48.77589800004221,2.37578800006495,,11.25,48.25,11.4,6.23,0.0
4084,VITRY-SUR-SEINE,2018-01-31 02:00:00+00:00,48.77589800004221,2.37578800006495,,11.0,50.25,7.03,3.03,0.0
4084,VITRY-SUR-SEINE,2018-01-31 03:00:00+00:00,48.77589800004221,2.37578800006495,,11.25,51.25,8.6,6.38,0.5
4084,VITRY-SUR-SEINE,2018-01-31 04:00:00+00:00,48.77589800004221,2.37578800006495,,13.0,47.25,8.4,6.9,0.5
4084,VITRY-SUR-SEINE,2018-01-31 05:00:00+00:00,48.77589800004221,2.37578800006495,,18.25,45.0,9.7,5.03,0.25
4084,VITRY-SUR-SEINE,2018-01-31 06:00:00+00:00,48.77589800004221,2.37578800006495,,22.75,43.25,9.4,8.58,0.5
4084,VITRY-SUR-SEINE,2018-01-31 07:00:00+00:00,48.77589800004221,2.37578800006495,,26.0,40.25,5.73,5.15,0.25
4084,VITRY-SUR-SEINE,2018-01-31 08:00:00+00:00,48.77589800004221,2.37578800006495,,23.25,44.5,3.23,2.23,0.0
4084,VITRY-SUR-SEINE,2018-01-31 09:00:00+00:00,48.77589800004221,2.37578800006495,,23.5,45.0,4.7,2.8,0.25
4084,VITRY-SUR-SEINE,2018-01-31 10:00:00+00:00,48.77589800004221,2.37578800006495,,23.25,44.25,5.6,3.8,0.0
4084,VITRY-SUR-SEINE,2018-01-31 11:00:00+00:00,48.77589800004221,2.37578800006495,,23.25,41.25,3.5,2.23,0.0
4084,VITRY-SUR-SEINE,2018-01-31 12:00:00+00:00,48.77589800004221,2.37578800006495,,20.25,44.0,2.73,3.2,0.25
4084,VITRY-SUR-SEINE,2018-01-31 13:00:00+00:00,48.77589800004221,2.37578800006495,,20.5,43.0,5.9,4.4,0.0
4084,VITRY-SUR-SEINE,2018-01-31 14:00:00+00:00,48.77589800004221,2.37578800006495,,27.5,37.25,6.4,4.1,0.0
4084,VITRY-SUR-SEINE,2018-01-31 15:00:00+00:00,48.77589800004221,2.37578800006495,,26.75,47.5,6.5,2.8,0.0
4084,VITRY-SUR-SEINE,2018-01-31 16:00:00+00:00,48.77589800004221,2.37578800006495,,24.5,60.75,6.0,1.33,0.25
4084,VITRY-SUR-SEINE,2018-01-31 17:00:00+00:00,48.77589800004221,2.37578800006495,,26.75,63.25,5.9,,0.25
4084,VITRY-SUR-SEINE,2018-01-31 18:00:00+00:00,48.77589800004221,2.37578800006495,,,40.0,14.88,,0.25
4084,VITRY-SUR-SEINE,2018-01-31 19:00:00+00:00,48.77589800004221,2.37578800006495,,,45.0,,,0.5
4084,VITRY-SUR-SEINE,2018-01-31 21:00:00+00:00,48.77589800004221,2.37578800006495,,,,4.55,9.43,
4084,VITRY-SUR-SEINE,2018-01-31 22:00:00+00:00,48.77589800004221,2.37578800006495,,15.5,70.0,6.1,5.45,0.0
4084,VITRY-SUR-SEINE,2018-01-31 23:00:00+00:00,48.77589800004221,2.37578800006495,,14.5,69.5,6.4,3.53,0.0
4084,VITRY-SUR-SEINE,2018-02-01 00:00:00+00:00,48.77589800004221,2.37578800006495,,13.25,68.0,5.5,4.88,0.0
4084,VITRY-SUR-SEINE,2018-02-01 01:00:00+00:00,48.77589800004221,2.37578800006495,,12.5,66.25,7.68,4.5,0.33
4084,VITRY-SUR-SEINE,2018-02-01 02:00:00+00:00,48.77589800004221,2.37578800006495,,12.0,62.0,9.5,4.2,0.75
4084,VITRY-SUR-SEINE,2018-02-01 03:00:00+00:00,48.77589800004221,2.37578800006495,,32.75,40.0,15.6,5.28,0.75
4084,VITRY-SUR-SEINE,2018-02-01 04:00:00+00:00,48.77589800004221,2.37578800006495,,37.25,33.75,13.7,5.1,0.75
4084,VITRY-SUR-SEINE,2018-02-01 05:00:00+00:00,48.77589800004221,2.37578800006495,,43.75,28.0,10.53,4.6,0.75
4084,VITRY-SUR-SEINE,2018-02-01 06:00:00+00:00,48.77589800004221,2.37578800006495,,62.0,11.75,12.88,6.18,0.5
4084,VITRY-SUR-SEINE,2018-02-01 07:00:00+00:00,48.77589800004221,2.37578800006495,,67.75,6.25,19.68,7.58,0.0
4084,VITRY-SUR-SEINE,2018-02-01 08:00:00+00:00,48.77589800004221,2.37578800006495,,59.25,13.25,16.8,7.8,0.0
4084,VITRY-SUR-SEINE,2018-02-01 09:00:00+00:00,48.77589800004221,2.37578800006495,,53.25,17.25,11.8,8.98,0.0
4084,VITRY-SUR-SEINE,2018-02-01 10:00:00+00:00,48.77589800004221,2.37578800006495,,34.5,34.75,12.5,7.9,0.0
4084,VITRY-SUR-SEINE,2018-02-01 11:00:00+00:00,48.77589800004221,2.37578800006495,,25.5,45.0,,,0.0
4084,VITRY-SUR-SEINE,2018-02-01 13:00:00+00:00,48.77589800004221,2.37578800006495,,,,14.3,7.13,
4084,VITRY-SUR-SEINE,2018-02-01 14:00:00+00:00,48.77589800004221,2.37578800006495,,20.25,58.0,19.3,6.7,0.0
4084,VITRY-SUR-SEINE,2018-02-01 15:00:00+00:00,48.77589800004221,2.37578800006495,,21.0,57.75,13.9,5.9,0.0
4084,VITRY-SUR-SEINE,2018-02-01 16:00:00+00:00,48.77589800004221,2.37578800006495,,23.75,54.25,15.9,9.25,0.0
4084,VITRY-SUR-SEINE,2018-02-01 17:00:00+00:00,48.77589800004221,2.37578800006495,,35.5,42.25,15.8,12.78,0.0
4084,VITRY-SUR-SEINE,2018-02-01 18:00:00+00:00,48.77589800004221,2.37578800006495,,64.5,14.5,22.9,12.9,0.0
4084,VITRY-SUR-SEINE,2018-02-01 19:00:00+00:00,48.77589800004221,2.37578800006495,,68.0,11.5,21.6,12.43,0.0
4084,VITRY-SUR-SEINE,2018-02-01 20:00:00+00:00,48.77589800004221,2.37578800006495,,50.0,24.5,14.73,8.85,0.0
4084,VITRY-SUR-SEINE,2018-02-01 21:00:00+00:00,48.77589800004221,2.37578800006495,,67.75,6.75,20.08,13.95,0.0
4084,VITRY-SUR-SEINE,2018-02-01 22:00:00+00:00,48.77589800004221,2.37578800006495,,53.75,17.25,19.6,13.03,0.0
4084,VITRY-SUR-SEINE,2018-02-01 23:00:00+00:00,48.77589800004221,2.37578800006495,,36.25,28.75,17.2,12.8,0.0
4084,VITRY-SUR-SEINE,2018-02-02 00:00:00+00:00,48.77589800004221,2.37578800006495,,29.5,30.5,16.5,12.43,0.0
4084,VITRY-SUR-SEINE,2018-02-02 01:00:00+00:00,48.77589800004221,2.37578800006495,,20.0,38.75,17.98,11.63,1.0
4084,VITRY-SUR-SEINE,2018-02-02 02:00:00+00:00,48.77589800004221,2.37578800006495,,16.5,40.5,13.83,8.13,1.0
4084,VITRY-SUR-SEINE,2018-02-02 03:00:00+00:00,48.77589800004221,2.37578800006495,,26.25,32.75,13.6,10.28,1.25
4084,VITRY-SUR-SEINE,2018-02-02 04:00:00+00:00,48.77589800004221,2.37578800006495,,27.0,30.0,13.5,7.63,1.25
4084,VITRY-SUR-SEINE,2018-02-02 05:00:00+00:00,48.77589800004221,2.37578800006495,,33.75,21.75,10.6,8.0,1.0
4084,VITRY-SUR-SEINE,2018-02-02 06:00:00+00:00,48.77589800004221,2.37578800006495,,63.25,0.5,14.5,11.55,1.0
4084,VITRY-SUR-SEINE,2018-02-02 07:00:00+00:00,48.77589800004221,2.37578800006495,,50.5,9.25,20.48,10.33,1.0
4084,VITRY-SUR-SEINE,2018-02-02 08:00:00+00:00,48.77589800004221,2.37578800006495,,60.25,2.5,18.0,8.53,1.0
4084,VITRY-SUR-SEINE,2018-02-02 09:00:00+00:00,48.77589800004221,2.37578800006495,,48.0,14.5,,,1.5
4084,VITRY-SUR-SEINE,2018-02-02 11:00:00+00:00,48.77589800004221,2.37578800006495,,,,18.83,11.83,
4084,VITRY-SUR-SEINE,2018-02-02 12:00:00+00:00,48.77589800004221,2.37578800006495,,19.0,47.75,16.5,8.53,2.0
4084,VITRY-SUR-SEINE,2018-02-02 13:00:00+00:00,48.77589800004221,2.37578800006495,,20.25,46.25,11.23,11.08,2.0
4084,VITRY-SUR-SEINE,2018-02-02 14:00:00+00:00,48.77589800004221,2.37578800006495,,24.25,43.25,14.28,7.83,1.0
4084,VITRY-SUR-SEINE,2018-02-02 15:00:00+00:00,48.77589800004221,2.37578800006495,,22.75,44.25,10.53,6.6,1.0
4084,VITRY-SUR-SEINE,2018-02-02 16:00:00+00:00,48.77589800004221,2.37578800006495,,24.25,41.25,10.5,3.73,1.0
4084,VITRY-SUR-SEINE,2018-02-02 17:00:00+00:00,48.77589800004221,2.37578800006495,,27.75,35.0,11.2,7.95,1.0
4084,VITRY-SUR-SEINE,2018-02-02 18:00:00+00:00,48.77589800004221,2.37578800006495,,42.0,21.5,14.9,12.55,1.0
4084,VITRY-SUR-SEINE,2018-02-02 19:00:00+00:00,48.77589800004221,2.37578800006495,,43.75,19.25,13.53,10.83,1.0
4084,VITRY-SUR-SEINE,2018-02-02 20:00:00+00:00,48.77589800004221,2.37578800006495,,46.75,14.5,14.9,11.5,0.75
4084,VITRY-SUR-SEINE,2018-02-02 21:00:00+00:00,48.77589800004221,2.37578800006495,,46.5,13.75,15.4,11.0,1.0
4084,VITRY-SUR-SEINE,2018-02-02 22:00:00+00:00,48.77589800004221,2.37578800006495,,41.5,17.75,20.98,11.28,0.75
4084,VITRY-SUR-SEINE,2018-02-02 23:00:00+00:00,48.77589800004221,2.37578800006495,,38.5,19.25,18.13,11.6,1.0
4084,VITRY-SUR-SEINE,2018-02-03 00:00:00+00:00,48.77589800004221,2.37578800006495,,36.25,20.75,18.4,15.75,0.5
4084,VITRY-SUR-SEINE,2018-02-03 01:00:00+00:00,48.77589800004221,2.37578800006495,,39.0,14.5,17.8,11.55,1.0
4084,VITRY-SUR-SEINE,2018-02-03 02:00:00+00:00,48.77589800004221,2.37578800006495,,41.5,15.0,9.63,11.4,1.0
4084,VITRY-SUR-SEINE,2018-02-03 03:00:00+00:00,48.77589800004221,2.37578800006495,,33.0,24.33,11.4,10.4,1.0
4084,VITRY-SUR-SEINE,2018-02-03 04:00:00+00:00,48.77589800004221,2.37578800006495,,18.5,39.5,9.03,6.65,1.0
4084,VITRY-SUR-SEINE,2018-02-03 05:00:00+00:00,48.77589800004221,2.37578800006495,,40.5,6.75,15.88,11.25,1.0
4084,VITRY-SUR-SEINE,2018-02-03 06:00:00+00:00,48.77589800004221,2.37578800006495,,55.5,0.0,15.1,17.7,1.25
4084,VITRY-SUR-SEINE,2018-02-03 07:00:00+00:00,48.77589800004221,2.37578800006495,,48.0,0.25,19.9,12.38,0.0
4084,VITRY-SUR-SEINE,2018-02-03 08:00:00+00:00,48.77589800004221,2.37578800006495,,52.75,0.0,23.68,15.08,1.5
4084,VITRY-SUR-SEINE,2018-02-03 09:00:00+00:00,48.77589800004221,2.37578800006495,,53.0,1.75,26.08,21.63,1.75
4084,VITRY-SUR-SEINE,2018-02-03 10:00:00+00:00,48.77589800004221,2.37578800006495,,47.0,3.0,23.3,16.58,2.0
4084,VITRY-SUR-SEINE,2018-02-03 11:00:00+00:00,48.77589800004221,2.37578800006495,,46.75,5.25,20.3,18.0,2.0
4084,VITRY-SUR-SEINE,2018-02-03 12:00:00+00:00,48.77589800004221,2.37578800006495,,38.0,10.0,21.7,16.5,1.0
4084,VITRY-SUR-SEINE,2018-02-03 13:00:00+00:00,48.77589800004221,2.37578800006495,,27.0,25.0,,,1.25
4084,VITRY-SUR-SEINE,2018-02-03 15:00:00+00:00,48.77589800004221,2.37578800006495,,,,10.33,11.1,
4084,VITRY-SUR-SEINE,2018-02-03 16:00:00+00:00,48.77589800004221,2.37578800006495,,28.75,30.75,13.9,15.53,1.0
4084,VITRY-SUR-SEINE,2018-02-03 17:00:00+00:00,48.77589800004221,2.37578800006495,,34.5,26.5,14.4,,1.5
4084,VITRY-SUR-SEINE,2018-02-03 18:00:00+00:00,48.77589800004221,2.37578800006495,,47.5,,11.7,,1.75
4084,VITRY-SUR-SEINE,2018-02-03 19:00:00+00:00,48.77589800004221,2.37578800006495,,50.0,,,,1.0
4084,VITRY-SUR-SEINE,2018-02-05 07:00:00+00:00,48.77589800004221,2.37578800006495,,,,,20.25,
4084,VITRY-SUR-SEINE,2018-02-05 08:00:00+00:00,48.77589800004221,2.37578800006495,,,,,20.6,
4084,VITRY-SUR-SEINE,2018-02-05 09:00:00+00:00,48.77589800004221,2.37578800006495,,,,25.8,23.25,
4084,VITRY-SUR-SEINE,2018-02-05 10:00:00+00:00,48.77589800004221,2.37578800006495,,41.25,4.0,24.83,25.95,0.75
4084,VITRY-SUR-SEINE,2018-02-05 11:00:00+00:00,48.77589800004221,2.37578800006495,,39.5,6.25,,25.9,0.5
4084,VITRY-SUR-SEINE,2018-02-05 12:00:00+00:00,48.77589800004221,2.37578800006495,,,8.0,,24.33,
4084,VITRY-SUR-SEINE,2018-02-05 13:00:00+00:00,48.77589800004221,2.37578800006495,,,7.0,,,
4084,VITRY-SUR-SEINE,2018-02-05 15:00:00+00:00,48.77589800004221,2.37578800006495,,,,20.2,20.1,
4084,VITRY-SUR-SEINE,2018-02-05 16:00:00+00:00,48.77589800004221,2.37578800006495,,41.0,12.0,20.4,18.03,1.0
4084,VITRY-SUR-SEINE,2018-02-05 17:00:00+00:00,48.77589800004221,2.37578800006495,,37.25,15.0,,,0.5
4084,VITRY-SUR-SEINE,2018-02-05 21:00:00+00:00,48.77589800004221,2.37578800006495,,,,23.33,25.03,
4084,VITRY-SUR-SEINE,2018-02-05 22:00:00+00:00,48.77589800004221,2.37578800006495,,37.0,10.5,32.08,37.03,0.0
4084,VITRY-SUR-SEINE,2018-02-05 23:00:00+00:00,48.77589800004221,2.37578800006495,,28.5,17.25,22.33,24.88,0.0
4084,VITRY-SUR-SEINE,2018-02-06 00:00:00+00:00,48.77589800004221,2.37578800006495,,24.25,19.75,21.9,24.8,0.0
4084,VITRY-SUR-SEINE,2018-02-06 01:00:00+00:00,48.77589800004221,2.37578800006495,,25.5,17.75,22.5,26.58,1.67
4084,VITRY-SUR-SEINE,2018-02-06 02:00:00+00:00,48.77589800004221,2.37578800006495,,23.0,20.5,21.4,22.85,1.75
4084,VITRY-SUR-SEINE,2018-02-06 03:00:00+00:00,48.77589800004221,2.37578800006495,,19.5,23.0,22.88,17.48,1.75
4084,VITRY-SUR-SEINE,2018-02-06 04:00:00+00:00,48.77589800004221,2.37578800006495,,22.75,20.75,18.83,20.75,1.0
4084,VITRY-SUR-SEINE,2018-02-06 05:00:00+00:00,48.77589800004221,2.37578800006495,,28.75,15.0,15.4,16.78,1.5
4084,VITRY-SUR-SEINE,2018-02-06 06:00:00+00:00,48.77589800004221,2.37578800006495,,40.25,5.25,,,1.75
4084,VITRY-SUR-SEINE,2018-02-06 07:00:00+00:00,48.77589800004221,2.37578800006495,,,,18.8,16.33,
4084,VITRY-SUR-SEINE,2018-02-06 08:00:00+00:00,48.77589800004221,2.37578800006495,,50.0,0.5,16.3,19.15,1.5
4084,VITRY-SUR-SEINE,2018-02-06 09:00:00+00:00,48.77589800004221,2.37578800006495,,48.25,1.5,20.58,20.2,1.0
4084,VITRY-SUR-SEINE,2018-02-06 10:00:00+00:00,48.77589800004221,2.37578800006495,,46.25,3.75,25.8,18.53,1.75
4084,VITRY-SUR-SEINE,2018-02-06 11:00:00+00:00,48.77589800004221,2.37578800006495,,40.5,6.0,25.9,25.7,2.0
4084,VITRY-SUR-SEINE,2018-02-06 12:00:00+00:00,48.77589800004221,2.37578800006495,,37.0,6.5,27.3,26.5,1.75
4084,VITRY-SUR-SEINE,2018-02-06 13:00:00+00:00,48.77589800004221,2.37578800006495,,37.75,7.5,28.1,25.9,2.0
4084,VITRY-SUR-SEINE,2018-02-06 14:00:00+00:00,48.77589800004221,2.37578800006495,,41.0,6.75,26.3,23.35,2.25
4084,VITRY-SUR-SEINE,2018-02-06 15:00:00+00:00,48.77589800004221,2.37578800006495,,45.5,5.75,25.6,26.65,1.75
4084,VITRY-SUR-SEINE,2018-02-06 16:00:00+00:00,48.77589800004221,2.37578800006495,,48.75,4.0,27.6,31.55,1.5
4084,VITRY-SUR-SEINE,2018-02-06 17:00:00+00:00,48.77589800004221,2.37578800006495,,52.25,1.25,33.6,36.43,1.5
4084,VITRY-SUR-SEINE,2018-02-06 18:00:00+00:00,48.77589800004221,2.37578800006495,,53.75,0.5,36.48,34.13,1.0
4084,VITRY-SUR-SEINE,2018-02-06 19:00:00+00:00,48.77589800004221,2.37578800006495,,50.5,1.5,38.4,33.6,1.75
4084,VITRY-SUR-SEINE,2018-02-06 20:00:00+00:00,48.77589800004221,2.37578800006495,,51.5,1.0,35.4,33.1,1.5
4084,VITRY-SUR-SEINE,2018-02-06 21:00:00+00:00,48.77589800004221,2.37578800006495,,52.0,1.0,38.88,36.25,1.5
4084,VITRY-SUR-SEINE,2018-02-06 22:00:00+00:00,48.77589800004221,2.37578800006495,,52.0,0.25,30.23,35.33,1.75
4084,VITRY-SUR-SEINE,2018-02-06 23:00:00+00:00,48.77589800004221,2.37578800006495,,53.75,0.0,35.28,35.7,2.0
4084,VITRY-SUR-SEINE,2018-02-07 00:00:00+00:00,48.77589800004221,2.37578800006495,,54.0,0.0,38.6,34.7,1.5
4084,VITRY-SUR-SEINE,2018-02-07 01:00:00+00:00,48.77589800004221,2.37578800006495,,54.0,0.0,35.5,36.08,3.33
4084,VITRY-SUR-SEINE,2018-02-07 02:00:00+00:00,48.77589800004221,2.37578800006495,,53.25,0.0,34.2,37.98,2.75
4084,VITRY-SUR-SEINE,2018-02-07 03:00:00+00:00,48.77589800004221,2.37578800006495,,50.25,0.0,37.0,37.4,2.25
4084,VITRY-SUR-SEINE,2018-02-07 04:00:00+00:00,48.77589800004221,2.37578800006495,,46.5,0.0,37.38,39.85,2.5
4084,VITRY-SUR-SEINE,2018-02-07 05:00:00+00:00,48.77589800004221,2.37578800006495,,43.0,2.0,,,3.0
4084,VITRY-SUR-SEINE,2018-02-07 06:00:00+00:00,48.77589800004221,2.37578800006495,,,,33.8,33.8,
4084,VITRY-SUR-SEINE,2018-02-07 07:00:00+00:00,48.77589800004221,2.37578800006495,,43.25,3.25,34.9,37.65,4.5
4084,VITRY-SUR-SEINE,2018-02-07 08:00:00+00:00,48.77589800004221,2.37578800006495,,40.0,6.75,37.18,38.2,5.0
4084,VITRY-SUR-SEINE,2018-02-07 09:00:00+00:00,48.77589800004221,2.37578800006495,,35.5,10.75,37.3,40.08,4.5
4084,VITRY-SUR-SEINE,2018-02-07 10:00:00+00:00,48.77589800004221,2.37578800006495,,33.25,16.25,37.3,43.95,5.0
4084,VITRY-SUR-SEINE,2018-02-07 11:00:00+00:00,48.77589800004221,2.37578800006495,,32.75,20.5,40.2,42.63,5.0
4084,VITRY-SUR-SEINE,2018-02-07 12:00:00+00:00,48.77589800004221,2.37578800006495,,33.75,20.5,40.3,41.43,5.0
4084,VITRY-SUR-SEINE,2018-02-07 13:00:00+00:00,48.77589800004221,2.37578800006495,,33.25,23.25,40.6,40.13,4.75
4084,VITRY-SUR-SEINE,2018-02-07 14:00:00+00:00,48.77589800004221,2.37578800006495,,32.25,27.0,40.88,41.1,4.0
4084,VITRY-SUR-SEINE,2018-02-07 15:00:00+00:00,48.77589800004221,2.37578800006495,,32.25,30.0,46.28,38.65,3.75
4084,VITRY-SUR-SEINE,2018-02-07 16:00:00+00:00,48.77589800004221,2.37578800006495,,33.0,30.75,36.13,32.2,4.0
4084,VITRY-SUR-SEINE,2018-02-07 17:00:00+00:00,48.77589800004221,2.37578800006495,,48.0,20.5,,,4.0
4084,VITRY-SUR-SEINE,2018-02-07 19:00:00+00:00,48.77589800004221,2.37578800006495,,,,37.5,36.2,
4084,VITRY-SUR-SEINE,2018-02-07 20:00:00+00:00,48.77589800004221,2.37578800006495,,52.75,17.5,34.7,29.48,3.0
4084,VITRY-SUR-SEINE,2018-02-07 21:00:00+00:00,48.77589800004221,2.37578800006495,,49.25,22.75,31.3,28.83,2.5
4084,VITRY-SUR-SEINE,2018-02-07 22:00:00+00:00,48.77589800004221,2.37578800006495,,44.0,26.75,26.3,22.48,2.0
4084,VITRY-SUR-SEINE,2018-02-07 23:00:00+00:00,48.77589800004221,2.37578800006495,,45.0,22.75,28.4,22.4,2.0
4084,VITRY-SUR-SEINE,2018-02-08 00:00:00+00:00,48.77589800004221,2.37578800006495,,44.5,20.25,22.43,22.78,1.75
4084,VITRY-SUR-SEINE,2018-02-08 01:00:00+00:00,48.77589800004221,2.37578800006495,,49.25,14.5,36.45,29.0,4.33
4084,VITRY-SUR-SEINE,2018-02-08 02:00:00+00:00,48.77589800004221,2.37578800006495,,53.0,10.0,32.3,29.2,4.75
4084,VITRY-SUR-SEINE,2018-02-08 03:00:00+00:00,48.77589800004221,2.37578800006495,,55.75,6.25,31.1,28.03,4.0
4084,VITRY-SUR-SEINE,2018-02-08 04:00:00+00:00,48.77589800004221,2.37578800006495,,60.25,1.5,34.58,31.83,4.0
4084,VITRY-SUR-SEINE,2018-02-08 05:00:00+00:00,48.77589800004221,2.37578800006495,,62.25,0.25,34.4,30.9,3.25
4084,VITRY-SUR-SEINE,2018-02-08 06:00:00+00:00,48.77589800004221,2.37578800006495,,60.25,0.0,35.7,34.55,3.0
4084,VITRY-SUR-SEINE,2018-02-08 07:00:00+00:00,48.77589800004221,2.37578800006495,,75.25,0.5,37.6,39.95,3.25
4084,VITRY-SUR-SEINE,2018-02-08 08:00:00+00:00,48.77589800004221,2.37578800006495,,83.75,1.25,42.8,41.88,4.25
4084,VITRY-SUR-SEINE,2018-02-08 09:00:00+00:00,48.77589800004221,2.37578800006495,,75.75,4.0,48.98,45.85,5.75
4084,VITRY-SUR-SEINE,2018-02-08 10:00:00+00:00,48.77589800004221,2.37578800006495,,65.75,10.5,52.6,48.95,6.5
4084,VITRY-SUR-SEINE,2018-02-08 11:00:00+00:00,48.77589800004221,2.37578800006495,,60.75,15.25,59.48,51.48,6.75
4084,VITRY-SUR-SEINE,2018-02-08 12:00:00+00:00,48.77589800004221,2.37578800006495,,67.25,19.75,51.93,49.23,6.75
4084,VITRY-SUR-SEINE,2018-02-08 13:00:00+00:00,48.77589800004221,2.37578800006495,,87.75,16.25,73.23,64.5,7.0
4084,VITRY-SUR-SEINE,2018-02-08 14:00:00+00:00,48.77589800004221,2.37578800006495,,87.5,15.5,60.25,58.4,6.75
4084,VITRY-SUR-SEINE,2018-02-08 15:00:00+00:00,48.77589800004221,2.37578800006495,,88.25,14.0,48.33,45.23,6.0
4084,VITRY-SUR-SEINE,2018-02-08 16:00:00+00:00,48.77589800004221,2.37578800006495,,87.5,11.75,49.0,47.08,5.75
4084,VITRY-SUR-SEINE,2018-02-08 17:00:00+00:00,48.77589800004221,2.37578800006495,,102.0,4.25,,,6.25
4084,VITRY-SUR-SEINE,2018-02-08 22:00:00+00:00,48.77589800004221,2.37578800006495,,,,56.1,54.35,
4084,VITRY-SUR-SEINE,2018-02-08 23:00:00+00:00,48.77589800004221,2.37578800006495,,75.75,6.0,53.2,54.6,4.75
4084,VITRY-SUR-SEINE,2018-02-09 00:00:00+00:00,48.77589800004221,2.37578800006495,,69.75,6.25,56.0,60.78,5.25
4084,VITRY-SUR-SEINE,2018-02-09 01:00:00+00:00,48.77589800004221,2.37578800006495,,62.25,6.0,61.9,61.2,3.33
4084,VITRY-SUR-SEINE,2018-02-09 02:00:00+00:00,48.77589800004221,2.37578800006495,,56.75,6.5,65.2,63.55,3.0
4084,VITRY-SUR-SEINE,2018-02-09 03:00:00+00:00,48.77589800004221,2.37578800006495,,59.5,3.25,67.9,66.85,2.75
4084,VITRY-SUR-SEINE,2018-02-09 04:00:00+00:00,48.77589800004221,2.37578800006495,,51.75,3.75,57.6,56.55,1.75
4084,VITRY-SUR-SEINE,2018-02-09 05:00:00+00:00,48.77589800004221,2.37578800006495,,49.5,2.25,49.3,48.3,1.0
4084,VITRY-SUR-SEINE,2018-02-09 06:00:00+00:00,48.77589800004221,2.37578800006495,,49.75,2.75,44.7,41.7,1.0
4084,VITRY-SUR-SEINE,2018-02-09 07:00:00+00:00,48.77589800004221,2.37578800006495,,48.0,3.75,,,0.5
4084,VITRY-SUR-SEINE,2018-02-09 09:00:00+00:00,48.77589800004221,2.37578800006495,,,,41.7,40.15,
4084,VITRY-SUR-SEINE,2018-02-09 10:00:00+00:00,48.77589800004221,2.37578800006495,,34.5,22.5,42.4,36.65,0.75
4084,VITRY-SUR-SEINE,2018-02-09 11:00:00+00:00,48.77589800004221,2.37578800006495,,36.25,24.5,34.0,32.95,0.25
4084,VITRY-SUR-SEINE,2018-02-09 12:00:00+00:00,48.77589800004221,2.37578800006495,,38.5,,31.7,38.03,0.75
4084,VITRY-SUR-SEINE,2018-02-09 13:00:00+00:00,48.77589800004221,2.37578800006495,,35.25,,32.3,32.88,0.25
4084,VITRY-SUR-SEINE,2018-02-09 14:00:00+00:00,48.77589800004221,2.37578800006495,,34.25,30.0,30.4,30.25,0.75
4084,VITRY-SUR-SEINE,2018-02-09 15:00:00+00:00,48.77589800004221,2.37578800006495,,38.5,28.75,,,1.0
4084,VITRY-SUR-SEINE,2018-02-09 17:00:00+00:00,48.77589800004221,2.37578800006495,,,,32.0,25.88,
4084,VITRY-SUR-SEINE,2018-02-09 18:00:00+00:00,48.77589800004221,2.37578800006495,,74.25,5.5,30.0,28.65,1.0
4084,VITRY-SUR-SEINE,2018-02-09 19:00:00+00:00,48.77589800004221,2.37578800006495,,65.0,14.75,24.8,22.55,1.0
4084,VITRY-SUR-SEINE,2018-02-09 20:00:00+00:00,48.77589800004221,2.37578800006495,,43.75,39.5,14.4,14.78,1.0
4084,VITRY-SUR-SEINE,2018-02-09 21:00:00+00:00,48.77589800004221,2.37578800006495,,44.25,38.0,20.4,10.25,1.0
4084,VITRY-SUR-SEINE,2018-02-09 22:00:00+00:00,48.77589800004221,2.37578800006495,,33.25,43.25,15.4,10.1,1.0
4084,VITRY-SUR-SEINE,2018-02-09 23:00:00+00:00,48.77589800004221,2.37578800006495,,35.25,39.75,12.9,12.78,1.0
4084,VITRY-SUR-SEINE,2018-02-10 00:00:00+00:00,48.77589800004221,2.37578800006495,,48.75,18.75,11.9,15.05,1.0
4084,VITRY-SUR-SEINE,2018-02-10 01:00:00+00:00,48.77589800004221,2.37578800006495,,64.25,4.25,18.7,18.25,1.67
4084,VITRY-SUR-SEINE,2018-02-10 02:00:00+00:00,48.77589800004221,2.37578800006495,,43.5,26.33,17.5,14.25,1.0
4084,VITRY-SUR-SEINE,2018-02-10 03:00:00+00:00,48.77589800004221,2.37578800006495,,44.75,29.0,18.0,12.13,1.5
4084,VITRY-SUR-SEINE,2018-02-10 04:00:00+00:00,48.77589800004221,2.37578800006495,,27.5,38.5,11.1,9.13,1.5
4084,VITRY-SUR-SEINE,2018-02-10 05:00:00+00:00,48.77589800004221,2.37578800006495,,49.0,18.5,13.7,9.68,2.0
4084,VITRY-SUR-SEINE,2018-02-10 06:00:00+00:00,48.77589800004221,2.37578800006495,,61.0,8.75,15.7,12.78,1.25
4084,VITRY-SUR-SEINE,2018-02-10 07:00:00+00:00,48.77589800004221,2.37578800006495,,66.5,4.25,14.6,10.15,1.25
4084,VITRY-SUR-SEINE,2018-02-10 08:00:00+00:00,48.77589800004221,2.37578800006495,,73.25,4.0,17.1,11.68,1.5
4084,VITRY-SUR-SEINE,2018-02-10 09:00:00+00:00,48.77589800004221,2.37578800006495,,66.0,11.75,19.6,16.33,1.75
4084,VITRY-SUR-SEINE,2018-02-10 10:00:00+00:00,48.77589800004221,2.37578800006495,,53.25,21.75,20.5,15.5,2.0
4084,VITRY-SUR-SEINE,2018-02-10 11:00:00+00:00,48.77589800004221,2.37578800006495,,42.5,31.25,,,2.0
4084,VITRY-SUR-SEINE,2018-02-10 13:00:00+00:00,48.77589800004221,2.37578800006495,,,,25.9,15.48,
4084,VITRY-SUR-SEINE,2018-02-10 14:00:00+00:00,48.77589800004221,2.37578800006495,,27.75,55.5,23.9,25.58,2.0
4084,VITRY-SUR-SEINE,2018-02-10 15:00:00+00:00,48.77589800004221,2.37578800006495,,18.75,69.75,,,1.5
4084,VITRY-SUR-SEINE,2018-02-10 19:00:00+00:00,48.77589800004221,2.37578800006495,,,,20.2,18.33,
4084,VITRY-SUR-SEINE,2018-02-10 20:00:00+00:00,48.77589800004221,2.37578800006495,,38.5,42.0,20.6,15.43,1.5
4084,VITRY-SUR-SEINE,2018-02-10 21:00:00+00:00,48.77589800004221,2.37578800006495,,29.0,47.5,19.1,12.25,1.25
4084,VITRY-SUR-SEINE,2018-02-10 22:00:00+00:00,48.77589800004221,2.37578800006495,,16.25,56.25,21.0,11.9,1.0
4084,VITRY-SUR-SEINE,2018-02-10 23:00:00+00:00,48.77589800004221,2.37578800006495,,12.0,58.25,10.3,8.25,1.5
4084,VITRY-SUR-SEINE,2018-02-11 00:00:00+00:00,48.77589800004221,2.37578800006495,,9.75,61.25,8.1,6.03,1.5
4084,VITRY-SUR-SEINE,2018-02-11 01:00:00+00:00,48.77589800004221,2.37578800006495,,8.0,61.5,8.3,8.18,0.0
4084,VITRY-SUR-SEINE,2018-02-11 02:00:00+00:00,48.77589800004221,2.37578800006495,,6.33,64.0,4.6,8.1,0.0
4084,VITRY-SUR-SEINE,2018-02-11 03:00:00+00:00,48.77589800004221,2.37578800006495,,8.67,61.75,3.5,5.23,0.0
4084,VITRY-SUR-SEINE,2018-02-11 04:00:00+00:00,48.77589800004221,2.37578800006495,,9.5,58.25,4.8,6.18,0.0
4084,VITRY-SUR-SEINE,2018-02-11 05:00:00+00:00,48.77589800004221,2.37578800006495,,11.5,56.25,5.4,4.73,0.0
4084,VITRY-SUR-SEINE,2018-02-11 06:00:00+00:00,48.77589800004221,2.37578800006495,,15.75,50.25,4.2,5.28,0.0
4084,VITRY-SUR-SEINE,2018-02-11 07:00:00+00:00,48.77589800004221,2.37578800006495,,26.25,40.0,7.0,4.6,0.25
4084,VITRY-SUR-SEINE,2018-02-11 08:00:00+00:00,48.77589800004221,2.37578800006495,,32.0,35.0,6.2,7.05,0.5
4084,VITRY-SUR-SEINE,2018-02-11 09:00:00+00:00,48.77589800004221,2.37578800006495,,29.25,43.5,6.8,9.18,0.5
4084,VITRY-SUR-SEINE,2018-02-11 10:00:00+00:00,48.77589800004221,2.37578800006495,,17.5,62.5,13.8,10.1,1.0
4084,VITRY-SUR-SEINE,2018-02-11 11:00:00+00:00,48.77589800004221,2.37578800006495,,12.0,73.0,,,1.0
4084,VITRY-SUR-SEINE,2018-02-11 19:00:00+00:00,48.77589800004221,2.37578800006495,,,,13.4,8.95,
4084,VITRY-SUR-SEINE,2018-02-11 20:00:00+00:00,48.77589800004221,2.37578800006495,,33.0,,12.0,13.93,0.75
4084,VITRY-SUR-SEINE,2018-02-11 21:00:00+00:00,48.77589800004221,2.37578800006495,,33.25,,14.7,11.43,1.0
4084,VITRY-SUR-SEINE,2018-02-11 22:00:00+00:00,48.77589800004221,2.37578800006495,,16.75,66.0,7.9,7.25,1.25
4084,VITRY-SUR-SEINE,2018-02-11 23:00:00+00:00,48.77589800004221,2.37578800006495,,13.5,69.5,6.3,7.03,1.0
4084,VITRY-SUR-SEINE,2018-02-12 00:00:00+00:00,48.77589800004221,2.37578800006495,,15.5,62.0,7.4,6.7,1.25
4084,VITRY-SUR-SEINE,2018-02-12 01:00:00+00:00,48.77589800004221,2.37578800006495,,14.75,60.5,4.8,7.1,0.67
4084,VITRY-SUR-SEINE,2018-02-12 02:00:00+00:00,48.77589800004221,2.37578800006495,,10.0,65.5,5.4,6.03,0.5
4084,VITRY-SUR-SEINE,2018-02-12 03:00:00+00:00,48.77589800004221,2.37578800006495,,10.0,64.75,14.3,9.45,0.25
4084,VITRY-SUR-SEINE,2018-02-12 04:00:00+00:00,48.77589800004221,2.37578800006495,,15.25,57.75,10.3,8.73,0.25
4084,VITRY-SUR-SEINE,2018-02-12 05:00:00+00:00,48.77589800004221,2.37578800006495,,27.75,46.75,,,0.75
4084,VITRY-SUR-SEINE,2018-02-12 06:00:00+00:00,48.77589800004221,2.37578800006495,,52.0,22.0,12.6,7.2,
4084,VITRY-SUR-SEINE,2018-02-12 07:00:00+00:00,48.77589800004221,2.37578800006495,,74.75,5.5,12.5,7.8,0.25
4084,VITRY-SUR-SEINE,2018-02-12 08:00:00+00:00,48.77589800004221,2.37578800006495,,77.5,5.25,20.7,6.83,0.75
4084,VITRY-SUR-SEINE,2018-02-12 09:00:00+00:00,48.77589800004221,2.37578800006495,,79.0,8.25,16.5,15.3,0.75
4084,VITRY-SUR-SEINE,2018-02-12 10:00:00+00:00,48.77589800004221,2.37578800006495,,56.0,22.5,,,0.33
4084,VITRY-SUR-SEINE,2018-02-12 11:00:00+00:00,48.77589800004221,2.37578800006495,,43.5,36.75,,,2.75
4084,VITRY-SUR-SEINE,2018-02-12 17:00:00+00:00,48.77589800004221,2.37578800006495,,,,11.5,6.83,
4084,VITRY-SUR-SEINE,2018-02-12 18:00:00+00:00,48.77589800004221,2.37578800006495,,71.25,12.0,15.2,10.15,1.75
4084,VITRY-SUR-SEINE,2018-02-12 19:00:00+00:00,48.77589800004221,2.37578800006495,,85.25,2.5,22.2,18.45,1.75
4084,VITRY-SUR-SEINE,2018-02-12 20:00:00+00:00,48.77589800004221,2.37578800006495,,85.5,2.75,26.8,20.75,1.5
4084,VITRY-SUR-SEINE,2018-02-12 21:00:00+00:00,48.77589800004221,2.37578800006495,,77.25,5.0,20.1,19.3,1.5
4084,VITRY-SUR-SEINE,2018-02-12 22:00:00+00:00,48.77589800004221,2.37578800006495,,73.75,4.75,23.8,15.55,1.5
4084,VITRY-SUR-SEINE,2018-02-12 23:00:00+00:00,48.77589800004221,2.37578800006495,,63.0,10.25,26.0,26.73,1.0
4084,VITRY-SUR-SEINE,2018-02-13 00:00:00+00:00,48.77589800004221,2.37578800006495,,53.0,14.25,18.3,18.73,1.0
4084,VITRY-SUR-SEINE,2018-02-13 01:00:00+00:00,48.77589800004221,2.37578800006495,,44.0,21.5,16.7,18.4,2.0
4084,VITRY-SUR-SEINE,2018-02-13 02:00:00+00:00,48.77589800004221,2.37578800006495,,34.5,27.75,21.1,14.15,2.0
4084,VITRY-SUR-SEINE,2018-02-13 03:00:00+00:00,48.77589800004221,2.37578800006495,,34.75,25.75,21.8,14.88,1.75
4084,VITRY-SUR-SEINE,2018-02-13 04:00:00+00:00,48.77589800004221,2.37578800006495,,33.75,25.75,14.7,15.3,2.0
4084,VITRY-SUR-SEINE,2018-02-13 05:00:00+00:00,48.77589800004221,2.37578800006495,,57.75,6.0,,,2.0
4084,VITRY-SUR-SEINE,2018-02-13 06:00:00+00:00,48.77589800004221,2.37578800006495,,,8.25,12.7,9.13,
4084,VITRY-SUR-SEINE,2018-02-13 07:00:00+00:00,48.77589800004221,2.37578800006495,,63.75,1.75,,,1.25
4084,VITRY-SUR-SEINE,2018-02-25 21:00:00+00:00,48.77589800004221,2.37578800006495,,,,25.2,19.35,
4084,VITRY-SUR-SEINE,2018-02-25 22:00:00+00:00,48.77589800004221,2.37578800006495,,23.0,48.0,23.9,17.55,0.0
4084,VITRY-SUR-SEINE,2018-02-25 23:00:00+00:00,48.77589800004221,2.37578800006495,,20.25,50.25,16.7,15.53,0.25
4084,VITRY-SUR-SEINE,2018-02-26 00:00:00+00:00,48.77589800004221,2.37578800006495,,19.5,51.0,16.7,17.08,0.0
4084,VITRY-SUR-SEINE,2018-02-26 01:00:00+00:00,48.77589800004221,2.37578800006495,,20.0,48.25,21.8,18.2,2.67
4084,VITRY-SUR-SEINE,2018-02-26 02:00:00+00:00,48.77589800004221,2.37578800006495,,24.75,38.75,17.98,15.35,2.75
4084,VITRY-SUR-SEINE,2018-02-26 03:00:00+00:00,48.77589800004221,2.37578800006495,,19.5,41.75,12.43,17.78,2.25
4084,VITRY-SUR-SEINE,2018-02-26 04:00:00+00:00,48.77589800004221,2.37578800006495,,18.0,42.5,18.4,14.25,2.0
4084,VITRY-SUR-SEINE,2018-02-26 05:00:00+00:00,48.77589800004221,2.37578800006495,,20.0,42.25,12.9,11.65,1.75
4084,VITRY-SUR-SEINE,2018-02-26 06:00:00+00:00,48.77589800004221,2.37578800006495,,27.5,37.0,,,1.75
4084,VITRY-SUR-SEINE,2018-02-26 07:00:00+00:00,48.77589800004221,2.37578800006495,,,,16.8,13.05,
4084,VITRY-SUR-SEINE,2018-02-26 08:00:00+00:00,48.77589800004221,2.37578800006495,,23.25,47.0,20.93,14.3,1.0
4084,VITRY-SUR-SEINE,2018-02-26 09:00:00+00:00,48.77589800004221,2.37578800006495,,16.0,56.5,,,1.0
4084,VITRY-SUR-SEINE,2018-02-26 15:00:00+00:00,48.77589800004221,2.37578800006495,,,,21.3,13.23,
4084,VITRY-SUR-SEINE,2018-02-26 16:00:00+00:00,48.77589800004221,2.37578800006495,,13.5,69.0,20.1,12.43,0.0
4084,VITRY-SUR-SEINE,2018-02-26 17:00:00+00:00,48.77589800004221,2.37578800006495,,24.25,53.5,,,0.0
4084,VITRY-SUR-SEINE,2018-02-26 19:00:00+00:00,48.77589800004221,2.37578800006495,,,,28.3,20.35,
4084,VITRY-SUR-SEINE,2018-02-26 20:00:00+00:00,48.77589800004221,2.37578800006495,,27.0,48.0,26.0,18.83,0.0
4084,VITRY-SUR-SEINE,2018-02-26 21:00:00+00:00,48.77589800004221,2.37578800006495,,27.0,47.25,,,0.0
4084,VITRY-SUR-SEINE,2018-02-27 05:00:00+00:00,48.77589800004221,2.37578800006495,,,,25.7,22.2,
4084,VITRY-SUR-SEINE,2018-02-27 06:00:00+00:00,48.77589800004221,2.37578800006495,,42.25,21.0,,,2.25
4084,VITRY-SUR-SEINE,2018-02-27 07:00:00+00:00,48.77589800004221,2.37578800006495,,,,30.13,29.88,
4084,VITRY-SUR-SEINE,2018-02-27 08:00:00+00:00,48.77589800004221,2.37578800006495,,55.25,11.25,37.6,30.38,2.0
4084,VITRY-SUR-SEINE,2018-02-27 09:00:00+00:00,48.77589800004221,2.37578800006495,,39.25,25.75,,,2.0
4084,VITRY-SUR-SEINE,2018-02-27 13:00:00+00:00,48.77589800004221,2.37578800006495,,,,33.8,27.13,
4084,VITRY-SUR-SEINE,2018-02-27 14:00:00+00:00,48.77589800004221,2.37578800006495,,25.0,47.0,28.3,25.43,2.25
4084,VITRY-SUR-SEINE,2018-02-27 15:00:00+00:00,48.77589800004221,2.37578800006495,,24.0,48.25,,26.18,2.25
4084,VITRY-SUR-SEINE,2018-02-27 16:00:00+00:00,48.77589800004221,2.37578800006495,,,,,16.6,
4084,VITRY-SUR-SEINE,2018-02-27 17:00:00+00:00,48.77589800004221,2.37578800006495,,,,19.65,15.13,
4084,VITRY-SUR-SEINE,2018-02-27 18:00:00+00:00,48.77589800004221,2.37578800006495,,34.75,57.25,8.23,16.88,2.75
4084,VITRY-SUR-SEINE,2018-02-27 19:00:00+00:00,48.77589800004221,2.37578800006495,,52.5,38.25,18.13,11.4,1.75
4084,VITRY-SUR-SEINE,2018-02-27 20:00:00+00:00,48.77589800004221,2.37578800006495,,67.25,21.5,25.55,24.98,1.75
4084,VITRY-SUR-SEINE,2018-02-27 21:00:00+00:00,48.77589800004221,2.37578800006495,,72.0,17.75,,,2.0
4084,VITRY-SUR-SEINE,2018-02-28 06:00:00+00:00,48.77589800004221,2.37578800006495,,,,30.9,25.93,
4084,VITRY-SUR-SEINE,2018-02-28 07:00:00+00:00,48.77589800004221,2.37578800006495,,56.75,14.0,,,4.75
4084,VITRY-SUR-SEINE,2018-02-28 09:00:00+00:00,48.77589800004221,2.37578800006495,,,,40.0,29.68,
4084,VITRY-SUR-SEINE,2018-02-28 10:00:00+00:00,48.77589800004221,2.37578800006495,,18.5,51.5,39.8,34.03,1.5
4084,VITRY-SUR-SEINE,2018-02-28 11:00:00+00:00,48.77589800004221,2.37578800006495,,16.0,59.75,,,1.0
4084,VITRY-SUR-SEINE,2018-02-28 15:00:00+00:00,48.77589800004221,2.37578800006495,,,,37.13,31.5,
4084,VITRY-SUR-SEINE,2018-02-28 16:00:00+00:00,48.77589800004221,2.37578800006495,,23.0,59.5,45.83,34.15,3.0
4084,VITRY-SUR-SEINE,2018-02-28 17:00:00+00:00,48.77589800004221,2.37578800006495,,20.0,62.0,,,1.0
4084,VITRY-SUR-SEINE,2018-02-28 19:00:00+00:00,48.77589800004221,2.37578800006495,,,,44.03,39.65,
4084,VITRY-SUR-SEINE,2018-02-28 20:00:00+00:00,48.77589800004221,2.37578800006495,,24.0,51.25,50.9,38.7,1.25
4084,VITRY-SUR-SEINE,2018-02-28 21:00:00+00:00,48.77589800004221,2.37578800006495,,24.0,49.75,45.43,33.28,1.5
4084,VITRY-SUR-SEINE,2018-02-28 22:00:00+00:00,48.77589800004221,2.37578800006495,,19.25,54.75,50.88,31.35,0.5
4084,VITRY-SUR-SEINE,2018-02-28 23:00:00+00:00,48.77589800004221,2.37578800006495,,16.0,56.5,40.0,29.03,0.25
4084,VITRY-SUR-SEINE,2018-03-01 00:00:00+00:00,48.77589800004221,2.37578800006495,,15.25,55.75,34.2,29.5,0.75
4084,VITRY-SUR-SEINE,2018-03-01 01:00:00+00:00,48.77589800004221,2.37578800006495,,15.0,56.75,34.63,26.85,4.0
4084,VITRY-SUR-SEINE,2018-03-01 02:00:00+00:00,48.77589800004221,2.37578800006495,,13.5,56.25,42.18,24.75,3.75
4084,VITRY-SUR-SEINE,2018-03-01 03:00:00+00:00,48.77589800004221,2.37578800006495,,12.75,54.0,36.88,28.43,3.5
4084,VITRY-SUR-SEINE,2018-03-01 04:00:00+00:00,48.77589800004221,2.37578800006495,,14.5,50.5,30.05,32.43,3.25
4084,VITRY-SUR-SEINE,2018-03-01 05:00:00+00:00,48.77589800004221,2.37578800006495,,16.5,49.5,40.6,33.88,4.0
4084,VITRY-SUR-SEINE,2018-03-01 06:00:00+00:00,48.77589800004221,2.37578800006495,,19.75,46.25,,,4.25
4084,VITRY-SUR-SEINE,2018-03-01 07:00:00+00:00,48.77589800004221,2.37578800006495,,,,40.83,32.73,
4084,VITRY-SUR-SEINE,2018-03-01 08:00:00+00:00,48.77589800004221,2.37578800006495,,27.5,39.25,44.3,37.73,4.75
4084,VITRY-SUR-SEINE,2018-03-01 09:00:00+00:00,48.77589800004221,2.37578800006495,,25.25,41.5,47.18,42.05,4.75
4084,VITRY-SUR-SEINE,2018-03-01 10:00:00+00:00,48.77589800004221,2.37578800006495,,25.25,42.25,,36.8,5.25
4084,VITRY-SUR-SEINE,2018-03-01 11:00:00+00:00,48.77589800004221,2.37578800006495,,,44.25,,,
4084,VITRY-SUR-SEINE,2018-03-02 09:00:00+00:00,48.77589800004221,2.37578800006495,,,,41.6,41.35,
4084,VITRY-SUR-SEINE,2018-03-02 10:00:00+00:00,48.77589800004221,2.37578800006495,,41.75,10.0,47.98,43.25,2.25
4084,VITRY-SUR-SEINE,2018-03-02 11:00:00+00:00,48.77589800004221,2.37578800006495,,44.25,8.25,,,3.0
4084,VITRY-SUR-SEINE,2018-03-02 13:00:00+00:00,48.77589800004221,2.37578800006495,,,,34.45,24.38,
4084,VITRY-SUR-SEINE,2018-03-02 14:00:00+00:00,48.77589800004221,2.37578800006495,,24.0,50.5,18.8,11.25,4.25
4084,VITRY-SUR-SEINE,2018-03-02 15:00:00+00:00,48.77589800004221,2.37578800006495,,22.25,60.5,17.8,8.35,4.0
4084,VITRY-SUR-SEINE,2018-03-02 16:00:00+00:00,48.77589800004221,2.37578800006495,,21.25,69.5,15.2,4.85,4.75
4084,VITRY-SUR-SEINE,2018-03-02 17:00:00+00:00,48.77589800004221,2.37578800006495,,24.75,67.0,,,4.75
4084,VITRY-SUR-SEINE,2018-03-03 01:00:00+00:00,48.77589800004221,2.37578800006495,,75.25,4.75,,,2.0
4084,VITRY-SUR-SEINE,2018-03-03 02:00:00+00:00,48.77589800004221,2.37578800006495,,59.75,11.0,,,2.0
4084,VITRY-SUR-SEINE,2018-03-03 03:00:00+00:00,48.77589800004221,2.37578800006495,,44.25,29.67,,,2.25
4084,VITRY-SUR-SEINE,2018-03-03 04:00:00+00:00,48.77589800004221,2.37578800006495,,24.0,49.5,,,3.5
4084,VITRY-SUR-SEINE,2018-03-03 05:00:00+00:00,48.77589800004221,2.37578800006495,,23.0,54.25,,,4.0
4084,VITRY-SUR-SEINE,2018-03-03 06:00:00+00:00,48.77589800004221,2.37578800006495,,23.0,55.0,,,
4084,VITRY-SUR-SEINE,2018-03-03 07:00:00+00:00,48.77589800004221,2.37578800006495,,24.0,52.0,,,
4084,VITRY-SUR-SEINE,2018-03-03 08:00:00+00:00,48.77589800004221,2.37578800006495,,,43.75,13.93,11.78,
4084,VITRY-SUR-SEINE,2018-03-03 09:00:00+00:00,48.77589800004221,2.37578800006495,,25.0,39.5,21.08,14.65,3.0
4084,VITRY-SUR-SEINE,2018-03-03 10:00:00+00:00,48.77589800004221,2.37578800006495,,29.0,34.0,19.2,19.7,3.75
4084,VITRY-SUR-SEINE,2018-03-03 11:00:00+00:00,48.77589800004221,2.37578800006495,,24.0,40.25,,,3.5
4084,VITRY-SUR-SEINE,2018-03-03 16:00:00+00:00,48.77589800004221,2.37578800006495,,,,17.8,13.2,
4084,VITRY-SUR-SEINE,2018-03-03 17:00:00+00:00,48.77589800004221,2.37578800006495,,34.0,,,,4.0
4084,VITRY-SUR-SEINE,2018-03-03 19:00:00+00:00,48.77589800004221,2.37578800006495,,,,16.28,14.38,
4084,VITRY-SUR-SEINE,2018-03-03 20:00:00+00:00,48.77589800004221,2.37578800006495,,37.75,56.0,13.0,14.5,4.75
4084,VITRY-SUR-SEINE,2018-03-03 21:00:00+00:00,48.77589800004221,2.37578800006495,,39.0,49.5,14.2,12.75,5.0
4084,VITRY-SUR-SEINE,2018-03-03 22:00:00+00:00,48.77589800004221,2.37578800006495,,31.75,54.25,,,5.0
4084,VITRY-SUR-SEINE,2018-03-03 23:00:00+00:00,48.77589800004221,2.37578800006495,,36.5,45.0,,,
4084,VITRY-SUR-SEINE,2018-03-04 00:00:00+00:00,48.77589800004221,2.37578800006495,,34.75,45.0,,,
4084,VITRY-SUR-SEINE,2018-03-04 01:00:00+00:00,48.77589800004221,2.37578800006495,,31.5,41.25,,,
4084,VITRY-SUR-SEINE,2018-03-04 02:00:00+00:00,48.77589800004221,2.37578800006495,,30.67,35.25,,,
4084,VITRY-SUR-SEINE,2018-03-04 03:00:00+00:00,48.77589800004221,2.37578800006495,,34.33,34.0,,,
4084,VITRY-SUR-SEINE,2018-03-04 04:00:00+00:00,48.77589800004221,2.37578800006495,,44.5,21.25,,,
4084,VITRY-SUR-SEINE,2018-03-04 05:00:00+00:00,48.77589800004221,2.37578800006495,,32.5,34.0,,,
4084,VITRY-SUR-SEINE,2018-03-04 09:00:00+00:00,48.77589800004221,2.37578800006495,,,,12.33,13.88,
4084,VITRY-SUR-SEINE,2018-03-04 10:00:00+00:00,48.77589800004221,2.37578800006495,,41.0,21.0,,18.63,1.5
4084,VITRY-SUR-SEINE,2018-03-04 13:00:00+00:00,48.77589800004221,2.37578800006495,,,,14.63,17.78,
4084,VITRY-SUR-SEINE,2018-03-04 14:00:00+00:00,48.77589800004221,2.37578800006495,,39.75,26.0,20.78,16.13,1.5
4084,VITRY-SUR-SEINE,2018-03-04 15:00:00+00:00,48.77589800004221,2.37578800006495,,37.5,35.5,10.0,9.23,1.75
4084,VITRY-SUR-SEINE,2018-03-04 16:00:00+00:00,48.77589800004221,2.37578800006495,,32.0,45.5,9.5,6.83,2.0
4084,VITRY-SUR-SEINE,2018-03-04 17:00:00+00:00,48.77589800004221,2.37578800006495,,29.0,52.0,7.2,7.1,2.0
4084,VITRY-SUR-SEINE,2018-03-04 18:00:00+00:00,48.77589800004221,2.37578800006495,,36.25,44.25,8.1,11.2,2.5
4084,VITRY-SUR-SEINE,2018-03-04 19:00:00+00:00,48.77589800004221,2.37578800006495,,32.25,55.0,7.3,8.65,2.5
4084,VITRY-SUR-SEINE,2018-03-04 20:00:00+00:00,48.77589800004221,2.37578800006495,,36.25,48.25,10.28,9.38,3.0
4084,VITRY-SUR-SEINE,2018-03-04 21:00:00+00:00,48.77589800004221,2.37578800006495,,40.75,39.0,6.43,13.53,2.75
4084,VITRY-SUR-SEINE,2018-03-04 22:00:00+00:00,48.77589800004221,2.37578800006495,,35.75,40.5,10.0,12.43,2.5
4084,VITRY-SUR-SEINE,2018-03-04 23:00:00+00:00,48.77589800004221,2.37578800006495,,41.25,37.0,11.8,10.93,2.75
4084,VITRY-SUR-SEINE,2018-03-05 00:00:00+00:00,48.77589800004221,2.37578800006495,,27.25,45.5,12.3,10.13,2.75
4084,VITRY-SUR-SEINE,2018-03-05 01:00:00+00:00,48.77589800004221,2.37578800006495,,26.75,44.0,9.23,9.9,1.0
4084,VITRY-SUR-SEINE,2018-03-05 02:00:00+00:00,48.77589800004221,2.37578800006495,,20.75,44.5,12.18,10.0,0.75
4084,VITRY-SUR-SEINE,2018-03-05 03:00:00+00:00,48.77589800004221,2.37578800006495,,18.0,45.5,10.2,8.63,0.75
4084,VITRY-SUR-SEINE,2018-03-05 04:00:00+00:00,48.77589800004221,2.37578800006495,,33.25,29.5,10.73,7.63,1.0
4084,VITRY-SUR-SEINE,2018-03-05 05:00:00+00:00,48.77589800004221,2.37578800006495,,46.5,16.25,15.5,7.8,1.25
4084,VITRY-SUR-SEINE,2018-03-05 06:00:00+00:00,48.77589800004221,2.37578800006495,,67.0,0.75,12.3,9.85,1.0
4084,VITRY-SUR-SEINE,2018-03-05 07:00:00+00:00,48.77589800004221,2.37578800006495,,63.25,1.75,13.98,11.28,1.0
4084,VITRY-SUR-SEINE,2018-03-05 08:00:00+00:00,48.77589800004221,2.37578800006495,,52.0,11.5,11.7,7.78,1.0
4084,VITRY-SUR-SEINE,2018-03-05 09:00:00+00:00,48.77589800004221,2.37578800006495,,46.75,19.75,12.1,12.4,1.25
4084,VITRY-SUR-SEINE,2018-03-05 10:00:00+00:00,48.77589800004221,2.37578800006495,,39.5,29.0,14.4,9.08,1.0
4084,VITRY-SUR-SEINE,2018-03-05 11:00:00+00:00,48.77589800004221,2.37578800006495,,36.25,34.75,17.8,11.25,1.0
4084,VITRY-SUR-SEINE,2018-03-05 12:00:00+00:00,48.77589800004221,2.37578800006495,,25.5,49.25,14.1,7.08,1.75
4084,VITRY-SUR-SEINE,2018-03-05 13:00:00+00:00,48.77589800004221,2.37578800006495,,18.25,65.0,14.2,7.8,1.75
4084,VITRY-SUR-SEINE,2018-03-05 14:00:00+00:00,48.77589800004221,2.37578800006495,,13.0,72.75,12.6,8.5,2.0
4084,VITRY-SUR-SEINE,2018-03-05 15:00:00+00:00,48.77589800004221,2.37578800006495,,17.25,70.0,10.5,5.28,2.0
4084,VITRY-SUR-SEINE,2018-03-05 16:00:00+00:00,48.77589800004221,2.37578800006495,,22.25,66.0,12.08,6.68,1.75
4084,VITRY-SUR-SEINE,2018-03-05 17:00:00+00:00,48.77589800004221,2.37578800006495,,44.25,46.5,18.1,6.63,1.5
4084,VITRY-SUR-SEINE,2018-03-05 18:00:00+00:00,48.77589800004221,2.37578800006495,,81.5,15.0,19.45,11.9,2.0
4084,VITRY-SUR-SEINE,2018-03-05 19:00:00+00:00,48.77589800004221,2.37578800006495,,101.75,2.0,36.6,23.68,2.75
4084,VITRY-SUR-SEINE,2018-03-05 20:00:00+00:00,48.77589800004221,2.37578800006495,,98.0,1.5,38.28,23.0,2.25
4084,VITRY-SUR-SEINE,2018-03-05 21:00:00+00:00,48.77589800004221,2.37578800006495,,87.5,5.5,29.98,23.98,2.0
4084,VITRY-SUR-SEINE,2018-03-05 22:00:00+00:00,48.77589800004221,2.37578800006495,,62.75,27.0,20.2,18.23,2.0
4084,VITRY-SUR-SEINE,2018-03-05 23:00:00+00:00,48.77589800004221,2.37578800006495,,40.75,40.75,14.23,10.05,2.0
4084,VITRY-SUR-SEINE,2018-03-06 00:00:00+00:00,48.77589800004221,2.37578800006495,,35.5,37.75,18.3,13.6,2.0
4084,VITRY-SUR-SEINE,2018-03-06 01:00:00+00:00,48.77589800004221,2.37578800006495,,36.5,32.5,17.3,13.6,0.33
4084,VITRY-SUR-SEINE,2018-03-06 02:00:00+00:00,48.77589800004221,2.37578800006495,,39.0,27.75,15.38,10.75,0.25
4084,VITRY-SUR-SEINE,2018-03-06 03:00:00+00:00,48.77589800004221,2.37578800006495,,36.25,34.0,9.9,13.63,0.0
4084,VITRY-SUR-SEINE,2018-03-06 04:00:00+00:00,48.77589800004221,2.37578800006495,,52.5,15.5,12.2,10.58,0.0
4084,VITRY-SUR-SEINE,2018-03-06 05:00:00+00:00,48.77589800004221,2.37578800006495,,70.75,4.5,11.73,6.18,0.25
4084,VITRY-SUR-SEINE,2018-03-06 06:00:00+00:00,48.77589800004221,2.37578800006495,,54.75,27.0,13.6,6.88,0.0
4084,VITRY-SUR-SEINE,2018-03-06 07:00:00+00:00,48.77589800004221,2.37578800006495,,69.75,11.25,16.0,9.45,0.5
4084,VITRY-SUR-SEINE,2018-03-06 08:00:00+00:00,48.77589800004221,2.37578800006495,,66.5,16.75,14.3,14.3,1.0
4084,VITRY-SUR-SEINE,2018-03-06 09:00:00+00:00,48.77589800004221,2.37578800006495,,42.0,41.0,16.28,12.05,0.25
4084,VITRY-SUR-SEINE,2018-03-06 10:00:00+00:00,48.77589800004221,2.37578800006495,,,61.5,12.0,8.48,0.0
4084,VITRY-SUR-SEINE,2018-03-06 11:00:00+00:00,48.77589800004221,2.37578800006495,,21.75,67.25,,,1.0
4084,VITRY-SUR-SEINE,2018-03-06 13:00:00+00:00,48.77589800004221,2.37578800006495,,,,13.78,9.98,
4084,VITRY-SUR-SEINE,2018-03-06 14:00:00+00:00,48.77589800004221,2.37578800006495,,18.25,70.25,10.53,10.0,1.0
4084,VITRY-SUR-SEINE,2018-03-06 15:00:00+00:00,48.77589800004221,2.37578800006495,,14.0,78.75,13.1,7.18,0.75
4084,VITRY-SUR-SEINE,2018-03-06 16:00:00+00:00,48.77589800004221,2.37578800006495,,16.0,78.0,12.8,4.45,0.75
4084,VITRY-SUR-SEINE,2018-03-06 17:00:00+00:00,48.77589800004221,2.37578800006495,,19.5,76.0,,,0.75
4084,VITRY-SUR-SEINE,2018-03-06 21:00:00+00:00,48.77589800004221,2.37578800006495,,,,16.63,15.23,
4084,VITRY-SUR-SEINE,2018-03-06 22:00:00+00:00,48.77589800004221,2.37578800006495,,42.5,37.25,18.78,11.68,1.25
4084,VITRY-SUR-SEINE,2018-03-06 23:00:00+00:00,48.77589800004221,2.37578800006495,,31.25,48.5,8.4,10.63,1.0
4084,VITRY-SUR-SEINE,2018-03-07 00:00:00+00:00,48.77589800004221,2.37578800006495,,25.25,52.75,10.0,9.73,1.25
4084,VITRY-SUR-SEINE,2018-03-07 01:00:00+00:00,48.77589800004221,2.37578800006495,,19.0,58.0,9.6,6.75,0.0
4084,VITRY-SUR-SEINE,2018-03-07 02:00:00+00:00,48.77589800004221,2.37578800006495,,17.0,56.5,6.08,7.98,0.25
4084,VITRY-SUR-SEINE,2018-03-07 03:00:00+00:00,48.77589800004221,2.37578800006495,,15.75,54.0,3.43,8.9,0.0
4084,VITRY-SUR-SEINE,2018-03-07 04:00:00+00:00,48.77589800004221,2.37578800006495,,27.5,38.5,8.0,10.58,0.25
4084,VITRY-SUR-SEINE,2018-03-07 05:00:00+00:00,48.77589800004221,2.37578800006495,,42.5,39.25,8.6,6.88,0.75
4084,VITRY-SUR-SEINE,2018-03-07 06:00:00+00:00,48.77589800004221,2.37578800006495,,48.5,36.0,8.2,6.2,0.75
4084,VITRY-SUR-SEINE,2018-03-07 07:00:00+00:00,48.77589800004221,2.37578800006495,,26.0,58.25,6.6,5.9,0.75
4084,VITRY-SUR-SEINE,2018-03-07 08:00:00+00:00,48.77589800004221,2.37578800006495,,42.0,45.75,6.83,7.78,0.75
4084,VITRY-SUR-SEINE,2018-03-07 09:00:00+00:00,48.77589800004221,2.37578800006495,,60.75,25.5,14.8,9.85,0.5
4084,VITRY-SUR-SEINE,2018-03-07 10:00:00+00:00,48.77589800004221,2.37578800006495,,28.5,56.25,9.33,11.18,0.25
4084,VITRY-SUR-SEINE,2018-03-07 11:00:00+00:00,48.77589800004221,2.37578800006495,,22.75,63.0,11.6,9.03,0.25
4084,VITRY-SUR-SEINE,2018-03-07 12:00:00+00:00,48.77589800004221,2.37578800006495,,20.0,66.25,14.7,10.75,1.0
4084,VITRY-SUR-SEINE,2018-03-07 13:00:00+00:00,48.77589800004221,2.37578800006495,,19.5,68.25,16.15,7.85,0.75
4084,VITRY-SUR-SEINE,2018-03-07 14:00:00+00:00,48.77589800004221,2.37578800006495,,23.5,67.5,8.8,4.98,1.0
4084,VITRY-SUR-SEINE,2018-03-07 15:00:00+00:00,48.77589800004221,2.37578800006495,,19.75,72.25,,6.75,1.0
4084,VITRY-SUR-SEINE,2018-03-07 16:00:00+00:00,48.77589800004221,2.37578800006495,,,69.25,,5.53,
4084,VITRY-SUR-SEINE,2018-03-07 17:00:00+00:00,48.77589800004221,2.37578800006495,,,59.5,,,
4084,VITRY-SUR-SEINE,2018-03-07 21:00:00+00:00,48.77589800004221,2.37578800006495,,,,17.6,14.23,
4084,VITRY-SUR-SEINE,2018-03-07 22:00:00+00:00,48.77589800004221,2.37578800006495,,77.0,10.5,15.5,14.68,1.0
4084,VITRY-SUR-SEINE,2018-03-07 23:00:00+00:00,48.77589800004221,2.37578800006495,,61.75,21.25,17.28,13.53,1.0
4084,VITRY-SUR-SEINE,2018-03-08 00:00:00+00:00,48.77589800004221,2.37578800006495,,42.5,31.5,8.4,11.15,0.75
4084,VITRY-SUR-SEINE,2018-03-08 01:00:00+00:00,48.77589800004221,2.37578800006495,,30.5,39.5,11.0,12.38,0.0
4084,VITRY-SUR-SEINE,2018-03-08 02:00:00+00:00,48.77589800004221,2.37578800006495,,33.75,35.0,12.68,11.73,0.0
4084,VITRY-SUR-SEINE,2018-03-08 03:00:00+00:00,48.77589800004221,2.37578800006495,,22.25,46.5,10.48,10.53,0.0
4084,VITRY-SUR-SEINE,2018-03-08 04:00:00+00:00,48.77589800004221,2.37578800006495,,22.5,44.0,7.55,10.4,0.0
4084,VITRY-SUR-SEINE,2018-03-08 05:00:00+00:00,48.77589800004221,2.37578800006495,,28.5,36.75,16.0,8.63,0.0
4084,VITRY-SUR-SEINE,2018-03-08 06:00:00+00:00,48.77589800004221,2.37578800006495,,37.0,35.25,16.9,9.0,0.0
4084,VITRY-SUR-SEINE,2018-03-08 07:00:00+00:00,48.77589800004221,2.37578800006495,,37.25,37.5,15.5,7.73,0.0
4084,VITRY-SUR-SEINE,2018-03-08 08:00:00+00:00,48.77589800004221,2.37578800006495,,37.25,40.25,14.13,10.15,0.0
4084,VITRY-SUR-SEINE,2018-03-08 09:00:00+00:00,48.77589800004221,2.37578800006495,,30.5,49.0,17.38,9.23,0.0
4084,VITRY-SUR-SEINE,2018-03-08 10:00:00+00:00,48.77589800004221,2.37578800006495,,23.0,57.25,12.33,6.45,0.0
4084,VITRY-SUR-SEINE,2018-03-08 11:00:00+00:00,48.77589800004221,2.37578800006495,,21.0,59.0,16.18,4.83,0.0
4084,VITRY-SUR-SEINE,2018-03-08 12:00:00+00:00,48.77589800004221,2.37578800006495,,18.25,64.5,14.5,7.75,0.0
4084,VITRY-SUR-SEINE,2018-03-08 13:00:00+00:00,48.77589800004221,2.37578800006495,,22.5,61.25,14.7,11.15,0.0
4084,VITRY-SUR-SEINE,2018-03-08 14:00:00+00:00,48.77589800004221,2.37578800006495,,21.75,64.0,12.05,8.85,0.0
4084,VITRY-SUR-SEINE,2018-03-08 15:00:00+00:00,48.77589800004221,2.37578800006495,,23.25,64.0,10.18,7.13,0.0
4084,VITRY-SUR-SEINE,2018-03-08 16:00:00+00:00,48.77589800004221,2.37578800006495,,29.5,57.75,7.3,7.6,0.25
4084,VITRY-SUR-SEINE,2018-03-08 17:00:00+00:00,48.77589800004221,2.37578800006495,,38.0,53.25,,,0.5
4084,VITRY-SUR-SEINE,2018-03-08 19:00:00+00:00,48.77589800004221,2.37578800006495,,,,6.15,3.65,
4084,VITRY-SUR-SEINE,2018-03-08 20:00:00+00:00,48.77589800004221,2.37578800006495,,93.0,6.5,16.9,11.05,0.5
4084,VITRY-SUR-SEINE,2018-03-08 21:00:00+00:00,48.77589800004221,2.37578800006495,,91.0,1.5,17.8,13.95,0.5
4084,VITRY-SUR-SEINE,2018-03-08 22:00:00+00:00,48.77589800004221,2.37578800006495,,86.75,2.75,20.25,20.48,0.5
4084,VITRY-SUR-SEINE,2018-03-08 23:00:00+00:00,48.77589800004221,2.37578800006495,,73.5,10.25,14.8,14.8,0.25
4084,VITRY-SUR-SEINE,2018-03-09 00:00:00+00:00,48.77589800004221,2.37578800006495,,71.5,6.25,14.73,12.55,0.0
4084,VITRY-SUR-SEINE,2018-03-09 01:00:00+00:00,48.77589800004221,2.37578800006495,,45.25,23.5,16.48,13.78,0.0
4084,VITRY-SUR-SEINE,2018-03-09 02:00:00+00:00,48.77589800004221,2.37578800006495,,46.5,17.25,14.63,14.5,0.25
4084,VITRY-SUR-SEINE,2018-03-09 03:00:00+00:00,48.77589800004221,2.37578800006495,,55.75,8.0,18.95,15.18,0.0
4084,VITRY-SUR-SEINE,2018-03-09 04:00:00+00:00,48.77589800004221,2.37578800006495,,42.0,21.5,9.95,13.83,0.25
4084,VITRY-SUR-SEINE,2018-03-09 05:00:00+00:00,48.77589800004221,2.37578800006495,,53.25,10.25,17.33,11.75,0.75
4084,VITRY-SUR-SEINE,2018-03-09 06:00:00+00:00,48.77589800004221,2.37578800006495,,70.0,1.75,,,0.75
4084,VITRY-SUR-SEINE,2018-03-09 07:00:00+00:00,48.77589800004221,2.37578800006495,,,,22.08,17.1,
4084,VITRY-SUR-SEINE,2018-03-09 08:00:00+00:00,48.77589800004221,2.37578800006495,,64.75,1.0,19.18,16.6,1.0
4084,VITRY-SUR-SEINE,2018-03-09 09:00:00+00:00,48.77589800004221,2.37578800006495,,65.5,4.75,,,1.5
4084,VITRY-SUR-SEINE,2018-03-09 10:00:00+00:00,48.77589800004221,2.37578800006495,,,20.0,,,
4084,VITRY-SUR-SEINE,2018-03-09 11:00:00+00:00,48.77589800004221,2.37578800006495,,,34.75,18.28,9.63,
4084,VITRY-SUR-SEINE,2018-03-09 12:00:00+00:00,48.77589800004221,2.37578800006495,,28.0,40.75,13.6,13.23,1.0
4084,VITRY-SUR-SEINE,2018-03-09 13:00:00+00:00,48.77589800004221,2.37578800006495,,30.5,38.75,12.63,10.25,1.0
4084,VITRY-SUR-SEINE,2018-03-09 14:00:00+00:00,48.77589800004221,2.37578800006495,,20.25,50.5,18.5,10.6,1.0
4084,VITRY-SUR-SEINE,2018-03-09 15:00:00+00:00,48.77589800004221,2.37578800006495,,19.75,57.5,17.33,9.5,1.5
4084,VITRY-SUR-SEINE,2018-03-09 16:00:00+00:00,48.77589800004221,2.37578800006495,,37.75,38.0,20.73,11.95,1.25
4084,VITRY-SUR-SEINE,2018-03-09 17:00:00+00:00,48.77589800004221,2.37578800006495,,72.5,9.0,,,1.75
4084,VITRY-SUR-SEINE,2018-03-09 18:00:00+00:00,48.77589800004221,2.37578800006495,,,3.75,,,
4084,VITRY-SUR-SEINE,2018-03-09 19:00:00+00:00,48.77589800004221,2.37578800006495,,,0.5,34.88,23.88,
4084,VITRY-SUR-SEINE,2018-03-09 20:00:00+00:00,48.77589800004221,2.37578800006495,,78.0,1.75,29.98,19.78,2.0
4084,VITRY-SUR-SEINE,2018-03-09 21:00:00+00:00,48.77589800004221,2.37578800006495,,68.75,7.5,25.65,15.0,2.0
4084,VITRY-SUR-SEINE,2018-03-09 22:00:00+00:00,48.77589800004221,2.37578800006495,,,27.0,15.83,15.88,
4084,VITRY-SUR-SEINE,2018-03-09 23:00:00+00:00,48.77589800004221,2.37578800006495,,,33.75,17.28,11.38,
4084,VITRY-SUR-SEINE,2018-03-10 00:00:00+00:00,48.77589800004221,2.37578800006495,,,41.5,12.78,9.33,
4084,VITRY-SUR-SEINE,2018-03-10 01:00:00+00:00,48.77589800004221,2.37578800006495,,,43.75,9.13,10.78,
4084,VITRY-SUR-SEINE,2018-03-10 02:00:00+00:00,48.77589800004221,2.37578800006495,,,50.0,12.28,10.1,
4084,VITRY-SUR-SEINE,2018-03-10 03:00:00+00:00,48.77589800004221,2.37578800006495,,,40.33,,9.13,
4084,VITRY-SUR-SEINE,2018-03-10 04:00:00+00:00,48.77589800004221,2.37578800006495,,,28.75,,10.18,
4084,VITRY-SUR-SEINE,2018-03-10 05:00:00+00:00,48.77589800004221,2.37578800006495,,,40.5,9.28,6.48,
4084,VITRY-SUR-SEINE,2018-03-10 06:00:00+00:00,48.77589800004221,2.37578800006495,,,50.25,7.1,5.73,0.25
4084,VITRY-SUR-SEINE,2018-03-10 07:00:00+00:00,48.77589800004221,2.37578800006495,,21.75,44.0,6.53,6.18,0.0
4084,VITRY-SUR-SEINE,2018-03-10 08:00:00+00:00,48.77589800004221,2.37578800006495,,28.0,40.5,10.0,6.2,0.0
4084,VITRY-SUR-SEINE,2018-03-10 09:00:00+00:00,48.77589800004221,2.37578800006495,,33.75,39.25,,,0.0
4084,VITRY-SUR-SEINE,2018-03-10 13:00:00+00:00,48.77589800004221,2.37578800006495,,,,9.7,5.6,
4084,VITRY-SUR-SEINE,2018-03-10 14:00:00+00:00,48.77589800004221,2.37578800006495,,11.0,61.0,11.83,6.3,1.0
4084,VITRY-SUR-SEINE,2018-03-10 15:00:00+00:00,48.77589800004221,2.37578800006495,,13.25,63.5,14.93,8.18,1.0
4084,VITRY-SUR-SEINE,2018-03-10 16:00:00+00:00,48.77589800004221,2.37578800006495,,15.5,64.75,17.65,9.48,1.25
4084,VITRY-SUR-SEINE,2018-03-10 17:00:00+00:00,48.77589800004221,2.37578800006495,,21.5,58.0,9.75,10.48,1.5
4084,VITRY-SUR-SEINE,2018-03-10 18:00:00+00:00,48.77589800004221,2.37578800006495,,46.5,31.5,19.38,12.25,1.75
4084,VITRY-SUR-SEINE,2018-03-10 19:00:00+00:00,48.77589800004221,2.37578800006495,,87.25,2.0,32.65,20.65,2.0
4084,VITRY-SUR-SEINE,2018-03-10 20:00:00+00:00,48.77589800004221,2.37578800006495,,87.5,1.0,40.23,29.15,2.25
4084,VITRY-SUR-SEINE,2018-03-10 21:00:00+00:00,48.77589800004221,2.37578800006495,,72.0,5.5,26.2,27.53,2.0
4084,VITRY-SUR-SEINE,2018-03-10 22:00:00+00:00,48.77589800004221,2.37578800006495,,25.75,44.25,11.8,9.75,
4084,VITRY-SUR-SEINE,2018-03-10 23:00:00+00:00,48.77589800004221,2.37578800006495,,17.0,58.25,10.9,7.73,
4084,VITRY-SUR-SEINE,2018-03-11 00:00:00+00:00,48.77589800004221,2.37578800006495,,24.5,58.75,8.68,8.1,
4084,VITRY-SUR-SEINE,2018-03-11 01:00:00+00:00,48.77589800004221,2.37578800006495,,21.5,54.75,6.1,8.88,
4084,VITRY-SUR-SEINE,2018-03-11 02:00:00+00:00,48.77589800004221,2.37578800006495,,23.33,44.25,8.6,7.15,
4084,VITRY-SUR-SEINE,2018-03-11 03:00:00+00:00,48.77589800004221,2.37578800006495,,11.67,57.25,6.28,7.1,
4084,VITRY-SUR-SEINE,2018-03-11 04:00:00+00:00,48.77589800004221,2.37578800006495,,10.5,69.75,5.3,7.2,
4084,VITRY-SUR-SEINE,2018-03-11 05:00:00+00:00,48.77589800004221,2.37578800006495,,16.75,59.25,5.93,7.2,
4084,VITRY-SUR-SEINE,2018-03-11 06:00:00+00:00,48.77589800004221,2.37578800006495,,41.0,38.75,9.88,6.53,
4084,VITRY-SUR-SEINE,2018-03-11 07:00:00+00:00,48.77589800004221,2.37578800006495,,19.75,56.25,6.3,4.75,
4084,VITRY-SUR-SEINE,2018-03-11 08:00:00+00:00,48.77589800004221,2.37578800006495,,15.25,65.5,4.0,2.83,
4084,VITRY-SUR-SEINE,2018-03-11 09:00:00+00:00,48.77589800004221,2.37578800006495,,11.75,66.75,3.3,2.6,
4084,VITRY-SUR-SEINE,2018-03-11 10:00:00+00:00,48.77589800004221,2.37578800006495,,10.75,67.5,5.03,4.58,
4084,VITRY-SUR-SEINE,2018-03-11 11:00:00+00:00,48.77589800004221,2.37578800006495,,7.5,71.25,7.03,3.23,
4084,VITRY-SUR-SEINE,2018-03-11 12:00:00+00:00,48.77589800004221,2.37578800006495,,7.0,77.5,8.8,3.0,
4084,VITRY-SUR-SEINE,2018-03-11 13:00:00+00:00,48.77589800004221,2.37578800006495,,7.5,83.0,,,
4084,VITRY-SUR-SEINE,2018-03-11 17:00:00+00:00,48.77589800004221,2.37578800006495,,,,7.4,9.03,
4084,VITRY-SUR-SEINE,2018-03-11 18:00:00+00:00,48.77589800004221,2.37578800006495,,18.75,65.75,8.4,5.08,
4084,VITRY-SUR-SEINE,2018-03-11 19:00:00+00:00,48.77589800004221,2.37578800006495,,25.25,59.25,9.78,7.48,
4084,VITRY-SUR-SEINE,2018-03-11 20:00:00+00:00,48.77589800004221,2.37578800006495,,26.25,55.0,9.0,7.5,
4084,VITRY-SUR-SEINE,2018-03-11 21:00:00+00:00,48.77589800004221,2.37578800006495,,34.0,43.5,,,
4084,VITRY-SUR-SEINE,2018-03-12 05:00:00+00:00,48.77589800004221,2.37578800006495,,,,8.43,5.83,
4084,VITRY-SUR-SEINE,2018-03-12 06:00:00+00:00,48.77589800004221,2.37578800006495,,15.75,67.75,,,1.25
4084,VITRY-SUR-SEINE,2018-03-12 07:00:00+00:00,48.77589800004221,2.37578800006495,,21.75,62.5,,,
4084,VITRY-SUR-SEINE,2018-03-12 13:00:00+00:00,48.77589800004221,2.37578800006495,,,,15.18,8.08,
4084,VITRY-SUR-SEINE,2018-03-12 14:00:00+00:00,48.77589800004221,2.37578800006495,,17.25,69.75,12.1,8.5,2.0
4084,VITRY-SUR-SEINE,2018-03-12 15:00:00+00:00,48.77589800004221,2.37578800006495,,12.5,76.25,12.88,10.28,2.25
4084,VITRY-SUR-SEINE,2018-03-12 16:00:00+00:00,48.77589800004221,2.37578800006495,,20.0,69.5,7.73,8.43,2.0
4084,VITRY-SUR-SEINE,2018-03-12 17:00:00+00:00,48.77589800004221,2.37578800006495,,18.75,68.75,,,2.25
4084,VITRY-SUR-SEINE,2018-03-12 21:00:00+00:00,48.77589800004221,2.37578800006495,,,,11.0,6.98,
4084,VITRY-SUR-SEINE,2018-03-12 22:00:00+00:00,48.77589800004221,2.37578800006495,,16.5,64.0,11.05,11.6,2.5
4084,VITRY-SUR-SEINE,2018-03-12 23:00:00+00:00,48.77589800004221,2.37578800006495,,19.75,60.75,17.3,8.38,3.0
4084,VITRY-SUR-SEINE,2018-03-13 00:00:00+00:00,48.77589800004221,2.37578800006495,,15.75,64.0,15.38,6.15,2.75
4084,VITRY-SUR-SEINE,2018-03-13 01:00:00+00:00,48.77589800004221,2.37578800006495,,13.25,65.5,7.28,4.93,0.33
4084,VITRY-SUR-SEINE,2018-03-13 02:00:00+00:00,48.77589800004221,2.37578800006495,,9.5,65.75,5.98,9.13,0.5
4084,VITRY-SUR-SEINE,2018-03-13 03:00:00+00:00,48.77589800004221,2.37578800006495,,5.0,69.75,4.25,8.53,0.5
4084,VITRY-SUR-SEINE,2018-03-13 04:00:00+00:00,48.77589800004221,2.37578800006495,,7.25,69.0,11.43,7.73,1.0
4084,VITRY-SUR-SEINE,2018-03-13 05:00:00+00:00,48.77589800004221,2.37578800006495,,9.0,65.5,13.68,8.0,1.0
4084,VITRY-SUR-SEINE,2018-03-13 06:00:00+00:00,48.77589800004221,2.37578800006495,,13.0,65.25,11.33,7.8,1.0
4084,VITRY-SUR-SEINE,2018-03-13 07:00:00+00:00,48.77589800004221,2.37578800006495,,23.25,61.5,17.1,7.03,1.0
4084,VITRY-SUR-SEINE,2018-03-13 08:00:00+00:00,48.77589800004221,2.37578800006495,,23.75,60.25,19.23,8.18,1.0
4084,VITRY-SUR-SEINE,2018-03-13 09:00:00+00:00,48.77589800004221,2.37578800006495,,28.25,,24.33,7.7,1.0
4084,VITRY-SUR-SEINE,2018-03-13 10:00:00+00:00,48.77589800004221,2.37578800006495,,19.5,,25.63,12.7,1.0
4084,VITRY-SUR-SEINE,2018-03-13 11:00:00+00:00,48.77589800004221,2.37578800006495,,24.25,,,,1.33
4084,VITRY-SUR-SEINE,2018-03-13 15:00:00+00:00,48.77589800004221,2.37578800006495,,,,19.3,,
4084,VITRY-SUR-SEINE,2018-03-13 16:00:00+00:00,48.77589800004221,2.37578800006495,,17.5,,17.3,,2.0
4084,VITRY-SUR-SEINE,2018-03-13 17:00:00+00:00,48.77589800004221,2.37578800006495,,22.5,,,,2.0
4084,VITRY-SUR-SEINE,2018-03-13 19:00:00+00:00,48.77589800004221,2.37578800006495,,,,6.75,9.35,
4084,VITRY-SUR-SEINE,2018-03-13 20:00:00+00:00,48.77589800004221,2.37578800006495,,85.5,,13.83,9.1,2.0
4084,VITRY-SUR-SEINE,2018-03-13 21:00:00+00:00,48.77589800004221,2.37578800006495,,87.75,,,,2.0
4084,VITRY-SUR-SEINE,2018-03-13 22:00:00+00:00,48.77589800004221,2.37578800006495,,84.5,,,,2.0
4084,VITRY-SUR-SEINE,2018-03-13 23:00:00+00:00,48.77589800004221,2.37578800006495,,78.25,,,,2.0
4084,VITRY-SUR-SEINE,2018-03-14 00:00:00+00:00,48.77589800004221,2.37578800006495,,74.75,,,,2.0
4084,VITRY-SUR-SEINE,2018-03-14 01:00:00+00:00,48.77589800004221,2.37578800006495,,67.5,,,,1.33
4084,VITRY-SUR-SEINE,2018-03-14 02:00:00+00:00,48.77589800004221,2.37578800006495,,65.5,,25.08,,2.0
4084,VITRY-SUR-SEINE,2018-03-14 03:00:00+00:00,48.77589800004221,2.37578800006495,,56.75,,19.33,,1.67
4084,VITRY-SUR-SEINE,2018-03-14 04:00:00+00:00,48.77589800004221,2.37578800006495,,56.0,,22.33,,1.25
4084,VITRY-SUR-SEINE,2018-03-14 05:00:00+00:00,48.77589800004221,2.37578800006495,,51.0,,24.8,19.13,1.75
4084,VITRY-SUR-SEINE,2018-03-14 06:00:00+00:00,48.77589800004221,2.37578800006495,,54.0,,,,1.5
4084,VITRY-SUR-SEINE,2018-03-14 07:00:00+00:00,48.77589800004221,2.37578800006495,,,,19.23,12.1,
4084,VITRY-SUR-SEINE,2018-03-14 08:00:00+00:00,48.77589800004221,2.37578800006495,,51.0,,22.33,14.35,2.0
4084,VITRY-SUR-SEINE,2018-03-14 09:00:00+00:00,48.77589800004221,2.37578800006495,,44.5,,,,2.0
4084,VITRY-SUR-SEINE,2018-03-14 13:00:00+00:00,48.77589800004221,2.37578800006495,,,,15.2,6.33,
4084,VITRY-SUR-SEINE,2018-03-14 14:00:00+00:00,48.77589800004221,2.37578800006495,,12.5,,12.53,5.83,2.0
4084,VITRY-SUR-SEINE,2018-03-14 15:00:00+00:00,48.77589800004221,2.37578800006495,,12.5,,17.15,6.2,1.75
4084,VITRY-SUR-SEINE,2018-03-14 16:00:00+00:00,48.77589800004221,2.37578800006495,,11.75,,10.0,3.95,1.75
4084,VITRY-SUR-SEINE,2018-03-14 17:00:00+00:00,48.77589800004221,2.37578800006495,,,,9.7,3.7,1.5
4084,VITRY-SUR-SEINE,2018-03-14 18:00:00+00:00,48.77589800004221,2.37578800006495,,,,12.23,7.13,2.0
4084,VITRY-SUR-SEINE,2018-03-14 19:00:00+00:00,48.77589800004221,2.37578800006495,,,,16.8,9.55,2.0
4084,VITRY-SUR-SEINE,2018-03-14 20:00:00+00:00,48.77589800004221,2.37578800006495,,,,14.5,9.23,2.0
4084,VITRY-SUR-SEINE,2018-03-14 21:00:00+00:00,48.77589800004221,2.37578800006495,,,,11.58,10.2,2.0
4084,VITRY-SUR-SEINE,2018-03-14 22:00:00+00:00,48.77589800004221,2.37578800006495,,,,8.63,8.05,2.0
4084,VITRY-SUR-SEINE,2018-03-14 23:00:00+00:00,48.77589800004221,2.37578800006495,,,,9.5,8.78,2.0
4084,VITRY-SUR-SEINE,2018-03-15 00:00:00+00:00,48.77589800004221,2.37578800006495,,,,9.3,6.38,2.0
4084,VITRY-SUR-SEINE,2018-03-15 01:00:00+00:00,48.77589800004221,2.37578800006495,,,,9.48,7.68,2.0
4084,VITRY-SUR-SEINE,2018-03-15 02:00:00+00:00,48.77589800004221,2.37578800006495,,,,6.93,7.3,2.0
4084,VITRY-SUR-SEINE,2018-03-15 03:00:00+00:00,48.77589800004221,2.37578800006495,,,,11.38,5.75,2.0
4084,VITRY-SUR-SEINE,2018-03-15 04:00:00+00:00,48.77589800004221,2.37578800006495,,,,7.3,5.4,1.25
4084,VITRY-SUR-SEINE,2018-03-15 05:00:00+00:00,48.77589800004221,2.37578800006495,,,,7.33,8.83,1.75
4084,VITRY-SUR-SEINE,2018-03-15 06:00:00+00:00,48.77589800004221,2.37578800006495,,,,12.8,7.93,1.75
4084,VITRY-SUR-SEINE,2018-03-15 07:00:00+00:00,48.77589800004221,2.37578800006495,,,,9.83,8.3,2.0
4084,VITRY-SUR-SEINE,2018-03-15 08:00:00+00:00,48.77589800004221,2.37578800006495,,,,13.4,10.75,2.25
4084,VITRY-SUR-SEINE,2018-03-15 09:00:00+00:00,48.77589800004221,2.37578800006495,,,,9.73,6.98,2.25
4084,VITRY-SUR-SEINE,2018-03-15 10:00:00+00:00,48.77589800004221,2.37578800006495,,,,13.5,10.05,2.25
4084,VITRY-SUR-SEINE,2018-03-15 11:00:00+00:00,48.77589800004221,2.37578800006495,,,,14.5,8.45,2.75
4084,VITRY-SUR-SEINE,2018-03-15 12:00:00+00:00,48.77589800004221,2.37578800006495,,,,13.4,6.25,2.0
4084,VITRY-SUR-SEINE,2018-03-15 13:00:00+00:00,48.77589800004221,2.37578800006495,,,,13.9,5.6,2.75
4084,VITRY-SUR-SEINE,2018-03-15 14:00:00+00:00,48.77589800004221,2.37578800006495,,,,17.23,,3.0
4084,VITRY-SUR-SEINE,2018-03-15 15:00:00+00:00,48.77589800004221,2.37578800006495,,,,17.78,,3.0
4084,VITRY-SUR-SEINE,2018-03-15 16:00:00+00:00,48.77589800004221,2.37578800006495,,,,12.7,,3.0
4084,VITRY-SUR-SEINE,2018-03-15 17:00:00+00:00,48.77589800004221,2.37578800006495,,,,,,2.25
4084,VITRY-SUR-SEINE,2018-03-15 22:00:00+00:00,48.77589800004221,2.37578800006495,,,,,,2.75
4084,VITRY-SUR-SEINE,2018-03-15 23:00:00+00:00,48.77589800004221,2.37578800006495,,,,,,3.0
4084,VITRY-SUR-SEINE,2023-03-29 16:00:00+00:00,48.77589800004221,2.37578800006495,1.8,,,,,
4084,VITRY-SUR-SEINE,2023-03-29 17:00:00+00:00,48.77589800004221,2.37578800006495,1.2,,,,,
4084,VITRY-SUR-SEINE,2023-03-29 18:00:00+00:00,48.77589800004221,2.37578800006495,0.9,,,,,
4084,VITRY-SUR-SEINE,2023-03-29 19:00:00+00:00,48.77589800004221,2.37578800006495,0.5,,,,,
4084,VITRY-SUR-SEINE,2023-03-29 20:00:00+00:00,48.77589800004221,2.37578800006495,0.6,,,,,
4084,VITRY-SUR-SEINE,2023-03-29 21:00:00+00:00,48.77589800004221,2.37578800006495,0.5,,,,,
4084,VITRY-SUR-SEINE,2023-03-29 22:00:00+00:00,48.77589800004221,2.37578800006495,0.6,,,,,
4084,VITRY-SUR-SEINE,2023-03-29 23:00:00+00:00,48.77589800004221,2.37578800006495,0.7,,,,,
4084,VITRY-SUR-SEINE,2023-03-30 00:00:00+00:00,48.77589800004221,2.37578800006495,0.2,,,,,
4084,VITRY-SUR-SEINE,2023-03-30 01:00:00+00:00,48.77589800004221,2.37578800006495,0.2,,,,,
4084,VITRY-SUR-SEINE,2023-03-30 02:00:00+00:00,48.77589800004221,2.37578800006495,0.2,,,,,
4084,VITRY-SUR-SEINE,2023-03-30 03:00:00+00:00,48.77589800004221,2.37578800006495,0.1,,,,,
4084,VITRY-SUR-SEINE,2023-03-30 04:00:00+00:00,48.77589800004221,2.37578800006495,0.4,,,,,
4084,VITRY-SUR-SEINE,2023-03-30 05:00:00+00:00,48.77589800004221,2.37578800006495,1.7,,,,,
4084,VITRY-SUR-SEINE,2023-03-30 06:00:00+00:00,48.77589800004221,2.37578800006495,1.7,,,,,
4084,VITRY-SUR-SEINE,2023-03-30 07:00:00+00:00,48.77589800004221,2.37578800006495,2.2,,,,,
4084,VITRY-SUR-SEINE,2023-03-30 08:00:00+00:00,48.77589800004221,2.37578800006495,4.5,,,,,
4084,VITRY-SUR-SEINE,2023-03-30 09:00:00+00:00,48.77589800004221,2.37578800006495,2.8,,,,,
4084,VITRY-SUR-SEINE,2023-03-30 10:00:00+00:00,48.77589800004221,2.37578800006495,2.1,,,,,
4084,VITRY-SUR-SEINE,2023-03-30 11:00:00+00:00,48.77589800004221,2.37578800006495,2.0,,,,,
4084,VITRY-SUR-SEINE,2023-03-30 12:00:00+00:00,48.77589800004221,2.37578800006495,1.7,,,,,
4084,VITRY-SUR-SEINE,2023-03-30 13:00:00+00:00,48.77589800004221,2.37578800006495,3.3,,,,,
4084,VITRY-SUR-SEINE,2023-03-30 14:00:00+00:00,48.77589800004221,2.37578800006495,2.5,,,,,
4084,VITRY-SUR-SEINE,2023-03-30 15:00:00+00:00,48.77589800004221,2.37578800006495,2.1,,,,,
4084,VITRY-SUR-SEINE,2023-03-30 16:00:00+00:00,48.77589800004221,2.37578800006495,2.6,,,,,
4084,VITRY-SUR-SEINE,2023-03-30 17:00:00+00:00,48.77589800004221,2.37578800006495,1.6,,,,,
4084,VITRY-SUR-SEINE,2023-03-30 18:00:00+00:00,48.77589800004221,2.37578800006495,1.1,,,,,
4084,VITRY-SUR-SEINE,2023-03-30 19:00:00+00:00,48.77589800004221,2.37578800006495,1.3,,,,,
4084,VITRY-SUR-SEINE,2023-03-30 20:00:00+00:00,48.77589800004221,2.37578800006495,0.5,,,,,
4084,VITRY-SUR-SEINE,2023-03-30 21:00:00+00:00,48.77589800004221,2.37578800006495,0.4,,,,,
4084,VITRY-SUR-SEINE,2023-03-30 22:00:00+00:00,48.77589800004221,2.37578800006495,0.2,,,,,
4084,VITRY-SUR-SEINE,2023-03-30 23:00:00+00:00,48.77589800004221,2.37578800006495,0.1,,,,,
4084,VITRY-SUR-SEINE,2023-03-31 00:00:00+00:00,48.77589800004221,2.37578800006495,0.1,,,,,
4084,VITRY-SUR-SEINE,2023-03-31 01:00:00+00:00,48.77589800004221,2.37578800006495,0.3,,,,,
4084,VITRY-SUR-SEINE,2023-03-31 02:00:00+00:00,48.77589800004221,2.37578800006495,0.1,,,,,
4084,VITRY-SUR-SEINE,2023-03-31 03:00:00+00:00,48.77589800004221,2.37578800006495,0.1,,,,,
4084,VITRY-SUR-SEINE,2023-03-31 04:00:00+00:00,48.77589800004221,2.37578800006495,0.0,,,,,
4084,VITRY-SUR-SEINE,2023-03-31 05:00:00+00:00,48.77589800004221,2.37578800006495,0.4,,,,,
4084,VITRY-SUR-SEINE,2023-03-31 06:00:00+00:00,48.77589800004221,2.37578800006495,0.5,,,,,
4084,VITRY-SUR-SEINE,2023-03-31 07:00:00+00:00,48.77589800004221,2.37578800006495,1.4,,,,,
4084,VITRY-SUR-SEINE,2023-03-31 08:00:00+00:00,48.77589800004221,2.37578800006495,1.7,,,,,
4084,VITRY-SUR-SEINE,2023-03-31 09:00:00+00:00,48.77589800004221,2.37578800006495,2.0,,,,,
4084,VITRY-SUR-SEINE,2023-03-31 10:00:00+00:00,48.77589800004221,2.37578800006495,3.4,,,,,
4084,VITRY-SUR-SEINE,2023-03-31 11:00:00+00:00,48.77589800004221,2.37578800006495,2.5,,,,,
4084,VITRY-SUR-SEINE,2023-03-31 12:00:00+00:00,48.77589800004221,2.37578800006495,2.1,,,,,
4084,VITRY-SUR-SEINE,2023-03-31 13:00:00+00:00,48.77589800004221,2.37578800006495,2.7,,,,,
4084,VITRY-SUR-SEINE,2023-03-31 14:00:00+00:00,48.77589800004221,2.37578800006495,2.1,,,,,
4084,VITRY-SUR-SEINE,2023-03-31 15:00:00+00:00,48.77589800004221,2.37578800006495,2.6,,,,,
4084,VITRY-SUR-SEINE,2023-03-31 16:00:00+00:00,48.77589800004221,2.37578800006495,2.3,,,,,
4084,VITRY-SUR-SEINE,2023-03-31 17:00:00+00:00,48.77589800004221,2.37578800006495,2.2,,,,,
4084,VITRY-SUR-SEINE,2023-03-31 18:00:00+00:00,48.77589800004221,2.37578800006495,2.7,,,,,
4084,VITRY-SUR-SEINE,2023-03-31 19:00:00+00:00,48.77589800004221,2.37578800006495,1.2,,,,,
4084,VITRY-SUR-SEINE,2023-03-31 20:00:00+00:00,48.77589800004221,2.37578800006495,0.9,,,,,
4084,VITRY-SUR-SEINE,2023-03-31 21:00:00+00:00,48.77589800004221,2.37578800006495,1.1,,,,,
4084,VITRY-SUR-SEINE,2023-03-31 22:00:00+00:00,48.77589800004221,2.37578800006495,0.7,,,,,
4084,VITRY-SUR-SEINE,2023-03-31 23:00:00+00:00,48.77589800004221,2.37578800006495,0.7,,,,,
4084,VITRY-SUR-SEINE,2023-04-01 00:00:00+00:00,48.77589800004221,2.37578800006495,0.4,,,,,
4084,VITRY-SUR-SEINE,2023-04-01 01:00:00+00:00,48.77589800004221,2.37578800006495,0.1,,,,,
4084,VITRY-SUR-SEINE,2023-04-01 02:00:00+00:00,48.77589800004221,2.37578800006495,0.1,,,,,
4084,VITRY-SUR-SEINE,2023-04-01 03:00:00+00:00,48.77589800004221,2.37578800006495,0.3,,,,,
4084,VITRY-SUR-SEINE,2023-04-01 04:00:00+00:00,48.77589800004221,2.37578800006495,0.2,,,,,
4084,VITRY-SUR-SEINE,2023-04-01 05:00:00+00:00,48.77589800004221,2.37578800006495,0.2,,,,,
4084,VITRY-SUR-SEINE,2023-04-01 06:00:00+00:00,48.77589800004221,2.37578800006495,0.8,,,,,
4084,VITRY-SUR-SEINE,2023-04-01 07:00:00+00:00,48.77589800004221,2.37578800006495,1.6,,,,,
4084,VITRY-SUR-SEINE,2023-04-01 08:00:00+00:00,48.77589800004221,2.37578800006495,1.6,,,,,
4084,VITRY-SUR-SEINE,2023-04-01 09:00:00+00:00,48.77589800004221,2.37578800006495,1.2,,,,,
4084,VITRY-SUR-SEINE,2023-04-01 10:00:00+00:00,48.77589800004221,2.37578800006495,1.4,,,,,
4084,VITRY-SUR-SEINE,2023-04-01 11:00:00+00:00,48.77589800004221,2.37578800006495,1.7,,,,,
4084,VITRY-SUR-SEINE,2023-04-01 12:00:00+00:00,48.77589800004221,2.37578800006495,2.6,,,,,
4084,VITRY-SUR-SEINE,2023-04-01 13:00:00+00:00,48.77589800004221,2.37578800006495,1.7,,,,,
4084,VITRY-SUR-SEINE,2023-04-01 14:00:00+00:00,48.77589800004221,2.37578800006495,1.9,,,,,
4084,VITRY-SUR-SEINE,2023-04-01 15:00:00+00:00,48.77589800004221,2.37578800006495,1.9,,,,,
4084,VITRY-SUR-SEINE,2023-04-01 16:00:00+00:00,48.77589800004221,2.37578800006495,1.8,,,,,
4084,VITRY-SUR-SEINE,2023-04-01 17:00:00+00:00,48.77589800004221,2.37578800006495,1.5,,,,,
4084,VITRY-SUR-SEINE,2023-04-01 18:00:00+00:00,48.77589800004221,2.37578800006495,1.8,,,,,
4084,VITRY-SUR-SEINE,2023-04-01 19:00:00+00:00,48.77589800004221,2.37578800006495,2.2,,,,,
4084,VITRY-SUR-SEINE,2023-04-01 20:00:00+00:00,48.77589800004221,2.37578800006495,1.0,,,,,
4084,VITRY-SUR-SEINE,2023-04-01 21:00:00+00:00,48.77589800004221,2.37578800006495,0.7,,,,,
4084,VITRY-SUR-SEINE,2023-04-01 22:00:00+00:00,48.77589800004221,2.37578800006495,0.3,,,,,
4084,VITRY-SUR-SEINE,2023-04-01 23:00:00+00:00,48.77589800004221,2.37578800006495,0.4,,,,,
4084,VITRY-SUR-SEINE,2023-04-02 00:00:00+00:00,48.77589800004221,2.37578800006495,0.4,,,,,
4084,VITRY-SUR-SEINE,2023-04-02 01:00:00+00:00,48.77589800004221,2.37578800006495,0.2,,,,,
4084,VITRY-SUR-SEINE,2023-04-02 02:00:00+00:00,48.77589800004221,2.37578800006495,0.2,,,,,
4084,VITRY-SUR-SEINE,2023-04-02 03:00:00+00:00,48.77589800004221,2.37578800006495,0.1,,,,,
4084,VITRY-SUR-SEINE,2023-04-02 04:00:00+00:00,48.77589800004221,2.37578800006495,0.2,,,,,
4084,VITRY-SUR-SEINE,2023-04-02 05:00:00+00:00,48.77589800004221,2.37578800006495,0.2,,,,,
4084,VITRY-SUR-SEINE,2023-04-02 06:00:00+00:00,48.77589800004221,2.37578800006495,0.2,,,,,
4084,VITRY-SUR-SEINE,2023-04-02 07:00:00+00:00,48.77589800004221,2.37578800006495,0.5,,,,,
4084,VITRY-SUR-SEINE,2023-04-02 08:00:00+00:00,48.77589800004221,2.37578800006495,1.5,,,,,
4084,VITRY-SUR-SEINE,2023-04-02 09:00:00+00:00,48.77589800004221,2.37578800006495,0.7,,,,,
4084,VITRY-SUR-SEINE,2023-04-02 10:00:00+00:00,48.77589800004221,2.37578800006495,1.6,,,,,
4084,VITRY-SUR-SEINE,2023-04-02 11:00:00+00:00,48.77589800004221,2.37578800006495,2.1,,,,,
4084,VITRY-SUR-SEINE,2023-04-02 12:00:00+00:00,48.77589800004221,2.37578800006495,1.3,,,,,
4084,VITRY-SUR-SEINE,2023-04-02 13:00:00+00:00,48.77589800004221,2.37578800006495,1.1,,,,,
4084,VITRY-SUR-SEINE,2023-04-02 14:00:00+00:00,48.77589800004221,2.37578800006495,1.1,,,,,
4084,VITRY-SUR-SEINE,2023-04-02 15:00:00+00:00,48.77589800004221,2.37578800006495,1.2,,,,,
4084,VITRY-SUR-SEINE,2023-04-02 16:00:00+00:00,48.77589800004221,2.37578800006495,1.3,,,,,
4084,VITRY-SUR-SEINE,2023-04-02 17:00:00+00:00,48.77589800004221,2.37578800006495,1.5,,,,,
4084,VITRY-SUR-SEINE,2023-04-02 18:00:00+00:00,48.77589800004221,2.37578800006495,1.9,,,,,
4084,VITRY-SUR-SEINE,2023-04-02 19:00:00+00:00,48.77589800004221,2.37578800006495,2.0,,,,,
4084,VITRY-SUR-SEINE,2023-04-02 20:00:00+00:00,48.77589800004221,2.37578800006495,0.9,,,,,
4084,VITRY-SUR-SEINE,2023-04-02 21:00:00+00:00,48.77589800004221,2.37578800006495,0.8,,,,,
4084,VITRY-SUR-SEINE,2023-04-02 22:00:00+00:00,48.77589800004221,2.37578800006495,1.2,,,,,
4084,VITRY-SUR-SEINE,2023-04-02 23:00:00+00:00,48.77589800004221,2.37578800006495,0.4,,,,,
4084,VITRY-SUR-SEINE,2023-04-03 00:00:00+00:00,48.77589800004221,2.37578800006495,0.3,,,,,
4084,VITRY-SUR-SEINE,2023-04-03 01:00:00+00:00,48.77589800004221,2.37578800006495,0.2,,,,,
4084,VITRY-SUR-SEINE,2023-04-03 02:00:00+00:00,48.77589800004221,2.37578800006495,0.3,,,,,
4084,VITRY-SUR-SEINE,2023-04-03 03:00:00+00:00,48.77589800004221,2.37578800006495,0.5,,,,,
4084,VITRY-SUR-SEINE,2023-04-03 04:00:00+00:00,48.77589800004221,2.37578800006495,0.5,,,,,
4084,VITRY-SUR-SEINE,2023-04-03 05:00:00+00:00,48.77589800004221,2.37578800006495,1.6,,,,,
4084,VITRY-SUR-SEINE,2023-04-03 06:00:00+00:00,48.77589800004221,2.37578800006495,3.6,,,,,
4084,VITRY-SUR-SEINE,2023-04-03 07:00:00+00:00,48.77589800004221,2.37578800006495,4.6,,,,,
4084,VITRY-SUR-SEINE,2023-04-03 08:00:00+00:00,48.77589800004221,2.37578800006495,4.2,,,,,
4084,VITRY-SUR-SEINE,2023-04-03 09:00:00+00:00,48.77589800004221,2.37578800006495,4.0,,,,,
4084,VITRY-SUR-SEINE,2023-04-03 10:00:00+00:00,48.77589800004221,2.37578800006495,1.9,,,,,
4084,VITRY-SUR-SEINE,2023-04-03 11:00:00+00:00,48.77589800004221,2.37578800006495,3.2,,,,,
4084,VITRY-SUR-SEINE,2023-04-03 12:00:00+00:00,48.77589800004221,2.37578800006495,2.5,,,,,
4084,VITRY-SUR-SEINE,2023-04-03 13:00:00+00:00,48.77589800004221,2.37578800006495,2.1,,,,,
4084,VITRY-SUR-SEINE,2023-04-03 14:00:00+00:00,48.77589800004221,2.37578800006495,1.7,,,,,
4084,VITRY-SUR-SEINE,2023-04-03 15:00:00+00:00,48.77589800004221,2.37578800006495,1.6,,,,,
4084,VITRY-SUR-SEINE,2023-04-03 16:00:00+00:00,48.77589800004221,2.37578800006495,1.6,,,,,
4084,VITRY-SUR-SEINE,2023-04-03 17:00:00+00:00,48.77589800004221,2.37578800006495,1.2,,,,,
4084,VITRY-SUR-SEINE,2023-04-03 18:00:00+00:00,48.77589800004221,2.37578800006495,0.5,,,,,
4084,VITRY-SUR-SEINE,2023-04-03 19:00:00+00:00,48.77589800004221,2.37578800006495,0.2,,,,,
4084,VITRY-SUR-SEINE,2023-04-03 20:00:00+00:00,48.77589800004221,2.37578800006495,0.4,,,,,
4084,VITRY-SUR-SEINE,2023-04-03 21:00:00+00:00,48.77589800004221,2.37578800006495,0.8,,,,,
4084,VITRY-SUR-SEINE,2023-04-03 22:00:00+00:00,48.77589800004221,2.37578800006495,0.5,,,,,
4084,VITRY-SUR-SEINE,2023-04-03 23:00:00+00:00,48.77589800004221,2.37578800006495,0.2,,,,,
4084,VITRY-SUR-SEINE,2023-04-04 00:00:00+00:00,48.77589800004221,2.37578800006495,0.4,,,,,
4084,VITRY-SUR-SEINE,2023-04-04 01:00:00+00:00,48.77589800004221,2.37578800006495,0.1,,,,,
4084,VITRY-SUR-SEINE,2023-04-04 02:00:00+00:00,48.77589800004221,2.37578800006495,0.6,,,,,
4084,VITRY-SUR-SEINE,2023-04-04 03:00:00+00:00,48.77589800004221,2.37578800006495,0.2,,,,,
4084,VITRY-SUR-SEINE,2023-04-04 04:00:00+00:00,48.77589800004221,2.37578800006495,0.3,,,,,
4084,VITRY-SUR-SEINE,2023-04-04 05:00:00+00:00,48.77589800004221,2.37578800006495,1.6,,,,,
4084,VITRY-SUR-SEINE,2023-04-04 06:00:00+00:00,48.77589800004221,2.37578800006495,4.1,,,,,
4084,VITRY-SUR-SEINE,2023-04-04 07:00:00+00:00,48.77589800004221,2.37578800006495,7.4,,,,,
4084,VITRY-SUR-SEINE,2023-04-04 08:00:00+00:00,48.77589800004221,2.37578800006495,7.0,,,,,
4084,VITRY-SUR-SEINE,2023-04-04 09:00:00+00:00,48.77589800004221,2.37578800006495,7.7,,,,,
4084,VITRY-SUR-SEINE,2023-04-04 10:00:00+00:00,48.77589800004221,2.37578800006495,4.0,,,,,
4084,VITRY-SUR-SEINE,2023-04-04 11:00:00+00:00,48.77589800004221,2.37578800006495,3.2,,,,,
4084,VITRY-SUR-SEINE,2023-04-04 12:00:00+00:00,48.77589800004221,2.37578800006495,2.4,,,,,
4084,VITRY-SUR-SEINE,2023-04-04 13:00:00+00:00,48.77589800004221,2.37578800006495,2.1,,,,,
4084,VITRY-SUR-SEINE,2023-04-04 14:00:00+00:00,48.77589800004221,2.37578800006495,2.4,,,,,
4084,VITRY-SUR-SEINE,2023-04-04 15:00:00+00:00,48.77589800004221,2.37578800006495,2.7,,,,,
4084,VITRY-SUR-SEINE,2023-04-04 16:00:00+00:00,48.77589800004221,2.37578800006495,2.6,,,,,
4084,VITRY-SUR-SEINE,2023-04-04 17:00:00+00:00,48.77589800004221,2.37578800006495,3.0,,,,,
4084,VITRY-SUR-SEINE,2023-04-04 18:00:00+00:00,48.77589800004221,2.37578800006495,1.3,,,,,
4084,VITRY-SUR-SEINE,2023-04-04 19:00:00+00:00,48.77589800004221,2.37578800006495,0.2,,,,,
4084,VITRY-SUR-SEINE,2023-04-04 20:00:00+00:00,48.77589800004221,2.37578800006495,0.4,,,,,
4084,VITRY-SUR-SEINE,2023-04-04 21:00:00+00:00,48.77589800004221,2.37578800006495,1.4,,,,,
4084,VITRY-SUR-SEINE,2023-04-04 22:00:00+00:00,48.77589800004221,2.37578800006495,1.1,,,,,
4084,VITRY-SUR-SEINE,2023-04-04 23:00:00+00:00,48.77589800004221,2.37578800006495,1.9,,,,,
4084,VITRY-SUR-SEINE,2023-04-05 00:00:00+00:00,48.77589800004221,2.37578800006495,0.8,,,,,
4084,VITRY-SUR-SEINE,2023-04-05 01:00:00+00:00,48.77589800004221,2.37578800006495,0.4,,,,,
4084,VITRY-SUR-SEINE,2023-04-05 02:00:00+00:00,48.77589800004221,2.37578800006495,0.4,,,,,
4084,VITRY-SUR-SEINE,2023-04-05 03:00:00+00:00,48.77589800004221,2.37578800006495,1.1,,,,,
4084,VITRY-SUR-SEINE,2023-04-05 04:00:00+00:00,48.77589800004221,2.37578800006495,4.3,,,,,
4084,VITRY-SUR-SEINE,2023-04-05 05:00:00+00:00,48.77589800004221,2.37578800006495,33.9,,,,,
4084,VITRY-SUR-SEINE,2023-04-05 06:00:00+00:00,48.77589800004221,2.37578800006495,39.1,,,,,
4084,VITRY-SUR-SEINE,2023-04-05 07:00:00+00:00,48.77589800004221,2.37578800006495,68.2,,,,,
4084,VITRY-SUR-SEINE,2023-04-05 08:00:00+00:00,48.77589800004221,2.37578800006495,51.2,,,,,
4084,VITRY-SUR-SEINE,2023-04-05 09:00:00+00:00,48.77589800004221,2.37578800006495,28.9,,,,,
4084,VITRY-SUR-SEINE,2023-04-05 10:00:00+00:00,48.77589800004221,2.37578800006495,19.6,,,,,
4084,VITRY-SUR-SEINE,2023-04-05 11:00:00+00:00,48.77589800004221,2.37578800006495,12.3,,,,,
4084,VITRY-SUR-SEINE,2023-04-05 12:00:00+00:00,48.77589800004221,2.37578800006495,10.5,,,,,
4084,VITRY-SUR-SEINE,2023-04-05 13:00:00+00:00,48.77589800004221,2.37578800006495,7.6,,,,,
4084,VITRY-SUR-SEINE,2023-04-05 14:00:00+00:00,48.77589800004221,2.37578800006495,5.4,,,,,
4084,VITRY-SUR-SEINE,2023-04-05 15:00:00+00:00,48.77589800004221,2.37578800006495,4.6,,,,,
4084,VITRY-SUR-SEINE,2023-04-05 16:00:00+00:00,48.77589800004221,2.37578800006495,4.5,,,,,
4084,VITRY-SUR-SEINE,2023-04-05 17:00:00+00:00,48.77589800004221,2.37578800006495,3.1,,,,,
4084,VITRY-SUR-SEINE,2023-04-05 18:00:00+00:00,48.77589800004221,2.37578800006495,1.8,,,,,
4084,VITRY-SUR-SEINE,2023-04-05 19:00:00+00:00,48.77589800004221,2.37578800006495,2.4,,,,,
4084,VITRY-SUR-SEINE,2023-04-05 20:00:00+00:00,48.77589800004221,2.37578800006495,0.5,,,,,
4084,VITRY-SUR-SEINE,2023-04-05 21:00:00+00:00,48.77589800004221,2.37578800006495,0.4,,,,,
4084,VITRY-SUR-SEINE,2023-04-05 22:00:00+00:00,48.77589800004221,2.37578800006495,0.6,,,,,
4084,VITRY-SUR-SEINE,2023-04-05 23:00:00+00:00,48.77589800004221,2.37578800006495,0.9,,,,,
4084,VITRY-SUR-SEINE,2023-04-06 00:00:00+00:00,48.77589800004221,2.37578800006495,1.2,,,,,
4084,VITRY-SUR-SEINE,2023-04-06 01:00:00+00:00,48.77589800004221,2.37578800006495,0.4,,,,,
4084,VITRY-SUR-SEINE,2023-04-06 02:00:00+00:00,48.77589800004221,2.37578800006495,0.5,,,,,
4084,VITRY-SUR-SEINE,2023-04-06 03:00:00+00:00,48.77589800004221,2.37578800006495,0.5,,,,,
4084,VITRY-SUR-SEINE,2023-04-06 04:00:00+00:00,48.77589800004221,2.37578800006495,1.0,,,,,
4084,VITRY-SUR-SEINE,2023-04-06 05:00:00+00:00,48.77589800004221,2.37578800006495,3.6,,,,,
4084,VITRY-SUR-SEINE,2023-04-06 06:00:00+00:00,48.77589800004221,2.37578800006495,25.1,,,,,
4084,VITRY-SUR-SEINE,2023-04-06 07:00:00+00:00,48.77589800004221,2.37578800006495,18.2,,,,,
4084,VITRY-SUR-SEINE,2023-04-06 08:00:00+00:00,48.77589800004221,2.37578800006495,10.8,,,,,
4084,VITRY-SUR-SEINE,2023-04-06 09:00:00+00:00,48.77589800004221,2.37578800006495,5.6,,,,,
4084,VITRY-SUR-SEINE,2023-04-06 10:00:00+00:00,48.77589800004221,2.37578800006495,5.5,,,,,
4084,VITRY-SUR-SEINE,2023-04-06 11:00:00+00:00,48.77589800004221,2.37578800006495,3.1,,,,,
4084,VITRY-SUR-SEINE,2023-04-06 12:00:00+00:00,48.77589800004221,2.37578800006495,3.3,,,,,
4084,VITRY-SUR-SEINE,2023-04-06 13:00:00+00:00,48.77589800004221,2.37578800006495,2.7,,,,,
4084,VITRY-SUR-SEINE,2023-04-06 14:00:00+00:00,48.77589800004221,2.37578800006495,3.4,,,,,
4084,VITRY-SUR-SEINE,2023-04-06 15:00:00+00:00,48.77589800004221,2.37578800006495,3.5,,,,,
4084,VITRY-SUR-SEINE,2023-04-06 16:00:00+00:00,48.77589800004221,2.37578800006495,2.4,,,,,
4084,VITRY-SUR-SEINE,2023-04-06 17:00:00+00:00,48.77589800004221,2.37578800006495,2.4,,,,,
4084,VITRY-SUR-SEINE,2023-04-06 18:00:00+00:00,48.77589800004221,2.37578800006495,2.6,,,,,
4084,VITRY-SUR-SEINE,2023-04-06 19:00:00+00:00,48.77589800004221,2.37578800006495,1.9,,,,,
4084,VITRY-SUR-SEINE,2023-04-06 20:00:00+00:00,48.77589800004221,2.37578800006495,1.1,,,,,
4084,VITRY-SUR-SEINE,2023-04-06 21:00:00+00:00,48.77589800004221,2.37578800006495,1.2,,,,,
4084,VITRY-SUR-SEINE,2023-04-06 22:00:00+00:00,48.77589800004221,2.37578800006495,1.6,,,,,
4084,VITRY-SUR-SEINE,2023-04-06 23:00:00+00:00,48.77589800004221,2.37578800006495,0.8,,,,,
4084,VITRY-SUR-SEINE,2023-04-07 00:00:00+00:00,48.77589800004221,2.37578800006495,0.3,,,,,
4084,VITRY-SUR-SEINE,2023-04-07 01:00:00+00:00,48.77589800004221,2.37578800006495,0.1,,,,,
4084,VITRY-SUR-SEINE,2023-04-07 02:00:00+00:00,48.77589800004221,2.37578800006495,0.1,,,,,
4084,VITRY-SUR-SEINE,2023-04-07 03:00:00+00:00,48.77589800004221,2.37578800006495,0.3,,,,,
4084,VITRY-SUR-SEINE,2023-04-07 04:00:00+00:00,48.77589800004221,2.37578800006495,0.5,,,,,
4084,VITRY-SUR-SEINE,2023-04-07 05:00:00+00:00,48.77589800004221,2.37578800006495,1.4,,,,,
4084,VITRY-SUR-SEINE,2023-04-07 06:00:00+00:00,48.77589800004221,2.37578800006495,8.6,,,,,
4084,VITRY-SUR-SEINE,2023-04-07 07:00:00+00:00,48.77589800004221,2.37578800006495,10.3,,,,,
4084,VITRY-SUR-SEINE,2023-04-07 08:00:00+00:00,48.77589800004221,2.37578800006495,11.0,,,,,
4084,VITRY-SUR-SEINE,2023-04-07 09:00:00+00:00,48.77589800004221,2.37578800006495,9.9,,,,,
4084,VITRY-SUR-SEINE,2023-04-07 10:00:00+00:00,48.77589800004221,2.37578800006495,8.0,,,,,
4084,VITRY-SUR-SEINE,2023-04-07 11:00:00+00:00,48.77589800004221,2.37578800006495,3.4,,,,,
4084,VITRY-SUR-SEINE,2023-04-07 12:00:00+00:00,48.77589800004221,2.37578800006495,3.4,,,,,
4084,VITRY-SUR-SEINE,2023-04-07 13:00:00+00:00,48.77589800004221,2.37578800006495,3.1,,,,,
4084,VITRY-SUR-SEINE,2023-04-07 14:00:00+00:00,48.77589800004221,2.37578800006495,3.7,,,,,
4084,VITRY-SUR-SEINE,2023-04-07 15:00:00+00:00,48.77589800004221,2.37578800006495,4.1,,,,,
4084,VITRY-SUR-SEINE,2023-04-07 16:00:00+00:00,48.77589800004221,2.37578800006495,5.4,,,,,
4084,VITRY-SUR-SEINE,2023-04-07 17:00:00+00:00,48.77589800004221,2.37578800006495,2.8,,,,,
4084,VITRY-SUR-SEINE,2023-04-07 18:00:00+00:00,48.77589800004221,2.37578800006495,2.4,,,,,
4084,VITRY-SUR-SEINE,2023-04-07 19:00:00+00:00,48.77589800004221,2.37578800006495,2.2,,,,,
4084,VITRY-SUR-SEINE,2023-04-07 20:00:00+00:00,48.77589800004221,2.37578800006495,1.2,,,,,
4084,VITRY-SUR-SEINE,2023-04-07 21:00:00+00:00,48.77589800004221,2.37578800006495,1.2,,,,,
4084,VITRY-SUR-SEINE,2023-04-07 22:00:00+00:00,48.77589800004221,2.37578800006495,0.8,,,,,
4084,VITRY-SUR-SEINE,2023-04-07 23:00:00+00:00,48.77589800004221,2.37578800006495,0.6,,,,,
4084,VITRY-SUR-SEINE,2023-04-08 00:00:00+00:00,48.77589800004221,2.37578800006495,0.6,,,,,
4084,VITRY-SUR-SEINE,2023-04-08 01:00:00+00:00,48.77589800004221,2.37578800006495,0.4,,,,,
4084,VITRY-SUR-SEINE,2023-04-08 02:00:00+00:00,48.77589800004221,2.37578800006495,0.3,,,,,
4084,VITRY-SUR-SEINE,2023-04-08 03:00:00+00:00,48.77589800004221,2.37578800006495,1.0,,,,,
4084,VITRY-SUR-SEINE,2023-04-08 04:00:00+00:00,48.77589800004221,2.37578800006495,0.6,,,,,
4084,VITRY-SUR-SEINE,2023-04-08 05:00:00+00:00,48.77589800004221,2.37578800006495,0.8,,,,,
4084,VITRY-SUR-SEINE,2023-04-08 06:00:00+00:00,48.77589800004221,2.37578800006495,2.5,,,,,
4084,VITRY-SUR-SEINE,2023-04-08 07:00:00+00:00,48.77589800004221,2.37578800006495,4.6,,,,,
4084,VITRY-SUR-SEINE,2023-04-08 08:00:00+00:00,48.77589800004221,2.37578800006495,5.8,,,,,
4084,VITRY-SUR-SEINE,2023-04-08 09:00:00+00:00,48.77589800004221,2.37578800006495,3.1,,,,,
4084,VITRY-SUR-SEINE,2023-04-08 10:00:00+00:00,48.77589800004221,2.37578800006495,2.8,,,,,
4084,VITRY-SUR-SEINE,2023-04-08 11:00:00+00:00,48.77589800004221,2.37578800006495,3.0,,,,,
4084,VITRY-SUR-SEINE,2023-04-08 12:00:00+00:00,48.77589800004221,2.37578800006495,3.2,,,,,
4084,VITRY-SUR-SEINE,2023-04-08 13:00:00+00:00,48.77589800004221,2.37578800006495,3.2,,,,,
4084,VITRY-SUR-SEINE,2023-04-08 14:00:00+00:00,48.77589800004221,2.37578800006495,3.6,,,,,
4084,VITRY-SUR-SEINE,2023-04-08 15:00:00+00:00,48.77589800004221,2.37578800006495,2.4,,,,,
4084,VITRY-SUR-SEINE,2023-04-08 16:00:00+00:00,48.77589800004221,2.37578800006495,1.3,,,,,
4084,VITRY-SUR-SEINE,2023-04-08 17:00:00+00:00,48.77589800004221,2.37578800006495,1.4,,,,,
4084,VITRY-SUR-SEINE,2023-04-08 18:00:00+00:00,48.77589800004221,2.37578800006495,0.5,,,,,
4084,VITRY-SUR-SEINE,2023-04-08 19:00:00+00:00,48.77589800004221,2.37578800006495,0.6,,,,,
4084,VITRY-SUR-SEINE,2023-04-08 20:00:00+00:00,48.77589800004221,2.37578800006495,0.5,,,,,
4084,VITRY-SUR-SEINE,2023-04-08 21:00:00+00:00,48.77589800004221,2.37578800006495,0.3,,,,,
4084,VITRY-SUR-SEINE,2023-04-08 22:00:00+00:00,48.77589800004221,2.37578800006495,0.3,,,,,
4084,VITRY-SUR-SEINE,2023-04-08 23:00:00+00:00,48.77589800004221,2.37578800006495,0.5,,,,,
4084,VITRY-SUR-SEINE,2023-04-09 00:00:00+00:00,48.77589800004221,2.37578800006495,2.3,,,,,
4084,VITRY-SUR-SEINE,2023-04-09 01:00:00+00:00,48.77589800004221,2.37578800006495,1.6,,,,,
4084,VITRY-SUR-SEINE,2023-04-09 02:00:00+00:00,48.77589800004221,2.37578800006495,0.7,,,,,
4084,VITRY-SUR-SEINE,2023-04-09 03:00:00+00:00,48.77589800004221,2.37578800006495,0.7,,,,,
4084,VITRY-SUR-SEINE,2023-04-09 04:00:00+00:00,48.77589800004221,2.37578800006495,0.8,,,,,
4084,VITRY-SUR-SEINE,2023-04-09 05:00:00+00:00,48.77589800004221,2.37578800006495,1.0,,,,,
4084,VITRY-SUR-SEINE,2023-04-09 06:00:00+00:00,48.77589800004221,2.37578800006495,1.7,,,,,
4084,VITRY-SUR-SEINE,2023-04-09 07:00:00+00:00,48.77589800004221,2.37578800006495,5.1,,,,,
4084,VITRY-SUR-SEINE,2023-04-09 08:00:00+00:00,48.77589800004221,2.37578800006495,8.2,,,,,
4084,VITRY-SUR-SEINE,2023-04-09 09:00:00+00:00,48.77589800004221,2.37578800006495,8.5,,,,,
4084,VITRY-SUR-SEINE,2023-04-09 10:00:00+00:00,48.77589800004221,2.37578800006495,5.1,,,,,
4084,VITRY-SUR-SEINE,2023-04-09 11:00:00+00:00,48.77589800004221,2.37578800006495,1.6,,,,,
4084,VITRY-SUR-SEINE,2023-04-09 12:00:00+00:00,48.77589800004221,2.37578800006495,0.6,,,,,
4084,VITRY-SUR-SEINE,2023-04-09 13:00:00+00:00,48.77589800004221,2.37578800006495,0.4,,,,,
4084,VITRY-SUR-SEINE,2023-04-09 14:00:00+00:00,48.77589800004221,2.37578800006495,0.3,,,,,
4084,VITRY-SUR-SEINE,2023-04-09 15:00:00+00:00,48.77589800004221,2.37578800006495,0.5,,,,,
4084,VITRY-SUR-SEINE,2023-04-09 16:00:00+00:00,48.77589800004221,2.37578800006495,0.5,,,,,
4084,VITRY-SUR-SEINE,2023-04-09 17:00:00+00:00,48.77589800004221,2.37578800006495,0.5,,,,,
4084,VITRY-SUR-SEINE,2023-04-09 18:00:00+00:00,48.77589800004221,2.37578800006495,0.2,,,,,
4084,VITRY-SUR-SEINE,2023-04-09 19:00:00+00:00,48.77589800004221,2.37578800006495,0.2,,,,,
4084,VITRY-SUR-SEINE,2023-04-09 20:00:00+00:00,48.77589800004221,2.37578800006495,0.1,,,,,
4084,VITRY-SUR-SEINE,2023-04-09 21:00:00+00:00,48.77589800004221,2.37578800006495,0.1,,,,,
4084,VITRY-SUR-SEINE,2023-04-09 22:00:00+00:00,48.77589800004221,2.37578800006495,0.1,,,,,
4084,VITRY-SUR-SEINE,2023-04-09 23:00:00+00:00,48.77589800004221,2.37578800006495,0.2,,,,,
4084,VITRY-SUR-SEINE,2023-04-10 00:00:00+00:00,48.77589800004221,2.37578800006495,0.2,,,,,
4084,VITRY-SUR-SEINE,2023-04-10 01:00:00+00:00,48.77589800004221,2.37578800006495,0.2,,,,,
4084,VITRY-SUR-SEINE,2023-04-10 02:00:00+00:00,48.77589800004221,2.37578800006495,0.2,,,,,
4084,VITRY-SUR-SEINE,2023-04-10 03:00:00+00:00,48.77589800004221,2.37578800006495,0.2,,,,,
4084,VITRY-SUR-SEINE,2023-04-10 04:00:00+00:00,48.77589800004221,2.37578800006495,0.3,,,,,
4084,VITRY-SUR-SEINE,2023-04-10 05:00:00+00:00,48.77589800004221,2.37578800006495,0.5,,,,,
4084,VITRY-SUR-SEINE,2023-04-10 06:00:00+00:00,48.77589800004221,2.37578800006495,0.7,,,,,
4084,VITRY-SUR-SEINE,2023-04-10 07:00:00+00:00,48.77589800004221,2.37578800006495,2.7,,,,,
4084,VITRY-SUR-SEINE,2023-04-10 08:00:00+00:00,48.77589800004221,2.37578800006495,2.9,,,,,
4084,VITRY-SUR-SEINE,2023-04-10 09:00:00+00:00,48.77589800004221,2.37578800006495,2.6,,,,,
4084,VITRY-SUR-SEINE,2023-04-10 10:00:00+00:00,48.77589800004221,2.37578800006495,2.9,,,,,
4084,VITRY-SUR-SEINE,2023-04-10 11:00:00+00:00,48.77589800004221,2.37578800006495,1.9,,,,,
4084,VITRY-SUR-SEINE,2023-04-10 12:00:00+00:00,48.77589800004221,2.37578800006495,2.3,,,,,
4084,VITRY-SUR-SEINE,2023-04-10 13:00:00+00:00,48.77589800004221,2.37578800006495,1.3,,,,,
4084,VITRY-SUR-SEINE,2023-04-10 14:00:00+00:00,48.77589800004221,2.37578800006495,1.1,,,,,
4084,VITRY-SUR-SEINE,2023-04-10 15:00:00+00:00,48.77589800004221,2.37578800006495,1.4,,,,,
4084,VITRY-SUR-SEINE,2023-04-10 16:00:00+00:00,48.77589800004221,2.37578800006495,1.2,,,,,
4084,VITRY-SUR-SEINE,2023-04-10 17:00:00+00:00,48.77589800004221,2.37578800006495,1.3,,,,,
4084,VITRY-SUR-SEINE,2023-04-10 18:00:00+00:00,48.77589800004221,2.37578800006495,1.7,,,,,
4084,VITRY-SUR-SEINE,2023-04-10 19:00:00+00:00,48.77589800004221,2.37578800006495,1.1,,,,,
4084,VITRY-SUR-SEINE,2023-04-10 20:00:00+00:00,48.77589800004221,2.37578800006495,0.8,,,,,
4084,VITRY-SUR-SEINE,2023-04-10 21:00:00+00:00,48.77589800004221,2.37578800006495,0.7,,,,,
4084,VITRY-SUR-SEINE,2023-04-10 22:00:00+00:00,48.77589800004221,2.37578800006495,0.9,,,,,
4084,VITRY-SUR-SEINE,2023-04-10 23:00:00+00:00,48.77589800004221,2.37578800006495,0.5,,,,,
4084,VITRY-SUR-SEINE,2023-04-11 00:00:00+00:00,48.77589800004221,2.37578800006495,0.3,,,,,
4084,VITRY-SUR-SEINE,2023-04-11 01:00:00+00:00,48.77589800004221,2.37578800006495,0.1,,,,,
4084,VITRY-SUR-SEINE,2023-04-11 02:00:00+00:00,48.77589800004221,2.37578800006495,0.8,,,,,
4084,VITRY-SUR-SEINE,2023-04-11 03:00:00+00:00,48.77589800004221,2.37578800006495,0.1,,,,,
4084,VITRY-SUR-SEINE,2023-04-11 04:00:00+00:00,48.77589800004221,2.37578800006495,0.4,,,,,
4084,VITRY-SUR-SEINE,2023-04-11 05:00:00+00:00,48.77589800004221,2.37578800006495,1.1,,,,,
4084,VITRY-SUR-SEINE,2023-04-11 06:00:00+00:00,48.77589800004221,2.37578800006495,5.0,,,,,
4084,VITRY-SUR-SEINE,2023-04-11 07:00:00+00:00,48.77589800004221,2.37578800006495,5.7,,,,,
4084,VITRY-SUR-SEINE,2023-04-11 08:00:00+00:00,48.77589800004221,2.37578800006495,5.5,,,,,
4084,VITRY-SUR-SEINE,2023-04-11 12:00:00+00:00,48.77589800004221,2.37578800006495,1.9,,,,,
4084,VITRY-SUR-SEINE,2023-04-11 13:00:00+00:00,48.77589800004221,2.37578800006495,1.8,,,,,
4084,VITRY-SUR-SEINE,2023-04-11 14:00:00+00:00,48.77589800004221,2.37578800006495,1.3,,,,,
4084,VITRY-SUR-SEINE,2023-04-11 15:00:00+00:00,48.77589800004221,2.37578800006495,2.0,,,,,
4084,VITRY-SUR-SEINE,2023-04-11 16:00:00+00:00,48.77589800004221,2.37578800006495,1.6,,,,,
4084,VITRY-SUR-SEINE,2023-04-11 17:00:00+00:00,48.77589800004221,2.37578800006495,1.1,,,,,
4084,VITRY-SUR-SEINE,2023-04-11 18:00:00+00:00,48.77589800004221,2.37578800006495,0.7,,,,,
4084,VITRY-SUR-SEINE,2023-04-11 19:00:00+00:00,48.77589800004221,2.37578800006495,0.5,,,,,
4084,VITRY-SUR-SEINE,2023-04-11 20:00:00+00:00,48.77589800004221,2.37578800006495,0.3,,,,,
4084,VITRY-SUR-SEINE,2023-04-11 21:00:00+00:00,48.77589800004221,2.37578800006495,0.4,,,,,
4084,VITRY-SUR-SEINE,2023-04-11 22:00:00+00:00,48.77589800004221,2.37578800006495,0.3,,,,,
4084,VITRY-SUR-SEINE,2023-04-11 23:00:00+00:00,48.77589800004221,2.37578800006495,0.2,,,,,
4084,VITRY-SUR-SEINE,2023-04-12 00:00:00+00:00,48.77589800004221,2.37578800006495,0.2,,,,,
4084,VITRY-SUR-SEINE,2023-04-12 01:00:00+00:00,48.77589800004221,2.37578800006495,0.1,,,,,
4084,VITRY-SUR-SEINE,2023-04-12 02:00:00+00:00,48.77589800004221,2.37578800006495,0.1,,,,,
4084,VITRY-SUR-SEINE,2023-04-12 03:00:00+00:00,48.77589800004221,2.37578800006495,0.1,,,,,
4084,VITRY-SUR-SEINE,2023-04-12 04:00:00+00:00,48.77589800004221,2.37578800006495,0.2,,,,,
4084,VITRY-SUR-SEINE,2023-04-12 05:00:00+00:00,48.77589800004221,2.37578800006495,1.5,,,,,
4084,VITRY-SUR-SEINE,2023-04-12 06:00:00+00:00,48.77589800004221,2.37578800006495,3.3,,,,,
4084,VITRY-SUR-SEINE,2023-04-12 07:00:00+00:00,48.77589800004221,2.37578800006495,3.6,,,,,
4084,VITRY-SUR-SEINE,2023-04-12 08:00:00+00:00,48.77589800004221,2.37578800006495,4.0,,,,,
4084,VITRY-SUR-SEINE,2023-04-12 09:00:00+00:00,48.77589800004221,2.37578800006495,5.8,,,,,
4084,VITRY-SUR-SEINE,2023-04-12 10:00:00+00:00,48.77589800004221,2.37578800006495,2.4,,,,,
4084,VITRY-SUR-SEINE,2023-04-12 11:00:00+00:00,48.77589800004221,2.37578800006495,2.0,,,,,
4084,VITRY-SUR-SEINE,2023-04-12 12:00:00+00:00,48.77589800004221,2.37578800006495,1.9,,,,,
4084,VITRY-SUR-SEINE,2023-04-12 13:00:00+00:00,48.77589800004221,2.37578800006495,2.5,,,,,
4084,VITRY-SUR-SEINE,2023-04-12 14:00:00+00:00,48.77589800004221,2.37578800006495,1.8,,,,,
4084,VITRY-SUR-SEINE,2023-04-12 15:00:00+00:00,48.77589800004221,2.37578800006495,3.5,,,,,
4084,VITRY-SUR-SEINE,2023-04-12 16:00:00+00:00,48.77589800004221,2.37578800006495,2.5,,,,,
4084,VITRY-SUR-SEINE,2023-04-12 17:00:00+00:00,48.77589800004221,2.37578800006495,3.0,,,,,
4084,VITRY-SUR-SEINE,2023-04-12 18:00:00+00:00,48.77589800004221,2.37578800006495,2.9,,,,,
4084,VITRY-SUR-SEINE,2023-04-12 19:00:00+00:00,48.77589800004221,2.37578800006495,1.2,,,,,
4084,VITRY-SUR-SEINE,2023-04-12 20:00:00+00:00,48.77589800004221,2.37578800006495,0.8,,,,,
4084,VITRY-SUR-SEINE,2023-04-12 21:00:00+00:00,48.77589800004221,2.37578800006495,0.7,,,,,
4084,VITRY-SUR-SEINE,2023-04-12 22:00:00+00:00,48.77589800004221,2.37578800006495,0.3,,,,,
4084,VITRY-SUR-SEINE,2023-04-12 23:00:00+00:00,48.77589800004221,2.37578800006495,0.2,,,,,
4084,VITRY-SUR-SEINE,2023-04-13 00:00:00+00:00,48.77589800004221,2.37578800006495,0.4,,,,,
4084,VITRY-SUR-SEINE,2023-04-13 01:00:00+00:00,48.77589800004221,2.37578800006495,0.1,,,,,
4084,VITRY-SUR-SEINE,2023-04-13 02:00:00+00:00,48.77589800004221,2.37578800006495,0.1,,,,,
4084,VITRY-SUR-SEINE,2023-04-13 03:00:00+00:00,48.77589800004221,2.37578800006495,0.3,,,,,
4084,VITRY-SUR-SEINE,2023-04-13 04:00:00+00:00,48.77589800004221,2.37578800006495,1.0,,,,,
4084,VITRY-SUR-SEINE,2023-04-13 05:00:00+00:00,48.77589800004221,2.37578800006495,2.1,,,,,
4084,VITRY-SUR-SEINE,2023-04-13 06:00:00+00:00,48.77589800004221,2.37578800006495,4.6,,,,,
4084,VITRY-SUR-SEINE,2023-04-13 07:00:00+00:00,48.77589800004221,2.37578800006495,7.0,,,,,
4084,VITRY-SUR-SEINE,2023-04-13 08:00:00+00:00,48.77589800004221,2.37578800006495,4.0,,,,,
4084,VITRY-SUR-SEINE,2023-04-13 09:00:00+00:00,48.77589800004221,2.37578800006495,3.4,,,,,
4084,VITRY-SUR-SEINE,2023-04-13 10:00:00+00:00,48.77589800004221,2.37578800006495,3.5,,,,,
4084,VITRY-SUR-SEINE,2023-04-13 11:00:00+00:00,48.77589800004221,2.37578800006495,2.5,,,,,
4084,VITRY-SUR-SEINE,2023-04-13 12:00:00+00:00,48.77589800004221,2.37578800006495,2.8,,,,,
4084,VITRY-SUR-SEINE,2023-04-13 13:00:00+00:00,48.77589800004221,2.37578800006495,2.6,,,,,
4084,VITRY-SUR-SEINE,2023-04-13 14:00:00+00:00,48.77589800004221,2.37578800006495,2.4,,,,,
4084,VITRY-SUR-SEINE,2023-04-13 15:00:00+00:00,48.77589800004221,2.37578800006495,3.4,,,,,
4084,VITRY-SUR-SEINE,2023-04-13 16:00:00+00:00,48.77589800004221,2.37578800006495,3.1,,,,,
4084,VITRY-SUR-SEINE,2023-04-13 17:00:00+00:00,48.77589800004221,2.37578800006495,2.6,,,,,
4084,VITRY-SUR-SEINE,2023-04-13 18:00:00+00:00,48.77589800004221,2.37578800006495,1.8,,,,,
4084,VITRY-SUR-SEINE,2023-04-13 19:00:00+00:00,48.77589800004221,2.37578800006495,1.5,,,,,
4084,VITRY-SUR-SEINE,2023-04-13 20:00:00+00:00,48.77589800004221,2.37578800006495,0.9,,,,,
4084,VITRY-SUR-SEINE,2023-04-13 21:00:00+00:00,48.77589800004221,2.37578800006495,1.4,,,,,
4084,VITRY-SUR-SEINE,2023-04-13 22:00:00+00:00,48.77589800004221,2.37578800006495,1.3,,,,,
4084,VITRY-SUR-SEINE,2023-04-13 23:00:00+00:00,48.77589800004221,2.37578800006495,1.7,,,,,
4084,VITRY-SUR-SEINE,2023-04-14 00:00:00+00:00,48.77589800004221,2.37578800006495,0.6,,,,,
4084,VITRY-SUR-SEINE,2023-04-14 01:00:00+00:00,48.77589800004221,2.37578800006495,0.5,,,,,
4084,VITRY-SUR-SEINE,2023-04-14 02:00:00+00:00,48.77589800004221,2.37578800006495,0.6,,,,,
4084,VITRY-SUR-SEINE,2023-04-14 03:00:00+00:00,48.77589800004221,2.37578800006495,0.7,,,,,
4084,VITRY-SUR-SEINE,2023-04-14 04:00:00+00:00,48.77589800004221,2.37578800006495,2.0,,,,,
4084,VITRY-SUR-SEINE,2023-04-14 05:00:00+00:00,48.77589800004221,2.37578800006495,2.9,,,,,
4084,VITRY-SUR-SEINE,2023-04-14 06:00:00+00:00,48.77589800004221,2.37578800006495,12.0,,,,,
4084,VITRY-SUR-SEINE,2023-04-14 07:00:00+00:00,48.77589800004221,2.37578800006495,10.3,,,,,
4084,VITRY-SUR-SEINE,2023-04-14 08:00:00+00:00,48.77589800004221,2.37578800006495,10.0,,,,,
4084,VITRY-SUR-SEINE,2023-04-14 09:00:00+00:00,48.77589800004221,2.37578800006495,6.3,,,,,
4084,VITRY-SUR-SEINE,2023-04-14 10:00:00+00:00,48.77589800004221,2.37578800006495,3.0,,,,,
4084,VITRY-SUR-SEINE,2023-04-14 11:00:00+00:00,48.77589800004221,2.37578800006495,2.1,,,,,
4084,VITRY-SUR-SEINE,2023-04-14 12:00:00+00:00,48.77589800004221,2.37578800006495,2.2,,,,,
4084,VITRY-SUR-SEINE,2023-04-14 13:00:00+00:00,48.77589800004221,2.37578800006495,1.7,,,,,
4084,VITRY-SUR-SEINE,2023-04-14 14:00:00+00:00,48.77589800004221,2.37578800006495,1.9,,,,,
4084,VITRY-SUR-SEINE,2023-04-14 15:00:00+00:00,48.77589800004221,2.37578800006495,0.9,,,,,
4084,VITRY-SUR-SEINE,2023-04-14 16:00:00+00:00,48.77589800004221,2.37578800006495,1.3,,,,,
4084,VITRY-SUR-SEINE,2023-04-14 17:00:00+00:00,48.77589800004221,2.37578800006495,1.0,,,,,
4084,VITRY-SUR-SEINE,2023-04-14 18:00:00+00:00,48.77589800004221,2.37578800006495,0.8,,,,,
4084,VITRY-SUR-SEINE,2023-04-14 19:00:00+00:00,48.77589800004221,2.37578800006495,0.4,,,,,
4084,VITRY-SUR-SEINE,2023-04-14 20:00:00+00:00,48.77589800004221,2.37578800006495,0.4,,,,,
4084,VITRY-SUR-SEINE,2023-04-14 21:00:00+00:00,48.77589800004221,2.37578800006495,0.5,,,,,
4084,VITRY-SUR-SEINE,2023-04-14 22:00:00+00:00,48.77589800004221,2.37578800006495,0.6,,,,,
4084,VITRY-SUR-SEINE,2023-04-14 23:00:00+00:00,48.77589800004221,2.37578800006495,0.6,,,,,
4084,VITRY-SUR-SEINE,2023-04-15 00:00:00+00:00,48.77589800004221,2.37578800006495,0.5,,,,,
4084,VITRY-SUR-SEINE,2023-04-15 01:00:00+00:00,48.77589800004221,2.37578800006495,0.3,,,,,
4084,VITRY-SUR-SEINE,2023-04-15 02:00:00+00:00,48.77589800004221,2.37578800006495,0.5,,,,,
4084,VITRY-SUR-SEINE,2023-04-15 03:00:00+00:00,48.77589800004221,2.37578800006495,1.7,,,,,
4084,VITRY-SUR-SEINE,2023-04-15 04:00:00+00:00,48.77589800004221,2.37578800006495,1.3,,,,,
4084,VITRY-SUR-SEINE,2023-04-15 05:00:00+00:00,48.77589800004221,2.37578800006495,1.5,,,,,
4084,VITRY-SUR-SEINE,2023-04-15 06:00:00+00:00,48.77589800004221,2.37578800006495,2.3,,,,,
4084,VITRY-SUR-SEINE,2023-04-15 07:00:00+00:00,48.77589800004221,2.37578800006495,3.8,,,,,
4084,VITRY-SUR-SEINE,2023-04-15 08:00:00+00:00,48.77589800004221,2.37578800006495,1.7,,,,,
4084,VITRY-SUR-SEINE,2023-04-15 09:00:00+00:00,48.77589800004221,2.37578800006495,2.5,,,,,
4084,VITRY-SUR-SEINE,2023-04-15 10:00:00+00:00,48.77589800004221,2.37578800006495,3.0,,,,,
4084,VITRY-SUR-SEINE,2023-04-15 11:00:00+00:00,48.77589800004221,2.37578800006495,3.0,,,,,
4084,VITRY-SUR-SEINE,2023-04-15 12:00:00+00:00,48.77589800004221,2.37578800006495,3.2,,,,,
4084,VITRY-SUR-SEINE,2023-04-15 13:00:00+00:00,48.77589800004221,2.37578800006495,3.0,,,,,
4084,VITRY-SUR-SEINE,2023-04-15 14:00:00+00:00,48.77589800004221,2.37578800006495,1.8,,,,,
4084,VITRY-SUR-SEINE,2023-04-15 15:00:00+00:00,48.77589800004221,2.37578800006495,2.4,,,,,
4084,VITRY-SUR-SEINE,2023-04-15 16:00:00+00:00,48.77589800004221,2.37578800006495,2.8,,,,,
4084,VITRY-SUR-SEINE,2023-04-15 17:00:00+00:00,48.77589800004221,2.37578800006495,1.9,,,,,
4084,VITRY-SUR-SEINE,2023-04-15 18:00:00+00:00,48.77589800004221,2.37578800006495,1.9,,,,,
4084,VITRY-SUR-SEINE,2023-04-15 19:00:00+00:00,48.77589800004221,2.37578800006495,2.2,,,,,
4084,VITRY-SUR-SEINE,2023-04-15 20:00:00+00:00,48.77589800004221,2.37578800006495,1.0,,,,,
4084,VITRY-SUR-SEINE,2023-04-15 21:00:00+00:00,48.77589800004221,2.37578800006495,1.3,,,,,
4084,VITRY-SUR-SEINE,2023-04-15 22:00:00+00:00,48.77589800004221,2.37578800006495,0.7,,,,,
4084,VITRY-SUR-SEINE,2023-04-15 23:00:00+00:00,48.77589800004221,2.37578800006495,1.1,,,,,
4084,VITRY-SUR-SEINE,2023-04-16 00:00:00+00:00,48.77589800004221,2.37578800006495,1.0,,,,,
4084,VITRY-SUR-SEINE,2023-04-16 01:00:00+00:00,48.77589800004221,2.37578800006495,0.3,,,,,
4084,VITRY-SUR-SEINE,2023-04-16 02:00:00+00:00,48.77589800004221,2.37578800006495,0.2,,,,,
4084,VITRY-SUR-SEINE,2023-04-16 03:00:00+00:00,48.77589800004221,2.37578800006495,0.2,,,,,
4084,VITRY-SUR-SEINE,2023-04-16 04:00:00+00:00,48.77589800004221,2.37578800006495,0.3,,,,,
4084,VITRY-SUR-SEINE,2023-04-16 05:00:00+00:00,48.77589800004221,2.37578800006495,0.4,,,,,
4084,VITRY-SUR-SEINE,2023-04-16 06:00:00+00:00,48.77589800004221,2.37578800006495,1.6,,,,,
4084,VITRY-SUR-SEINE,2023-04-16 07:00:00+00:00,48.77589800004221,2.37578800006495,1.9,,,,,
4084,VITRY-SUR-SEINE,2023-04-16 08:00:00+00:00,48.77589800004221,2.37578800006495,2.4,,,,,
4084,VITRY-SUR-SEINE,2023-04-16 09:00:00+00:00,48.77589800004221,2.37578800006495,3.5,,,,,
4084,VITRY-SUR-SEINE,2023-04-16 10:00:00+00:00,48.77589800004221,2.37578800006495,2.5,,,,,
4084,VITRY-SUR-SEINE,2023-04-16 11:00:00+00:00,48.77589800004221,2.37578800006495,2.9,,,,,
4084,VITRY-SUR-SEINE,2023-04-16 12:00:00+00:00,48.77589800004221,2.37578800006495,1.9,,,,,
4084,VITRY-SUR-SEINE,2023-04-16 13:00:00+00:00,48.77589800004221,2.37578800006495,1.0,,,,,
4084,VITRY-SUR-SEINE,2023-04-16 14:00:00+00:00,48.77589800004221,2.37578800006495,1.2,,,,,
4084,VITRY-SUR-SEINE,2023-04-16 15:00:00+00:00,48.77589800004221,2.37578800006495,1.3,,,,,
4084,VITRY-SUR-SEINE,2023-04-16 16:00:00+00:00,48.77589800004221,2.37578800006495,1.4,,,,,
4084,VITRY-SUR-SEINE,2023-04-16 17:00:00+00:00,48.77589800004221,2.37578800006495,0.9,,,,,
4084,VITRY-SUR-SEINE,2023-04-16 18:00:00+00:00,48.77589800004221,2.37578800006495,0.8,,,,,
4084,VITRY-SUR-SEINE,2023-04-16 19:00:00+00:00,48.77589800004221,2.37578800006495,1.5,,,,,
4084,VITRY-SUR-SEINE,2023-04-16 20:00:00+00:00,48.77589800004221,2.37578800006495,0.8,,,,,
4084,VITRY-SUR-SEINE,2023-04-16 21:00:00+00:00,48.77589800004221,2.37578800006495,0.4,,,,,
4084,VITRY-SUR-SEINE,2023-04-16 22:00:00+00:00,48.77589800004221,2.37578800006495,0.9,,,,,
4084,VITRY-SUR-SEINE,2023-04-16 23:00:00+00:00,48.77589800004221,2.37578800006495,0.8,,,,,
4084,VITRY-SUR-SEINE,2023-04-17 00:00:00+00:00,48.77589800004221,2.37578800006495,0.8,,,,,
4084,VITRY-SUR-SEINE,2023-04-17 01:00:00+00:00,48.77589800004221,2.37578800006495,0.5,,,,,
4084,VITRY-SUR-SEINE,2023-04-17 02:00:00+00:00,48.77589800004221,2.37578800006495,0.6,,,,,
4084,VITRY-SUR-SEINE,2023-04-17 03:00:00+00:00,48.77589800004221,2.37578800006495,0.6,,,,,
4084,VITRY-SUR-SEINE,2023-04-17 04:00:00+00:00,48.77589800004221,2.37578800006495,1.2,,,,,
4084,VITRY-SUR-SEINE,2023-04-17 05:00:00+00:00,48.77589800004221,2.37578800006495,2.3,,,,,
4084,VITRY-SUR-SEINE,2023-04-17 06:00:00+00:00,48.77589800004221,2.37578800006495,3.5,,,,,
4084,VITRY-SUR-SEINE,2023-04-17 07:00:00+00:00,48.77589800004221,2.37578800006495,8.1,,,,,
4084,VITRY-SUR-SEINE,2023-04-17 08:00:00+00:00,48.77589800004221,2.37578800006495,7.8,,,,,
4084,VITRY-SUR-SEINE,2023-04-17 09:00:00+00:00,48.77589800004221,2.37578800006495,7.8,,,,,
4084,VITRY-SUR-SEINE,2023-04-17 10:00:00+00:00,48.77589800004221,2.37578800006495,10.2,,,,,
4084,VITRY-SUR-SEINE,2023-04-17 11:00:00+00:00,48.77589800004221,2.37578800006495,7.3,,,,,
4084,VITRY-SUR-SEINE,2023-04-17 12:00:00+00:00,48.77589800004221,2.37578800006495,5.5,,,,,
4084,VITRY-SUR-SEINE,2023-04-17 13:00:00+00:00,48.77589800004221,2.37578800006495,4.6,,,,,
4084,VITRY-SUR-SEINE,2023-04-17 14:00:00+00:00,48.77589800004221,2.37578800006495,5.2,,,,,
4084,VITRY-SUR-SEINE,2023-04-17 15:00:00+00:00,48.77589800004221,2.37578800006495,4.5,,,,,
4084,VITRY-SUR-SEINE,2023-04-17 16:00:00+00:00,48.77589800004221,2.37578800006495,4.7,,,,,
4084,VITRY-SUR-SEINE,2023-04-17 17:00:00+00:00,48.77589800004221,2.37578800006495,4.8,,,,,
4084,VITRY-SUR-SEINE,2023-04-17 18:00:00+00:00,48.77589800004221,2.37578800006495,2.7,,,,,
4084,VITRY-SUR-SEINE,2023-04-17 19:00:00+00:00,48.77589800004221,2.37578800006495,1.7,,,,,
4084,VITRY-SUR-SEINE,2023-04-17 20:00:00+00:00,48.77589800004221,2.37578800006495,1.2,,,,,
4084,VITRY-SUR-SEINE,2023-04-17 21:00:00+00:00,48.77589800004221,2.37578800006495,1.1,,,,,
4084,VITRY-SUR-SEINE,2023-04-17 22:00:00+00:00,48.77589800004221,2.37578800006495,1.7,,,,,
4084,VITRY-SUR-SEINE,2023-04-17 23:00:00+00:00,48.77589800004221,2.37578800006495,1.5,,,,,
4084,VITRY-SUR-SEINE,2023-04-18 00:00:00+00:00,48.77589800004221,2.37578800006495,0.4,,,,,
4084,VITRY-SUR-SEINE,2023-04-18 01:00:00+00:00,48.77589800004221,2.37578800006495,0.5,,,,,
4084,VITRY-SUR-SEINE,2023-04-18 02:00:00+00:00,48.77589800004221,2.37578800006495,0.3,,,,,
4084,VITRY-SUR-SEINE,2023-04-18 03:00:00+00:00,48.77589800004221,2.37578800006495,0.7,,,,,
4084,VITRY-SUR-SEINE,2023-04-18 04:00:00+00:00,48.77589800004221,2.37578800006495,2.0,,,,,
4084,VITRY-SUR-SEINE,2023-04-18 05:00:00+00:00,48.77589800004221,2.37578800006495,2.7,,,,,
4084,VITRY-SUR-SEINE,2023-04-18 06:00:00+00:00,48.77589800004221,2.37578800006495,9.6,,,,,
4084,VITRY-SUR-SEINE,2023-04-18 07:00:00+00:00,48.77589800004221,2.37578800006495,13.6,,,,,
4084,VITRY-SUR-SEINE,2023-04-18 08:00:00+00:00,48.77589800004221,2.37578800006495,10.8,,,,,
4084,VITRY-SUR-SEINE,2023-04-18 09:00:00+00:00,48.77589800004221,2.37578800006495,10.1,,,,,
4084,VITRY-SUR-SEINE,2023-04-18 10:00:00+00:00,48.77589800004221,2.37578800006495,8.0,,,,,
4084,VITRY-SUR-SEINE,2023-04-18 11:00:00+00:00,48.77589800004221,2.37578800006495,5.5,,,,,
4084,VITRY-SUR-SEINE,2023-04-18 12:00:00+00:00,48.77589800004221,2.37578800006495,1.7,,,,,
4084,VITRY-SUR-SEINE,2023-04-18 13:00:00+00:00,48.77589800004221,2.37578800006495,1.8,,,,,
4084,VITRY-SUR-SEINE,2023-04-18 14:00:00+00:00,48.77589800004221,2.37578800006495,0.8,,,,,
4084,VITRY-SUR-SEINE,2023-04-18 15:00:00+00:00,48.77589800004221,2.37578800006495,1.2,,,,,
4084,VITRY-SUR-SEINE,2023-04-18 16:00:00+00:00,48.77589800004221,2.37578800006495,0.7,,,,,
4084,VITRY-SUR-SEINE,2023-04-18 17:00:00+00:00,48.77589800004221,2.37578800006495,0.5,,,,,
4084,VITRY-SUR-SEINE,2023-04-18 18:00:00+00:00,48.77589800004221,2.37578800006495,0.5,,,,,
4084,VITRY-SUR-SEINE,2023-04-18 19:00:00+00:00,48.77589800004221,2.37578800006495,0.4,,,,,
4084,VITRY-SUR-SEINE,2023-04-18 20:00:00+00:00,48.77589800004221,2.37578800006495,0.3,,,,,
4084,VITRY-SUR-SEINE,2023-04-18 21:00:00+00:00,48.77589800004221,2.37578800006495,0.2,,,,,
4084,VITRY-SUR-SEINE,2023-04-18 22:00:00+00:00,48.77589800004221,2.37578800006495,0.2,,,,,
4084,VITRY-SUR-SEINE,2023-04-18 23:00:00+00:00,48.77589800004221,2.37578800006495,0.2,,,,,
4084,VITRY-SUR-SEINE,2023-04-19 00:00:00+00:00,48.77589800004221,2.37578800006495,0.5,,,,,
4084,VITRY-SUR-SEINE,2023-04-19 01:00:00+00:00,48.77589800004221,2.37578800006495,0.3,,,,,
4084,VITRY-SUR-SEINE,2023-04-19 02:00:00+00:00,48.77589800004221,2.37578800006495,0.1,,,,,
4084,VITRY-SUR-SEINE,2023-04-19 03:00:00+00:00,48.77589800004221,2.37578800006495,0.9,,,,,
4084,VITRY-SUR-SEINE,2023-04-19 04:00:00+00:00,48.77589800004221,2.37578800006495,0.3,,,,,
4084,VITRY-SUR-SEINE,2023-04-19 05:00:00+00:00,48.77589800004221,2.37578800006495,1.6,,,,,
4084,VITRY-SUR-SEINE,2023-04-19 06:00:00+00:00,48.77589800004221,2.37578800006495,6.5,,,,,
4084,VITRY-SUR-SEINE,2023-04-19 07:00:00+00:00,48.77589800004221,2.37578800006495,6.5,,,,,
4084,VITRY-SUR-SEINE,2023-04-19 08:00:00+00:00,48.77589800004221,2.37578800006495,4.2,,,,,
4084,VITRY-SUR-SEINE,2023-04-19 09:00:00+00:00,48.77589800004221,2.37578800006495,3.0,,,,,
4084,VITRY-SUR-SEINE,2023-04-19 10:00:00+00:00,48.77589800004221,2.37578800006495,3.0,,,,,
4084,VITRY-SUR-SEINE,2023-04-19 11:00:00+00:00,48.77589800004221,2.37578800006495,2.5,,,,,
4084,VITRY-SUR-SEINE,2023-04-19 12:00:00+00:00,48.77589800004221,2.37578800006495,1.1,,,,,
4084,VITRY-SUR-SEINE,2023-04-19 13:00:00+00:00,48.77589800004221,2.37578800006495,1.0,,,,,
4084,VITRY-SUR-SEINE,2023-04-19 14:00:00+00:00,48.77589800004221,2.37578800006495,1.2,,,,,
4084,VITRY-SUR-SEINE,2023-04-19 15:00:00+00:00,48.77589800004221,2.37578800006495,1.4,,,,,
4084,VITRY-SUR-SEINE,2023-04-19 16:00:00+00:00,48.77589800004221,2.37578800006495,1.2,,,,,
4084,VITRY-SUR-SEINE,2023-04-19 17:00:00+00:00,48.77589800004221,2.37578800006495,1.2,,,,,
4084,VITRY-SUR-SEINE,2023-04-19 18:00:00+00:00,48.77589800004221,2.37578800006495,1.2,,,,,
4084,VITRY-SUR-SEINE,2023-04-19 19:00:00+00:00,48.77589800004221,2.37578800006495,0.8,,,,,
4084,VITRY-SUR-SEINE,2023-04-19 20:00:00+00:00,48.77589800004221,2.37578800006495,0.5,,,,,
4084,VITRY-SUR-SEINE,2023-04-19 21:00:00+00:00,48.77589800004221,2.37578800006495,0.8,,,,,
4084,VITRY-SUR-SEINE,2023-04-19 22:00:00+00:00,48.77589800004221,2.37578800006495,0.3,,,,,
4084,VITRY-SUR-SEINE,2023-04-19 23:00:00+00:00,48.77589800004221,2.37578800006495,0.3,,,,,
4084,VITRY-SUR-SEINE,2023-04-20 00:00:00+00:00,48.77589800004221,2.37578800006495,0.1,,,,,
4084,VITRY-SUR-SEINE,2023-04-20 01:00:00+00:00,48.77589800004221,2.37578800006495,0.1,,,,,
4084,VITRY-SUR-SEINE,2023-04-20 02:00:00+00:00,48.77589800004221,2.37578800006495,0.4,,,,,
4084,VITRY-SUR-SEINE,2023-04-20 03:00:00+00:00,48.77589800004221,2.37578800006495,0.3,,,,,
4084,VITRY-SUR-SEINE,2023-04-20 04:00:00+00:00,48.77589800004221,2.37578800006495,0.3,,,,,
4084,VITRY-SUR-SEINE,2023-04-20 05:00:00+00:00,48.77589800004221,2.37578800006495,0.8,,,,,
4084,VITRY-SUR-SEINE,2023-04-20 06:00:00+00:00,48.77589800004221,2.37578800006495,1.7,,,,,
4084,VITRY-SUR-SEINE,2023-04-20 07:00:00+00:00,48.77589800004221,2.37578800006495,4.7,,,,,
4084,VITRY-SUR-SEINE,2023-04-20 08:00:00+00:00,48.77589800004221,2.37578800006495,6.3,,,,,
4084,VITRY-SUR-SEINE,2023-04-20 09:00:00+00:00,48.77589800004221,2.37578800006495,6.8,,,,,
4084,VITRY-SUR-SEINE,2023-04-20 10:00:00+00:00,48.77589800004221,2.37578800006495,3.9,,,,,
4084,VITRY-SUR-SEINE,2023-04-20 11:00:00+00:00,48.77589800004221,2.37578800006495,2.8,,,,,
4084,VITRY-SUR-SEINE,2023-04-20 12:00:00+00:00,48.77589800004221,2.37578800006495,4.5,,,,,
4084,VITRY-SUR-SEINE,2023-04-20 13:00:00+00:00,48.77589800004221,2.37578800006495,4.0,,,,,
4084,VITRY-SUR-SEINE,2023-04-20 14:00:00+00:00,48.77589800004221,2.37578800006495,2.9,,,,,
4084,VITRY-SUR-SEINE,2023-04-20 15:00:00+00:00,48.77589800004221,2.37578800006495,4.7,,,,,
4084,VITRY-SUR-SEINE,2023-04-20 16:00:00+00:00,48.77589800004221,2.37578800006495,2.7,,,,,
4084,VITRY-SUR-SEINE,2023-04-20 17:00:00+00:00,48.77589800004221,2.37578800006495,4.1,,,,,
4084,VITRY-SUR-SEINE,2023-04-20 18:00:00+00:00,48.77589800004221,2.37578800006495,3.0,,,,,
4084,VITRY-SUR-SEINE,2023-04-20 19:00:00+00:00,48.77589800004221,2.37578800006495,1.4,,,,,
4084,VITRY-SUR-SEINE,2023-04-20 20:00:00+00:00,48.77589800004221,2.37578800006495,1.5,,,,,
4084,VITRY-SUR-SEINE,2023-04-20 21:00:00+00:00,48.77589800004221,2.37578800006495,1.2,,,,,
4084,VITRY-SUR-SEINE,2023-04-20 22:00:00+00:00,48.77589800004221,2.37578800006495,0.5,,,,,
4084,VITRY-SUR-SEINE,2023-04-20 23:00:00+00:00,48.77589800004221,2.37578800006495,2.0,,,,,
4084,VITRY-SUR-SEINE,2023-04-21 00:00:00+00:00,48.77589800004221,2.37578800006495,0.4,,,,,
4084,VITRY-SUR-SEINE,2023-04-21 01:00:00+00:00,48.77589800004221,2.37578800006495,0.3,,,,,
4084,VITRY-SUR-SEINE,2023-04-21 02:00:00+00:00,48.77589800004221,2.37578800006495,0.4,,,,,
4084,VITRY-SUR-SEINE,2023-04-21 03:00:00+00:00,48.77589800004221,2.37578800006495,0.6,,,,,
4084,VITRY-SUR-SEINE,2023-04-21 04:00:00+00:00,48.77589800004221,2.37578800006495,0.4,,,,,
4084,VITRY-SUR-SEINE,2023-04-21 05:00:00+00:00,48.77589800004221,2.37578800006495,1.4,,,,,
4084,VITRY-SUR-SEINE,2023-04-21 06:00:00+00:00,48.77589800004221,2.37578800006495,3.1,,,,,
4084,VITRY-SUR-SEINE,2023-04-21 07:00:00+00:00,48.77589800004221,2.37578800006495,3.4,,,,,
4084,VITRY-SUR-SEINE,2023-04-21 08:00:00+00:00,48.77589800004221,2.37578800006495,6.2,,,,,
4084,VITRY-SUR-SEINE,2023-04-21 09:00:00+00:00,48.77589800004221,2.37578800006495,3.7,,,,,
4084,VITRY-SUR-SEINE,2023-04-21 10:00:00+00:00,48.77589800004221,2.37578800006495,3.0,,,,,
4084,VITRY-SUR-SEINE,2023-04-21 11:00:00+00:00,48.77589800004221,2.37578800006495,2.1,,,,,
4084,VITRY-SUR-SEINE,2023-04-21 12:00:00+00:00,48.77589800004221,2.37578800006495,2.3,,,,,
4084,VITRY-SUR-SEINE,2023-04-21 13:00:00+00:00,48.77589800004221,2.37578800006495,1.8,,,,,
4084,VITRY-SUR-SEINE,2023-04-21 14:00:00+00:00,48.77589800004221,2.37578800006495,3.0,,,,,
4084,VITRY-SUR-SEINE,2023-04-21 15:00:00+00:00,48.77589800004221,2.37578800006495,2.5,,,,,
4084,VITRY-SUR-SEINE,2023-04-21 16:00:00+00:00,48.77589800004221,2.37578800006495,2.3,,,,,
4084,VITRY-SUR-SEINE,2023-04-21 17:00:00+00:00,48.77589800004221,2.37578800006495,2.4,,,,,
4084,VITRY-SUR-SEINE,2023-04-21 18:00:00+00:00,48.77589800004221,2.37578800006495,2.4,,,,,
4084,VITRY-SUR-SEINE,2023-04-21 19:00:00+00:00,48.77589800004221,2.37578800006495,0.9,,,,,
4084,VITRY-SUR-SEINE,2023-04-21 20:00:00+00:00,48.77589800004221,2.37578800006495,0.6,,,,,
4084,VITRY-SUR-SEINE,2023-04-21 21:00:00+00:00,48.77589800004221,2.37578800006495,0.1,,,,,
4084,VITRY-SUR-SEINE,2023-04-21 22:00:00+00:00,48.77589800004221,2.37578800006495,0.2,,,,,
4084,VITRY-SUR-SEINE,2023-04-21 23:00:00+00:00,48.77589800004221,2.37578800006495,0.4,,,,,
4084,VITRY-SUR-SEINE,2023-04-22 00:00:00+00:00,48.77589800004221,2.37578800006495,3.7,,,,,
4084,VITRY-SUR-SEINE,2023-04-23 01:00:00+00:00,48.77589800004221,2.37578800006495,0.2,,,,,
4084,VITRY-SUR-SEINE,2023-04-23 02:00:00+00:00,48.77589800004221,2.37578800006495,0.2,,,,,
4084,VITRY-SUR-SEINE,2023-04-23 03:00:00+00:00,48.77589800004221,2.37578800006495,0.5,,,,,
4084,VITRY-SUR-SEINE,2023-04-23 04:00:00+00:00,48.77589800004221,2.37578800006495,0.4,,,,,
4084,VITRY-SUR-SEINE,2023-04-23 05:00:00+00:00,48.77589800004221,2.37578800006495,0.3,,,,,
4084,VITRY-SUR-SEINE,2023-04-23 06:00:00+00:00,48.77589800004221,2.37578800006495,0.5,,,,,
4084,VITRY-SUR-SEINE,2023-04-23 07:00:00+00:00,48.77589800004221,2.37578800006495,0.5,,,,,
4084,VITRY-SUR-SEINE,2023-04-23 08:00:00+00:00,48.77589800004221,2.37578800006495,0.9,,,,,
4084,VITRY-SUR-SEINE,2023-04-23 09:00:00+00:00,48.77589800004221,2.37578800006495,1.7,,,,,
4084,VITRY-SUR-SEINE,2023-04-23 10:00:00+00:00,48.77589800004221,2.37578800006495,1.3,,,,,
4084,VITRY-SUR-SEINE,2023-04-23 11:00:00+00:00,48.77589800004221,2.37578800006495,1.2,,,,,
4084,VITRY-SUR-SEINE,2023-04-23 12:00:00+00:00,48.77589800004221,2.37578800006495,1.3,,,,,
4084,VITRY-SUR-SEINE,2023-04-23 13:00:00+00:00,48.77589800004221,2.37578800006495,0.9,,,,,
4084,VITRY-SUR-SEINE,2023-04-23 14:00:00+00:00,48.77589800004221,2.37578800006495,1.9,,,,,
4084,VITRY-SUR-SEINE,2023-04-23 15:00:00+00:00,48.77589800004221,2.37578800006495,1.5,,,,,
4084,VITRY-SUR-SEINE,2023-04-23 16:00:00+00:00,48.77589800004221,2.37578800006495,1.1,,,,,
4084,VITRY-SUR-SEINE,2023-04-23 17:00:00+00:00,48.77589800004221,2.37578800006495,1.3,,,,,
4084,VITRY-SUR-SEINE,2023-04-23 18:00:00+00:00,48.77589800004221,2.37578800006495,1.8,,,,,
4084,VITRY-SUR-SEINE,2023-04-23 19:00:00+00:00,48.77589800004221,2.37578800006495,1.4,,,,,
4084,VITRY-SUR-SEINE,2023-04-23 20:00:00+00:00,48.77589800004221,2.37578800006495,1.1,,,,,
4084,VITRY-SUR-SEINE,2023-04-23 21:00:00+00:00,48.77589800004221,2.37578800006495,0.7,,,,,
4084,VITRY-SUR-SEINE,2023-04-23 22:00:00+00:00,48.77589800004221,2.37578800006495,0.6,,,,,
4084,VITRY-SUR-SEINE,2023-04-23 23:00:00+00:00,48.77589800004221,2.37578800006495,0.4,,,,,
4084,VITRY-SUR-SEINE,2023-04-24 00:00:00+00:00,48.77589800004221,2.37578800006495,0.2,,,,,
4084,VITRY-SUR-SEINE,2023-04-24 01:00:00+00:00,48.77589800004221,2.37578800006495,0.1,,,,,
4084,VITRY-SUR-SEINE,2023-04-24 02:00:00+00:00,48.77589800004221,2.37578800006495,0.1,,,,,
4084,VITRY-SUR-SEINE,2023-04-24 03:00:00+00:00,48.77589800004221,2.37578800006495,0.2,,,,,
4084,VITRY-SUR-SEINE,2023-04-24 04:00:00+00:00,48.77589800004221,2.37578800006495,0.6,,,,,
4084,VITRY-SUR-SEINE,2023-04-24 05:00:00+00:00,48.77589800004221,2.37578800006495,1.2,,,,,
4084,VITRY-SUR-SEINE,2023-04-24 06:00:00+00:00,48.77589800004221,2.37578800006495,3.0,,,,,
4084,VITRY-SUR-SEINE,2023-04-24 07:00:00+00:00,48.77589800004221,2.37578800006495,2.3,,,,,
4084,VITRY-SUR-SEINE,2023-04-24 08:00:00+00:00,48.77589800004221,2.37578800006495,3.0,,,,,
4084,VITRY-SUR-SEINE,2023-04-24 09:00:00+00:00,48.77589800004221,2.37578800006495,2.0,,,,,
4084,VITRY-SUR-SEINE,2023-04-24 10:00:00+00:00,48.77589800004221,2.37578800006495,2.8,,,,,
4084,VITRY-SUR-SEINE,2023-04-26 01:00:00+00:00,48.77589800004221,2.37578800006495,1.1,,,,,
4084,VITRY-SUR-SEINE,2023-04-26 02:00:00+00:00,48.77589800004221,2.37578800006495,0.9,,,,,
4084,VITRY-SUR-SEINE,2023-04-26 03:00:00+00:00,48.77589800004221,2.37578800006495,0.5,,,,,
4084,VITRY-SUR-SEINE,2023-04-26 04:00:00+00:00,48.77589800004221,2.37578800006495,0.2,,,,,
4084,VITRY-SUR-SEINE,2023-04-26 05:00:00+00:00,48.77589800004221,2.37578800006495,0.5,,,,,
4084,VITRY-SUR-SEINE,2023-04-26 06:00:00+00:00,48.77589800004221,2.37578800006495,3.4,,,,,
4084,VITRY-SUR-SEINE,2023-04-26 07:00:00+00:00,48.77589800004221,2.37578800006495,5.7,,,,,
4084,VITRY-SUR-SEINE,2023-04-26 08:00:00+00:00,48.77589800004221,2.37578800006495,6.4,,,,,
4084,VITRY-SUR-SEINE,2023-04-26 09:00:00+00:00,48.77589800004221,2.37578800006495,3.5,,,,,
4084,VITRY-SUR-SEINE,2023-04-26 10:00:00+00:00,48.77589800004221,2.37578800006495,1.8,,,,,
4084,VITRY-SUR-SEINE,2023-04-26 11:00:00+00:00,48.77589800004221,2.37578800006495,1.0,,,,,
4084,VITRY-SUR-SEINE,2023-04-26 12:00:00+00:00,48.77589800004221,2.37578800006495,0.7,,,,,
4084,VITRY-SUR-SEINE,2023-04-26 13:00:00+00:00,48.77589800004221,2.37578800006495,1.1,,,,,
4084,VITRY-SUR-SEINE,2023-04-26 14:00:00+00:00,48.77589800004221,2.37578800006495,0.6,,,,,
4084,VITRY-SUR-SEINE,2023-04-26 15:00:00+00:00,48.77589800004221,2.37578800006495,0.8,,,,,
4084,VITRY-SUR-SEINE,2023-04-26 16:00:00+00:00,48.77589800004221,2.37578800006495,0.6,,,,,
4084,VITRY-SUR-SEINE,2023-04-26 17:00:00+00:00,48.77589800004221,2.37578800006495,0.8,,,,,
4084,VITRY-SUR-SEINE,2023-04-26 18:00:00+00:00,48.77589800004221,2.37578800006495,0.7,,,,,
4084,VITRY-SUR-SEINE,2023-04-26 19:00:00+00:00,48.77589800004221,2.37578800006495,0.5,,,,,
4084,VITRY-SUR-SEINE,2023-04-26 20:00:00+00:00,48.77589800004221,2.37578800006495,0.6,,,,,
4084,VITRY-SUR-SEINE,2023-04-26 21:00:00+00:00,48.77589800004221,2.37578800006495,0.5,,,,,
4084,VITRY-SUR-SEINE,2023-04-26 22:00:00+00:00,48.77589800004221,2.37578800006495,0.4,,,,,
4084,VITRY-SUR-SEINE,2023-04-26 23:00:00+00:00,48.77589800004221,2.37578800006495,0.5,,,,,
4084,VITRY-SUR-SEINE,2023-04-27 00:00:00+00:00,48.77589800004221,2.37578800006495,0.5,,,,,
4084,VITRY-SUR-SEINE,2023-04-27 01:00:00+00:00,48.77589800004221,2.37578800006495,0.2,,,,,
4084,VITRY-SUR-SEINE,2023-04-27 02:00:00+00:00,48.77589800004221,2.37578800006495,0.4,,,,,
4084,VITRY-SUR-SEINE,2023-04-27 03:00:00+00:00,48.77589800004221,2.37578800006495,0.3,,,,,
4084,VITRY-SUR-SEINE,2023-04-27 04:00:00+00:00,48.77589800004221,2.37578800006495,0.4,,,,,
4084,VITRY-SUR-SEINE,2023-04-27 05:00:00+00:00,48.77589800004221,2.37578800006495,0.9,,,,,
4084,VITRY-SUR-SEINE,2023-04-27 06:00:00+00:00,48.77589800004221,2.37578800006495,7.0,,,,,
4084,VITRY-SUR-SEINE,2023-04-27 07:00:00+00:00,48.77589800004221,2.37578800006495,11.1,,,,,
4084,VITRY-SUR-SEINE,2023-04-27 08:00:00+00:00,48.77589800004221,2.37578800006495,4.9,,,,,
4084,VITRY-SUR-SEINE,2023-04-27 09:00:00+00:00,48.77589800004221,2.37578800006495,2.7,,,,,
4084,VITRY-SUR-SEINE,2023-04-27 10:00:00+00:00,48.77589800004221,2.37578800006495,1.6,,,,,
4084,VITRY-SUR-SEINE,2023-04-27 11:00:00+00:00,48.77589800004221,2.37578800006495,1.2,,,,,
4084,VITRY-SUR-SEINE,2023-04-27 12:00:00+00:00,48.77589800004221,2.37578800006495,0.8,,,,,
4084,VITRY-SUR-SEINE,2023-04-27 13:00:00+00:00,48.77589800004221,2.37578800006495,1.0,,,,,
4084,VITRY-SUR-SEINE,2023-04-27 14:00:00+00:00,48.77589800004221,2.37578800006495,0.9,,,,,
4084,VITRY-SUR-SEINE,2023-04-27 15:00:00+00:00,48.77589800004221,2.37578800006495,0.8,,,,,
4084,VITRY-SUR-SEINE,2023-04-27 16:00:00+00:00,48.77589800004221,2.37578800006495,0.6,,,,,
4084,VITRY-SUR-SEINE,2023-04-27 17:00:00+00:00,48.77589800004221,2.37578800006495,0.8,,,,,
4084,VITRY-SUR-SEINE,2023-04-27 18:00:00+00:00,48.77589800004221,2.37578800006495,0.7,,,,,
4084,VITRY-SUR-SEINE,2023-04-27 19:00:00+00:00,48.77589800004221,2.37578800006495,0.4,,,,,
4084,VITRY-SUR-SEINE,2023-04-27 20:00:00+00:00,48.77589800004221,2.37578800006495,0.5,,,,,
4084,VITRY-SUR-SEINE,2023-04-27 21:00:00+00:00,48.77589800004221,2.37578800006495,0.8,,,,,
4084,VITRY-SUR-SEINE,2023-04-27 22:00:00+00:00,48.77589800004221,2.37578800006495,0.4,,,,,
4084,VITRY-SUR-SEINE,2023-04-27 23:00:00+00:00,48.77589800004221,2.37578800006495,0.4,,,,,
4084,VITRY-SUR-SEINE,2023-04-28 00:00:00+00:00,48.77589800004221,2.37578800006495,0.5,,,,,
4084,VITRY-SUR-SEINE,2023-04-28 01:00:00+00:00,48.77589800004221,2.37578800006495,0.5,,,,,
4084,VITRY-SUR-SEINE,2023-04-28 02:00:00+00:00,48.77589800004221,2.37578800006495,0.4,,,,,
4084,VITRY-SUR-SEINE,2023-04-28 03:00:00+00:00,48.77589800004221,2.37578800006495,1.0,,,,,
4084,VITRY-SUR-SEINE,2023-04-28 04:00:00+00:00,48.77589800004221,2.37578800006495,1.0,,,,,
4084,VITRY-SUR-SEINE,2023-04-28 05:00:00+00:00,48.77589800004221,2.37578800006495,2.6,,,,,
4084,VITRY-SUR-SEINE,2023-04-28 06:00:00+00:00,48.77589800004221,2.37578800006495,7.6,,,,,
4084,VITRY-SUR-SEINE,2023-04-28 07:00:00+00:00,48.77589800004221,2.37578800006495,10.4,,,,,
4084,VITRY-SUR-SEINE,2023-04-28 08:00:00+00:00,48.77589800004221,2.37578800006495,11.3,,,,,
4084,VITRY-SUR-SEINE,2023-04-28 09:00:00+00:00,48.77589800004221,2.37578800006495,5.6,,,,,
4084,VITRY-SUR-SEINE,2023-04-28 10:00:00+00:00,48.77589800004221,2.37578800006495,3.8,,,,,
4084,VITRY-SUR-SEINE,2023-04-28 11:00:00+00:00,48.77589800004221,2.37578800006495,3.4,,,,,
4084,VITRY-SUR-SEINE,2023-04-28 12:00:00+00:00,48.77589800004221,2.37578800006495,3.7,,,,,
4084,VITRY-SUR-SEINE,2023-04-28 13:00:00+00:00,48.77589800004221,2.37578800006495,2.3,,,,,
4084,VITRY-SUR-SEINE,2023-04-28 14:00:00+00:00,48.77589800004221,2.37578800006495,2.3,,,,,
4084,VITRY-SUR-SEINE,2023-04-28 15:00:00+00:00,48.77589800004221,2.37578800006495,3.1,,,,,
4084,VITRY-SUR-SEINE,2023-04-28 16:00:00+00:00,48.77589800004221,2.37578800006495,2.6,,,,,
4084,VITRY-SUR-SEINE,2023-04-28 17:00:00+00:00,48.77589800004221,2.37578800006495,2.4,,,,,
4084,VITRY-SUR-SEINE,2023-04-28 18:00:00+00:00,48.77589800004221,2.37578800006495,3.0,,,,,
4084,VITRY-SUR-SEINE,2023-04-28 19:00:00+00:00,48.77589800004221,2.37578800006495,1.3,,,,,
4084,VITRY-SUR-SEINE,2023-04-28 20:00:00+00:00,48.77589800004221,2.37578800006495,0.9,,,,,
4084,VITRY-SUR-SEINE,2023-04-28 21:00:00+00:00,48.77589800004221,2.37578800006495,0.6,,,,,
4084,VITRY-SUR-SEINE,2023-04-28 22:00:00+00:00,48.77589800004221,2.37578800006495,0.6,,,,,
4084,VITRY-SUR-SEINE,2023-04-28 23:00:00+00:00,48.77589800004221,2.37578800006495,0.4,,,,,
4084,VITRY-SUR-SEINE,2023-04-29 00:00:00+00:00,48.77589800004221,2.37578800006495,0.7,,,,,
4084,VITRY-SUR-SEINE,2023-04-29 01:00:00+00:00,48.77589800004221,2.37578800006495,0.3,,,,,
4084,VITRY-SUR-SEINE,2023-04-29 02:00:00+00:00,48.77589800004221,2.37578800006495,0.1,,,,,
4084,VITRY-SUR-SEINE,2023-04-29 03:00:00+00:00,48.77589800004221,2.37578800006495,1.2,,,,,
4084,VITRY-SUR-SEINE,2023-04-29 04:00:00+00:00,48.77589800004221,2.37578800006495,0.5,,,,,
4084,VITRY-SUR-SEINE,2023-04-29 05:00:00+00:00,48.77589800004221,2.37578800006495,0.7,,,,,
4084,VITRY-SUR-SEINE,2023-04-29 06:00:00+00:00,48.77589800004221,2.37578800006495,1.6,,,,,
4084,VITRY-SUR-SEINE,2023-04-29 07:00:00+00:00,48.77589800004221,2.37578800006495,1.7,,,,,
4084,VITRY-SUR-SEINE,2023-04-29 08:00:00+00:00,48.77589800004221,2.37578800006495,1.8,,,,,
4084,VITRY-SUR-SEINE,2023-04-29 09:00:00+00:00,48.77589800004221,2.37578800006495,2.9,,,,,
4084,VITRY-SUR-SEINE,2023-04-29 10:00:00+00:00,48.77589800004221,2.37578800006495,2.7,,,,,
4084,VITRY-SUR-SEINE,2023-04-29 11:00:00+00:00,48.77589800004221,2.37578800006495,3.2,,,,,
4084,VITRY-SUR-SEINE,2023-04-29 12:00:00+00:00,48.77589800004221,2.37578800006495,2.9,,,,,
4084,VITRY-SUR-SEINE,2023-04-29 13:00:00+00:00,48.77589800004221,2.37578800006495,2.4,,,,,
4084,VITRY-SUR-SEINE,2023-04-29 14:00:00+00:00,48.77589800004221,2.37578800006495,2.7,,,,,
4084,VITRY-SUR-SEINE,2023-04-29 15:00:00+00:00,48.77589800004221,2.37578800006495,2.6,,,,,
4084,VITRY-SUR-SEINE,2023-04-29 16:00:00+00:00,48.77589800004221,2.37578800006495,3.5,,,,,
4084,VITRY-SUR-SEINE,2023-04-29 17:00:00+00:00,48.77589800004221,2.37578800006495,2.4,,,,,
4084,VITRY-SUR-SEINE,2023-04-29 18:00:00+00:00,48.77589800004221,2.37578800006495,1.7,,,,,
4084,VITRY-SUR-SEINE,2023-04-29 19:00:00+00:00,48.77589800004221,2.37578800006495,0.9,,,,,
4084,VITRY-SUR-SEINE,2023-04-29 20:00:00+00:00,48.77589800004221,2.37578800006495,0.5,,,,,
4084,VITRY-SUR-SEINE,2023-04-29 21:00:00+00:00,48.77589800004221,2.37578800006495,0.4,,,,,
4084,VITRY-SUR-SEINE,2023-04-29 22:00:00+00:00,48.77589800004221,2.37578800006495,0.2,,,,,
4084,VITRY-SUR-SEINE,2023-04-29 23:00:00+00:00,48.77589800004221,2.37578800006495,0.0,,,,,
4084,VITRY-SUR-SEINE,2023-04-30 00:00:00+00:00,48.77589800004221,2.37578800006495,0.1,,,,,
4084,VITRY-SUR-SEINE,2023-04-30 01:00:00+00:00,48.77589800004221,2.37578800006495,0.3,,,,,
4084,VITRY-SUR-SEINE,2023-04-30 02:00:00+00:00,48.77589800004221,2.37578800006495,0.4,,,,,
4084,VITRY-SUR-SEINE,2023-04-30 03:00:00+00:00,48.77589800004221,2.37578800006495,0.4,,,,,
4084,VITRY-SUR-SEINE,2023-04-30 04:00:00+00:00,48.77589800004221,2.37578800006495,0.3,,,,,
4084,VITRY-SUR-SEINE,2023-04-30 05:00:00+00:00,48.77589800004221,2.37578800006495,0.5,,,,,
4084,VITRY-SUR-SEINE,2023-04-30 06:00:00+00:00,48.77589800004221,2.37578800006495,0.8,,,,,
4084,VITRY-SUR-SEINE,2023-04-30 07:00:00+00:00,48.77589800004221,2.37578800006495,2.3,,,,,
4084,VITRY-SUR-SEINE,2023-04-30 08:00:00+00:00,48.77589800004221,2.37578800006495,5.3,,,,,
4084,VITRY-SUR-SEINE,2023-04-30 09:00:00+00:00,48.77589800004221,2.37578800006495,4.3,,,,,
4084,VITRY-SUR-SEINE,2023-04-30 10:00:00+00:00,48.77589800004221,2.37578800006495,2.3,,,,,
4084,VITRY-SUR-SEINE,2023-04-30 11:00:00+00:00,48.77589800004221,2.37578800006495,1.3,,,,,
4084,VITRY-SUR-SEINE,2023-04-30 12:00:00+00:00,48.77589800004221,2.37578800006495,1.0,,,,,
4084,VITRY-SUR-SEINE,2023-04-30 13:00:00+00:00,48.77589800004221,2.37578800006495,0.5,,,,,
4084,VITRY-SUR-SEINE,2023-04-30 14:00:00+00:00,48.77589800004221,2.37578800006495,0.8,,,,,
4084,VITRY-SUR-SEINE,2023-04-30 15:00:00+00:00,48.77589800004221,2.37578800006495,0.6,,,,,
4084,VITRY-SUR-SEINE,2023-04-30 16:00:00+00:00,48.77589800004221,2.37578800006495,0.6,,,,,
4084,VITRY-SUR-SEINE,2023-04-30 17:00:00+00:00,48.77589800004221,2.37578800006495,0.7,,,,,
4084,VITRY-SUR-SEINE,2023-04-30 18:00:00+00:00,48.77589800004221,2.37578800006495,0.8,,,,,
4084,VITRY-SUR-SEINE,2023-04-30 19:00:00+00:00,48.77589800004221,2.37578800006495,0.2,,,,,
4084,VITRY-SUR-SEINE,2023-04-30 20:00:00+00:00,48.77589800004221,2.37578800006495,0.2,,,,,
4084,VITRY-SUR-SEINE,2023-04-30 21:00:00+00:00,48.77589800004221,2.37578800006495,1.5,,,,,
4084,VITRY-SUR-SEINE,2023-04-30 22:00:00+00:00,48.77589800004221,2.37578800006495,4.9,,,,,
4084,VITRY-SUR-SEINE,2023-04-30 23:00:00+00:00,48.77589800004221,2.37578800006495,7.0,,,,,
4084,VITRY-SUR-SEINE,2023-05-01 00:00:00+00:00,48.77589800004221,2.37578800006495,8.3,,,,,
4084,VITRY-SUR-SEINE,2023-05-01 01:00:00+00:00,48.77589800004221,2.37578800006495,17.2,,,,,
4084,VITRY-SUR-SEINE,2023-05-01 02:00:00+00:00,48.77589800004221,2.37578800006495,3.4,,,,,
4084,VITRY-SUR-SEINE,2023-05-01 03:00:00+00:00,48.77589800004221,2.37578800006495,1.6,,,,,
4084,VITRY-SUR-SEINE,2023-05-01 04:00:00+00:00,48.77589800004221,2.37578800006495,0.4,,,,,
4084,VITRY-SUR-SEINE,2023-05-01 05:00:00+00:00,48.77589800004221,2.37578800006495,0.3,,,,,
4084,VITRY-SUR-SEINE,2023-05-01 06:00:00+00:00,48.77589800004221,2.37578800006495,0.7,,,,,
4084,VITRY-SUR-SEINE,2023-05-01 07:00:00+00:00,48.77589800004221,2.37578800006495,1.5,,,,,
4084,VITRY-SUR-SEINE,2023-05-01 08:00:00+00:00,48.77589800004221,2.37578800006495,1.6,,,,,
4084,VITRY-SUR-SEINE,2023-05-01 09:00:00+00:00,48.77589800004221,2.37578800006495,1.7,,,,,
4084,VITRY-SUR-SEINE,2023-05-01 10:00:00+00:00,48.77589800004221,2.37578800006495,1.4,,,,,
4084,VITRY-SUR-SEINE,2023-05-01 11:00:00+00:00,48.77589800004221,2.37578800006495,1.3,,,,,
4084,VITRY-SUR-SEINE,2023-05-01 12:00:00+00:00,48.77589800004221,2.37578800006495,1.5,,,,,
4084,VITRY-SUR-SEINE,2023-05-01 13:00:00+00:00,48.77589800004221,2.37578800006495,0.9,,,,,
4084,VITRY-SUR-SEINE,2023-05-01 14:00:00+00:00,48.77589800004221,2.37578800006495,1.4,,,,,
4084,VITRY-SUR-SEINE,2023-05-01 15:00:00+00:00,48.77589800004221,2.37578800006495,1.4,,,,,
4084,VITRY-SUR-SEINE,2023-05-01 16:00:00+00:00,48.77589800004221,2.37578800006495,1.4,,,,,
4084,VITRY-SUR-SEINE,2023-05-01 17:00:00+00:00,48.77589800004221,2.37578800006495,1.3,,,,,
4084,VITRY-SUR-SEINE,2023-05-01 18:00:00+00:00,48.77589800004221,2.37578800006495,1.3,,,,,
4084,VITRY-SUR-SEINE,2023-05-01 19:00:00+00:00,48.77589800004221,2.37578800006495,1.4,,,,,
4084,VITRY-SUR-SEINE,2023-05-01 20:00:00+00:00,48.77589800004221,2.37578800006495,0.5,,,,,
4084,VITRY-SUR-SEINE,2023-05-01 21:00:00+00:00,48.77589800004221,2.37578800006495,0.4,,,,,
4084,VITRY-SUR-SEINE,2023-05-01 22:00:00+00:00,48.77589800004221,2.37578800006495,2.1,,,,,
4084,VITRY-SUR-SEINE,2023-05-01 23:00:00+00:00,48.77589800004221,2.37578800006495,2.7,,,,,
4084,VITRY-SUR-SEINE,2023-05-02 00:00:00+00:00,48.77589800004221,2.37578800006495,0.5,,,,,
4084,VITRY-SUR-SEINE,2023-05-02 01:00:00+00:00,48.77589800004221,2.37578800006495,0.1,,,,,
4084,VITRY-SUR-SEINE,2023-05-02 02:00:00+00:00,48.77589800004221,2.37578800006495,0.5,,,,,
4084,VITRY-SUR-SEINE,2023-05-02 03:00:00+00:00,48.77589800004221,2.37578800006495,0.6,,,,,
4084,VITRY-SUR-SEINE,2023-05-02 04:00:00+00:00,48.77589800004221,2.37578800006495,1.8,,,,,
4084,VITRY-SUR-SEINE,2023-05-02 05:00:00+00:00,48.77589800004221,2.37578800006495,7.4,,,,,
4084,VITRY-SUR-SEINE,2023-05-02 06:00:00+00:00,48.77589800004221,2.37578800006495,21.4,,,,,
4084,VITRY-SUR-SEINE,2023-05-02 07:00:00+00:00,48.77589800004221,2.37578800006495,11.6,,,,,
4084,VITRY-SUR-SEINE,2023-05-02 08:00:00+00:00,48.77589800004221,2.37578800006495,15.4,,,,,
4084,VITRY-SUR-SEINE,2023-05-02 09:00:00+00:00,48.77589800004221,2.37578800006495,14.8,,,,,
4084,VITRY-SUR-SEINE,2023-05-02 10:00:00+00:00,48.77589800004221,2.37578800006495,9.8,,,,,
4084,VITRY-SUR-SEINE,2023-05-02 11:00:00+00:00,48.77589800004221,2.37578800006495,6.4,,,,,
4084,VITRY-SUR-SEINE,2023-05-02 12:00:00+00:00,48.77589800004221,2.37578800006495,3.9,,,,,
4084,VITRY-SUR-SEINE,2023-05-02 13:00:00+00:00,48.77589800004221,2.37578800006495,2.5,,,,,
4084,VITRY-SUR-SEINE,2023-05-02 14:00:00+00:00,48.77589800004221,2.37578800006495,2.0,,,,,
4084,VITRY-SUR-SEINE,2023-05-02 15:00:00+00:00,48.77589800004221,2.37578800006495,2.1,,,,,
4084,VITRY-SUR-SEINE,2023-05-02 16:00:00+00:00,48.77589800004221,2.37578800006495,1.1,,,,,
4084,VITRY-SUR-SEINE,2023-05-02 17:00:00+00:00,48.77589800004221,2.37578800006495,0.9,,,,,
4084,VITRY-SUR-SEINE,2023-05-02 18:00:00+00:00,48.77589800004221,2.37578800006495,0.5,,,,,
4084,VITRY-SUR-SEINE,2023-05-02 19:00:00+00:00,48.77589800004221,2.37578800006495,1.2,,,,,
4084,VITRY-SUR-SEINE,2023-05-02 20:00:00+00:00,48.77589800004221,2.37578800006495,0.4,,,,,
4084,VITRY-SUR-SEINE,2023-05-02 21:00:00+00:00,48.77589800004221,2.37578800006495,0.4,,,,,
4084,VITRY-SUR-SEINE,2023-05-02 22:00:00+00:00,48.77589800004221,2.37578800006495,0.4,,,,,
4084,VITRY-SUR-SEINE,2023-05-02 23:00:00+00:00,48.77589800004221,2.37578800006495,0.3,,,,,
4084,VITRY-SUR-SEINE,2023-05-03 00:00:00+00:00,48.77589800004221,2.37578800006495,0.1,,,,,
4084,VITRY-SUR-SEINE,2023-05-03 01:00:00+00:00,48.77589800004221,2.37578800006495,0.1,,,,,
4084,VITRY-SUR-SEINE,2023-05-03 02:00:00+00:00,48.77589800004221,2.37578800006495,0.3,,,,,
4084,VITRY-SUR-SEINE,2023-05-03 03:00:00+00:00,48.77589800004221,2.37578800006495,0.2,,,,,
4084,VITRY-SUR-SEINE,2023-05-03 04:00:00+00:00,48.77589800004221,2.37578800006495,0.4,,,,,
4084,VITRY-SUR-SEINE,2023-05-03 05:00:00+00:00,48.77589800004221,2.37578800006495,1.1,,,,,
4084,VITRY-SUR-SEINE,2023-05-03 06:00:00+00:00,48.77589800004221,2.37578800006495,3.3,,,,,
4084,VITRY-SUR-SEINE,2023-05-03 07:00:00+00:00,48.77589800004221,2.37578800006495,5.5,,,,,
4084,VITRY-SUR-SEINE,2023-05-03 08:00:00+00:00,48.77589800004221,2.37578800006495,6.2,,,,,
4084,VITRY-SUR-SEINE,2023-05-03 09:00:00+00:00,48.77589800004221,2.37578800006495,6.7,,,,,
4084,VITRY-SUR-SEINE,2023-05-03 10:00:00+00:00,48.77589800004221,2.37578800006495,4.6,,,,,
4084,VITRY-SUR-SEINE,2023-05-03 11:00:00+00:00,48.77589800004221,2.37578800006495,3.1,,,,,
4084,VITRY-SUR-SEINE,2023-05-03 12:00:00+00:00,48.77589800004221,2.37578800006495,1.8,,,,,
4084,VITRY-SUR-SEINE,2023-05-03 13:00:00+00:00,48.77589800004221,2.37578800006495,8.3,,,,,
4084,VITRY-SUR-SEINE,2023-05-03 14:00:00+00:00,48.77589800004221,2.37578800006495,0.7,,,,,
4084,VITRY-SUR-SEINE,2023-05-03 15:00:00+00:00,48.77589800004221,2.37578800006495,0.7,,,,,
4084,VITRY-SUR-SEINE,2023-05-03 16:00:00+00:00,48.77589800004221,2.37578800006495,0.6,,,,,
4084,VITRY-SUR-SEINE,2023-05-03 17:00:00+00:00,48.77589800004221,2.37578800006495,1.1,,,,,
4084,VITRY-SUR-SEINE,2023-05-03 18:00:00+00:00,48.77589800004221,2.37578800006495,0.4,,,,,
4084,VITRY-SUR-SEINE,2023-05-03 19:00:00+00:00,48.77589800004221,2.37578800006495,0.1,,,,,
4084,VITRY-SUR-SEINE,2023-05-03 20:00:00+00:00,48.77589800004221,2.37578800006495,0.0,,,,,
4084,VITRY-SUR-SEINE,2023-05-03 21:00:00+00:00,48.77589800004221,2.37578800006495,0.1,,,,,
4084,VITRY-SUR-SEINE,2023-05-03 22:00:00+00:00,48.77589800004221,2.37578800006495,0.0,,,,,
4084,VITRY-SUR-SEINE,2023-05-03 23:00:00+00:00,48.77589800004221,2.37578800006495,0.1,,,,,
4084,VITRY-SUR-SEINE,2023-05-04 00:00:00+00:00,48.77589800004221,2.37578800006495,0.1,,,,,
4084,VITRY-SUR-SEINE,2023-05-04 01:00:00+00:00,48.77589800004221,2.37578800006495,0.1,,,,,
4084,VITRY-SUR-SEINE,2023-05-04 02:00:00+00:00,48.77589800004221,2.37578800006495,0.2,,,,,
4084,VITRY-SUR-SEINE,2023-05-04 03:00:00+00:00,48.77589800004221,2.37578800006495,0.2,,,,,
4084,VITRY-SUR-SEINE,2023-05-04 04:00:00+00:00,48.77589800004221,2.37578800006495,0.2,,,,,
4084,VITRY-SUR-SEINE,2023-05-04 05:00:00+00:00,48.77589800004221,2.37578800006495,0.4,,,,,
4084,VITRY-SUR-SEINE,2023-05-04 06:00:00+00:00,48.77589800004221,2.37578800006495,1.5,,,,,
4084,VITRY-SUR-SEINE,2023-05-04 07:00:00+00:00,48.77589800004221,2.37578800006495,2.2,,,,,
4084,VITRY-SUR-SEINE,2023-05-04 08:00:00+00:00,48.77589800004221,2.37578800006495,2.3,,,,,
4084,VITRY-SUR-SEINE,2023-05-04 09:00:00+00:00,48.77589800004221,2.37578800006495,3.3,,,,,
4084,VITRY-SUR-SEINE,2023-05-04 10:00:00+00:00,48.77589800004221,2.37578800006495,2.9,,,,,
4084,VITRY-SUR-SEINE,2023-05-04 11:00:00+00:00,48.77589800004221,2.37578800006495,2.8,,,,,
4084,VITRY-SUR-SEINE,2023-05-04 12:00:00+00:00,48.77589800004221,2.37578800006495,1.5,,,,,
4084,VITRY-SUR-SEINE,2023-05-04 13:00:00+00:00,48.77589800004221,2.37578800006495,0.9,,,,,
4084,VITRY-SUR-SEINE,2023-05-04 14:00:00+00:00,48.77589800004221,2.37578800006495,0.9,,,,,
4084,VITRY-SUR-SEINE,2023-05-04 15:00:00+00:00,48.77589800004221,2.37578800006495,1.1,,,,,
4084,VITRY-SUR-SEINE,2023-05-04 16:00:00+00:00,48.77589800004221,2.37578800006495,1.5,,,,,
4084,VITRY-SUR-SEINE,2023-05-04 17:00:00+00:00,48.77589800004221,2.37578800006495,1.2,,,,,
4084,VITRY-SUR-SEINE,2023-05-04 18:00:00+00:00,48.77589800004221,2.37578800006495,1.2,,,,,
4084,VITRY-SUR-SEINE,2023-05-04 19:00:00+00:00,48.77589800004221,2.37578800006495,0.9,,,,,
4084,VITRY-SUR-SEINE,2023-05-04 20:00:00+00:00,48.77589800004221,2.37578800006495,0.6,,,,,
4084,VITRY-SUR-SEINE,2023-05-04 21:00:00+00:00,48.77589800004221,2.37578800006495,1.0,,,,,
4084,VITRY-SUR-SEINE,2023-05-04 22:00:00+00:00,48.77589800004221,2.37578800006495,0.6,,,,,
4084,VITRY-SUR-SEINE,2023-05-04 23:00:00+00:00,48.77589800004221,2.37578800006495,0.5,,,,,
4084,VITRY-SUR-SEINE,2023-05-05 00:00:00+00:00,48.77589800004221,2.37578800006495,1.1,,,,,
4084,VITRY-SUR-SEINE,2023-05-05 01:00:00+00:00,48.77589800004221,2.37578800006495,0.3,,,,,
4084,VITRY-SUR-SEINE,2023-05-05 02:00:00+00:00,48.77589800004221,2.37578800006495,0.1,,,,,
4084,VITRY-SUR-SEINE,2023-05-05 03:00:00+00:00,48.77589800004221,2.37578800006495,0.5,,,,,
4084,VITRY-SUR-SEINE,2023-05-05 04:00:00+00:00,48.77589800004221,2.37578800006495,0.7,,,,,
4084,VITRY-SUR-SEINE,2023-05-05 05:00:00+00:00,48.77589800004221,2.37578800006495,2.4,,,,,
4084,VITRY-SUR-SEINE,2023-05-05 06:00:00+00:00,48.77589800004221,2.37578800006495,4.0,,,,,
4084,VITRY-SUR-SEINE,2023-05-05 07:00:00+00:00,48.77589800004221,2.37578800006495,2.8,,,,,
4084,VITRY-SUR-SEINE,2023-05-05 08:00:00+00:00,48.77589800004221,2.37578800006495,4.4,,,,,
4084,VITRY-SUR-SEINE,2023-05-05 09:00:00+00:00,48.77589800004221,2.37578800006495,3.7,,,,,
4084,VITRY-SUR-SEINE,2023-05-05 10:00:00+00:00,48.77589800004221,2.37578800006495,2.7,,,,,
4084,VITRY-SUR-SEINE,2023-05-05 11:00:00+00:00,48.77589800004221,2.37578800006495,2.0,,,,,
4084,VITRY-SUR-SEINE,2023-05-05 12:00:00+00:00,48.77589800004221,2.37578800006495,2.0,,,,,
4084,VITRY-SUR-SEINE,2023-05-05 13:00:00+00:00,48.77589800004221,2.37578800006495,1.9,,,,,
4084,VITRY-SUR-SEINE,2023-05-05 14:00:00+00:00,48.77589800004221,2.37578800006495,2.2,,,,,
4084,VITRY-SUR-SEINE,2023-05-05 15:00:00+00:00,48.77589800004221,2.37578800006495,0.9,,,,,
4084,VITRY-SUR-SEINE,2023-05-05 16:00:00+00:00,48.77589800004221,2.37578800006495,1.6,,,,,
4084,VITRY-SUR-SEINE,2023-05-05 17:00:00+00:00,48.77589800004221,2.37578800006495,2.0,,,,,
4084,VITRY-SUR-SEINE,2023-05-05 18:00:00+00:00,48.77589800004221,2.37578800006495,1.4,,,,,
4084,VITRY-SUR-SEINE,2023-05-05 19:00:00+00:00,48.77589800004221,2.37578800006495,1.6,,,,,
4084,VITRY-SUR-SEINE,2023-05-05 20:00:00+00:00,48.77589800004221,2.37578800006495,1.1,,,,,
4084,VITRY-SUR-SEINE,2023-05-05 21:00:00+00:00,48.77589800004221,2.37578800006495,1.1,,,,,
4084,VITRY-SUR-SEINE,2023-05-05 22:00:00+00:00,48.77589800004221,2.37578800006495,0.4,,,,,
4084,VITRY-SUR-SEINE,2023-05-05 23:00:00+00:00,48.77589800004221,2.37578800006495,0.5,,,,,
4084,VITRY-SUR-SEINE,2023-05-06 00:00:00+00:00,48.77589800004221,2.37578800006495,0.4,,,,,
4084,VITRY-SUR-SEINE,2023-05-06 01:00:00+00:00,48.77589800004221,2.37578800006495,0.5,,,,,
4084,VITRY-SUR-SEINE,2023-05-06 02:00:00+00:00,48.77589800004221,2.37578800006495,0.5,,,,,
4084,VITRY-SUR-SEINE,2023-05-06 03:00:00+00:00,48.77589800004221,2.37578800006495,1.0,,,,,
4084,VITRY-SUR-SEINE,2023-05-06 04:00:00+00:00,48.77589800004221,2.37578800006495,0.6,,,,,
4084,VITRY-SUR-SEINE,2023-05-06 05:00:00+00:00,48.77589800004221,2.37578800006495,1.9,,,,,
4084,VITRY-SUR-SEINE,2023-05-06 06:00:00+00:00,48.77589800004221,2.37578800006495,5.8,,,,,
4084,VITRY-SUR-SEINE,2023-05-06 07:00:00+00:00,48.77589800004221,2.37578800006495,12.0,,,,,
4084,VITRY-SUR-SEINE,2023-05-06 08:00:00+00:00,48.77589800004221,2.37578800006495,9.8,,,,,
4084,VITRY-SUR-SEINE,2023-05-06 09:00:00+00:00,48.77589800004221,2.37578800006495,5.9,,,,,
4084,VITRY-SUR-SEINE,2023-05-06 10:00:00+00:00,48.77589800004221,2.37578800006495,2.7,,,,,
4084,VITRY-SUR-SEINE,2023-05-06 11:00:00+00:00,48.77589800004221,2.37578800006495,1.7,,,,,
4084,VITRY-SUR-SEINE,2023-05-06 12:00:00+00:00,48.77589800004221,2.37578800006495,1.1,,,,,
4084,VITRY-SUR-SEINE,2023-05-06 13:00:00+00:00,48.77589800004221,2.37578800006495,1.8,,,,,
4084,VITRY-SUR-SEINE,2023-05-06 14:00:00+00:00,48.77589800004221,2.37578800006495,0.8,,,,,
4084,VITRY-SUR-SEINE,2023-05-06 15:00:00+00:00,48.77589800004221,2.37578800006495,1.1,,,,,
4084,VITRY-SUR-SEINE,2023-05-06 16:00:00+00:00,48.77589800004221,2.37578800006495,1.8,,,,,
4084,VITRY-SUR-SEINE,2023-05-06 17:00:00+00:00,48.77589800004221,2.37578800006495,2.5,,,,,
4084,VITRY-SUR-SEINE,2023-05-06 18:00:00+00:00,48.77589800004221,2.37578800006495,2.6,,,,,
4084,VITRY-SUR-SEINE,2023-05-06 19:00:00+00:00,48.77589800004221,2.37578800006495,2.3,,,,,
4084,VITRY-SUR-SEINE,2023-05-06 20:00:00+00:00,48.77589800004221,2.37578800006495,1.0,,,,,
4084,VITRY-SUR-SEINE,2023-05-06 21:00:00+00:00,48.77589800004221,2.37578800006495,1.1,,,,,
4084,VITRY-SUR-SEINE,2023-05-06 22:00:00+00:00,48.77589800004221,2.37578800006495,0.7,,,,,
4084,VITRY-SUR-SEINE,2023-05-06 23:00:00+00:00,48.77589800004221,2.37578800006495,0.9,,,,,
4084,VITRY-SUR-SEINE,2023-05-07 00:00:00+00:00,48.77589800004221,2.37578800006495,0.2,,,,,
4084,VITRY-SUR-SEINE,2023-05-07 01:00:00+00:00,48.77589800004221,2.37578800006495,0.2,,,,,
4084,VITRY-SUR-SEINE,2023-05-07 02:00:00+00:00,48.77589800004221,2.37578800006495,0.2,,,,,
4084,VITRY-SUR-SEINE,2023-05-07 03:00:00+00:00,48.77589800004221,2.37578800006495,0.3,,,,,
4084,VITRY-SUR-SEINE,2023-05-07 04:00:00+00:00,48.77589800004221,2.37578800006495,0.4,,,,,
4084,VITRY-SUR-SEINE,2023-05-07 05:00:00+00:00,48.77589800004221,2.37578800006495,0.0,,,,,
4084,VITRY-SUR-SEINE,2023-05-07 06:00:00+00:00,48.77589800004221,2.37578800006495,0.5,,,,,
4084,VITRY-SUR-SEINE,2023-05-07 07:00:00+00:00,48.77589800004221,2.37578800006495,0.9,,,,,
4084,VITRY-SUR-SEINE,2023-05-07 08:00:00+00:00,48.77589800004221,2.37578800006495,2.4,,,,,
4084,VITRY-SUR-SEINE,2023-05-07 09:00:00+00:00,48.77589800004221,2.37578800006495,3.1,,,,,
4084,VITRY-SUR-SEINE,2023-05-07 10:00:00+00:00,48.77589800004221,2.37578800006495,2.0,,,,,
4084,VITRY-SUR-SEINE,2023-05-07 11:00:00+00:00,48.77589800004221,2.37578800006495,2.1,,,,,
4084,VITRY-SUR-SEINE,2023-05-07 12:00:00+00:00,48.77589800004221,2.37578800006495,1.9,,,,,
4084,VITRY-SUR-SEINE,2023-05-07 13:00:00+00:00,48.77589800004221,2.37578800006495,1.9,,,,,
4084,VITRY-SUR-SEINE,2023-05-07 14:00:00+00:00,48.77589800004221,2.37578800006495,1.8,,,,,
4084,VITRY-SUR-SEINE,2023-05-07 15:00:00+00:00,48.77589800004221,2.37578800006495,2.8,,,,,
4084,VITRY-SUR-SEINE,2023-05-07 16:00:00+00:00,48.77589800004221,2.37578800006495,1.3,,,,,
4084,VITRY-SUR-SEINE,2023-05-07 17:00:00+00:00,48.77589800004221,2.37578800006495,2.3,,,,,
4084,VITRY-SUR-SEINE,2023-05-07 18:00:00+00:00,48.77589800004221,2.37578800006495,2.2,,,,,
4084,VITRY-SUR-SEINE,2023-05-07 19:00:00+00:00,48.77589800004221,2.37578800006495,2.1,,,,,
4084,VITRY-SUR-SEINE,2023-05-07 20:00:00+00:00,48.77589800004221,2.37578800006495,1.3,,,,,
4084,VITRY-SUR-SEINE,2023-05-07 21:00:00+00:00,48.77589800004221,2.37578800006495,0.8,,,,,
4084,VITRY-SUR-SEINE,2023-05-07 22:00:00+00:00,48.77589800004221,2.37578800006495,0.9,,,,,
4084,VITRY-SUR-SEINE,2023-05-07 23:00:00+00:00,48.77589800004221,2.37578800006495,0.7,,,,,
4084,VITRY-SUR-SEINE,2023-05-08 00:00:00+00:00,48.77589800004221,2.37578800006495,2.1,,,,,
4084,VITRY-SUR-SEINE,2023-05-08 01:00:00+00:00,48.77589800004221,2.37578800006495,1.0,,,,,
4084,VITRY-SUR-SEINE,2023-05-08 02:00:00+00:00,48.77589800004221,2.37578800006495,0.4,,,,,
4084,VITRY-SUR-SEINE,2023-05-08 03:00:00+00:00,48.77589800004221,2.37578800006495,0.2,,,,,
4084,VITRY-SUR-SEINE,2023-05-08 04:00:00+00:00,48.77589800004221,2.37578800006495,0.2,,,,,
4084,VITRY-SUR-SEINE,2023-05-08 05:00:00+00:00,48.77589800004221,2.37578800006495,0.4,,,,,
4084,VITRY-SUR-SEINE,2023-05-08 06:00:00+00:00,48.77589800004221,2.37578800006495,0.7,,,,,
4084,VITRY-SUR-SEINE,2023-05-08 07:00:00+00:00,48.77589800004221,2.37578800006495,2.2,,,,,
4084,VITRY-SUR-SEINE,2023-05-08 08:00:00+00:00,48.77589800004221,2.37578800006495,2.1,,,,,
4084,VITRY-SUR-SEINE,2023-05-08 09:00:00+00:00,48.77589800004221,2.37578800006495,2.1,,,,,
4084,VITRY-SUR-SEINE,2023-05-08 10:00:00+00:00,48.77589800004221,2.37578800006495,3.1,,,,,
4084,VITRY-SUR-SEINE,2023-05-08 11:00:00+00:00,48.77589800004221,2.37578800006495,1.8,,,,,
4084,VITRY-SUR-SEINE,2023-05-08 12:00:00+00:00,48.77589800004221,2.37578800006495,1.6,,,,,
4084,VITRY-SUR-SEINE,2023-05-08 13:00:00+00:00,48.77589800004221,2.37578800006495,1.4,,,,,
4084,VITRY-SUR-SEINE,2023-05-08 14:00:00+00:00,48.77589800004221,2.37578800006495,1.4,,,,,
4084,VITRY-SUR-SEINE,2023-05-08 15:00:00+00:00,48.77589800004221,2.37578800006495,2.0,,,,,
4084,VITRY-SUR-SEINE,2023-05-08 16:00:00+00:00,48.77589800004221,2.37578800006495,1.1,,,,,
4084,VITRY-SUR-SEINE,2023-05-08 17:00:00+00:00,48.77589800004221,2.37578800006495,1.5,,,,,
4084,VITRY-SUR-SEINE,2023-05-08 18:00:00+00:00,48.77589800004221,2.37578800006495,0.8,,,,,
4084,VITRY-SUR-SEINE,2023-05-08 19:00:00+00:00,48.77589800004221,2.37578800006495,0.6,,,,,
4084,VITRY-SUR-SEINE,2023-05-08 20:00:00+00:00,48.77589800004221,2.37578800006495,0.5,,,,,
4084,VITRY-SUR-SEINE,2023-05-08 21:00:00+00:00,48.77589800004221,2.37578800006495,0.7,,,,,
4084,VITRY-SUR-SEINE,2023-05-08 22:00:00+00:00,48.77589800004221,2.37578800006495,0.6,,,,,
4084,VITRY-SUR-SEINE,2023-05-08 23:00:00+00:00,48.77589800004221,2.37578800006495,0.4,,,,,
4084,VITRY-SUR-SEINE,2023-05-09 00:00:00+00:00,48.77589800004221,2.37578800006495,0.5,,,,,
4084,VITRY-SUR-SEINE,2023-05-09 01:00:00+00:00,48.77589800004221,2.37578800006495,0.3,,,,,
4084,VITRY-SUR-SEINE,2023-05-09 02:00:00+00:00,48.77589800004221,2.37578800006495,0.1,,,,,
4084,VITRY-SUR-SEINE,2023-05-09 03:00:00+00:00,48.77589800004221,2.37578800006495,0.5,,,,,
4084,VITRY-SUR-SEINE,2023-05-09 04:00:00+00:00,48.77589800004221,2.37578800006495,0.5,,,,,
4084,VITRY-SUR-SEINE,2023-05-09 05:00:00+00:00,48.77589800004221,2.37578800006495,0.6,,,,,
4084,VITRY-SUR-SEINE,2023-05-09 06:00:00+00:00,48.77589800004221,2.37578800006495,0.7,,,,,
4084,VITRY-SUR-SEINE,2023-05-09 07:00:00+00:00,48.77589800004221,2.37578800006495,1.5,,,,,
4084,VITRY-SUR-SEINE,2023-05-09 08:00:00+00:00,48.77589800004221,2.37578800006495,2.5,,,,,
4084,VITRY-SUR-SEINE,2023-05-09 09:00:00+00:00,48.77589800004221,2.37578800006495,3.1,,,,,
4084,VITRY-SUR-SEINE,2023-05-09 10:00:00+00:00,48.77589800004221,2.37578800006495,1.7,,,,,
4084,VITRY-SUR-SEINE,2023-05-09 11:00:00+00:00,48.77589800004221,2.37578800006495,3.7,,,,,
4084,VITRY-SUR-SEINE,2023-05-09 12:00:00+00:00,48.77589800004221,2.37578800006495,5.9,,,,,
4084,VITRY-SUR-SEINE,2023-05-09 13:00:00+00:00,48.77589800004221,2.37578800006495,5.9,,,,,
4084,VITRY-SUR-SEINE,2023-05-09 14:00:00+00:00,48.77589800004221,2.37578800006495,4.3,,,,,
4084,VITRY-SUR-SEINE,2023-05-09 15:00:00+00:00,48.77589800004221,2.37578800006495,3.9,,,,,
4084,VITRY-SUR-SEINE,2023-05-09 16:00:00+00:00,48.77589800004221,2.37578800006495,3.0,,,,,
4084,VITRY-SUR-SEINE,2023-05-09 17:00:00+00:00,48.77589800004221,2.37578800006495,3.5,,,,,
4084,VITRY-SUR-SEINE,2023-05-09 18:00:00+00:00,48.77589800004221,2.37578800006495,4.7,,,,,
4084,VITRY-SUR-SEINE,2023-05-09 19:00:00+00:00,48.77589800004221,2.37578800006495,4.2,,,,,
4084,VITRY-SUR-SEINE,2023-05-09 20:00:00+00:00,48.77589800004221,2.37578800006495,2.0,,,,,
4084,VITRY-SUR-SEINE,2023-05-09 21:00:00+00:00,48.77589800004221,2.37578800006495,1.1,,,,,
4084,VITRY-SUR-SEINE,2023-05-09 22:00:00+00:00,48.77589800004221,2.37578800006495,0.8,,,,,
4084,VITRY-SUR-SEINE,2023-05-09 23:00:00+00:00,48.77589800004221,2.37578800006495,0.3,,,,,
4084,VITRY-SUR-SEINE,2023-05-10 00:00:00+00:00,48.77589800004221,2.37578800006495,0.0,,,,,
4084,VITRY-SUR-SEINE,2023-05-10 01:00:00+00:00,48.77589800004221,2.37578800006495,0.1,,,,,
4084,VITRY-SUR-SEINE,2023-05-10 02:00:00+00:00,48.77589800004221,2.37578800006495,0.1,,,,,
4084,VITRY-SUR-SEINE,2023-05-10 03:00:00+00:00,48.77589800004221,2.37578800006495,0.0,,,,,
4084,VITRY-SUR-SEINE,2023-05-10 04:00:00+00:00,48.77589800004221,2.37578800006495,0.3,,,,,
4084,VITRY-SUR-SEINE,2023-05-10 05:00:00+00:00,48.77589800004221,2.37578800006495,2.0,,,,,
4084,VITRY-SUR-SEINE,2023-05-10 06:00:00+00:00,48.77589800004221,2.37578800006495,6.3,,,,,
4084,VITRY-SUR-SEINE,2023-05-10 07:00:00+00:00,48.77589800004221,2.37578800006495,4.2,,,,,
4084,VITRY-SUR-SEINE,2023-05-10 08:00:00+00:00,48.77589800004221,2.37578800006495,4.8,,,,,
4084,VITRY-SUR-SEINE,2023-05-10 09:00:00+00:00,48.77589800004221,2.37578800006495,5.1,,,,,
4084,VITRY-SUR-SEINE,2023-05-10 10:00:00+00:00,48.77589800004221,2.37578800006495,4.5,,,,,
4084,VITRY-SUR-SEINE,2023-05-10 11:00:00+00:00,48.77589800004221,2.37578800006495,3.0,,,,,
4084,VITRY-SUR-SEINE,2023-05-10 12:00:00+00:00,48.77589800004221,2.37578800006495,3.7,,,,,
4084,VITRY-SUR-SEINE,2023-05-10 13:00:00+00:00,48.77589800004221,2.37578800006495,3.3,,,,,
4084,VITRY-SUR-SEINE,2023-05-10 14:00:00+00:00,48.77589800004221,2.37578800006495,3.4,,,,,
4084,VITRY-SUR-SEINE,2023-05-10 15:00:00+00:00,48.77589800004221,2.37578800006495,3.1,,,,,
4084,VITRY-SUR-SEINE,2023-05-10 16:00:00+00:00,48.77589800004221,2.37578800006495,2.7,,,,,
4084,VITRY-SUR-SEINE,2023-05-10 17:00:00+00:00,48.77589800004221,2.37578800006495,3.0,,,,,
4084,VITRY-SUR-SEINE,2023-05-10 18:00:00+00:00,48.77589800004221,2.37578800006495,2.6,,,,,
4084,VITRY-SUR-SEINE,2023-05-10 19:00:00+00:00,48.77589800004221,2.37578800006495,2.5,,,,,
4084,VITRY-SUR-SEINE,2023-05-10 20:00:00+00:00,48.77589800004221,2.37578800006495,1.8,,,,,
4084,VITRY-SUR-SEINE,2023-05-10 21:00:00+00:00,48.77589800004221,2.37578800006495,1.6,,,,,
4084,VITRY-SUR-SEINE,2023-05-10 22:00:00+00:00,48.77589800004221,2.37578800006495,1.2,,,,,
4084,VITRY-SUR-SEINE,2023-05-10 23:00:00+00:00,48.77589800004221,2.37578800006495,1.1,,,,,
4084,VITRY-SUR-SEINE,2023-05-11 00:00:00+00:00,48.77589800004221,2.37578800006495,0.6,,,,,
4084,VITRY-SUR-SEINE,2023-05-11 01:00:00+00:00,48.77589800004221,2.37578800006495,0.2,,,,,
4084,VITRY-SUR-SEINE,2023-05-11 02:00:00+00:00,48.77589800004221,2.37578800006495,0.2,,,,,
4084,VITRY-SUR-SEINE,2023-05-11 03:00:00+00:00,48.77589800004221,2.37578800006495,0.3,,,,,
4084,VITRY-SUR-SEINE,2023-05-11 04:00:00+00:00,48.77589800004221,2.37578800006495,1.5,,,,,
4084,VITRY-SUR-SEINE,2023-05-11 05:00:00+00:00,48.77589800004221,2.37578800006495,2.7,,,,,
4084,VITRY-SUR-SEINE,2023-05-11 06:00:00+00:00,48.77589800004221,2.37578800006495,2.8,,,,,
4084,VITRY-SUR-SEINE,2023-05-11 07:00:00+00:00,48.77589800004221,2.37578800006495,5.9,,,,,
4084,VITRY-SUR-SEINE,2023-05-11 08:00:00+00:00,48.77589800004221,2.37578800006495,7.5,,,,,
4084,VITRY-SUR-SEINE,2023-05-11 09:00:00+00:00,48.77589800004221,2.37578800006495,5.9,,,,,
4084,VITRY-SUR-SEINE,2023-05-11 10:00:00+00:00,48.77589800004221,2.37578800006495,6.6,,,,,
4084,VITRY-SUR-SEINE,2023-05-11 11:00:00+00:00,48.77589800004221,2.37578800006495,4.6,,,,,
4084,VITRY-SUR-SEINE,2023-05-11 12:00:00+00:00,48.77589800004221,2.37578800006495,5.7,,,,,
4084,VITRY-SUR-SEINE,2023-05-11 13:00:00+00:00,48.77589800004221,2.37578800006495,4.9,,,,,
4084,VITRY-SUR-SEINE,2023-05-11 14:00:00+00:00,48.77589800004221,2.37578800006495,4.0,,,,,
4084,VITRY-SUR-SEINE,2023-05-11 15:00:00+00:00,48.77589800004221,2.37578800006495,3.4,,,,,
4084,VITRY-SUR-SEINE,2023-05-11 16:00:00+00:00,48.77589800004221,2.37578800006495,5.5,,,,,
4084,VITRY-SUR-SEINE,2023-05-11 17:00:00+00:00,48.77589800004221,2.37578800006495,4.4,,,,,
4084,VITRY-SUR-SEINE,2023-05-11 18:00:00+00:00,48.77589800004221,2.37578800006495,4.3,,,,,
4084,VITRY-SUR-SEINE,2023-05-11 19:00:00+00:00,48.77589800004221,2.37578800006495,1.9,,,,,
4084,VITRY-SUR-SEINE,2023-05-11 20:00:00+00:00,48.77589800004221,2.37578800006495,1.1,,,,,
4084,VITRY-SUR-SEINE,2023-05-11 21:00:00+00:00,48.77589800004221,2.37578800006495,0.6,,,,,
4084,VITRY-SUR-SEINE,2023-05-11 22:00:00+00:00,48.77589800004221,2.37578800006495,1.6,,,,,
4084,VITRY-SUR-SEINE,2023-05-11 23:00:00+00:00,48.77589800004221,2.37578800006495,5.2,,,,,
4084,VITRY-SUR-SEINE,2023-05-12 00:00:00+00:00,48.77589800004221,2.37578800006495,1.1,,,,,
4084,VITRY-SUR-SEINE,2023-05-12 01:00:00+00:00,48.77589800004221,2.37578800006495,0.3,,,,,
4084,VITRY-SUR-SEINE,2023-05-12 02:00:00+00:00,48.77589800004221,2.37578800006495,0.1,,,,,
4084,VITRY-SUR-SEINE,2023-05-12 03:00:00+00:00,48.77589800004221,2.37578800006495,0.1,,,,,
4084,VITRY-SUR-SEINE,2023-05-12 04:00:00+00:00,48.77589800004221,2.37578800006495,0.2,,,,,
4084,VITRY-SUR-SEINE,2023-05-12 05:00:00+00:00,48.77589800004221,2.37578800006495,1.5,,,,,
4084,VITRY-SUR-SEINE,2023-05-12 06:00:00+00:00,48.77589800004221,2.37578800006495,3.7,,,,,
4084,VITRY-SUR-SEINE,2023-05-12 07:00:00+00:00,48.77589800004221,2.37578800006495,8.1,,,,,
4084,VITRY-SUR-SEINE,2023-05-12 08:00:00+00:00,48.77589800004221,2.37578800006495,6.9,,,,,
4084,VITRY-SUR-SEINE,2023-05-12 09:00:00+00:00,48.77589800004221,2.37578800006495,6.1,,,,,
4084,VITRY-SUR-SEINE,2023-05-12 10:00:00+00:00,48.77589800004221,2.37578800006495,4.1,,,,,
4084,VITRY-SUR-SEINE,2023-05-12 11:00:00+00:00,48.77589800004221,2.37578800006495,4.6,,,,,
4084,VITRY-SUR-SEINE,2023-05-12 12:00:00+00:00,48.77589800004221,2.37578800006495,4.8,,,,,
4084,VITRY-SUR-SEINE,2023-05-12 13:00:00+00:00,48.77589800004221,2.37578800006495,2.8,,,,,
4084,VITRY-SUR-SEINE,2023-05-12 14:00:00+00:00,48.77589800004221,2.37578800006495,3.5,,,,,
4084,VITRY-SUR-SEINE,2023-05-12 15:00:00+00:00,48.77589800004221,2.37578800006495,2.8,,,,,
4084,VITRY-SUR-SEINE,2023-05-12 16:00:00+00:00,48.77589800004221,2.37578800006495,3.6,,,,,
4084,VITRY-SUR-SEINE,2023-05-12 17:00:00+00:00,48.77589800004221,2.37578800006495,3.9,,,,,
4084,VITRY-SUR-SEINE,2023-05-12 18:00:00+00:00,48.77589800004221,2.37578800006495,3.2,,,,,
4084,VITRY-SUR-SEINE,2023-05-12 19:00:00+00:00,48.77589800004221,2.37578800006495,3.0,,,,,
4084,VITRY-SUR-SEINE,2023-05-12 20:00:00+00:00,48.77589800004221,2.37578800006495,2.4,,,,,
4084,VITRY-SUR-SEINE,2023-05-12 21:00:00+00:00,48.77589800004221,2.37578800006495,1.4,,,,,
4084,VITRY-SUR-SEINE,2023-05-12 22:00:00+00:00,48.77589800004221,2.37578800006495,1.4,,,,,
4084,VITRY-SUR-SEINE,2023-05-12 23:00:00+00:00,48.77589800004221,2.37578800006495,0.8,,,,,
4084,VITRY-SUR-SEINE,2023-05-13 00:00:00+00:00,48.77589800004221,2.37578800006495,0.9,,,,,
