location_id,location_name,datetimeUtc,latitude,longitude,co,no,no2,nox,o3,pm10,pm25,so2
32896,Riverside - Rubidoux,2020-12-22 17:00:00+00:00,33.999449,-117.415831,1.15,,0.045,,0.002,,,0.002
32896,Riverside - Rubidoux,2020-12-22 18:00:00+00:00,33.999449,-117.415831,0.73,,0.044,,0.005,,,0.001
32896,Riverside - Rubidoux,2020-12-22 19:00:00+00:00,33.999449,-117.415831,0.41,,0.033,,0.014,,,0.001
32896,Riverside - Rubidoux,2020-12-23 00:00:00+00:00,33.999449,-117.415831,0.24,,0.013,,0.041,,,0.001
32896,Riverside - Rubidoux,2020-12-23 01:00:00+00:00,33.999449,-117.415831,0.33,,0.022,,0.033,,,0.001
32896,Riverside - Rubidoux,2020-12-23 02:00:00+00:00,33.999449,-117.415831,0.37,,0.021,,0.031,,,0.001
32896,Riverside - Rubidoux,2020-12-23 03:00:00+00:00,33.999449,-117.415831,0.43,,0.021,,0.025,,,0.0
32896,Riverside - Rubidoux,2020-12-23 04:00:00+00:00,33.999449,-117.415831,0.43,,0.02,,0.022,,,0.0
32896,Riverside - Rubidoux,2020-12-23 06:00:00+00:00,33.999449,-117.415831,0.84,,0.026,,0.012,,,0.0
32896,Riverside - Rubidoux,2020-12-23 07:00:00+00:00,33.999449,-117.415831,0.71,,0.032,,0.004,,,0.0
32896,Riverside - Rubidoux,2020-12-23 08:00:00+00:00,33.999449,-117.415831,0.6,,0.029,,0.003,,,0.0
32896,Riverside - Rubidoux,2020-12-23 09:00:00+00:00,33.999449,-117.415831,0.7,,0.029,,0.001,,,0.0
32896,Riverside - Rubidoux,2020-12-23 14:00:00+00:00,33.999449,-117.415831,0.69,,0.035,,0.001,,,0.001
32896,Riverside - Rubidoux,2020-12-23 15:00:00+00:00,33.999449,-117.415831,0.71,,0.038,,0.001,,,0.001
32896,Riverside - Rubidoux,2020-12-23 16:00:00+00:00,33.999449,-117.415831,0.51,,0.035,,0.008,,,0.001
32896,Riverside - Rubidoux,2021-01-05 14:00:00+00:00,33.999449,-117.415831,0.98,,0.024,,0.001,,,0.001
32896,Riverside - Rubidoux,2021-01-08 20:00:00+00:00,33.999449,-117.415831,0.28,,0.021,,0.023,,,0.001
32896,Riverside - Rubidoux,2021-01-10 20:00:00+00:00,33.999449,-117.415831,0.16,,0.006,,0.036,,,0.0
32896,Riverside - Rubidoux,2021-01-10 21:00:00+00:00,33.999449,-117.415831,0.17,,0.008,,0.036,,,0.0
32896,Riverside - Rubidoux,2021-01-10 22:00:00+00:00,33.999449,-117.415831,0.19,,0.008,,0.038,,,0.0
32896,Riverside - Rubidoux,2021-01-10 23:00:00+00:00,33.999449,-117.415831,0.18,,0.008,,0.038,,,0.0
32896,Riverside - Rubidoux,2021-01-11 00:00:00+00:00,33.999449,-117.415831,0.17,,0.007,,0.04,,,0.0
32896,Riverside - Rubidoux,2021-01-11 01:00:00+00:00,33.999449,-117.415831,0.25,,0.012,,0.034,,,0.001
32896,Riverside - Rubidoux,2021-01-11 02:00:00+00:00,33.999449,-117.415831,0.59,,0.027,,0.019,,,0.001
32896,Riverside - Rubidoux,2021-01-11 03:00:00+00:00,33.999449,-117.415831,0.73,,0.035,,0.008,,,0.001
32896,Riverside - Rubidoux,2021-01-11 04:00:00+00:00,33.999449,-117.415831,0.96,,0.041,,0.002,,,0.001
32896,Riverside - Rubidoux,2021-01-11 05:00:00+00:00,33.999449,-117.415831,0.9,,0.035,,0.001,,,0.001
32896,Riverside - Rubidoux,2021-01-11 06:00:00+00:00,33.999449,-117.415831,1.13,,0.034,,0.001,,,0.001
32896,Riverside - Rubidoux,2021-01-11 07:00:00+00:00,33.999449,-117.415831,0.73,,0.032,,0.001,,,0.001
32896,Riverside - Rubidoux,2021-01-11 08:00:00+00:00,33.999449,-117.415831,0.42,,0.027,,0.007,,,0.001
32896,Riverside - Rubidoux,2021-01-11 09:00:00+00:00,33.999449,-117.415831,0.16,,0.013,,0.024,,,0.0
32896,Riverside - Rubidoux,2021-01-11 10:00:00+00:00,33.999449,-117.415831,0.21,,0.02,,0.016,,,0.0
32896,Riverside - Rubidoux,2021-01-11 11:00:00+00:00,33.999449,-117.415831,0.2,,0.021,,0.015,,,0.001
32896,Riverside - Rubidoux,2021-01-11 12:00:00+00:00,33.999449,-117.415831,0.28,,0.026,,0.007,,,0.001
32896,Riverside - Rubidoux,2021-01-11 13:00:00+00:00,33.999449,-117.415831,0.3,,0.032,,0.001,,,0.001
32896,Riverside - Rubidoux,2021-01-12 16:00:00+00:00,33.999449,-117.415831,0.87,,0.036,,0.001,,,0.001
32896,Riverside - Rubidoux,2021-01-14 02:00:00+00:00,33.999449,-117.415831,0.48,,0.045,,0.005,,,0.001
32896,Riverside - Rubidoux,2021-01-14 16:00:00+00:00,33.999449,-117.415831,0.13,,0.008,,0.03,,,0.0
32896,Riverside - Rubidoux,2021-01-14 22:00:00+00:00,33.999449,-117.415831,0.11,,0.005,,0.037,,,0.0
32896,Riverside - Rubidoux,2021-01-15 00:00:00+00:00,33.999449,-117.415831,0.13,,0.006,,0.038,,,0.0
32896,Riverside - Rubidoux,2021-01-18 00:00:00+00:00,33.999449,-117.415831,0.14,,0.004,,0.042,,,0.0
32896,Riverside - Rubidoux,2021-01-19 00:00:00+00:00,33.999449,-117.415831,0.12,,0.005,,0.036,,,0.0
32896,Riverside - Rubidoux,2021-01-19 22:00:00+00:00,33.999449,-117.415831,0.11,,0.003,,0.036,,,0.0
32896,Riverside - Rubidoux,2021-01-19 23:00:00+00:00,33.999449,-117.415831,,,0.005,,0.035,,,0.0
32896,Riverside - Rubidoux,2021-01-20 00:00:00+00:00,33.999449,-117.415831,0.12,,0.005,,0.034,,,0.0
32896,Riverside - Rubidoux,2021-01-20 01:00:00+00:00,33.999449,-117.415831,0.11,,0.004,,0.034,,,0.0
32896,Riverside - Rubidoux,2021-01-20 13:00:00+00:00,33.999449,-117.415831,0.09,,0.004,,0.033,,,0.0
32896,Riverside - Rubidoux,2021-01-20 14:00:00+00:00,33.999449,-117.415831,0.11,,0.005,,0.031,,,0.0
32896,Riverside - Rubidoux,2021-01-20 15:00:00+00:00,33.999449,-117.415831,0.1,,0.005,,0.031,,,0.0
32896,Riverside - Rubidoux,2021-01-20 16:00:00+00:00,33.999449,-117.415831,0.1,,0.005,,0.031,,,0.0
32896,Riverside - Rubidoux,2021-01-20 17:00:00+00:00,33.999449,-117.415831,0.1,,0.005,,0.031,,,0.0
32896,Riverside - Rubidoux,2021-01-21 06:00:00+00:00,33.999449,-117.415831,0.11,,0.008,,0.028,,,0.0
32896,Riverside - Rubidoux,2021-01-21 07:00:00+00:00,33.999449,-117.415831,0.12,,0.008,,0.027,,,0.0
32896,Riverside - Rubidoux,2021-01-21 08:00:00+00:00,33.999449,-117.415831,0.11,,0.008,,0.027,,,0.0
32896,Riverside - Rubidoux,2021-01-21 09:00:00+00:00,33.999449,-117.415831,0.18,,0.023,,0.008,,,0.0
32896,Riverside - Rubidoux,2021-01-22 05:00:00+00:00,33.999449,-117.415831,0.34,,0.025,,0.015,,,0.0
32896,Riverside - Rubidoux,2021-01-22 06:00:00+00:00,33.999449,-117.415831,0.58,,0.032,,0.006,,,0.0
32896,Riverside - Rubidoux,2021-01-22 07:00:00+00:00,33.999449,-117.415831,0.76,,0.032,,0.001,,,0.0
32896,Riverside - Rubidoux,2021-01-25 17:00:00+00:00,33.999449,-117.415831,0.14,,0.007,,0.033,,,0.0
32896,Riverside - Rubidoux,2021-01-28 05:00:00+00:00,33.999449,-117.415831,0.39,,0.013,,0.024,,,0.0
32896,Riverside - Rubidoux,2021-01-28 19:00:00+00:00,33.999449,-117.415831,,,0.025,,0.016,,,
32896,Riverside - Rubidoux,2021-01-28 21:00:00+00:00,33.999449,-117.415831,0.14,,0.008,,0.036,,,0.0
32896,Riverside - Rubidoux,2021-01-29 11:00:00+00:00,33.999449,-117.415831,0.09,,0.003,,0.035,,,0.0
32896,Riverside - Rubidoux,2021-01-29 18:00:00+00:00,33.999449,-117.415831,0.16,,0.009,,0.029,,,0.0
32896,Riverside - Rubidoux,2021-01-30 02:00:00+00:00,33.999449,-117.415831,0.19,,0.012,,0.026,,,0.0
32896,Riverside - Rubidoux,2021-02-17 23:00:00+00:00,33.999449,-117.415831,0.14,,0.005,,0.041,27.0,3.0,0.0
32896,Riverside - Rubidoux,2021-02-18 11:00:00+00:00,33.999449,-117.415831,0.1,,0.002,,0.038,16.0,,0.0
32896,Riverside - Rubidoux,2021-02-21 13:00:00+00:00,33.999449,-117.415831,0.1,,0.003,,0.039,35.0,-1.0,0.0
32896,Riverside - Rubidoux,2021-02-22 00:00:00+00:00,33.999449,-117.415831,0.13,,0.004,,0.043,17.0,0.0,0.0
32896,Riverside - Rubidoux,2021-02-22 01:00:00+00:00,33.999449,-117.415831,0.14,,0.004,,0.042,25.0,0.0,0.0
32896,Riverside - Rubidoux,2021-02-22 02:00:00+00:00,33.999449,-117.415831,0.14,,0.005,,0.04,28.0,-2.0,0.0
32896,Riverside - Rubidoux,2021-02-22 03:00:00+00:00,33.999449,-117.415831,0.14,,0.005,,0.04,27.0,-2.0,0.0
32896,Riverside - Rubidoux,2021-02-22 04:00:00+00:00,33.999449,-117.415831,0.13,,0.005,,0.04,15.0,-1.0,0.0
32896,Riverside - Rubidoux,2021-02-22 05:00:00+00:00,33.999449,-117.415831,0.14,,0.006,,0.038,13.0,1.0,0.0
32896,Riverside - Rubidoux,2021-02-22 06:00:00+00:00,33.999449,-117.415831,0.31,,0.024,,0.018,36.0,2.0,0.001
32896,Riverside - Rubidoux,2021-02-22 07:00:00+00:00,33.999449,-117.415831,0.19,,0.014,,0.028,23.0,2.0,0.001
32896,Riverside - Rubidoux,2021-02-22 08:00:00+00:00,33.999449,-117.415831,0.23,,0.024,,0.016,17.0,0.0,0.001
32896,Riverside - Rubidoux,2021-02-22 09:00:00+00:00,33.999449,-117.415831,0.18,,0.016,,0.024,23.0,2.0,0.0
32896,Riverside - Rubidoux,2021-02-22 10:00:00+00:00,33.999449,-117.415831,0.25,,0.026,,0.009,,,0.001
32896,Riverside - Rubidoux,2021-02-22 14:00:00+00:00,33.999449,-117.415831,0.3,,0.031,,0.007,26.0,-1.0,0.001
32896,Riverside - Rubidoux,2021-02-24 17:00:00+00:00,33.999449,-117.415831,0.63,,0.038,,0.007,,,0.001
32896,Riverside - Rubidoux,2021-02-24 21:00:00+00:00,33.999449,-117.415831,0.17,,0.009,,0.049,17.0,7.0,0.001
32896,Riverside - Rubidoux,2021-02-25 09:00:00+00:00,33.999449,-117.415831,0.1,,0.003,,0.043,,45.0,0.0
32896,Riverside - Rubidoux,2021-02-25 15:00:00+00:00,33.999449,-117.415831,0.11,,0.003,,0.044,105.0,3.0,0.0
32896,Riverside - Rubidoux,2021-02-25 23:00:00+00:00,33.999449,-117.415831,,,0.004,,0.046,42.0,4.0,0.0
32896,Riverside - Rubidoux,2021-03-02 02:00:00+00:00,33.999449,-117.415831,0.17,,0.007,,0.04,20.0,-1.0,0.0
32896,Riverside - Rubidoux,2021-03-04 07:00:00+00:00,33.999449,-117.415831,0.57,,0.026,,0.004,20.0,9.0,0.0
32896,Riverside - Rubidoux,2021-03-05 00:00:00+00:00,33.999449,-117.415831,0.15,,,,,11.0,5.0,0.0
32896,Riverside - Rubidoux,2021-03-05 03:00:00+00:00,33.999449,-117.415831,0.25,,0.012,,0.036,22.0,4.0,0.0
32896,Riverside - Rubidoux,2021-03-05 20:00:00+00:00,33.999449,-117.415831,0.16,,,,,17.0,4.0,0.0
32896,Riverside - Rubidoux,2021-03-11 01:00:00+00:00,33.999449,-117.415831,0.16,,0.006,,0.038,8.0,0.0,0.0
32896,Riverside - Rubidoux,2021-03-12 07:00:00+00:00,33.999449,-117.415831,0.18,,0.007,,0.037,3.0,,0.0
32896,Riverside - Rubidoux,2021-03-12 19:00:00+00:00,33.999449,-117.415831,0.17,,0.005,,0.04,18.0,11.0,0.0
32896,Riverside - Rubidoux,2021-03-17 03:00:00+00:00,33.999449,-117.415831,0.16,,0.005,,0.039,,,0.0
32896,Riverside - Rubidoux,2021-03-17 19:00:00+00:00,33.999449,-117.415831,0.25,,0.014,,0.032,40.0,26.0,0.001
32896,Riverside - Rubidoux,2021-03-18 22:00:00+00:00,33.999449,-117.415831,0.2,,,,,31.0,13.0,0.001
32896,Riverside - Rubidoux,2021-03-20 02:00:00+00:00,33.999449,-117.415831,0.13,,0.005,,0.033,9.0,0.0,0.0
32896,Riverside - Rubidoux,2021-03-25 22:00:00+00:00,33.999449,-117.415831,0.12,,0.002,,0.042,,,0.0
32896,Riverside - Rubidoux,2021-03-30 23:00:00+00:00,33.999449,-117.415831,0.12,,0.003,,0.052,61.0,7.0,0.0
32896,Riverside - Rubidoux,2021-04-12 17:00:00+00:00,33.999449,-117.415831,0.18,,0.007,,0.034,25.0,,0.0
32896,Riverside - Rubidoux,2021-04-15 00:00:00+00:00,33.999449,-117.415831,0.14,,0.004,,0.055,36.0,9.0,0.0
32896,Riverside - Rubidoux,2021-04-15 08:00:00+00:00,33.999449,-117.415831,0.15,,0.008,,0.036,31.0,9.0,0.0
32896,Riverside - Rubidoux,2021-04-15 09:00:00+00:00,33.999449,-117.415831,0.12,,0.005,,0.038,29.0,8.0,0.0
32896,Riverside - Rubidoux,2021-04-15 10:00:00+00:00,33.999449,-117.415831,0.12,,0.004,,0.038,27.0,10.0,0.0
32896,Riverside - Rubidoux,2021-04-15 11:00:00+00:00,33.999449,-117.415831,0.16,,0.005,,0.033,23.0,9.0,0.0
32896,Riverside - Rubidoux,2021-04-15 15:00:00+00:00,33.999449,-117.415831,0.35,,0.023,,0.012,45.0,6.0,0.0
32896,Riverside - Rubidoux,2021-04-15 16:00:00+00:00,33.999449,-117.415831,0.23,,0.014,,0.027,36.0,16.0,0.0
32896,Riverside - Rubidoux,2021-04-15 17:00:00+00:00,33.999449,-117.415831,0.16,,0.007,,0.039,37.0,19.0,0.0
32896,Riverside - Rubidoux,2021-04-15 19:00:00+00:00,33.999449,-117.415831,0.15,,0.005,,0.048,39.0,17.0,0.0
32896,Riverside - Rubidoux,2021-04-15 20:00:00+00:00,33.999449,-117.415831,0.15,,0.004,,0.054,48.0,17.0,0.0
32896,Riverside - Rubidoux,2021-04-15 21:00:00+00:00,33.999449,-117.415831,0.15,,0.004,,0.058,43.0,16.0,0.001
32896,Riverside - Rubidoux,2021-04-16 00:00:00+00:00,33.999449,-117.415831,0.15,,0.005,,0.059,65.0,16.0,0.001
32896,Riverside - Rubidoux,2021-04-16 01:00:00+00:00,33.999449,-117.415831,0.16,,0.006,,0.054,59.0,13.0,0.001
32896,Riverside - Rubidoux,2021-04-16 02:00:00+00:00,33.999449,-117.415831,0.15,,0.007,,0.049,51.0,13.0,0.001
32896,Riverside - Rubidoux,2021-04-16 03:00:00+00:00,33.999449,-117.415831,0.17,,0.007,,0.044,70.0,13.0,0.0
32896,Riverside - Rubidoux,2021-04-16 04:00:00+00:00,33.999449,-117.415831,0.18,,0.008,,0.04,47.0,,0.0
32896,Riverside - Rubidoux,2021-04-20 23:00:00+00:00,33.999449,-117.415831,0.15,,0.004,,0.062,77.0,13.0,0.001
32896,Riverside - Rubidoux,2021-04-22 19:00:00+00:00,33.999449,-117.415831,0.15,,0.006,,0.036,,,0.0
32896,Riverside - Rubidoux,2021-04-23 01:00:00+00:00,33.999449,-117.415831,0.15,,0.006,,0.039,33.0,7.0,0.0
32896,Riverside - Rubidoux,2021-04-28 22:00:00+00:00,33.999449,-117.415831,0.13,,,,,26.0,-2.0,0.0
32896,Riverside - Rubidoux,2021-04-29 22:00:00+00:00,33.999449,-117.415831,0.12,,0.004,,0.062,16.0,-2.0,0.0
32896,Riverside - Rubidoux,2021-04-30 13:00:00+00:00,33.999449,-117.415831,0.51,,0.043,,0.001,42.0,10.0,0.001
32896,Riverside - Rubidoux,2021-04-30 14:00:00+00:00,33.999449,-117.415831,0.65,,0.043,,0.002,77.0,10.0,0.001
32896,Riverside - Rubidoux,2021-04-30 23:00:00+00:00,33.999449,-117.415831,0.14,,0.003,,0.07,33.0,4.0,0.001
32896,Riverside - Rubidoux,2021-05-01 00:00:00+00:00,33.999449,-117.415831,0.14,,0.004,,0.07,27.0,4.0,0.001
32896,Riverside - Rubidoux,2021-05-01 01:00:00+00:00,33.999449,-117.415831,0.17,,0.004,,0.074,30.0,5.0,0.001
32896,Riverside - Rubidoux,2021-05-01 02:00:00+00:00,33.999449,-117.415831,0.2,,0.006,,0.073,42.0,6.0,0.001
32896,Riverside - Rubidoux,2021-05-01 03:00:00+00:00,33.999449,-117.415831,0.23,,0.011,,0.061,47.0,7.0,0.001
32896,Riverside - Rubidoux,2021-05-01 04:00:00+00:00,33.999449,-117.415831,0.26,,0.013,,0.051,40.0,9.0,0.001
32896,Riverside - Rubidoux,2021-05-01 05:00:00+00:00,33.999449,-117.415831,0.41,,0.021,,0.039,43.0,9.0,0.001
32896,Riverside - Rubidoux,2021-05-01 06:00:00+00:00,33.999449,-117.415831,0.37,,0.019,,0.037,49.0,10.0,0.001
32896,Riverside - Rubidoux,2021-05-01 08:00:00+00:00,33.999449,-117.415831,0.66,,0.029,,0.015,63.0,17.0,0.001
32896,Riverside - Rubidoux,2021-05-01 09:00:00+00:00,33.999449,-117.415831,0.49,,0.025,,0.014,68.0,25.0,0.001
32896,Riverside - Rubidoux,2021-05-01 10:00:00+00:00,33.999449,-117.415831,0.56,,0.036,,0.007,64.0,20.0,0.001
32896,Riverside - Rubidoux,2021-05-01 12:00:00+00:00,33.999449,-117.415831,0.62,,0.035,,0.002,53.0,19.0,0.001
32896,Riverside - Rubidoux,2021-05-01 13:00:00+00:00,33.999449,-117.415831,0.62,,0.034,,0.001,51.0,18.0,0.001
32896,Riverside - Rubidoux,2021-05-13 15:00:00+00:00,33.999449,-117.415831,0.28,,0.015,,0.016,50.0,17.0,0.0
32896,Riverside - Rubidoux,2021-05-14 23:00:00+00:00,33.999449,-117.415831,,,0.008,,0.081,62.0,23.0,0.0
32896,Riverside - Rubidoux,2021-05-18 09:00:00+00:00,33.999449,-117.415831,0.18,,0.01,,0.024,18.0,7.0,0.0
32896,Riverside - Rubidoux,2021-05-19 20:00:00+00:00,33.999449,-117.415831,0.17,,0.005,,0.056,,,0.0
32896,Riverside - Rubidoux,2021-05-22 01:00:00+00:00,33.999449,-117.415831,0.11,,0.002,,0.046,46.0,1.0,0.0
32896,Riverside - Rubidoux,2021-05-29 00:00:00+00:00,33.999449,-117.415831,,,0.004,,0.069,62.0,12.0,0.0
32896,Riverside - Rubidoux,2021-05-29 05:00:00+00:00,33.999449,-117.415831,,,0.008,,0.04,,,0.0
32896,Riverside - Rubidoux,2021-06-02 04:00:00+00:00,33.999449,-117.415831,,,0.011,,0.045,40.0,12.0,0.0
32896,Riverside - Rubidoux,2021-06-03 02:00:00+00:00,33.999449,-117.415831,0.19,,0.007,,0.062,69.0,9.0,0.0
32896,Riverside - Rubidoux,2021-06-10 21:00:00+00:00,33.999449,-117.415831,,,0.003,,0.059,39.0,3.0,
32896,Riverside - Rubidoux,2021-06-11 06:00:00+00:00,33.999449,-117.415831,0.15,,0.008,,0.033,38.0,1.0,0.001
32896,Riverside - Rubidoux,2021-06-15 18:00:00+00:00,33.999449,-117.415831,0.37,,0.031,,0.031,,,0.001
32896,Riverside - Rubidoux,2021-07-08 09:00:00+00:00,33.999449,-117.415831,0.16,,0.009,,0.022,32.0,9.0,0.0
32896,Riverside - Rubidoux,2021-08-06 10:00:00+00:00,33.999449,-117.415831,0.21,,0.009,,0.025,43.0,12.0,0.001
32896,Riverside - Rubidoux,2021-08-06 11:00:00+00:00,33.999449,-117.415831,0.19,,0.008,,0.024,33.0,10.0,0.001
32896,Riverside - Rubidoux,2021-08-06 12:00:00+00:00,33.999449,-117.415831,0.19,,0.009,,0.019,38.0,11.0,0.001
32896,Riverside - Rubidoux,2021-08-06 13:00:00+00:00,33.999449,-117.415831,0.2,,0.011,,0.012,38.0,13.0,0.0
32896,Riverside - Rubidoux,2021-08-07 10:00:00+00:00,33.999449,-117.415831,0.22,,0.007,,0.017,32.0,9.0,0.0
32896,Riverside - Rubidoux,2021-08-07 11:00:00+00:00,33.999449,-117.415831,0.19,,0.007,,0.015,33.0,7.0,0.0
32896,Riverside - Rubidoux,2021-08-07 12:00:00+00:00,33.999449,-117.415831,0.19,,0.008,,0.012,32.0,9.0,0.0
32896,Riverside - Rubidoux,2021-08-11 07:00:00+00:00,33.999449,-117.415831,0.19,,0.013,,0.025,31.0,8.0,0.001
32896,Riverside - Rubidoux,2021-08-11 08:00:00+00:00,33.999449,-117.415831,0.22,,0.016,,0.019,38.0,7.0,0.001
32896,Riverside - Rubidoux,2021-08-11 09:00:00+00:00,33.999449,-117.415831,0.2,,0.013,,0.017,40.0,6.0,0.001
32896,Riverside - Rubidoux,2021-08-11 10:00:00+00:00,33.999449,-117.415831,0.22,,0.014,,0.015,36.0,16.0,0.001
32896,Riverside - Rubidoux,2021-08-11 11:00:00+00:00,33.999449,-117.415831,0.23,,0.018,,0.01,33.0,9.0,0.001
32896,Riverside - Rubidoux,2021-08-11 12:00:00+00:00,33.999449,-117.415831,0.23,,0.018,,0.009,38.0,8.0,0.001
32896,Riverside - Rubidoux,2021-08-11 13:00:00+00:00,33.999449,-117.415831,0.2,,0.015,,0.009,36.0,8.0,0.001
32896,Riverside - Rubidoux,2021-08-12 09:00:00+00:00,33.999449,-117.415831,0.24,,0.013,,0.017,33.0,6.0,0.001
32896,Riverside - Rubidoux,2021-08-12 10:00:00+00:00,33.999449,-117.415831,0.37,,0.02,,0.009,38.0,10.0,0.001
32896,Riverside - Rubidoux,2021-08-12 11:00:00+00:00,33.999449,-117.415831,0.23,,0.014,,0.012,41.0,12.0,0.001
32896,Riverside - Rubidoux,2021-08-12 12:00:00+00:00,33.999449,-117.415831,0.43,,0.018,,0.008,41.0,12.0,0.001
32896,Riverside - Rubidoux,2021-08-12 13:00:00+00:00,33.999449,-117.415831,0.58,,0.029,,0.001,38.0,10.0,0.001
32896,Riverside - Rubidoux,2021-08-12 14:00:00+00:00,33.999449,-117.415831,0.59,,0.028,,0.001,51.0,11.0,0.001
32896,Riverside - Rubidoux,2021-08-12 15:00:00+00:00,33.999449,-117.415831,0.66,,0.031,,0.003,74.0,16.0,0.001
32896,Riverside - Rubidoux,2021-08-12 16:00:00+00:00,33.999449,-117.415831,0.47,,0.034,,0.01,77.0,20.0,0.001
32896,Riverside - Rubidoux,2021-08-12 17:00:00+00:00,33.999449,-117.415831,0.31,,0.025,,0.026,55.0,19.0,0.001
32896,Riverside - Rubidoux,2021-08-12 18:00:00+00:00,33.999449,-117.415831,0.18,,0.012,,0.046,40.0,14.0,0.001
32896,Riverside - Rubidoux,2021-08-12 19:00:00+00:00,33.999449,-117.415831,0.13,,0.006,,0.056,31.0,10.0,0.001
32896,Riverside - Rubidoux,2021-08-12 20:00:00+00:00,33.999449,-117.415831,0.14,,0.006,,0.064,42.0,8.0,0.001
32896,Riverside - Rubidoux,2021-08-12 21:00:00+00:00,33.999449,-117.415831,0.14,,0.004,,0.071,46.0,9.0,0.001
32896,Riverside - Rubidoux,2021-08-12 22:00:00+00:00,33.999449,-117.415831,0.14,,0.004,,0.077,45.0,7.0,0.001
32896,Riverside - Rubidoux,2021-08-12 23:00:00+00:00,33.999449,-117.415831,0.11,,0.003,,0.068,45.0,5.0,0.0
32896,Riverside - Rubidoux,2021-08-13 00:00:00+00:00,33.999449,-117.415831,0.09,,0.003,,0.056,41.0,6.0,0.0
32896,Riverside - Rubidoux,2021-08-13 01:00:00+00:00,33.999449,-117.415831,0.08,,0.003,,0.047,37.0,5.0,0.0
32896,Riverside - Rubidoux,2021-08-13 02:00:00+00:00,33.999449,-117.415831,0.09,,0.004,,0.042,32.0,3.0,0.0
32896,Riverside - Rubidoux,2021-08-13 14:00:00+00:00,33.999449,-117.415831,0.25,,0.017,,0.003,31.0,9.0,0.001
32896,Riverside - Rubidoux,2021-08-13 15:00:00+00:00,33.999449,-117.415831,0.33,,0.018,,0.006,42.0,10.0,0.001
32896,Riverside - Rubidoux,2021-08-13 16:00:00+00:00,33.999449,-117.415831,0.36,,0.024,,0.009,49.0,13.0,0.001
32896,Riverside - Rubidoux,2021-08-13 17:00:00+00:00,33.999449,-117.415831,0.22,,0.018,,0.024,33.0,13.0,0.001
32896,Riverside - Rubidoux,2021-08-13 18:00:00+00:00,33.999449,-117.415831,0.16,,0.012,,0.035,33.0,12.0,0.001
32896,Riverside - Rubidoux,2021-08-13 19:00:00+00:00,33.999449,-117.415831,0.13,,0.007,,0.046,22.0,12.0,0.001
32896,Riverside - Rubidoux,2021-08-13 20:00:00+00:00,33.999449,-117.415831,0.15,,0.008,,0.049,35.0,12.0,0.001
32896,Riverside - Rubidoux,2021-08-13 21:00:00+00:00,33.999449,-117.415831,0.13,,0.004,,0.065,36.0,8.0,0.001
32896,Riverside - Rubidoux,2021-08-13 22:00:00+00:00,33.999449,-117.415831,0.14,,0.003,,0.069,,,0.001
32896,Riverside - Rubidoux,2021-08-13 23:00:00+00:00,33.999449,-117.415831,0.1,,0.002,,0.057,,,0.0
32896,Riverside - Rubidoux,2021-08-14 00:00:00+00:00,33.999449,-117.415831,0.09,,0.002,,0.048,,,0.0
32896,Riverside - Rubidoux,2021-08-14 01:00:00+00:00,33.999449,-117.415831,0.09,,0.002,,0.044,52.0,2.0,0.0
32896,Riverside - Rubidoux,2021-08-14 02:00:00+00:00,33.999449,-117.415831,0.09,,0.003,,0.04,46.0,2.0,0.0
32896,Riverside - Rubidoux,2021-08-14 03:00:00+00:00,33.999449,-117.415831,0.1,,0.003,,0.035,33.0,4.0,0.0
32896,Riverside - Rubidoux,2021-08-14 04:00:00+00:00,33.999449,-117.415831,0.12,,0.005,,0.03,39.0,3.0,0.0
32896,Riverside - Rubidoux,2021-08-14 05:00:00+00:00,33.999449,-117.415831,0.15,,0.01,,0.024,52.0,3.0,0.001
32896,Riverside - Rubidoux,2021-08-14 06:00:00+00:00,33.999449,-117.415831,0.18,,0.013,,0.02,31.0,6.0,0.001
32896,Riverside - Rubidoux,2021-08-14 10:00:00+00:00,33.999449,-117.415831,0.24,,0.01,,0.012,34.0,6.0,0.0
32896,Riverside - Rubidoux,2021-08-14 11:00:00+00:00,33.999449,-117.415831,0.2,,0.011,,0.009,38.0,7.0,0.0
32896,Riverside - Rubidoux,2021-08-14 12:00:00+00:00,33.999449,-117.415831,0.2,,0.011,,0.009,24.0,7.0,0.0
32896,Riverside - Rubidoux,2021-08-14 13:00:00+00:00,33.999449,-117.415831,0.25,,0.018,,0.003,30.0,6.0,0.001
32896,Riverside - Rubidoux,2021-08-14 14:00:00+00:00,33.999449,-117.415831,0.22,,0.014,,0.004,43.0,9.0,0.001
32896,Riverside - Rubidoux,2021-08-14 15:00:00+00:00,33.999449,-117.415831,0.24,,0.013,,0.009,37.0,12.0,0.001
32896,Riverside - Rubidoux,2021-08-14 16:00:00+00:00,33.999449,-117.415831,0.27,,0.015,,0.014,36.0,10.0,0.001
32896,Riverside - Rubidoux,2021-08-14 17:00:00+00:00,33.999449,-117.415831,0.22,,0.012,,0.023,37.0,10.0,0.001
32896,Riverside - Rubidoux,2021-08-14 18:00:00+00:00,33.999449,-117.415831,0.2,,0.009,,0.033,34.0,9.0,0.001
32896,Riverside - Rubidoux,2021-08-14 19:00:00+00:00,33.999449,-117.415831,0.16,,0.006,,0.046,31.0,9.0,0.001
32896,Riverside - Rubidoux,2021-08-14 20:00:00+00:00,33.999449,-117.415831,0.11,,0.003,,0.056,26.0,10.0,0.001
32896,Riverside - Rubidoux,2021-08-14 21:00:00+00:00,33.999449,-117.415831,0.15,,0.004,,0.066,37.0,8.0,0.001
32896,Riverside - Rubidoux,2021-08-14 22:00:00+00:00,33.999449,-117.415831,0.16,,0.004,,0.07,36.0,7.0,0.001
32896,Riverside - Rubidoux,2021-08-14 23:00:00+00:00,33.999449,-117.415831,0.15,,0.004,,0.074,34.0,8.0,0.001
32896,Riverside - Rubidoux,2021-08-15 00:00:00+00:00,33.999449,-117.415831,0.19,,0.004,,0.08,53.0,6.0,0.001
32896,Riverside - Rubidoux,2021-08-15 01:00:00+00:00,33.999449,-117.415831,0.19,,0.005,,0.075,46.0,8.0,0.001
32896,Riverside - Rubidoux,2021-08-15 02:00:00+00:00,33.999449,-117.415831,0.17,,0.005,,0.056,52.0,11.0,0.001
32896,Riverside - Rubidoux,2021-08-15 03:00:00+00:00,33.999449,-117.415831,0.21,,0.007,,0.041,42.0,9.0,0.001
32896,Riverside - Rubidoux,2021-08-15 04:00:00+00:00,33.999449,-117.415831,0.22,,0.008,,0.037,42.0,8.0,0.001
32896,Riverside - Rubidoux,2021-08-15 05:00:00+00:00,33.999449,-117.415831,0.27,,0.01,,0.03,46.0,9.0,0.001
32896,Riverside - Rubidoux,2021-08-15 06:00:00+00:00,33.999449,-117.415831,0.27,,0.01,,0.025,43.0,11.0,0.001
32896,Riverside - Rubidoux,2021-08-15 07:00:00+00:00,33.999449,-117.415831,0.27,,0.01,,0.021,,,0.001
32896,Riverside - Rubidoux,2021-08-15 14:00:00+00:00,33.999449,-117.415831,0.28,,0.011,,0.012,36.0,13.0,0.001
32896,Riverside - Rubidoux,2021-08-16 11:00:00+00:00,33.999449,-117.415831,0.17,,0.007,,0.019,29.0,5.0,0.001
32896,Riverside - Rubidoux,2021-08-16 12:00:00+00:00,33.999449,-117.415831,0.17,,0.008,,0.016,27.0,6.0,0.0
32896,Riverside - Rubidoux,2021-08-16 13:00:00+00:00,33.999449,-117.415831,0.2,,0.009,,0.012,30.0,6.0,0.0
32896,Riverside - Rubidoux,2021-08-16 14:00:00+00:00,33.999449,-117.415831,0.35,,0.019,,0.003,47.0,6.0,0.001
32896,Riverside - Rubidoux,2021-08-16 15:00:00+00:00,33.999449,-117.415831,0.26,,0.014,,0.01,67.0,12.0,0.001
32896,Riverside - Rubidoux,2021-08-16 16:00:00+00:00,33.999449,-117.415831,0.27,,0.013,,0.016,48.0,15.0,0.001
32896,Riverside - Rubidoux,2021-08-16 17:00:00+00:00,33.999449,-117.415831,0.29,,0.015,,0.022,40.0,11.0,0.001
32896,Riverside - Rubidoux,2021-08-16 18:00:00+00:00,33.999449,-117.415831,0.29,,0.014,,0.037,53.0,17.0,0.001
32896,Riverside - Rubidoux,2021-08-16 19:00:00+00:00,33.999449,-117.415831,0.25,,0.011,,0.06,50.0,11.0,0.001
32896,Riverside - Rubidoux,2021-08-16 20:00:00+00:00,33.999449,-117.415831,0.22,,0.008,,0.078,63.0,16.0,0.001
32896,Riverside - Rubidoux,2021-08-16 21:00:00+00:00,33.999449,-117.415831,0.22,,0.007,,0.089,62.0,11.0,0.001
32896,Riverside - Rubidoux,2021-08-16 22:00:00+00:00,33.999449,-117.415831,0.25,,0.006,,0.094,84.0,19.0,0.0
32896,Riverside - Rubidoux,2021-08-16 23:00:00+00:00,33.999449,-117.415831,0.19,,0.004,,0.081,90.0,14.0,0.0
32896,Riverside - Rubidoux,2021-08-17 00:00:00+00:00,33.999449,-117.415831,0.17,,0.003,,0.07,100.0,14.0,0.0
32896,Riverside - Rubidoux,2021-08-17 01:00:00+00:00,33.999449,-117.415831,0.18,,0.004,,0.066,68.0,13.0,0.0
32896,Riverside - Rubidoux,2021-08-17 02:00:00+00:00,33.999449,-117.415831,0.2,,0.004,,0.058,54.0,11.0,0.0
32896,Riverside - Rubidoux,2021-08-17 03:00:00+00:00,33.999449,-117.415831,0.19,,0.005,,0.052,40.0,12.0,0.0
32896,Riverside - Rubidoux,2021-08-17 04:00:00+00:00,33.999449,-117.415831,0.19,,0.007,,0.041,49.0,13.0,0.0
32896,Riverside - Rubidoux,2021-08-17 05:00:00+00:00,33.999449,-117.415831,0.19,,0.008,,0.033,41.0,11.0,0.0
32896,Riverside - Rubidoux,2021-08-17 13:00:00+00:00,33.999449,-117.415831,0.21,,0.01,,0.01,30.0,8.0,0.0
32896,Riverside - Rubidoux,2021-08-17 14:00:00+00:00,33.999449,-117.415831,0.22,,0.012,,0.006,41.0,8.0,0.0
32896,Riverside - Rubidoux,2021-08-18 07:00:00+00:00,33.999449,-117.415831,0.13,,0.004,,0.018,20.0,7.0,0.0
32896,Riverside - Rubidoux,2021-08-18 08:00:00+00:00,33.999449,-117.415831,0.13,,0.003,,0.02,23.0,8.0,0.0
32896,Riverside - Rubidoux,2021-08-18 09:00:00+00:00,33.999449,-117.415831,0.1,,0.002,,0.021,25.0,9.0,0.0
32896,Riverside - Rubidoux,2021-08-18 10:00:00+00:00,33.999449,-117.415831,0.11,,0.003,,0.021,22.0,7.0,0.0
32896,Riverside - Rubidoux,2021-08-18 11:00:00+00:00,33.999449,-117.415831,0.11,,0.005,,0.019,18.0,11.0,0.0
32896,Riverside - Rubidoux,2021-08-21 00:00:00+00:00,33.999449,-117.415831,0.21,,0.005,,0.072,51.0,11.0,0.0
32896,Riverside - Rubidoux,2021-08-21 01:00:00+00:00,33.999449,-117.415831,0.18,,0.004,,0.063,49.0,10.0,0.0
32896,Riverside - Rubidoux,2021-08-21 02:00:00+00:00,33.999449,-117.415831,0.17,,0.004,,0.055,41.0,9.0,0.0
32896,Riverside - Rubidoux,2021-08-21 03:00:00+00:00,33.999449,-117.415831,0.16,,0.005,,0.045,33.0,6.0,0.0
32896,Riverside - Rubidoux,2021-08-21 04:00:00+00:00,33.999449,-117.415831,0.16,,0.005,,0.038,27.0,5.0,0.0
32896,Riverside - Rubidoux,2021-08-21 05:00:00+00:00,33.999449,-117.415831,0.16,,0.006,,0.033,17.0,4.0,0.0
32896,Riverside - Rubidoux,2021-08-21 06:00:00+00:00,33.999449,-117.415831,0.16,,0.006,,0.031,20.0,5.0,0.0
32896,Riverside - Rubidoux,2021-08-21 07:00:00+00:00,33.999449,-117.415831,0.14,,0.004,,0.033,22.0,8.0,0.0
32896,Riverside - Rubidoux,2021-08-22 07:00:00+00:00,33.999449,-117.415831,0.2,,0.006,,0.033,26.0,10.0,0.0
32896,Riverside - Rubidoux,2021-08-22 08:00:00+00:00,33.999449,-117.415831,0.22,,0.006,,0.03,28.0,8.0,0.0
32896,Riverside - Rubidoux,2021-08-23 08:00:00+00:00,33.999449,-117.415831,0.27,,0.008,,0.03,34.0,13.0,0.0
32896,Riverside - Rubidoux,2021-08-23 14:00:00+00:00,33.999449,-117.415831,0.77,,0.023,,0.002,46.0,18.0,0.001
32896,Riverside - Rubidoux,2021-08-23 22:00:00+00:00,33.999449,-117.415831,0.25,,0.004,,0.077,49.0,,0.001
32896,Riverside - Rubidoux,2021-08-24 07:00:00+00:00,33.999449,-117.415831,0.26,,0.008,,0.031,32.0,12.0,0.0
32896,Riverside - Rubidoux,2021-08-24 11:00:00+00:00,33.999449,-117.415831,0.29,,0.01,,0.014,39.0,12.0,0.0
32896,Riverside - Rubidoux,2021-08-24 12:00:00+00:00,33.999449,-117.415831,0.46,,0.02,,0.004,33.0,14.0,0.0
32896,Riverside - Rubidoux,2021-08-24 13:00:00+00:00,33.999449,-117.415831,0.47,,0.022,,0.002,38.0,16.0,0.0
32896,Riverside - Rubidoux,2021-08-25 10:00:00+00:00,33.999449,-117.415831,0.31,,0.011,,0.02,38.0,15.0,0.0
32896,Riverside - Rubidoux,2021-08-25 11:00:00+00:00,33.999449,-117.415831,0.51,,0.018,,0.009,37.0,15.0,0.0
32896,Riverside - Rubidoux,2021-08-25 12:00:00+00:00,33.999449,-117.415831,0.64,,0.023,,0.004,40.0,12.0,0.0
32896,Riverside - Rubidoux,2021-08-25 13:00:00+00:00,33.999449,-117.415831,0.57,,0.026,,0.001,51.0,19.0,0.001
32896,Riverside - Rubidoux,2021-08-25 14:00:00+00:00,33.999449,-117.415831,0.51,,0.022,,0.003,48.0,15.0,0.0
32896,Riverside - Rubidoux,2021-08-27 06:00:00+00:00,33.999449,-117.415831,0.36,,0.012,,0.041,41.0,,0.001
32896,Riverside - Rubidoux,2021-08-27 07:00:00+00:00,33.999449,-117.415831,0.47,,0.018,,0.028,54.0,12.0,0.001
32896,Riverside - Rubidoux,2021-08-27 09:00:00+00:00,33.999449,-117.415831,0.55,,0.036,,0.005,59.0,21.0,0.001
32896,Riverside - Rubidoux,2021-08-27 10:00:00+00:00,33.999449,-117.415831,0.58,,0.034,,0.003,64.0,23.0,0.001
32896,Riverside - Rubidoux,2021-08-27 11:00:00+00:00,33.999449,-117.415831,0.74,,0.028,,0.004,77.0,34.0,0.001
32896,Riverside - Rubidoux,2021-08-27 12:00:00+00:00,33.999449,-117.415831,0.83,,0.035,,0.002,76.0,27.0,0.001
32896,Riverside - Rubidoux,2021-08-27 13:00:00+00:00,33.999449,-117.415831,1.03,,0.031,,0.002,79.0,27.0,0.001
32896,Riverside - Rubidoux,2021-08-27 15:00:00+00:00,33.999449,-117.415831,1.96,,0.044,,0.004,142.0,55.0,0.001
32896,Riverside - Rubidoux,2021-08-28 12:00:00+00:00,33.999449,-117.415831,0.66,,0.028,,0.001,62.0,17.0,0.001
32896,Riverside - Rubidoux,2021-08-28 13:00:00+00:00,33.999449,-117.415831,0.7,,0.027,,0.001,61.0,21.0,0.001
32896,Riverside - Rubidoux,2021-08-28 14:00:00+00:00,33.999449,-117.415831,0.87,,0.026,,0.002,61.0,19.0,0.001
32896,Riverside - Rubidoux,2021-08-29 15:00:00+00:00,33.999449,-117.415831,0.44,,0.014,,0.014,59.0,25.0,0.001
32896,Riverside - Rubidoux,2021-08-29 16:00:00+00:00,33.999449,-117.415831,0.42,,0.013,,0.027,71.0,25.0,0.001
32896,Riverside - Rubidoux,2021-08-29 17:00:00+00:00,33.999449,-117.415831,0.42,,0.013,,0.042,71.0,27.0,0.001
32896,Riverside - Rubidoux,2021-08-29 18:00:00+00:00,33.999449,-117.415831,0.41,,0.011,,0.066,69.0,26.0,0.001
32896,Riverside - Rubidoux,2021-08-29 19:00:00+00:00,33.999449,-117.415831,0.28,,0.007,,0.081,59.0,19.0,0.001
32896,Riverside - Rubidoux,2021-08-29 20:00:00+00:00,33.999449,-117.415831,0.22,,0.005,,0.084,35.0,14.0,0.001
32896,Riverside - Rubidoux,2021-08-29 21:00:00+00:00,33.999449,-117.415831,0.29,,0.006,,0.098,47.0,21.0,0.001
32896,Riverside - Rubidoux,2021-08-29 22:00:00+00:00,33.999449,-117.415831,0.23,,0.005,,0.09,36.0,9.0,0.001
32896,Riverside - Rubidoux,2021-08-29 23:00:00+00:00,33.999449,-117.415831,0.24,,0.004,,0.094,38.0,11.0,0.001
32896,Riverside - Rubidoux,2021-08-30 00:00:00+00:00,33.999449,-117.415831,0.25,,0.005,,0.096,39.0,11.0,0.001
32896,Riverside - Rubidoux,2021-08-30 01:00:00+00:00,33.999449,-117.415831,0.23,,0.005,,0.089,38.0,12.0,0.001
32896,Riverside - Rubidoux,2021-08-31 15:00:00+00:00,33.999449,-117.415831,0.28,,0.012,,0.017,47.0,18.0,0.0
32896,Riverside - Rubidoux,2021-08-31 16:00:00+00:00,33.999449,-117.415831,0.31,,0.016,,0.014,52.0,16.0,0.0
32896,Riverside - Rubidoux,2021-08-31 17:00:00+00:00,33.999449,-117.415831,0.35,,0.02,,0.013,67.0,22.0,0.001
32896,Riverside - Rubidoux,2021-08-31 18:00:00+00:00,33.999449,-117.415831,0.33,,0.016,,0.019,61.0,20.0,0.0
32896,Riverside - Rubidoux,2021-08-31 19:00:00+00:00,33.999449,-117.415831,0.33,,0.015,,0.025,73.0,21.0,0.0
32896,Riverside - Rubidoux,2021-08-31 20:00:00+00:00,33.999449,-117.415831,0.28,,0.008,,0.045,63.0,22.0,0.0
32896,Riverside - Rubidoux,2021-08-31 21:00:00+00:00,33.999449,-117.415831,0.31,,0.011,,0.048,71.0,24.0,0.0
32896,Riverside - Rubidoux,2021-08-31 22:00:00+00:00,33.999449,-117.415831,0.32,,0.012,,0.053,57.0,20.0,0.0
32896,Riverside - Rubidoux,2021-08-31 23:00:00+00:00,33.999449,-117.415831,0.28,,0.009,,0.062,47.0,20.0,0.0
32896,Riverside - Rubidoux,2021-09-01 00:00:00+00:00,33.999449,-117.415831,0.23,,0.006,,0.064,48.0,15.0,0.0
32896,Riverside - Rubidoux,2021-09-01 01:00:00+00:00,33.999449,-117.415831,0.24,,0.007,,0.056,54.0,17.0,0.0
32896,Riverside - Rubidoux,2021-09-01 02:00:00+00:00,33.999449,-117.415831,0.24,,0.007,,0.055,46.0,16.0,0.0
32896,Riverside - Rubidoux,2021-09-01 03:00:00+00:00,33.999449,-117.415831,0.29,,0.006,,0.051,48.0,13.0,0.0
32896,Riverside - Rubidoux,2021-09-01 04:00:00+00:00,33.999449,-117.415831,0.25,,0.007,,0.044,47.0,13.0,0.0
32896,Riverside - Rubidoux,2021-09-01 05:00:00+00:00,33.999449,-117.415831,0.23,,0.005,,0.04,32.0,16.0,0.0
32896,Riverside - Rubidoux,2021-09-01 06:00:00+00:00,33.999449,-117.415831,0.24,,0.005,,0.038,40.0,15.0,0.0
32896,Riverside - Rubidoux,2021-09-01 07:00:00+00:00,33.999449,-117.415831,0.24,,0.005,,0.036,32.0,17.0,0.0
32896,Riverside - Rubidoux,2021-09-01 08:00:00+00:00,33.999449,-117.415831,0.24,,0.005,,0.036,28.0,21.0,0.0
32896,Riverside - Rubidoux,2021-09-01 13:00:00+00:00,33.999449,-117.415831,0.24,,0.006,,0.029,37.0,17.0,0.0
32896,Riverside - Rubidoux,2021-09-01 14:00:00+00:00,33.999449,-117.415831,0.26,,0.007,,0.028,38.0,12.0,0.0
32896,Riverside - Rubidoux,2021-09-01 15:00:00+00:00,33.999449,-117.415831,0.26,,0.008,,0.027,38.0,17.0,0.0
32896,Riverside - Rubidoux,2021-09-01 16:00:00+00:00,33.999449,-117.415831,0.3,,0.009,,0.026,52.0,13.0,0.0
32896,Riverside - Rubidoux,2021-09-01 17:00:00+00:00,33.999449,-117.415831,0.29,,0.009,,0.027,49.0,19.0,0.0
32896,Riverside - Rubidoux,2021-09-01 18:00:00+00:00,33.999449,-117.415831,0.26,,0.007,,0.032,32.0,12.0,0.0
32896,Riverside - Rubidoux,2021-09-01 19:00:00+00:00,33.999449,-117.415831,0.23,,0.005,,0.039,38.0,16.0,0.0
32896,Riverside - Rubidoux,2021-09-01 20:00:00+00:00,33.999449,-117.415831,0.23,,0.005,,0.045,35.0,14.0,0.0
32896,Riverside - Rubidoux,2021-09-01 21:00:00+00:00,33.999449,-117.415831,0.23,,0.005,,0.053,,,0.0
32896,Riverside - Rubidoux,2021-09-01 22:00:00+00:00,33.999449,-117.415831,0.22,,0.004,,0.059,,,0.0
32896,Riverside - Rubidoux,2021-09-01 23:00:00+00:00,33.999449,-117.415831,0.23,,0.004,,0.062,,,0.0
32896,Riverside - Rubidoux,2021-09-02 00:00:00+00:00,33.999449,-117.415831,0.22,,0.004,,0.062,51.0,14.0,0.0
32896,Riverside - Rubidoux,2021-09-02 01:00:00+00:00,33.999449,-117.415831,0.21,,0.004,,0.055,44.0,12.0,0.0
32896,Riverside - Rubidoux,2021-09-02 02:00:00+00:00,33.999449,-117.415831,0.21,,0.004,,0.047,44.0,11.0,0.0
32896,Riverside - Rubidoux,2021-09-02 03:00:00+00:00,33.999449,-117.415831,0.21,,0.004,,0.04,33.0,12.0,0.0
32896,Riverside - Rubidoux,2021-09-02 05:00:00+00:00,33.999449,-117.415831,0.2,,0.005,,0.032,27.0,12.0,0.0
32896,Riverside - Rubidoux,2021-09-02 06:00:00+00:00,33.999449,-117.415831,0.21,,0.006,,0.03,24.0,10.0,0.0
32896,Riverside - Rubidoux,2021-09-02 07:00:00+00:00,33.999449,-117.415831,0.2,,0.008,,0.024,,,0.0
32896,Riverside - Rubidoux,2021-09-02 13:00:00+00:00,33.999449,-117.415831,0.22,,0.005,,0.027,30.0,13.0,0.0
32896,Riverside - Rubidoux,2021-09-02 14:00:00+00:00,33.999449,-117.415831,0.22,,0.005,,0.026,32.0,16.0,0.0
32896,Riverside - Rubidoux,2021-09-02 15:00:00+00:00,33.999449,-117.415831,0.24,,0.007,,0.025,41.0,20.0,0.0
32896,Riverside - Rubidoux,2021-09-02 16:00:00+00:00,33.999449,-117.415831,0.24,,0.007,,0.027,37.0,17.0,0.0
32896,Riverside - Rubidoux,2021-09-03 07:00:00+00:00,33.999449,-117.415831,0.28,,0.009,,0.032,38.0,8.0,0.001
32896,Riverside - Rubidoux,2021-09-03 08:00:00+00:00,33.999449,-117.415831,0.3,,0.011,,0.025,38.0,17.0,0.0
32896,Riverside - Rubidoux,2021-09-03 09:00:00+00:00,33.999449,-117.415831,0.33,,0.012,,0.019,41.0,18.0,0.0
32896,Riverside - Rubidoux,2021-09-03 10:00:00+00:00,33.999449,-117.415831,0.31,,0.011,,0.017,35.0,15.0,0.0
32896,Riverside - Rubidoux,2021-09-03 11:00:00+00:00,33.999449,-117.415831,0.31,,0.011,,0.012,36.0,16.0,0.0
32896,Riverside - Rubidoux,2021-09-03 16:00:00+00:00,33.999449,-117.415831,0.47,,0.023,,0.012,73.0,33.0,0.001
32896,Riverside - Rubidoux,2021-09-04 11:00:00+00:00,33.999449,-117.415831,0.72,,0.024,,0.007,54.0,19.0,0.0
32896,Riverside - Rubidoux,2021-09-04 12:00:00+00:00,33.999449,-117.415831,0.69,,0.032,,0.001,50.0,18.0,0.001
32896,Riverside - Rubidoux,2021-09-04 16:00:00+00:00,33.999449,-117.415831,0.75,,0.042,,0.009,88.0,24.0,0.001
32896,Riverside - Rubidoux,2021-09-05 15:00:00+00:00,33.999449,-117.415831,0.83,,0.034,,0.003,61.0,20.0,0.001
32896,Riverside - Rubidoux,2021-09-06 12:00:00+00:00,33.999449,-117.415831,0.26,,0.006,,0.028,39.0,17.0,0.001
32896,Riverside - Rubidoux,2021-09-06 13:00:00+00:00,33.999449,-117.415831,0.28,,0.008,,0.025,38.0,12.0,0.0
32896,Riverside - Rubidoux,2021-09-06 14:00:00+00:00,33.999449,-117.415831,0.41,,0.012,,0.019,46.0,17.0,0.0
32896,Riverside - Rubidoux,2021-09-06 15:00:00+00:00,33.999449,-117.415831,0.3,,0.009,,0.022,53.0,20.0,0.001
32896,Riverside - Rubidoux,2021-09-07 12:00:00+00:00,33.999449,-117.415831,0.27,,0.012,,0.01,38.0,13.0,0.0
32896,Riverside - Rubidoux,2021-09-07 13:00:00+00:00,33.999449,-117.415831,0.3,,0.009,,0.013,39.0,17.0,0.0
32896,Riverside - Rubidoux,2021-09-07 14:00:00+00:00,33.999449,-117.415831,0.46,,0.016,,0.007,39.0,13.0,0.0
32896,Riverside - Rubidoux,2021-09-07 15:00:00+00:00,33.999449,-117.415831,0.38,,0.016,,0.01,49.0,18.0,0.0
32896,Riverside - Rubidoux,2021-09-07 16:00:00+00:00,33.999449,-117.415831,0.39,,0.019,,0.014,66.0,22.0,0.001
32896,Riverside - Rubidoux,2021-09-07 17:00:00+00:00,33.999449,-117.415831,0.32,,0.011,,0.029,61.0,28.0,0.0
32896,Riverside - Rubidoux,2021-09-07 18:00:00+00:00,33.999449,-117.415831,0.29,,0.009,,0.041,55.0,26.0,0.0
32896,Riverside - Rubidoux,2021-09-07 19:00:00+00:00,33.999449,-117.415831,0.25,,0.007,,0.054,58.0,20.0,0.0
32896,Riverside - Rubidoux,2021-09-07 20:00:00+00:00,33.999449,-117.415831,0.25,,0.006,,0.069,58.0,20.0,0.0
32896,Riverside - Rubidoux,2021-09-07 21:00:00+00:00,33.999449,-117.415831,0.28,,0.007,,0.081,66.0,20.0,0.001
32896,Riverside - Rubidoux,2021-09-07 22:00:00+00:00,33.999449,-117.415831,0.28,,0.007,,0.088,64.0,18.0,0.0
32896,Riverside - Rubidoux,2021-09-07 23:00:00+00:00,33.999449,-117.415831,0.24,,0.005,,0.085,58.0,15.0,0.0
32896,Riverside - Rubidoux,2021-09-08 00:00:00+00:00,33.999449,-117.415831,,,0.004,,0.078,59.0,18.0,
32896,Riverside - Rubidoux,2021-09-08 12:00:00+00:00,33.999449,-117.415831,0.3,,0.01,,0.014,35.0,16.0,0.0
32896,Riverside - Rubidoux,2021-09-08 14:00:00+00:00,33.999449,-117.415831,0.62,,0.017,,0.004,46.0,14.0,0.0
32896,Riverside - Rubidoux,2021-09-08 15:00:00+00:00,33.999449,-117.415831,0.4,,0.016,,0.009,48.0,18.0,0.0
32896,Riverside - Rubidoux,2021-09-08 16:00:00+00:00,33.999449,-117.415831,0.39,,0.015,,0.017,50.0,23.0,0.001
32896,Riverside - Rubidoux,2021-09-08 17:00:00+00:00,33.999449,-117.415831,0.44,,0.022,,0.022,76.0,33.0,0.001
32896,Riverside - Rubidoux,2021-09-08 18:00:00+00:00,33.999449,-117.415831,,,,,,67.0,25.0,
32896,Riverside - Rubidoux,2021-09-08 21:00:00+00:00,33.999449,-117.415831,0.32,,0.009,,0.082,,,0.001
32896,Riverside - Rubidoux,2021-09-08 22:00:00+00:00,33.999449,-117.415831,0.3,,0.007,,0.09,65.0,15.0,0.0
32896,Riverside - Rubidoux,2021-09-08 23:00:00+00:00,33.999449,-117.415831,0.3,,0.006,,0.096,65.0,16.0,0.001
32896,Riverside - Rubidoux,2021-09-09 00:00:00+00:00,33.999449,-117.415831,0.28,,0.006,,0.099,55.0,13.0,0.001
32896,Riverside - Rubidoux,2021-09-09 01:00:00+00:00,33.999449,-117.415831,0.26,,0.006,,0.099,55.0,17.0,0.0
32896,Riverside - Rubidoux,2021-09-09 02:00:00+00:00,33.999449,-117.415831,0.31,,0.008,,0.093,62.0,13.0,0.0
32896,Riverside - Rubidoux,2021-09-09 03:00:00+00:00,33.999449,-117.415831,0.41,,0.012,,0.077,73.0,17.0,0.0
32896,Riverside - Rubidoux,2021-09-09 04:00:00+00:00,33.999449,-117.415831,0.47,,0.014,,0.065,82.0,25.0,0.001
32896,Riverside - Rubidoux,2021-09-09 05:00:00+00:00,33.999449,-117.415831,0.4,,0.014,,0.047,59.0,21.0,0.001
32896,Riverside - Rubidoux,2021-09-09 06:00:00+00:00,33.999449,-117.415831,0.39,,0.017,,0.032,45.0,16.0,0.001
32896,Riverside - Rubidoux,2021-09-09 07:00:00+00:00,33.999449,-117.415831,0.32,,0.013,,0.031,36.0,15.0,0.001
32896,Riverside - Rubidoux,2021-09-09 08:00:00+00:00,33.999449,-117.415831,0.31,,0.012,,0.031,40.0,13.0,0.001
32896,Riverside - Rubidoux,2021-09-09 09:00:00+00:00,33.999449,-117.415831,0.36,,0.016,,0.018,41.0,13.0,0.001
32896,Riverside - Rubidoux,2021-09-09 10:00:00+00:00,33.999449,-117.415831,0.35,,0.017,,0.014,36.0,15.0,0.001
32896,Riverside - Rubidoux,2021-09-09 11:00:00+00:00,33.999449,-117.415831,0.32,,0.016,,0.012,30.0,16.0,0.001
32896,Riverside - Rubidoux,2021-09-09 12:00:00+00:00,33.999449,-117.415831,0.33,,0.016,,0.011,37.0,11.0,0.001
32896,Riverside - Rubidoux,2021-09-10 15:00:00+00:00,33.999449,-117.415831,0.36,,0.021,,0.011,,,0.001
32896,Riverside - Rubidoux,2021-09-12 12:00:00+00:00,33.999449,-117.415831,0.62,,0.023,,0.001,53.0,8.0,0.001
32896,Riverside - Rubidoux,2021-09-13 14:00:00+00:00,33.999449,-117.415831,0.6,,0.024,,0.001,53.0,16.0,0.001
32896,Riverside - Rubidoux,2021-09-13 15:00:00+00:00,33.999449,-117.415831,0.47,,0.02,,0.007,51.0,17.0,0.001
32896,Riverside - Rubidoux,2021-09-13 16:00:00+00:00,33.999449,-117.415831,0.6,,0.031,,0.011,98.0,29.0,0.001
32896,Riverside - Rubidoux,2021-09-13 17:00:00+00:00,33.999449,-117.415831,0.57,,0.04,,0.017,96.0,28.0,0.001
32896,Riverside - Rubidoux,2021-09-13 18:00:00+00:00,33.999449,-117.415831,0.34,,0.027,,0.041,65.0,14.0,0.001
32896,Riverside - Rubidoux,2021-09-13 19:00:00+00:00,33.999449,-117.415831,0.18,,0.01,,0.055,31.0,11.0,0.001
32896,Riverside - Rubidoux,2021-09-13 20:00:00+00:00,33.999449,-117.415831,0.17,,0.007,,0.069,40.0,6.0,0.001
32896,Riverside - Rubidoux,2021-09-13 22:00:00+00:00,33.999449,-117.415831,0.15,,0.005,,0.087,55.0,2.0,0.001
32896,Riverside - Rubidoux,2021-09-13 23:00:00+00:00,33.999449,-117.415831,0.19,,0.006,,0.093,73.0,3.0,0.001
32896,Riverside - Rubidoux,2021-09-14 00:00:00+00:00,33.999449,-117.415831,0.14,,0.006,,0.068,46.0,3.0,0.001
32896,Riverside - Rubidoux,2021-09-14 01:00:00+00:00,33.999449,-117.415831,0.15,,0.006,,0.067,52.0,2.0,0.001
32896,Riverside - Rubidoux,2021-09-14 02:00:00+00:00,33.999449,-117.415831,0.22,,0.011,,0.064,49.0,4.0,0.001
32896,Riverside - Rubidoux,2021-09-14 03:00:00+00:00,33.999449,-117.415831,0.26,,0.015,,0.055,56.0,6.0,0.001
32896,Riverside - Rubidoux,2021-09-14 04:00:00+00:00,33.999449,-117.415831,0.33,,0.022,,0.037,46.0,7.0,0.001
32896,Riverside - Rubidoux,2021-09-14 05:00:00+00:00,33.999449,-117.415831,0.32,,0.022,,0.028,59.0,8.0,0.001
32896,Riverside - Rubidoux,2021-09-14 06:00:00+00:00,33.999449,-117.415831,0.34,,0.02,,0.024,48.0,10.0,0.001
32896,Riverside - Rubidoux,2021-09-14 07:00:00+00:00,33.999449,-117.415831,0.32,,0.016,,0.026,28.0,9.0,0.001
32896,Riverside - Rubidoux,2021-09-14 08:00:00+00:00,33.999449,-117.415831,0.37,,0.023,,0.016,46.0,11.0,0.001
32896,Riverside - Rubidoux,2021-09-14 09:00:00+00:00,33.999449,-117.415831,0.62,,0.027,,0.005,47.0,12.0,0.001
32896,Riverside - Rubidoux,2021-09-14 10:00:00+00:00,33.999449,-117.415831,0.52,,0.032,,0.003,39.0,9.0,0.001
32896,Riverside - Rubidoux,2021-09-14 11:00:00+00:00,33.999449,-117.415831,0.42,,0.025,,0.006,42.0,9.0,0.001
32896,Riverside - Rubidoux,2021-09-14 12:00:00+00:00,33.999449,-117.415831,0.4,,0.028,,0.004,45.0,10.0,0.001
32896,Riverside - Rubidoux,2021-09-14 13:00:00+00:00,33.999449,-117.415831,0.55,,0.033,,0.001,48.0,9.0,0.001
32896,Riverside - Rubidoux,2021-09-15 13:00:00+00:00,33.999449,-117.415831,0.27,,0.014,,0.008,37.0,12.0,0.0
32896,Riverside - Rubidoux,2021-09-15 15:00:00+00:00,33.999449,-117.415831,0.29,,0.013,,0.009,46.0,13.0,0.0
32896,Riverside - Rubidoux,2021-09-17 06:00:00+00:00,33.999449,-117.415831,0.22,,0.011,,0.031,43.0,8.0,0.0
32896,Riverside - Rubidoux,2021-09-17 07:00:00+00:00,33.999449,-117.415831,0.24,,0.012,,0.024,,,0.001
32896,Riverside - Rubidoux,2021-09-17 15:00:00+00:00,33.999449,-117.415831,0.29,,0.014,,0.011,54.0,14.0,0.0
32896,Riverside - Rubidoux,2021-09-17 21:00:00+00:00,33.999449,-117.415831,0.21,,0.008,,0.076,,,0.001
32896,Riverside - Rubidoux,2021-09-18 01:00:00+00:00,33.999449,-117.415831,0.2,,0.007,,0.077,55.0,11.0,0.0
32896,Riverside - Rubidoux,2021-09-19 15:00:00+00:00,33.999449,-117.415831,0.35,,0.013,,0.008,32.0,13.0,0.001
32896,Riverside - Rubidoux,2021-09-19 16:00:00+00:00,33.999449,-117.415831,0.38,,0.015,,0.015,46.0,21.0,0.001
32896,Riverside - Rubidoux,2021-09-20 12:00:00+00:00,33.999449,-117.415831,0.51,,0.026,,0.003,,,0.0
32896,Riverside - Rubidoux,2021-09-20 15:00:00+00:00,33.999449,-117.415831,0.95,,0.036,,0.002,111.0,25.0,0.001
32896,Riverside - Rubidoux,2021-09-20 20:00:00+00:00,33.999449,-117.415831,0.29,,0.014,,0.062,,,0.001
32896,Riverside - Rubidoux,2021-09-21 01:00:00+00:00,33.999449,-117.415831,0.23,,0.007,,0.082,70.0,13.0,0.001
32896,Riverside - Rubidoux,2021-09-21 14:00:00+00:00,33.999449,-117.415831,0.88,,0.027,,0.001,,,0.001
32896,Riverside - Rubidoux,2021-09-21 17:00:00+00:00,33.999449,-117.415831,0.54,,0.037,,0.022,89.0,27.0,0.001
32896,Riverside - Rubidoux,2021-09-22 17:00:00+00:00,33.999449,-117.415831,0.42,,0.036,,0.02,84.0,27.0,0.001
32896,Riverside - Rubidoux,2021-09-22 21:00:00+00:00,33.999449,-117.415831,0.19,,0.008,,0.08,,,0.001
32896,Riverside - Rubidoux,2021-09-23 01:00:00+00:00,33.999449,-117.415831,0.11,,0.005,,0.04,66.0,7.0,0.0
32896,Riverside - Rubidoux,2021-09-23 16:00:00+00:00,33.999449,-117.415831,0.37,,0.021,,0.009,48.0,16.0,0.001
32896,Riverside - Rubidoux,2021-09-24 09:00:00+00:00,33.999449,-117.415831,0.43,,0.023,,0.005,49.0,16.0,0.001
32896,Riverside - Rubidoux,2021-09-24 10:00:00+00:00,33.999449,-117.415831,0.38,,0.023,,0.006,50.0,15.0,0.001
32896,Riverside - Rubidoux,2021-09-24 11:00:00+00:00,33.999449,-117.415831,0.36,,0.021,,0.003,50.0,14.0,0.001
32896,Riverside - Rubidoux,2021-09-24 12:00:00+00:00,33.999449,-117.415831,0.42,,0.021,,0.003,42.0,13.0,0.001
32896,Riverside - Rubidoux,2021-09-24 13:00:00+00:00,33.999449,-117.415831,0.47,,0.023,,0.001,48.0,12.0,0.001
32896,Riverside - Rubidoux,2021-09-24 15:00:00+00:00,33.999449,-117.415831,0.62,,0.027,,0.003,57.0,19.0,0.001
32896,Riverside - Rubidoux,2021-09-24 16:00:00+00:00,33.999449,-117.415831,0.58,,0.026,,0.008,78.0,17.0,0.001
32896,Riverside - Rubidoux,2021-09-24 17:00:00+00:00,33.999449,-117.415831,0.51,,0.026,,0.016,66.0,23.0,0.001
32896,Riverside - Rubidoux,2021-09-24 18:00:00+00:00,33.999449,-117.415831,0.38,,0.021,,0.029,,,0.001
32896,Riverside - Rubidoux,2021-09-25 07:00:00+00:00,33.999449,-117.415831,0.47,,0.018,,0.016,40.0,13.0,0.001
32896,Riverside - Rubidoux,2021-09-25 09:00:00+00:00,33.999449,-117.415831,0.36,,0.021,,0.005,46.0,16.0,0.0
32896,Riverside - Rubidoux,2021-09-25 10:00:00+00:00,33.999449,-117.415831,0.42,,0.022,,0.003,,,0.0
32896,Riverside - Rubidoux,2021-09-25 13:00:00+00:00,33.999449,-117.415831,0.36,,0.018,,0.004,32.0,14.0,0.0
32896,Riverside - Rubidoux,2021-09-25 14:00:00+00:00,33.999449,-117.415831,0.34,,0.018,,0.003,37.0,19.0,0.0
32896,Riverside - Rubidoux,2021-09-25 15:00:00+00:00,33.999449,-117.415831,0.42,,0.018,,0.005,42.0,19.0,0.001
32896,Riverside - Rubidoux,2021-09-25 16:00:00+00:00,33.999449,-117.415831,0.37,,0.016,,0.014,44.0,22.0,0.001
32896,Riverside - Rubidoux,2021-09-26 10:00:00+00:00,33.999449,-117.415831,0.15,,0.006,,0.021,26.0,12.0,0.0
32896,Riverside - Rubidoux,2021-09-26 11:00:00+00:00,33.999449,-117.415831,0.13,,0.005,,0.022,,,0.0
32896,Riverside - Rubidoux,2021-09-26 12:00:00+00:00,33.999449,-117.415831,0.14,,0.004,,0.023,30.0,9.0,0.0
32896,Riverside - Rubidoux,2021-09-26 13:00:00+00:00,33.999449,-117.415831,0.15,,0.006,,0.023,21.0,16.0,0.0
32896,Riverside - Rubidoux,2021-09-26 14:00:00+00:00,33.999449,-117.415831,0.16,,0.005,,0.023,27.0,13.0,0.0
32896,Riverside - Rubidoux,2021-09-26 15:00:00+00:00,33.999449,-117.415831,0.17,,0.006,,0.023,29.0,17.0,0.0
32896,Riverside - Rubidoux,2021-09-26 16:00:00+00:00,33.999449,-117.415831,0.19,,0.006,,0.023,29.0,20.0,0.0
32896,Riverside - Rubidoux,2021-09-26 17:00:00+00:00,33.999449,-117.415831,0.19,,0.006,,0.024,,,0.0
32896,Riverside - Rubidoux,2021-09-27 16:00:00+00:00,33.999449,-117.415831,0.22,,0.011,,0.028,28.0,15.0,0.0
32896,Riverside - Rubidoux,2021-09-28 12:00:00+00:00,33.999449,-117.415831,0.15,,0.006,,0.023,23.0,8.0,0.0
32896,Riverside - Rubidoux,2021-09-28 13:00:00+00:00,33.999449,-117.415831,0.14,,0.007,,0.022,24.0,9.0,0.0
32896,Riverside - Rubidoux,2021-09-28 14:00:00+00:00,33.999449,-117.415831,0.16,,0.007,,0.021,17.0,8.0,0.0
32896,Riverside - Rubidoux,2021-09-28 15:00:00+00:00,33.999449,-117.415831,0.15,,0.008,,0.022,22.0,7.0,0.0
32896,Riverside - Rubidoux,2021-09-28 16:00:00+00:00,33.999449,-117.415831,0.16,,0.007,,0.025,30.0,6.0,0.0
32896,Riverside - Rubidoux,2021-09-30 08:00:00+00:00,33.999449,-117.415831,0.51,,0.032,,0.003,43.0,12.0,0.001
32896,Riverside - Rubidoux,2021-09-30 09:00:00+00:00,33.999449,-117.415831,0.67,,0.029,,0.001,50.0,11.0,0.001
32896,Riverside - Rubidoux,2021-09-30 10:00:00+00:00,33.999449,-117.415831,0.54,,0.027,,0.002,46.0,14.0,0.0
32896,Riverside - Rubidoux,2021-09-30 11:00:00+00:00,33.999449,-117.415831,0.73,,0.026,,0.001,52.0,14.0,0.001
32896,Riverside - Rubidoux,2021-09-30 12:00:00+00:00,33.999449,-117.415831,0.74,,0.026,,0.001,48.0,14.0,0.001
32896,Riverside - Rubidoux,2021-09-30 18:00:00+00:00,33.999449,-117.415831,0.12,,0.004,,0.042,,12.0,0.0
32896,Riverside - Rubidoux,2021-10-01 10:00:00+00:00,33.999449,-117.415831,0.59,,0.037,,0.001,53.0,8.0,0.001
32896,Riverside - Rubidoux,2021-10-01 13:00:00+00:00,33.999449,-117.415831,0.61,,0.036,,0.001,51.0,8.0,0.001
32896,Riverside - Rubidoux,2021-10-01 14:00:00+00:00,33.999449,-117.415831,0.7,,0.036,,0.001,73.0,11.0,0.001
32896,Riverside - Rubidoux,2021-10-01 15:00:00+00:00,33.999449,-117.415831,1.01,,0.039,,0.002,99.0,16.0,0.001
32896,Riverside - Rubidoux,2021-10-01 16:00:00+00:00,33.999449,-117.415831,0.78,,0.042,,0.004,143.0,20.0,0.001
32896,Riverside - Rubidoux,2021-10-02 10:00:00+00:00,33.999449,-117.415831,1.08,,0.04,,0.001,72.0,17.0,0.001
32896,Riverside - Rubidoux,2021-10-02 11:00:00+00:00,33.999449,-117.415831,0.97,,0.04,,0.001,69.0,16.0,0.001
32896,Riverside - Rubidoux,2021-10-02 16:00:00+00:00,33.999449,-117.415831,0.81,,0.039,,0.005,92.0,18.0,0.001
32896,Riverside - Rubidoux,2021-10-02 17:00:00+00:00,33.999449,-117.415831,0.54,,0.036,,0.016,79.0,16.0,0.001
32896,Riverside - Rubidoux,2021-10-03 15:00:00+00:00,33.999449,-117.415831,0.73,,0.038,,0.004,56.0,17.0,0.001
32896,Riverside - Rubidoux,2021-10-03 16:00:00+00:00,33.999449,-117.415831,0.49,,0.034,,0.011,50.0,12.0,0.001
32896,Riverside - Rubidoux,2021-10-03 17:00:00+00:00,33.999449,-117.415831,0.37,,0.02,,0.033,32.0,10.0,0.001
32896,Riverside - Rubidoux,2021-10-03 18:00:00+00:00,33.999449,-117.415831,0.26,,0.009,,0.052,20.0,11.0,0.001
32896,Riverside - Rubidoux,2021-10-03 19:00:00+00:00,33.999449,-117.415831,0.13,,0.002,,0.062,15.0,10.0,0.0
32896,Riverside - Rubidoux,2021-10-03 20:00:00+00:00,33.999449,-117.415831,0.12,,0.002,,0.063,15.0,5.0,0.0
32896,Riverside - Rubidoux,2021-10-03 21:00:00+00:00,33.999449,-117.415831,0.12,,0.002,,0.064,20.0,6.0,0.0
32896,Riverside - Rubidoux,2021-10-03 22:00:00+00:00,33.999449,-117.415831,0.12,,0.001,,0.065,23.0,6.0,0.0
32896,Riverside - Rubidoux,2021-10-03 23:00:00+00:00,33.999449,-117.415831,0.18,,0.002,,0.072,57.0,6.0,0.001
32896,Riverside - Rubidoux,2021-10-04 00:00:00+00:00,33.999449,-117.415831,0.14,,0.002,,0.067,37.0,6.0,0.001
32896,Riverside - Rubidoux,2021-10-04 01:00:00+00:00,33.999449,-117.415831,0.15,,0.003,,0.064,49.0,6.0,0.001
32896,Riverside - Rubidoux,2021-10-04 02:00:00+00:00,33.999449,-117.415831,0.19,,0.004,,0.061,38.0,7.0,0.001
32896,Riverside - Rubidoux,2021-10-04 03:00:00+00:00,33.999449,-117.415831,0.21,,0.006,,0.06,34.0,4.0,0.001
32896,Riverside - Rubidoux,2021-10-04 04:00:00+00:00,33.999449,-117.415831,0.32,,0.012,,0.049,38.0,4.0,0.001
32896,Riverside - Rubidoux,2021-10-04 05:00:00+00:00,33.999449,-117.415831,0.76,,0.025,,0.029,51.0,7.0,0.001
32896,Riverside - Rubidoux,2021-10-04 06:00:00+00:00,33.999449,-117.415831,0.59,,0.028,,0.022,45.0,10.0,0.001
32896,Riverside - Rubidoux,2021-10-04 07:00:00+00:00,33.999449,-117.415831,0.71,,0.035,,0.009,50.0,10.0,0.001
32896,Riverside - Rubidoux,2021-10-04 08:00:00+00:00,33.999449,-117.415831,0.7,,0.037,,0.007,42.0,9.0,0.001
32896,Riverside - Rubidoux,2021-10-04 15:00:00+00:00,33.999449,-117.415831,0.85,,0.039,,0.002,103.0,14.0,0.001
32896,Riverside - Rubidoux,2021-10-04 16:00:00+00:00,33.999449,-117.415831,0.84,,0.044,,0.003,161.0,21.0,0.001
32896,Riverside - Rubidoux,2021-10-05 14:00:00+00:00,33.999449,-117.415831,0.26,,0.013,,0.018,19.0,9.0,0.0
32896,Riverside - Rubidoux,2021-10-05 15:00:00+00:00,33.999449,-117.415831,0.43,,0.026,,0.007,28.0,8.0,0.0
32896,Riverside - Rubidoux,2021-10-05 16:00:00+00:00,33.999449,-117.415831,0.32,,0.025,,0.015,37.0,9.0,0.001
32896,Riverside - Rubidoux,2021-10-05 20:00:00+00:00,33.999449,-117.415831,0.07,,0.005,,0.05,,,0.0
32896,Riverside - Rubidoux,2021-10-05 21:00:00+00:00,33.999449,-117.415831,0.08,,0.006,,0.052,9.0,2.0,0.0
32896,Riverside - Rubidoux,2021-10-06 14:00:00+00:00,33.999449,-117.415831,0.46,,0.023,,0.001,31.0,13.0,0.001
32896,Riverside - Rubidoux,2021-10-06 15:00:00+00:00,33.999449,-117.415831,0.68,,0.027,,0.002,48.0,17.0,0.001
32896,Riverside - Rubidoux,2021-10-07 10:00:00+00:00,33.999449,-117.415831,0.23,,0.011,,0.016,33.0,13.0,0.0
32896,Riverside - Rubidoux,2021-10-07 11:00:00+00:00,33.999449,-117.415831,0.25,,0.015,,0.013,36.0,19.0,0.0
32896,Riverside - Rubidoux,2021-10-07 12:00:00+00:00,33.999449,-117.415831,0.21,,0.012,,0.018,30.0,19.0,0.0
32896,Riverside - Rubidoux,2021-10-07 13:00:00+00:00,33.999449,-117.415831,0.2,,0.011,,0.015,31.0,21.0,0.0
32896,Riverside - Rubidoux,2021-10-07 16:00:00+00:00,33.999449,-117.415831,0.28,,0.016,,0.011,42.0,22.0,0.0
32896,Riverside - Rubidoux,2021-10-07 19:00:00+00:00,33.999449,-117.415831,,,,,,32.0,13.0,0.0
32896,Riverside - Rubidoux,2021-10-07 20:00:00+00:00,33.999449,-117.415831,0.17,,0.006,,0.037,31.0,15.0,0.0
32896,Riverside - Rubidoux,2021-10-08 13:00:00+00:00,33.999449,-117.415831,0.14,,0.007,,0.014,13.0,7.0,0.0
32896,Riverside - Rubidoux,2021-10-08 14:00:00+00:00,33.999449,-117.415831,0.16,,0.009,,0.014,12.0,10.0,0.0
32896,Riverside - Rubidoux,2021-10-08 15:00:00+00:00,33.999449,-117.415831,0.2,,0.01,,0.012,11.0,7.0,0.0
32896,Riverside - Rubidoux,2021-10-08 17:00:00+00:00,33.999449,-117.415831,0.11,,0.004,,0.024,11.0,6.0,0.0
32896,Riverside - Rubidoux,2021-10-09 07:00:00+00:00,33.999449,-117.415831,0.27,,0.012,,0.011,18.0,10.0,0.0
32896,Riverside - Rubidoux,2021-10-09 08:00:00+00:00,33.999449,-117.415831,0.3,,0.012,,0.012,20.0,9.0,0.0
32896,Riverside - Rubidoux,2021-10-09 09:00:00+00:00,33.999449,-117.415831,0.24,,0.011,,0.011,23.0,11.0,0.0
32896,Riverside - Rubidoux,2021-10-09 10:00:00+00:00,33.999449,-117.415831,0.27,,0.013,,0.009,,,0.0
32896,Riverside - Rubidoux,2021-10-09 12:00:00+00:00,33.999449,-117.415831,0.23,,0.013,,0.007,19.0,9.0,0.0
32896,Riverside - Rubidoux,2021-10-09 17:00:00+00:00,33.999449,-117.415831,0.19,,0.007,,0.026,23.0,14.0,0.001
32896,Riverside - Rubidoux,2021-10-10 13:00:00+00:00,33.999449,-117.415831,0.47,,0.022,,0.001,28.0,9.0,0.001
32896,Riverside - Rubidoux,2021-10-10 14:00:00+00:00,33.999449,-117.415831,0.51,,0.021,,0.001,24.0,9.0,0.001
32896,Riverside - Rubidoux,2021-10-10 15:00:00+00:00,33.999449,-117.415831,0.52,,0.022,,0.004,35.0,17.0,0.001
32896,Riverside - Rubidoux,2021-10-10 16:00:00+00:00,33.999449,-117.415831,0.49,,0.022,,0.01,37.0,19.0,0.001
32896,Riverside - Rubidoux,2021-10-11 07:00:00+00:00,33.999449,-117.415831,0.84,,0.036,,0.002,40.0,16.0,0.001
32896,Riverside - Rubidoux,2021-10-11 08:00:00+00:00,33.999449,-117.415831,0.73,,0.033,,0.001,38.0,16.0,0.001
32896,Riverside - Rubidoux,2021-10-11 09:00:00+00:00,33.999449,-117.415831,0.76,,0.029,,0.001,39.0,12.0,0.001
32896,Riverside - Rubidoux,2021-10-11 14:00:00+00:00,33.999449,-117.415831,0.84,,0.026,,0.001,42.0,12.0,0.001
32896,Riverside - Rubidoux,2021-10-11 15:00:00+00:00,33.999449,-117.415831,1.22,,0.028,,0.002,61.0,17.0,0.001
32896,Riverside - Rubidoux,2021-10-11 16:00:00+00:00,33.999449,-117.415831,0.79,,0.033,,0.006,62.0,23.0,0.001
32896,Riverside - Rubidoux,2021-10-11 17:00:00+00:00,33.999449,-117.415831,0.3,,0.017,,0.026,36.0,15.0,0.001
32896,Riverside - Rubidoux,2021-10-11 18:00:00+00:00,33.999449,-117.415831,0.28,,0.014,,0.034,35.0,14.0,0.001
32896,Riverside - Rubidoux,2021-10-11 19:00:00+00:00,33.999449,-117.415831,0.26,,0.013,,0.042,29.0,12.0,0.001
32896,Riverside - Rubidoux,2021-10-11 20:00:00+00:00,33.999449,-117.415831,0.24,,0.008,,0.052,38.0,11.0,0.001
32896,Riverside - Rubidoux,2021-10-11 21:00:00+00:00,33.999449,-117.415831,0.13,,0.004,,0.048,42.0,10.0,0.001
32896,Riverside - Rubidoux,2021-10-11 22:00:00+00:00,33.999449,-117.415831,0.12,,0.003,,0.049,52.0,10.0,0.0
32896,Riverside - Rubidoux,2021-10-11 23:00:00+00:00,33.999449,-117.415831,0.11,,0.003,,0.046,53.0,10.0,0.001
32896,Riverside - Rubidoux,2021-10-12 00:00:00+00:00,33.999449,-117.415831,0.12,,0.004,,0.05,51.0,9.0,0.001
32896,Riverside - Rubidoux,2021-10-12 01:00:00+00:00,33.999449,-117.415831,0.12,,0.004,,0.041,49.0,8.0,0.001
32896,Riverside - Rubidoux,2021-10-12 02:00:00+00:00,33.999449,-117.415831,0.12,,0.005,,0.037,49.0,9.0,0.001
32896,Riverside - Rubidoux,2021-10-12 03:00:00+00:00,33.999449,-117.415831,0.12,,0.005,,0.038,,11.0,0.0
32896,Riverside - Rubidoux,2021-10-12 04:00:00+00:00,33.999449,-117.415831,0.13,,0.006,,0.036,,13.0,0.0
32896,Riverside - Rubidoux,2021-10-12 05:00:00+00:00,33.999449,-117.415831,0.1,,0.004,,0.035,305.0,18.0,0.0
32896,Riverside - Rubidoux,2021-10-12 06:00:00+00:00,33.999449,-117.415831,0.12,,0.004,,0.035,,27.0,0.0
32896,Riverside - Rubidoux,2021-10-12 08:00:00+00:00,33.999449,-117.415831,0.11,,0.002,,0.034,244.0,10.0,0.0
32896,Riverside - Rubidoux,2021-10-12 10:00:00+00:00,33.999449,-117.415831,0.11,,0.004,,0.03,120.0,8.0,0.0
32896,Riverside - Rubidoux,2021-10-12 11:00:00+00:00,33.999449,-117.415831,0.12,,0.005,,0.027,96.0,7.0,0.001
32896,Riverside - Rubidoux,2021-10-12 15:00:00+00:00,33.999449,-117.415831,0.45,,0.029,,0.004,74.0,5.0,0.001
32896,Riverside - Rubidoux,2021-10-12 16:00:00+00:00,33.999449,-117.415831,0.42,,0.024,,0.012,77.0,8.0,0.001
32896,Riverside - Rubidoux,2021-10-12 17:00:00+00:00,33.999449,-117.415831,0.18,,0.008,,0.029,48.0,10.0,0.001
32896,Riverside - Rubidoux,2021-10-13 11:00:00+00:00,33.999449,-117.415831,0.63,,0.031,,0.001,50.0,17.0,0.001
32896,Riverside - Rubidoux,2021-10-13 12:00:00+00:00,33.999449,-117.415831,0.73,,0.03,,0.001,55.0,10.0,0.001
32896,Riverside - Rubidoux,2021-10-13 13:00:00+00:00,33.999449,-117.415831,0.82,,0.03,,0.001,65.0,12.0,0.001
32896,Riverside - Rubidoux,2021-10-13 14:00:00+00:00,33.999449,-117.415831,0.69,,0.03,,0.001,68.0,14.0,0.001
32896,Riverside - Rubidoux,2021-10-13 18:00:00+00:00,33.999449,-117.415831,0.23,,0.015,,0.029,,,0.001
32896,Riverside - Rubidoux,2021-10-13 21:00:00+00:00,33.999449,-117.415831,0.12,,0.003,,0.045,19.0,8.0,0.0
32896,Riverside - Rubidoux,2021-10-13 22:00:00+00:00,33.999449,-117.415831,,,0.003,,0.048,30.0,6.0,
32896,Riverside - Rubidoux,2021-10-13 23:00:00+00:00,33.999449,-117.415831,0.14,,0.004,,0.05,27.0,6.0,0.0
32896,Riverside - Rubidoux,2021-10-14 12:00:00+00:00,33.999449,-117.415831,0.61,,0.033,,0.001,49.0,12.0,0.001
32896,Riverside - Rubidoux,2021-10-14 13:00:00+00:00,33.999449,-117.415831,0.84,,0.032,,0.001,59.0,12.0,0.001
32896,Riverside - Rubidoux,2021-10-14 14:00:00+00:00,33.999449,-117.415831,0.89,,0.031,,0.001,82.0,16.0,0.001
32896,Riverside - Rubidoux,2021-10-14 15:00:00+00:00,33.999449,-117.415831,0.82,,0.031,,0.002,90.0,21.0,0.001
32896,Riverside - Rubidoux,2021-10-14 16:00:00+00:00,33.999449,-117.415831,0.7,,0.035,,0.004,106.0,20.0,0.001
32896,Riverside - Rubidoux,2021-10-14 17:00:00+00:00,33.999449,-117.415831,0.48,,0.036,,0.009,103.0,20.0,0.001
32896,Riverside - Rubidoux,2021-10-14 18:00:00+00:00,33.999449,-117.415831,0.37,,0.019,,0.031,47.0,9.0,0.001
32896,Riverside - Rubidoux,2021-10-14 19:00:00+00:00,33.999449,-117.415831,0.23,,0.011,,0.038,31.0,11.0,0.001
32896,Riverside - Rubidoux,2021-10-14 20:00:00+00:00,33.999449,-117.415831,0.23,,0.013,,0.039,33.0,18.0,0.001
32896,Riverside - Rubidoux,2021-10-14 21:00:00+00:00,33.999449,-117.415831,0.21,,0.011,,0.043,36.0,8.0,0.001
32896,Riverside - Rubidoux,2021-10-14 22:00:00+00:00,33.999449,-117.415831,0.2,,0.011,,0.046,41.0,8.0,0.001
32896,Riverside - Rubidoux,2021-10-14 23:00:00+00:00,33.999449,-117.415831,0.19,,0.011,,0.047,39.0,8.0,0.001
32896,Riverside - Rubidoux,2021-10-15 00:00:00+00:00,33.999449,-117.415831,0.18,,0.011,,0.048,45.0,8.0,0.001
32896,Riverside - Rubidoux,2021-10-15 01:00:00+00:00,33.999449,-117.415831,0.24,,0.013,,0.05,,,0.001
32896,Riverside - Rubidoux,2021-10-15 15:00:00+00:00,33.999449,-117.415831,0.58,,0.035,,0.002,94.0,16.0,0.001
32896,Riverside - Rubidoux,2021-10-15 16:00:00+00:00,33.999449,-117.415831,0.54,,0.034,,0.005,103.0,14.0,0.001
32896,Riverside - Rubidoux,2021-10-15 17:00:00+00:00,33.999449,-117.415831,0.47,,0.034,,0.009,109.0,18.0,0.001
32896,Riverside - Rubidoux,2021-10-15 18:00:00+00:00,33.999449,-117.415831,0.3,,0.02,,0.023,45.0,9.0,0.001
32896,Riverside - Rubidoux,2021-10-15 19:00:00+00:00,33.999449,-117.415831,0.13,,0.008,,0.038,34.0,6.0,0.001
32896,Riverside - Rubidoux,2021-10-15 20:00:00+00:00,33.999449,-117.415831,0.1,,0.003,,0.046,20.0,4.0,0.0
32896,Riverside - Rubidoux,2021-10-15 21:00:00+00:00,33.999449,-117.415831,0.1,,0.003,,0.044,72.0,4.0,0.0
32896,Riverside - Rubidoux,2021-10-15 22:00:00+00:00,33.999449,-117.415831,0.11,,0.003,,0.042,86.0,4.0,0.0
32896,Riverside - Rubidoux,2021-10-15 23:00:00+00:00,33.999449,-117.415831,0.11,,0.004,,0.044,46.0,4.0,0.0
32896,Riverside - Rubidoux,2021-10-16 00:00:00+00:00,33.999449,-117.415831,0.12,,0.004,,0.044,56.0,3.0,0.0
32896,Riverside - Rubidoux,2021-10-16 01:00:00+00:00,33.999449,-117.415831,0.11,,0.004,,0.044,59.0,5.0,0.0
32896,Riverside - Rubidoux,2021-10-16 02:00:00+00:00,33.999449,-117.415831,0.12,,0.005,,0.042,45.0,3.0,0.0
32896,Riverside - Rubidoux,2021-10-16 03:00:00+00:00,33.999449,-117.415831,0.12,,0.005,,0.042,34.0,2.0,0.0
32896,Riverside - Rubidoux,2021-10-16 04:00:00+00:00,33.999449,-117.415831,0.12,,0.005,,0.043,19.0,2.0,0.0
32896,Riverside - Rubidoux,2021-10-16 05:00:00+00:00,33.999449,-117.415831,0.13,,0.006,,0.041,12.0,1.0,0.0
32896,Riverside - Rubidoux,2021-10-16 06:00:00+00:00,33.999449,-117.415831,0.12,,0.005,,0.042,23.0,4.0,0.0
32896,Riverside - Rubidoux,2021-10-16 07:00:00+00:00,33.999449,-117.415831,0.25,,0.023,,0.02,25.0,6.0,0.001
32896,Riverside - Rubidoux,2021-10-16 14:00:00+00:00,33.999449,-117.415831,0.24,,0.031,,0.007,36.0,8.0,0.001
32896,Riverside - Rubidoux,2021-10-16 15:00:00+00:00,33.999449,-117.415831,0.27,,0.031,,0.008,35.0,7.0,0.001
32896,Riverside - Rubidoux,2021-10-16 16:00:00+00:00,33.999449,-117.415831,0.36,,0.027,,0.011,45.0,7.0,0.001
32896,Riverside - Rubidoux,2021-10-16 17:00:00+00:00,33.999449,-117.415831,0.25,,0.018,,0.025,37.0,7.0,0.001
32896,Riverside - Rubidoux,2021-10-16 18:00:00+00:00,33.999449,-117.415831,0.16,,0.009,,0.037,30.0,6.0,0.001
32896,Riverside - Rubidoux,2021-10-16 19:00:00+00:00,33.999449,-117.415831,0.13,,0.005,,0.043,15.0,8.0,0.001
32896,Riverside - Rubidoux,2021-10-16 20:00:00+00:00,33.999449,-117.415831,0.13,,0.004,,0.047,14.0,7.0,0.001
32896,Riverside - Rubidoux,2021-10-16 21:00:00+00:00,33.999449,-117.415831,0.11,,0.003,,0.051,16.0,3.0,0.001
32896,Riverside - Rubidoux,2021-10-16 22:00:00+00:00,33.999449,-117.415831,0.1,,0.002,,0.054,14.0,0.0,0.001
32896,Riverside - Rubidoux,2021-10-16 23:00:00+00:00,33.999449,-117.415831,0.11,,0.002,,0.056,17.0,,0.001
32896,Riverside - Rubidoux,2021-10-17 00:00:00+00:00,33.999449,-117.415831,0.19,,0.002,,0.058,14.0,0.0,0.001
32896,Riverside - Rubidoux,2021-10-17 01:00:00+00:00,33.999449,-117.415831,0.15,,0.004,,0.055,38.0,3.0,0.001
32896,Riverside - Rubidoux,2021-10-17 02:00:00+00:00,33.999449,-117.415831,0.16,,0.006,,0.048,39.0,5.0,0.001
32896,Riverside - Rubidoux,2021-10-17 03:00:00+00:00,33.999449,-117.415831,0.25,,0.009,,0.039,33.0,6.0,0.001
32896,Riverside - Rubidoux,2021-10-17 04:00:00+00:00,33.999449,-117.415831,0.43,,0.021,,0.023,45.0,6.0,0.001
32896,Riverside - Rubidoux,2021-10-17 05:00:00+00:00,33.999449,-117.415831,0.61,,0.027,,0.019,43.0,5.0,0.001
32896,Riverside - Rubidoux,2021-10-17 06:00:00+00:00,33.999449,-117.415831,0.85,,0.032,,0.009,63.0,24.0,0.001
32896,Riverside - Rubidoux,2021-10-17 07:00:00+00:00,33.999449,-117.415831,0.93,,0.036,,0.002,38.0,9.0,0.001
32896,Riverside - Rubidoux,2021-10-17 13:00:00+00:00,33.999449,-117.415831,0.63,,0.032,,0.001,46.0,18.0,0.001
32896,Riverside - Rubidoux,2021-10-17 14:00:00+00:00,33.999449,-117.415831,0.71,,0.03,,0.001,44.0,18.0,0.001
32896,Riverside - Rubidoux,2021-10-17 16:00:00+00:00,33.999449,-117.415831,0.61,,0.032,,0.005,58.0,16.0,0.001
32896,Riverside - Rubidoux,2021-10-17 17:00:00+00:00,33.999449,-117.415831,0.41,,0.027,,0.015,45.0,17.0,0.001
32896,Riverside - Rubidoux,2021-10-18 09:00:00+00:00,33.999449,-117.415831,0.21,,0.006,,0.023,32.0,8.0,0.0
32896,Riverside - Rubidoux,2021-10-18 10:00:00+00:00,33.999449,-117.415831,0.15,,0.006,,0.023,28.0,10.0,0.0
32896,Riverside - Rubidoux,2021-10-18 11:00:00+00:00,33.999449,-117.415831,0.13,,0.005,,0.022,27.0,11.0,0.001
32896,Riverside - Rubidoux,2021-10-18 12:00:00+00:00,33.999449,-117.415831,0.15,,0.006,,0.021,27.0,12.0,0.0
32896,Riverside - Rubidoux,2021-10-18 13:00:00+00:00,33.999449,-117.415831,0.17,,0.007,,0.02,32.0,12.0,0.001
32896,Riverside - Rubidoux,2021-10-18 14:00:00+00:00,33.999449,-117.415831,0.2,,0.01,,0.02,30.0,11.0,0.001
32896,Riverside - Rubidoux,2021-10-18 16:00:00+00:00,33.999449,-117.415831,0.19,,0.007,,0.026,31.0,12.0,0.001
32896,Riverside - Rubidoux,2021-10-19 11:00:00+00:00,33.999449,-117.415831,0.35,,0.022,,0.001,20.0,9.0,0.001
32896,Riverside - Rubidoux,2021-10-19 12:00:00+00:00,33.999449,-117.415831,0.47,,0.022,,0.001,22.0,6.0,0.001
32896,Riverside - Rubidoux,2021-10-19 15:00:00+00:00,33.999449,-117.415831,0.81,,0.023,,0.001,49.0,6.0,0.001
32896,Riverside - Rubidoux,2021-10-19 17:00:00+00:00,33.999449,-117.415831,0.33,,0.022,,0.013,41.0,13.0,0.001
32896,Riverside - Rubidoux,2021-10-20 08:00:00+00:00,33.999449,-117.415831,0.42,,0.023,,0.007,31.0,10.0,0.001
32896,Riverside - Rubidoux,2021-10-20 09:00:00+00:00,33.999449,-117.415831,0.42,,0.02,,0.003,26.0,7.0,0.0
32896,Riverside - Rubidoux,2021-10-20 17:00:00+00:00,33.999449,-117.415831,0.52,,0.033,,0.008,79.0,18.0,0.001
32896,Riverside - Rubidoux,2021-10-21 09:00:00+00:00,33.999449,-117.415831,0.71,,0.03,,0.001,40.0,11.0,0.001
32896,Riverside - Rubidoux,2021-10-21 10:00:00+00:00,33.999449,-117.415831,0.65,,0.026,,0.001,40.0,12.0,0.001
32896,Riverside - Rubidoux,2021-10-21 11:00:00+00:00,33.999449,-117.415831,0.6,,0.024,,0.0,38.0,9.0,0.001
32896,Riverside - Rubidoux,2021-10-21 12:00:00+00:00,33.999449,-117.415831,0.62,,0.024,,0.001,37.0,9.0,0.001
32896,Riverside - Rubidoux,2021-10-21 14:00:00+00:00,33.999449,-117.415831,0.98,,0.028,,0.001,64.0,14.0,0.001
32896,Riverside - Rubidoux,2021-10-21 16:00:00+00:00,33.999449,-117.415831,0.92,,0.039,,0.003,121.0,21.0,0.001
32896,Riverside - Rubidoux,2021-10-21 18:00:00+00:00,33.999449,-117.415831,,,0.033,,0.023,83.0,23.0,
32896,Riverside - Rubidoux,2021-10-22 06:00:00+00:00,33.999449,-117.415831,0.38,,0.02,,0.026,44.0,12.0,0.001
32896,Riverside - Rubidoux,2021-10-22 11:00:00+00:00,33.999449,-117.415831,0.75,,0.032,,0.001,42.0,13.0,0.001
32896,Riverside - Rubidoux,2021-10-22 12:00:00+00:00,33.999449,-117.415831,0.59,,0.029,,0.001,44.0,12.0,0.001
32896,Riverside - Rubidoux,2021-10-22 13:00:00+00:00,33.999449,-117.415831,0.72,,0.027,,0.001,46.0,15.0,0.001
32896,Riverside - Rubidoux,2021-10-22 14:00:00+00:00,33.999449,-117.415831,0.83,,0.029,,0.001,49.0,18.0,0.001
32896,Riverside - Rubidoux,2021-10-22 17:00:00+00:00,33.999449,-117.415831,0.8,,0.043,,0.007,89.0,26.0,0.001
32896,Riverside - Rubidoux,2021-10-22 18:00:00+00:00,33.999449,-117.415831,0.68,,0.035,,0.015,86.0,28.0,0.001
32896,Riverside - Rubidoux,2021-10-22 19:00:00+00:00,33.999449,-117.415831,0.48,,0.026,,0.031,72.0,31.0,0.001
32896,Riverside - Rubidoux,2021-10-22 20:00:00+00:00,33.999449,-117.415831,0.33,,0.019,,0.049,60.0,23.0,0.001
32896,Riverside - Rubidoux,2021-10-22 21:00:00+00:00,33.999449,-117.415831,0.22,,0.011,,0.055,61.0,12.0,0.001
32896,Riverside - Rubidoux,2021-10-22 22:00:00+00:00,33.999449,-117.415831,0.18,,0.01,,0.053,52.0,11.0,0.001
32896,Riverside - Rubidoux,2021-10-22 23:00:00+00:00,33.999449,-117.415831,0.22,,0.011,,0.054,58.0,9.0,0.001
32896,Riverside - Rubidoux,2021-10-23 00:00:00+00:00,33.999449,-117.415831,0.23,,0.012,,0.055,51.0,18.0,0.001
32896,Riverside - Rubidoux,2021-10-23 01:00:00+00:00,33.999449,-117.415831,0.22,,0.015,,0.038,48.0,19.0,0.001
32896,Riverside - Rubidoux,2021-10-23 02:00:00+00:00,33.999449,-117.415831,0.19,,0.014,,0.027,40.0,8.0,0.001
32896,Riverside - Rubidoux,2021-10-23 03:00:00+00:00,33.999449,-117.415831,0.17,,0.013,,0.021,31.0,7.0,0.001
32896,Riverside - Rubidoux,2021-10-23 04:00:00+00:00,33.999449,-117.415831,0.16,,0.011,,0.019,24.0,7.0,0.001
32896,Riverside - Rubidoux,2021-10-23 05:00:00+00:00,33.999449,-117.415831,0.16,,0.012,,0.016,23.0,8.0,0.001
32896,Riverside - Rubidoux,2021-10-23 06:00:00+00:00,33.999449,-117.415831,0.18,,0.011,,0.015,18.0,7.0,0.001
32896,Riverside - Rubidoux,2021-10-23 07:00:00+00:00,33.999449,-117.415831,0.23,,0.013,,0.01,24.0,8.0,0.001
32896,Riverside - Rubidoux,2021-10-23 08:00:00+00:00,33.999449,-117.415831,0.23,,0.012,,0.011,21.0,10.0,0.001
32896,Riverside - Rubidoux,2021-10-24 14:00:00+00:00,33.999449,-117.415831,0.14,,0.004,,0.022,14.0,5.0,0.0
32896,Riverside - Rubidoux,2021-10-24 15:00:00+00:00,33.999449,-117.415831,0.14,,0.006,,0.023,13.0,7.0,0.0
32896,Riverside - Rubidoux,2021-10-24 16:00:00+00:00,33.999449,-117.415831,0.12,,0.006,,0.027,14.0,6.0,0.001
32896,Riverside - Rubidoux,2021-10-24 17:00:00+00:00,33.999449,-117.415831,0.13,,0.005,,0.028,19.0,5.0,0.001
32896,Riverside - Rubidoux,2021-10-24 18:00:00+00:00,33.999449,-117.415831,0.14,,0.003,,0.032,15.0,7.0,0.0
32896,Riverside - Rubidoux,2021-10-24 19:00:00+00:00,33.999449,-117.415831,0.14,,0.003,,0.036,19.0,9.0,0.001
32896,Riverside - Rubidoux,2021-10-24 20:00:00+00:00,33.999449,-117.415831,0.14,,0.003,,0.041,19.0,10.0,0.001
32896,Riverside - Rubidoux,2021-10-24 21:00:00+00:00,33.999449,-117.415831,0.15,,0.004,,0.044,18.0,9.0,0.001
32896,Riverside - Rubidoux,2021-10-24 22:00:00+00:00,33.999449,-117.415831,0.14,,0.003,,0.047,28.0,7.0,0.001
32896,Riverside - Rubidoux,2021-10-24 23:00:00+00:00,33.999449,-117.415831,0.14,,0.003,,0.049,25.0,7.0,0.001
32896,Riverside - Rubidoux,2021-10-25 00:00:00+00:00,33.999449,-117.415831,0.14,,0.003,,0.05,23.0,6.0,0.001
32896,Riverside - Rubidoux,2021-10-25 01:00:00+00:00,33.999449,-117.415831,0.16,,0.005,,0.049,39.0,8.0,0.001
32896,Riverside - Rubidoux,2021-10-25 02:00:00+00:00,33.999449,-117.415831,0.19,,0.005,,0.047,40.0,10.0,0.001
32896,Riverside - Rubidoux,2021-10-25 03:00:00+00:00,33.999449,-117.415831,0.18,,0.007,,0.037,20.0,7.0,0.001
32896,Riverside - Rubidoux,2021-10-25 04:00:00+00:00,33.999449,-117.415831,0.17,,0.007,,0.034,26.0,6.0,0.001
32896,Riverside - Rubidoux,2021-10-25 05:00:00+00:00,33.999449,-117.415831,0.17,,0.008,,0.031,19.0,6.0,0.001
32896,Riverside - Rubidoux,2021-10-25 06:00:00+00:00,33.999449,-117.415831,0.19,,0.008,,0.028,21.0,6.0,0.001
32896,Riverside - Rubidoux,2021-10-25 07:00:00+00:00,33.999449,-117.415831,0.19,,0.008,,0.025,24.0,9.0,0.001
32896,Riverside - Rubidoux,2021-10-25 16:00:00+00:00,33.999449,-117.415831,0.27,,0.017,,0.014,45.0,17.0,0.001
32896,Riverside - Rubidoux,2021-10-25 17:00:00+00:00,33.999449,-117.415831,0.2,,0.009,,0.027,33.0,14.0,0.001
32896,Riverside - Rubidoux,2021-10-26 15:00:00+00:00,33.999449,-117.415831,0.51,,0.021,,0.004,21.0,7.0,0.001
32896,Riverside - Rubidoux,2021-10-26 16:00:00+00:00,33.999449,-117.415831,0.42,,0.02,,0.007,29.0,5.0,0.001
32896,Riverside - Rubidoux,2021-10-26 18:00:00+00:00,33.999449,-117.415831,0.22,,0.013,,0.023,24.0,13.0,0.001
32896,Riverside - Rubidoux,2021-10-26 19:00:00+00:00,33.999449,-117.415831,0.17,,0.01,,0.03,21.0,11.0,0.001
32896,Riverside - Rubidoux,2021-10-26 20:00:00+00:00,33.999449,-117.415831,0.16,,0.008,,0.034,15.0,10.0,0.001
32896,Riverside - Rubidoux,2021-10-26 21:00:00+00:00,33.999449,-117.415831,0.14,,0.006,,0.038,17.0,8.0,0.001
32896,Riverside - Rubidoux,2021-10-26 22:00:00+00:00,33.999449,-117.415831,0.13,,0.006,,0.042,17.0,6.0,0.001
32896,Riverside - Rubidoux,2021-10-26 23:00:00+00:00,33.999449,-117.415831,0.25,,0.005,,0.044,21.0,8.0,0.001
32896,Riverside - Rubidoux,2021-10-27 00:00:00+00:00,33.999449,-117.415831,0.14,,0.006,,0.043,24.0,10.0,0.001
32896,Riverside - Rubidoux,2021-10-27 01:00:00+00:00,33.999449,-117.415831,0.18,,0.01,,0.038,30.0,6.0,0.001
32896,Riverside - Rubidoux,2021-10-27 02:00:00+00:00,33.999449,-117.415831,0.26,,0.017,,0.03,38.0,7.0,0.001
32896,Riverside - Rubidoux,2021-10-27 03:00:00+00:00,33.999449,-117.415831,0.29,,0.017,,0.026,29.0,10.0,0.001
32896,Riverside - Rubidoux,2021-10-27 04:00:00+00:00,33.999449,-117.415831,0.32,,0.021,,0.018,29.0,11.0,0.001
32896,Riverside - Rubidoux,2021-10-27 05:00:00+00:00,33.999449,-117.415831,0.38,,0.021,,0.013,35.0,12.0,0.001
32896,Riverside - Rubidoux,2021-10-27 06:00:00+00:00,33.999449,-117.415831,0.48,,0.025,,0.008,31.0,10.0,0.001
32896,Riverside - Rubidoux,2021-10-27 07:00:00+00:00,33.999449,-117.415831,0.51,,0.033,,0.001,40.0,16.0,0.001
32896,Riverside - Rubidoux,2021-10-27 08:00:00+00:00,33.999449,-117.415831,0.49,,0.034,,0.001,37.0,13.0,0.001
32896,Riverside - Rubidoux,2021-10-27 13:00:00+00:00,33.999449,-117.415831,0.68,,0.026,,0.001,40.0,16.0,0.002
32896,Riverside - Rubidoux,2021-10-27 15:00:00+00:00,33.999449,-117.415831,0.96,,0.025,,0.001,64.0,13.0,0.002
32896,Riverside - Rubidoux,2021-10-27 16:00:00+00:00,33.999449,-117.415831,0.7,,0.029,,0.002,70.0,17.0,0.002
32896,Riverside - Rubidoux,2021-10-27 18:00:00+00:00,33.999449,-117.415831,0.44,,,,,44.0,13.0,0.001
32896,Riverside - Rubidoux,2021-10-28 03:00:00+00:00,33.999449,-117.415831,0.17,,0.013,,0.028,15.0,,0.001
32896,Riverside - Rubidoux,2021-10-28 04:00:00+00:00,33.999449,-117.415831,0.32,,0.025,,0.02,22.0,-1.0,0.001
32896,Riverside - Rubidoux,2021-10-28 05:00:00+00:00,33.999449,-117.415831,0.33,,0.02,,0.017,20.0,4.0,0.001
32896,Riverside - Rubidoux,2021-10-28 06:00:00+00:00,33.999449,-117.415831,0.45,,0.033,,0.005,28.0,7.0,0.001
32896,Riverside - Rubidoux,2021-10-28 07:00:00+00:00,33.999449,-117.415831,0.6,,0.032,,0.001,28.0,7.0,0.001
32896,Riverside - Rubidoux,2021-10-28 08:00:00+00:00,33.999449,-117.415831,0.56,,0.03,,0.001,35.0,8.0,0.001
32896,Riverside - Rubidoux,2021-10-30 02:00:00+00:00,33.999449,-117.415831,0.21,,0.01,,0.051,25.0,3.0,0.001
32896,Riverside - Rubidoux,2021-10-30 03:00:00+00:00,33.999449,-117.415831,0.4,,0.018,,0.034,34.0,6.0,0.001
32896,Riverside - Rubidoux,2021-10-30 04:00:00+00:00,33.999449,-117.415831,0.51,,0.028,,0.019,48.0,6.0,0.001
32896,Riverside - Rubidoux,2021-10-30 05:00:00+00:00,33.999449,-117.415831,0.92,,0.037,,0.005,56.0,10.0,0.001
32896,Riverside - Rubidoux,2021-10-30 06:00:00+00:00,33.999449,-117.415831,1.09,,0.038,,0.002,76.0,11.0,0.001
32896,Riverside - Rubidoux,2021-10-30 07:00:00+00:00,33.999449,-117.415831,0.89,,0.033,,0.003,56.0,15.0,0.001
32896,Riverside - Rubidoux,2021-10-30 08:00:00+00:00,33.999449,-117.415831,0.76,,0.034,,0.002,,,0.001
32896,Riverside - Rubidoux,2021-10-30 13:00:00+00:00,33.999449,-117.415831,1.23,,0.027,,0.001,49.0,22.0,0.001
32896,Riverside - Rubidoux,2021-10-30 14:00:00+00:00,33.999449,-117.415831,1.42,,0.03,,0.001,50.0,9.0,0.001
32896,Riverside - Rubidoux,2021-10-30 15:00:00+00:00,33.999449,-117.415831,1.18,,0.03,,0.001,59.0,15.0,0.001
32896,Riverside - Rubidoux,2021-10-30 16:00:00+00:00,33.999449,-117.415831,0.92,,0.035,,0.003,66.0,20.0,0.001
32896,Riverside - Rubidoux,2021-10-31 08:00:00+00:00,33.999449,-117.415831,0.24,,0.01,,0.021,38.0,30.0,0.0
32896,Riverside - Rubidoux,2021-10-31 09:00:00+00:00,33.999449,-117.415831,0.22,,0.008,,0.024,44.0,31.0,0.0
32896,Riverside - Rubidoux,2021-10-31 10:00:00+00:00,33.999449,-117.415831,0.23,,0.009,,0.023,36.0,26.0,0.0
32896,Riverside - Rubidoux,2021-10-31 11:00:00+00:00,33.999449,-117.415831,0.22,,0.009,,0.023,45.0,33.0,0.0
32896,Riverside - Rubidoux,2021-10-31 15:00:00+00:00,33.999449,-117.415831,0.23,,0.008,,0.022,37.0,34.0,0.0
32896,Riverside - Rubidoux,2021-10-31 16:00:00+00:00,33.999449,-117.415831,0.24,,0.009,,0.022,40.0,34.0,0.0
32896,Riverside - Rubidoux,2021-10-31 17:00:00+00:00,33.999449,-117.415831,0.24,,0.009,,0.024,41.0,32.0,0.0
32896,Riverside - Rubidoux,2021-10-31 18:00:00+00:00,33.999449,-117.415831,0.24,,0.009,,0.027,36.0,28.0,0.0
32896,Riverside - Rubidoux,2021-11-01 13:00:00+00:00,33.999449,-117.415831,0.58,,0.018,,0.002,34.0,27.0,0.001
32896,Riverside - Rubidoux,2021-11-01 14:00:00+00:00,33.999449,-117.415831,0.69,,0.02,,0.001,44.0,19.0,0.001
32896,Riverside - Rubidoux,2021-11-01 15:00:00+00:00,33.999449,-117.415831,0.47,,0.02,,0.002,44.0,26.0,0.001
32896,Riverside - Rubidoux,2021-11-01 16:00:00+00:00,33.999449,-117.415831,0.51,,0.018,,0.004,41.0,22.0,0.001
32896,Riverside - Rubidoux,2021-11-02 10:00:00+00:00,33.999449,-117.415831,0.52,,0.024,,0.001,41.0,21.0,0.001
32896,Riverside - Rubidoux,2021-11-02 11:00:00+00:00,33.999449,-117.415831,0.6,,0.023,,0.001,46.0,22.0,0.001
32896,Riverside - Rubidoux,2021-11-02 12:00:00+00:00,33.999449,-117.415831,0.62,,0.018,,0.001,39.0,23.0,0.001
32896,Riverside - Rubidoux,2021-11-02 13:00:00+00:00,33.999449,-117.415831,0.69,,0.021,,0.001,47.0,26.0,0.001
32896,Riverside - Rubidoux,2021-11-02 14:00:00+00:00,33.999449,-117.415831,0.81,,0.022,,0.001,57.0,24.0,0.001
32896,Riverside - Rubidoux,2021-11-02 16:00:00+00:00,33.999449,-117.415831,1.03,,0.03,,0.001,114.0,33.0,0.001
32896,Riverside - Rubidoux,2021-11-02 17:00:00+00:00,33.999449,-117.415831,0.79,,0.035,,0.003,95.0,36.0,0.001
32896,Riverside - Rubidoux,2021-11-02 18:00:00+00:00,33.999449,-117.415831,0.51,,0.026,,0.015,75.0,46.0,0.001
32896,Riverside - Rubidoux,2021-11-02 19:00:00+00:00,33.999449,-117.415831,0.41,,0.021,,0.026,57.0,37.0,0.001
32896,Riverside - Rubidoux,2021-11-03 17:00:00+00:00,33.999449,-117.415831,0.76,,0.035,,0.004,102.0,30.0,0.001
32896,Riverside - Rubidoux,2021-11-03 18:00:00+00:00,33.999449,-117.415831,0.6,,0.034,,0.011,62.0,29.0,0.001
32896,Riverside - Rubidoux,2021-11-04 13:00:00+00:00,33.999449,-117.415831,0.9,,0.027,,0.001,61.0,27.0,0.001
32896,Riverside - Rubidoux,2021-11-04 14:00:00+00:00,33.999449,-117.415831,0.95,,0.029,,0.001,59.0,23.0,0.001
32896,Riverside - Rubidoux,2021-11-04 15:00:00+00:00,33.999449,-117.415831,1.11,,0.022,,0.001,67.0,22.0,0.001
32896,Riverside - Rubidoux,2021-11-04 16:00:00+00:00,33.999449,-117.415831,1.21,,0.032,,0.002,94.0,31.0,0.001
32896,Riverside - Rubidoux,2021-11-04 17:00:00+00:00,33.999449,-117.415831,0.92,,0.042,,0.004,115.0,35.0,0.001
32896,Riverside - Rubidoux,2021-11-04 18:00:00+00:00,33.999449,-117.415831,0.87,,0.052,,0.006,,,0.001
32896,Riverside - Rubidoux,2021-11-04 19:00:00+00:00,33.999449,-117.415831,0.5,,0.034,,0.023,68.0,21.0,0.001
32896,Riverside - Rubidoux,2021-11-05 10:00:00+00:00,33.999449,-117.415831,0.86,,0.039,,0.001,75.0,40.0,0.001
32896,Riverside - Rubidoux,2021-11-05 11:00:00+00:00,33.999449,-117.415831,0.89,,0.036,,0.001,75.0,31.0,0.001
32896,Riverside - Rubidoux,2021-11-05 12:00:00+00:00,33.999449,-117.415831,0.8,,0.039,,0.001,66.0,21.0,0.001
32896,Riverside - Rubidoux,2021-11-05 13:00:00+00:00,33.999449,-117.415831,1.03,,0.039,,0.001,65.0,26.0,0.001
32896,Riverside - Rubidoux,2021-11-05 14:00:00+00:00,33.999449,-117.415831,1.16,,0.04,,0.001,95.0,20.0,0.001
32896,Riverside - Rubidoux,2021-11-05 15:00:00+00:00,33.999449,-117.415831,1.32,,0.038,,0.001,107.0,28.0,0.002
32896,Riverside - Rubidoux,2021-11-05 16:00:00+00:00,33.999449,-117.415831,1.07,,0.041,,0.002,145.0,27.0,0.001
32896,Riverside - Rubidoux,2021-11-05 17:00:00+00:00,33.999449,-117.415831,0.77,,0.042,,0.006,130.0,27.0,0.001
32896,Riverside - Rubidoux,2021-11-06 11:00:00+00:00,33.999449,-117.415831,0.43,,0.022,,0.005,,27.0,0.0
32896,Riverside - Rubidoux,2021-11-06 12:00:00+00:00,33.999449,-117.415831,0.44,,0.021,,0.004,,24.0,0.0
32896,Riverside - Rubidoux,2021-11-06 13:00:00+00:00,33.999449,-117.415831,0.46,,0.022,,0.002,,21.0,0.0
32896,Riverside - Rubidoux,2021-11-06 14:00:00+00:00,33.999449,-117.415831,0.49,,0.024,,0.001,,23.0,0.0
32896,Riverside - Rubidoux,2021-11-06 15:00:00+00:00,33.999449,-117.415831,0.55,,0.024,,0.001,,22.0,0.001
32896,Riverside - Rubidoux,2021-11-06 16:00:00+00:00,33.999449,-117.415831,0.59,,0.022,,0.003,,20.0,0.001
32896,Riverside - Rubidoux,2021-11-06 17:00:00+00:00,33.999449,-117.415831,0.67,,0.025,,0.005,,31.0,0.001
32896,Riverside - Rubidoux,2021-11-06 21:00:00+00:00,33.999449,-117.415831,0.4,,0.013,,0.057,59.0,30.0,0.001
32896,Riverside - Rubidoux,2021-11-07 15:00:00+00:00,33.999449,-117.415831,0.45,,0.021,,0.01,71.0,61.0,0.0
32896,Riverside - Rubidoux,2021-11-07 16:00:00+00:00,33.999449,-117.415831,0.5,,0.024,,0.009,68.0,52.0,0.001
32896,Riverside - Rubidoux,2021-11-08 07:00:00+00:00,33.999449,-117.415831,0.86,,0.025,,0.015,76.0,51.0,0.001
32896,Riverside - Rubidoux,2021-11-08 08:00:00+00:00,33.999449,-117.415831,0.58,,0.025,,0.014,,,0.0
32896,Riverside - Rubidoux,2021-11-08 13:00:00+00:00,33.999449,-117.415831,0.58,,0.033,,0.001,35.0,29.0,0.001
32896,Riverside - Rubidoux,2021-11-08 14:00:00+00:00,33.999449,-117.415831,0.55,,0.028,,0.002,36.0,27.0,0.0
32896,Riverside - Rubidoux,2021-11-08 15:00:00+00:00,33.999449,-117.415831,0.51,,0.025,,0.005,43.0,35.0,0.0
32896,Riverside - Rubidoux,2021-11-08 16:00:00+00:00,33.999449,-117.415831,0.55,,0.027,,0.006,65.0,45.0,0.0
32896,Riverside - Rubidoux,2021-11-08 17:00:00+00:00,33.999449,-117.415831,0.48,,0.022,,0.013,48.0,39.0,0.0
32896,Riverside - Rubidoux,2021-11-09 09:00:00+00:00,33.999449,-117.415831,0.37,,0.021,,0.006,31.0,18.0,0.0
32896,Riverside - Rubidoux,2021-11-09 11:00:00+00:00,33.999449,-117.415831,0.4,,0.024,,0.003,37.0,12.0,0.0
32896,Riverside - Rubidoux,2021-11-09 16:00:00+00:00,33.999449,-117.415831,0.27,,0.017,,0.015,52.0,27.0,0.0
32896,Riverside - Rubidoux,2021-11-09 17:00:00+00:00,33.999449,-117.415831,0.29,,0.018,,0.015,49.0,30.0,0.0
32896,Riverside - Rubidoux,2021-11-10 15:00:00+00:00,33.999449,-117.415831,0.31,,0.019,,0.008,31.0,19.0,0.0
32896,Riverside - Rubidoux,2021-11-10 16:00:00+00:00,33.999449,-117.415831,0.36,,0.02,,0.01,38.0,24.0,0.001
32896,Riverside - Rubidoux,2021-11-10 17:00:00+00:00,33.999449,-117.415831,0.29,,0.018,,0.021,47.0,27.0,0.001
32896,Riverside - Rubidoux,2021-11-10 20:00:00+00:00,33.999449,-117.415831,0.34,,0.024,,0.03,,26.0,0.001
32896,Riverside - Rubidoux,2021-11-11 00:00:00+00:00,33.999449,-117.415831,0.24,,0.016,,0.047,59.0,10.0,0.001
32896,Riverside - Rubidoux,2021-11-11 07:00:00+00:00,33.999449,-117.415831,0.64,,0.042,,0.001,62.0,14.0,0.001
32896,Riverside - Rubidoux,2021-11-11 08:00:00+00:00,33.999449,-117.415831,0.79,,0.039,,0.001,57.0,15.0,0.001
32896,Riverside - Rubidoux,2021-11-11 09:00:00+00:00,33.999449,-117.415831,0.69,,0.036,,0.001,55.0,20.0,0.001
32896,Riverside - Rubidoux,2021-11-11 11:00:00+00:00,33.999449,-117.415831,0.58,,0.035,,0.001,45.0,16.0,0.001
32896,Riverside - Rubidoux,2021-11-11 12:00:00+00:00,33.999449,-117.415831,0.19,,0.015,,0.026,33.0,4.0,0.001
32896,Riverside - Rubidoux,2021-11-11 13:00:00+00:00,33.999449,-117.415831,0.07,,0.005,,0.036,36.0,3.0,0.0
32896,Riverside - Rubidoux,2021-11-11 14:00:00+00:00,33.999449,-117.415831,0.08,,0.006,,0.034,35.0,4.0,0.0
32896,Riverside - Rubidoux,2021-11-11 15:00:00+00:00,33.999449,-117.415831,0.08,,0.007,,0.032,37.0,5.0,0.0
32896,Riverside - Rubidoux,2021-11-11 16:00:00+00:00,33.999449,-117.415831,0.09,,0.008,,0.031,27.0,3.0,0.0
32896,Riverside - Rubidoux,2021-11-11 17:00:00+00:00,33.999449,-117.415831,0.09,,0.007,,0.031,42.0,2.0,0.0
32896,Riverside - Rubidoux,2021-11-11 18:00:00+00:00,33.999449,-117.415831,0.08,,0.006,,0.034,90.0,5.0,0.0
32896,Riverside - Rubidoux,2021-11-11 19:00:00+00:00,33.999449,-117.415831,0.08,,0.005,,0.036,90.0,7.0,0.0
32896,Riverside - Rubidoux,2021-11-11 20:00:00+00:00,33.999449,-117.415831,0.08,,0.005,,0.038,101.0,2.0,0.0
32896,Riverside - Rubidoux,2021-11-11 21:00:00+00:00,33.999449,-117.415831,0.09,,0.005,,0.039,61.0,3.0,0.0
32896,Riverside - Rubidoux,2021-11-11 22:00:00+00:00,33.999449,-117.415831,0.09,,0.005,,0.039,47.0,4.0,0.001
32896,Riverside - Rubidoux,2021-11-11 23:00:00+00:00,33.999449,-117.415831,0.09,,0.006,,0.04,36.0,1.0,0.001
32896,Riverside - Rubidoux,2021-11-12 00:00:00+00:00,33.999449,-117.415831,0.09,,0.006,,0.039,34.0,0.0,0.0
32896,Riverside - Rubidoux,2021-11-12 01:00:00+00:00,33.999449,-117.415831,0.1,,0.008,,0.036,33.0,1.0,0.0
32896,Riverside - Rubidoux,2021-11-12 02:00:00+00:00,33.999449,-117.415831,0.11,,0.009,,0.034,24.0,1.0,0.0
32896,Riverside - Rubidoux,2021-11-12 03:00:00+00:00,33.999449,-117.415831,0.11,,0.01,,0.032,,,0.0
32896,Riverside - Rubidoux,2021-11-12 13:00:00+00:00,33.999449,-117.415831,0.06,,0.007,,0.031,13.0,1.0,0.0
32896,Riverside - Rubidoux,2021-11-12 15:00:00+00:00,33.999449,-117.415831,0.09,,0.009,,0.028,36.0,0.0,0.0
32896,Riverside - Rubidoux,2021-11-12 17:00:00+00:00,33.999449,-117.415831,0.09,,0.006,,0.031,41.0,6.0,0.0
32896,Riverside - Rubidoux,2021-11-12 18:00:00+00:00,33.999449,-117.415831,0.17,,0.016,,0.023,51.0,9.0,0.001
32896,Riverside - Rubidoux,2021-11-12 19:00:00+00:00,33.999449,-117.415831,0.1,,0.008,,0.032,30.0,6.0,0.0
32896,Riverside - Rubidoux,2021-11-12 20:00:00+00:00,33.999449,-117.415831,0.08,,0.005,,0.035,29.0,4.0,0.0
32896,Riverside - Rubidoux,2021-11-12 21:00:00+00:00,33.999449,-117.415831,0.08,,0.005,,0.036,25.0,3.0,0.0
32896,Riverside - Rubidoux,2021-11-12 22:00:00+00:00,33.999449,-117.415831,0.08,,0.005,,0.035,29.0,1.0,0.0
32896,Riverside - Rubidoux,2021-11-12 23:00:00+00:00,33.999449,-117.415831,0.09,,0.006,,0.034,26.0,3.0,0.0
32896,Riverside - Rubidoux,2021-11-13 00:00:00+00:00,33.999449,-117.415831,0.1,,0.006,,0.033,20.0,0.0,0.0
32896,Riverside - Rubidoux,2021-11-13 01:00:00+00:00,33.999449,-117.415831,0.12,,0.007,,0.03,21.0,-2.0,0.0
32896,Riverside - Rubidoux,2021-11-13 02:00:00+00:00,33.999449,-117.415831,0.13,,0.01,,0.028,26.0,-2.0,0.0
32896,Riverside - Rubidoux,2021-11-13 03:00:00+00:00,33.999449,-117.415831,0.12,,0.009,,0.027,19.0,-2.0,0.0
32896,Riverside - Rubidoux,2021-11-13 04:00:00+00:00,33.999449,-117.415831,0.12,,0.011,,0.026,13.0,-1.0,0.0
32896,Riverside - Rubidoux,2021-11-13 05:00:00+00:00,33.999449,-117.415831,0.09,,0.009,,0.029,12.0,-1.0,0.0
32896,Riverside - Rubidoux,2021-11-13 06:00:00+00:00,33.999449,-117.415831,0.22,,0.022,,0.017,28.0,1.0,0.001
32896,Riverside - Rubidoux,2021-11-13 07:00:00+00:00,33.999449,-117.415831,0.35,,0.03,,0.004,36.0,3.0,0.001
32896,Riverside - Rubidoux,2021-11-13 08:00:00+00:00,33.999449,-117.415831,0.42,,0.033,,0.001,45.0,4.0,0.001
32896,Riverside - Rubidoux,2021-11-13 09:00:00+00:00,33.999449,-117.415831,0.46,,0.031,,0.001,,,0.001
32896,Riverside - Rubidoux,2021-11-13 15:00:00+00:00,33.999449,-117.415831,0.43,,0.029,,0.001,30.0,2.0,0.001
32896,Riverside - Rubidoux,2021-11-15 08:00:00+00:00,33.999449,-117.415831,1.15,,0.046,,0.001,87.0,25.0,0.001
32896,Riverside - Rubidoux,2021-11-15 09:00:00+00:00,33.999449,-117.415831,1.01,,0.04,,0.001,,,0.001
32896,Riverside - Rubidoux,2021-11-15 18:00:00+00:00,33.999449,-117.415831,0.56,,0.038,,0.009,112.0,17.0,0.001
32896,Riverside - Rubidoux,2021-11-17 01:00:00+00:00,33.999449,-117.415831,0.25,,0.014,,0.038,62.0,13.0,0.001
32896,Riverside - Rubidoux,2021-11-17 02:00:00+00:00,33.999449,-117.415831,0.25,,0.014,,0.032,45.0,12.0,0.001
32896,Riverside - Rubidoux,2021-11-17 03:00:00+00:00,33.999449,-117.415831,0.22,,0.012,,0.028,49.0,11.0,0.001
32896,Riverside - Rubidoux,2021-11-17 04:00:00+00:00,33.999449,-117.415831,0.25,,0.014,,0.022,32.0,12.0,0.0
32896,Riverside - Rubidoux,2021-11-17 05:00:00+00:00,33.999449,-117.415831,0.26,,0.015,,0.019,44.0,11.0,0.0
32896,Riverside - Rubidoux,2021-11-17 06:00:00+00:00,33.999449,-117.415831,0.27,,0.014,,0.014,38.0,10.0,0.0
32896,Riverside - Rubidoux,2021-11-17 07:00:00+00:00,33.999449,-117.415831,0.34,,0.014,,0.011,34.0,7.0,0.0
32896,Riverside - Rubidoux,2021-11-17 08:00:00+00:00,33.999449,-117.415831,0.29,,0.014,,0.012,36.0,8.0,0.0
32896,Riverside - Rubidoux,2021-11-17 09:00:00+00:00,33.999449,-117.415831,0.35,,0.014,,0.005,43.0,19.0,0.0
32896,Riverside - Rubidoux,2021-11-17 10:00:00+00:00,33.999449,-117.415831,0.28,,0.014,,0.008,,,0.0
32896,Riverside - Rubidoux,2021-11-17 12:00:00+00:00,33.999449,-117.415831,0.26,,0.017,,0.008,38.0,23.0,0.0
32896,Riverside - Rubidoux,2021-11-17 18:00:00+00:00,33.999449,-117.415831,0.33,,0.015,,0.015,41.0,27.0,0.001
32896,Riverside - Rubidoux,2021-11-17 19:00:00+00:00,33.999449,-117.415831,0.3,,0.014,,0.023,67.0,38.0,0.001
32896,Riverside - Rubidoux,2021-11-17 20:00:00+00:00,33.999449,-117.415831,0.27,,0.014,,0.033,53.0,27.0,0.001
32896,Riverside - Rubidoux,2021-11-17 21:00:00+00:00,33.999449,-117.415831,0.22,,0.013,,0.04,66.0,26.0,0.001
32896,Riverside - Rubidoux,2021-11-17 22:00:00+00:00,33.999449,-117.415831,0.22,,0.014,,0.038,50.0,17.0,0.001
32896,Riverside - Rubidoux,2021-11-17 23:00:00+00:00,33.999449,-117.415831,0.25,,0.018,,0.037,47.0,15.0,0.001
32896,Riverside - Rubidoux,2021-11-18 00:00:00+00:00,33.999449,-117.415831,0.25,,0.016,,0.038,57.0,21.0,0.001
32896,Riverside - Rubidoux,2021-11-18 01:00:00+00:00,33.999449,-117.415831,0.24,,0.014,,0.038,52.0,14.0,0.001
32896,Riverside - Rubidoux,2021-11-18 02:00:00+00:00,33.999449,-117.415831,0.3,,0.017,,0.034,53.0,13.0,0.001
32896,Riverside - Rubidoux,2021-11-18 03:00:00+00:00,33.999449,-117.415831,0.36,,0.018,,0.028,52.0,18.0,0.001
32896,Riverside - Rubidoux,2021-11-18 04:00:00+00:00,33.999449,-117.415831,0.43,,0.025,,0.016,55.0,16.0,0.001
32896,Riverside - Rubidoux,2021-11-18 05:00:00+00:00,33.999449,-117.415831,0.48,,0.032,,0.007,61.0,21.0,0.0
32896,Riverside - Rubidoux,2021-11-18 06:00:00+00:00,33.999449,-117.415831,0.72,,0.033,,0.003,59.0,21.0,0.001
32896,Riverside - Rubidoux,2021-11-18 07:00:00+00:00,33.999449,-117.415831,0.8,,0.036,,0.001,70.0,22.0,0.001
32896,Riverside - Rubidoux,2021-11-18 08:00:00+00:00,33.999449,-117.415831,0.76,,0.034,,0.001,56.0,25.0,0.001
32896,Riverside - Rubidoux,2021-11-18 09:00:00+00:00,33.999449,-117.415831,0.8,,0.031,,0.001,68.0,20.0,0.001
32896,Riverside - Rubidoux,2021-11-18 10:00:00+00:00,33.999449,-117.415831,0.77,,0.026,,0.001,58.0,25.0,0.001
32896,Riverside - Rubidoux,2021-11-18 11:00:00+00:00,33.999449,-117.415831,0.94,,0.029,,0.001,55.0,26.0,0.001
32896,Riverside - Rubidoux,2021-11-18 12:00:00+00:00,33.999449,-117.415831,0.94,,0.026,,0.001,59.0,21.0,0.001
32896,Riverside - Rubidoux,2021-11-18 13:00:00+00:00,33.999449,-117.415831,0.94,,0.029,,0.001,62.0,22.0,0.001
32896,Riverside - Rubidoux,2021-11-18 14:00:00+00:00,33.999449,-117.415831,1.08,,0.03,,0.001,65.0,23.0,0.001
32896,Riverside - Rubidoux,2021-11-18 21:00:00+00:00,33.999449,-117.415831,0.45,,,,,111.0,37.0,0.001
32896,Riverside - Rubidoux,2021-11-19 00:00:00+00:00,33.999449,-117.415831,0.49,,0.033,,0.025,84.0,35.0,0.001
32896,Riverside - Rubidoux,2021-11-19 12:00:00+00:00,33.999449,-117.415831,0.65,,0.028,,0.001,32.0,28.0,0.001
32896,Riverside - Rubidoux,2021-11-19 13:00:00+00:00,33.999449,-117.415831,0.67,,0.024,,0.001,35.0,25.0,0.001
32896,Riverside - Rubidoux,2021-11-19 14:00:00+00:00,33.999449,-117.415831,0.66,,0.029,,0.0,26.0,23.0,0.001
32896,Riverside - Rubidoux,2021-11-19 16:00:00+00:00,33.999449,-117.415831,0.64,,0.027,,0.002,27.0,17.0,0.001
32896,Riverside - Rubidoux,2021-11-19 17:00:00+00:00,33.999449,-117.415831,0.68,,0.028,,0.003,29.0,18.0,0.001
32896,Riverside - Rubidoux,2021-11-19 18:00:00+00:00,33.999449,-117.415831,0.67,,0.026,,0.006,36.0,22.0,0.001
32896,Riverside - Rubidoux,2021-11-19 19:00:00+00:00,33.999449,-117.415831,0.67,,0.028,,0.012,52.0,34.0,0.001
32896,Riverside - Rubidoux,2021-11-19 20:00:00+00:00,33.999449,-117.415831,0.64,,0.03,,0.016,62.0,40.0,0.001
32896,Riverside - Rubidoux,2021-11-19 21:00:00+00:00,33.999449,-117.415831,0.46,,0.024,,0.028,66.0,35.0,0.001
32896,Riverside - Rubidoux,2021-11-19 22:00:00+00:00,33.999449,-117.415831,0.39,,,,,71.0,35.0,0.001
32896,Riverside - Rubidoux,2021-11-19 23:00:00+00:00,33.999449,-117.415831,0.43,,0.021,,0.034,81.0,39.0,0.001
32896,Riverside - Rubidoux,2021-11-20 00:00:00+00:00,33.999449,-117.415831,0.43,,0.022,,0.032,71.0,32.0,0.001
32896,Riverside - Rubidoux,2021-11-20 01:00:00+00:00,33.999449,-117.415831,0.47,,0.025,,0.029,81.0,36.0,0.001
32896,Riverside - Rubidoux,2021-11-20 02:00:00+00:00,33.999449,-117.415831,0.47,,0.025,,0.025,98.0,38.0,0.001
32896,Riverside - Rubidoux,2021-11-20 03:00:00+00:00,33.999449,-117.415831,0.43,,0.025,,0.02,85.0,30.0,0.001
32896,Riverside - Rubidoux,2021-11-20 04:00:00+00:00,33.999449,-117.415831,0.43,,0.023,,0.018,71.0,30.0,0.001
32896,Riverside - Rubidoux,2021-11-20 05:00:00+00:00,33.999449,-117.415831,0.53,,0.026,,0.01,64.0,35.0,0.0
32896,Riverside - Rubidoux,2021-11-20 06:00:00+00:00,33.999449,-117.415831,0.55,,0.029,,0.005,71.0,34.0,0.0
32896,Riverside - Rubidoux,2021-11-20 07:00:00+00:00,33.999449,-117.415831,0.58,,0.03,,0.001,67.0,35.0,0.001
32896,Riverside - Rubidoux,2021-11-20 08:00:00+00:00,33.999449,-117.415831,0.79,,0.031,,0.001,,,0.001
32896,Riverside - Rubidoux,2021-11-21 15:00:00+00:00,33.999449,-117.415831,0.07,,0.005,,0.035,104.0,3.0,0.0
32896,Riverside - Rubidoux,2021-11-21 17:00:00+00:00,33.999449,-117.415831,0.07,,0.005,,0.035,,16.0,0.0
32896,Riverside - Rubidoux,2021-11-22 08:00:00+00:00,33.999449,-117.415831,0.09,,0.004,,0.037,13.0,-1.0,0.0
32896,Riverside - Rubidoux,2021-11-22 16:00:00+00:00,33.999449,-117.415831,0.25,,0.025,,0.013,55.0,7.0,0.001
32896,Riverside - Rubidoux,2021-11-22 17:00:00+00:00,33.999449,-117.415831,0.23,,0.021,,0.019,73.0,5.0,0.001
32896,Riverside - Rubidoux,2021-11-22 18:00:00+00:00,33.999449,-117.415831,0.15,,0.016,,0.025,75.0,6.0,0.001
32896,Riverside - Rubidoux,2021-11-22 19:00:00+00:00,33.999449,-117.415831,0.13,,0.011,,0.032,56.0,7.0,0.001
32896,Riverside - Rubidoux,2021-11-22 20:00:00+00:00,33.999449,-117.415831,0.1,,0.005,,0.04,26.0,7.0,0.001
32896,Riverside - Rubidoux,2021-11-22 21:00:00+00:00,33.999449,-117.415831,0.1,,0.005,,0.041,19.0,3.0,0.001
32896,Riverside - Rubidoux,2021-11-22 22:00:00+00:00,33.999449,-117.415831,0.13,,0.006,,0.041,29.0,1.0,0.001
32896,Riverside - Rubidoux,2021-11-22 23:00:00+00:00,33.999449,-117.415831,0.11,,0.007,,0.039,17.0,0.0,0.001
32896,Riverside - Rubidoux,2021-11-23 00:00:00+00:00,33.999449,-117.415831,0.13,,0.01,,0.035,34.0,-2.0,0.001
32896,Riverside - Rubidoux,2021-11-23 01:00:00+00:00,33.999449,-117.415831,0.15,,0.013,,0.03,44.0,-2.0,0.0
32896,Riverside - Rubidoux,2021-11-23 02:00:00+00:00,33.999449,-117.415831,0.17,,0.015,,0.026,54.0,-1.0,0.0
32896,Riverside - Rubidoux,2021-11-23 03:00:00+00:00,33.999449,-117.415831,0.2,,0.018,,0.022,43.0,1.0,0.001
32896,Riverside - Rubidoux,2021-11-23 04:00:00+00:00,33.999449,-117.415831,0.34,,0.031,,0.007,43.0,4.0,0.001
32896,Riverside - Rubidoux,2021-11-23 05:00:00+00:00,33.999449,-117.415831,0.26,,0.03,,0.008,43.0,4.0,0.001
32896,Riverside - Rubidoux,2021-11-23 06:00:00+00:00,33.999449,-117.415831,0.34,,0.034,,0.003,35.0,3.0,0.001
32896,Riverside - Rubidoux,2021-11-23 07:00:00+00:00,33.999449,-117.415831,0.31,,0.034,,0.002,37.0,4.0,0.001
32896,Riverside - Rubidoux,2021-11-23 08:00:00+00:00,33.999449,-117.415831,0.41,,0.036,,0.001,46.0,6.0,0.001
32896,Riverside - Rubidoux,2021-11-23 09:00:00+00:00,33.999449,-117.415831,0.43,,0.035,,0.001,46.0,9.0,0.001
32896,Riverside - Rubidoux,2021-11-23 10:00:00+00:00,33.999449,-117.415831,0.48,,0.034,,0.001,44.0,6.0,0.001
32896,Riverside - Rubidoux,2021-11-23 11:00:00+00:00,33.999449,-117.415831,0.46,,0.035,,0.001,44.0,6.0,0.001
32896,Riverside - Rubidoux,2021-11-23 16:00:00+00:00,33.999449,-117.415831,0.81,,0.037,,0.002,84.0,10.0,0.001
32896,Riverside - Rubidoux,2021-11-24 14:00:00+00:00,33.999449,-117.415831,0.95,,0.03,,0.001,52.0,8.0,0.001
32896,Riverside - Rubidoux,2021-11-24 15:00:00+00:00,33.999449,-117.415831,0.89,,0.032,,0.001,58.0,10.0,0.001
32896,Riverside - Rubidoux,2021-11-24 17:00:00+00:00,33.999449,-117.415831,0.76,,0.041,,0.003,145.0,28.0,0.001
32896,Riverside - Rubidoux,2021-11-24 18:00:00+00:00,33.999449,-117.415831,0.5,,,,,,,0.001
32896,Riverside - Rubidoux,2021-11-24 22:00:00+00:00,33.999449,-117.415831,0.09,,0.004,,0.043,78.0,9.0,0.0
32896,Riverside - Rubidoux,2021-11-25 06:00:00+00:00,33.999449,-117.415831,0.1,,0.003,,0.041,57.0,2.0,0.0
32896,Riverside - Rubidoux,2021-11-25 08:00:00+00:00,33.999449,-117.415831,0.08,,0.002,,0.042,,8.0,0.0
32896,Riverside - Rubidoux,2021-11-25 09:00:00+00:00,33.999449,-117.415831,0.07,,0.002,,0.041,205.0,11.0,0.0
32896,Riverside - Rubidoux,2021-11-25 11:00:00+00:00,33.999449,-117.415831,0.08,,0.001,,0.042,,4.0,0.001
32896,Riverside - Rubidoux,2021-11-26 12:00:00+00:00,33.999449,-117.415831,0.43,,0.029,,0.002,33.0,9.0,0.001
32896,Riverside - Rubidoux,2021-11-26 14:00:00+00:00,33.999449,-117.415831,0.35,,0.031,,0.001,39.0,5.0,0.001
32896,Riverside - Rubidoux,2021-11-26 15:00:00+00:00,33.999449,-117.415831,0.37,,0.032,,0.001,45.0,5.0,0.001
32896,Riverside - Rubidoux,2021-11-26 16:00:00+00:00,33.999449,-117.415831,0.39,,0.029,,0.006,61.0,8.0,0.001
32896,Riverside - Rubidoux,2021-11-26 17:00:00+00:00,33.999449,-117.415831,0.38,,0.027,,0.01,73.0,11.0,0.001
32896,Riverside - Rubidoux,2021-11-26 18:00:00+00:00,33.999449,-117.415831,0.3,,0.021,,0.021,39.0,11.0,0.001
32896,Riverside - Rubidoux,2021-11-26 19:00:00+00:00,33.999449,-117.415831,0.21,,0.014,,0.033,27.0,9.0,0.001
32896,Riverside - Rubidoux,2021-11-26 20:00:00+00:00,33.999449,-117.415831,0.14,,0.007,,0.041,31.0,16.0,0.001
32896,Riverside - Rubidoux,2021-11-26 21:00:00+00:00,33.999449,-117.415831,0.12,,0.005,,0.045,20.0,5.0,0.001
32896,Riverside - Rubidoux,2021-11-26 22:00:00+00:00,33.999449,-117.415831,0.11,,0.004,,0.044,12.0,2.0,0.001
32896,Riverside - Rubidoux,2021-11-26 23:00:00+00:00,33.999449,-117.415831,0.1,,0.003,,0.043,20.0,-2.0,0.001
32896,Riverside - Rubidoux,2021-11-27 00:00:00+00:00,33.999449,-117.415831,0.13,,0.004,,0.041,15.0,-1.0,0.001
32896,Riverside - Rubidoux,2021-11-27 01:00:00+00:00,33.999449,-117.415831,0.32,,0.017,,0.033,20.0,-2.0,0.001
32896,Riverside - Rubidoux,2021-11-27 02:00:00+00:00,33.999449,-117.415831,0.45,,0.027,,0.022,28.0,-1.0,0.001
32896,Riverside - Rubidoux,2021-11-27 03:00:00+00:00,33.999449,-117.415831,0.47,,0.03,,0.014,60.0,3.0,0.001
32896,Riverside - Rubidoux,2021-11-27 04:00:00+00:00,33.999449,-117.415831,0.8,,0.033,,0.007,76.0,15.0,0.001
32896,Riverside - Rubidoux,2021-11-27 05:00:00+00:00,33.999449,-117.415831,1.06,,0.038,,0.002,53.0,12.0,0.001
32896,Riverside - Rubidoux,2021-11-27 16:00:00+00:00,33.999449,-117.415831,0.72,,0.033,,0.002,57.0,13.0,0.001
32896,Riverside - Rubidoux,2021-11-27 17:00:00+00:00,33.999449,-117.415831,0.62,,0.03,,0.009,50.0,13.0,0.001
32896,Riverside - Rubidoux,2021-11-27 18:00:00+00:00,33.999449,-117.415831,0.39,,0.024,,0.016,40.0,14.0,0.001
32896,Riverside - Rubidoux,2021-11-27 19:00:00+00:00,33.999449,-117.415831,0.28,,0.017,,0.026,35.0,14.0,0.001
32896,Riverside - Rubidoux,2021-11-27 20:00:00+00:00,33.999449,-117.415831,0.19,,0.009,,0.036,26.0,11.0,0.001
32896,Riverside - Rubidoux,2021-11-27 21:00:00+00:00,33.999449,-117.415831,0.22,,0.012,,0.036,31.0,9.0,0.001
32896,Riverside - Rubidoux,2021-11-27 23:00:00+00:00,33.999449,-117.415831,0.17,,0.01,,0.045,46.0,7.0,0.001
32896,Riverside - Rubidoux,2021-11-28 00:00:00+00:00,33.999449,-117.415831,0.14,,0.005,,0.049,36.0,6.0,0.001
32896,Riverside - Rubidoux,2021-11-28 01:00:00+00:00,33.999449,-117.415831,0.25,,0.014,,0.041,44.0,3.0,0.001
32896,Riverside - Rubidoux,2021-11-29 08:00:00+00:00,33.999449,-117.415831,1.46,,0.041,,0.001,93.0,29.0,0.001
32896,Riverside - Rubidoux,2021-11-29 09:00:00+00:00,33.999449,-117.415831,1.08,,0.038,,0.001,78.0,26.0,0.001
32896,Riverside - Rubidoux,2021-11-29 10:00:00+00:00,33.999449,-117.415831,0.99,,0.036,,0.001,59.0,20.0,0.001
32896,Riverside - Rubidoux,2021-11-29 11:00:00+00:00,33.999449,-117.415831,0.86,,0.033,,0.001,53.0,16.0,0.001
32896,Riverside - Rubidoux,2021-11-29 19:00:00+00:00,33.999449,-117.415831,0.36,,0.025,,0.02,48.0,13.0,0.001
32896,Riverside - Rubidoux,2021-11-29 20:00:00+00:00,33.999449,-117.415831,0.25,,0.017,,0.029,34.0,12.0,0.001
32896,Riverside - Rubidoux,2021-11-29 21:00:00+00:00,33.999449,-117.415831,0.18,,0.01,,0.042,22.0,6.0,0.001
32896,Riverside - Rubidoux,2021-11-29 22:00:00+00:00,33.999449,-117.415831,0.2,,0.014,,0.04,44.0,2.0,0.001
32896,Riverside - Rubidoux,2021-11-29 23:00:00+00:00,33.999449,-117.415831,0.21,,0.011,,0.043,38.0,5.0,0.001
32896,Riverside - Rubidoux,2021-11-30 00:00:00+00:00,33.999449,-117.415831,0.27,,0.015,,0.041,51.0,6.0,0.001
32896,Riverside - Rubidoux,2021-11-30 01:00:00+00:00,33.999449,-117.415831,0.46,,0.026,,0.035,76.0,10.0,0.001
32896,Riverside - Rubidoux,2021-11-30 02:00:00+00:00,33.999449,-117.415831,0.72,,0.04,,0.019,86.0,18.0,0.001
32896,Riverside - Rubidoux,2021-11-30 03:00:00+00:00,33.999449,-117.415831,0.8,,0.042,,0.014,78.0,17.0,0.001
32896,Riverside - Rubidoux,2021-11-30 04:00:00+00:00,33.999449,-117.415831,0.64,,0.035,,0.016,60.0,17.0,0.001
32896,Riverside - Rubidoux,2021-11-30 05:00:00+00:00,33.999449,-117.415831,0.94,,0.045,,0.004,,,0.001
32896,Riverside - Rubidoux,2021-11-30 17:00:00+00:00,33.999449,-117.415831,1.17,,0.044,,0.002,125.0,23.0,0.002
32896,Riverside - Rubidoux,2021-11-30 22:00:00+00:00,33.999449,-117.415831,0.07,,0.005,,0.035,39.0,1.0,0.001
32896,Riverside - Rubidoux,2021-11-30 23:00:00+00:00,33.999449,-117.415831,0.09,,0.006,,0.034,23.0,2.0,0.001
32896,Riverside - Rubidoux,2021-12-01 00:00:00+00:00,33.999449,-117.415831,0.1,,0.007,,0.033,28.0,1.0,0.0
32896,Riverside - Rubidoux,2021-12-01 01:00:00+00:00,33.999449,-117.415831,0.11,,0.009,,0.03,25.0,1.0,0.0
32896,Riverside - Rubidoux,2021-12-01 02:00:00+00:00,33.999449,-117.415831,0.1,,0.008,,0.03,35.0,-1.0,0.001
32896,Riverside - Rubidoux,2021-12-01 03:00:00+00:00,33.999449,-117.415831,0.11,,0.009,,0.031,21.0,,0.0
32896,Riverside - Rubidoux,2021-12-01 10:00:00+00:00,33.999449,-117.415831,0.53,,0.034,,0.001,36.0,9.0,0.001
32896,Riverside - Rubidoux,2021-12-01 13:00:00+00:00,33.999449,-117.415831,0.45,,0.031,,0.001,34.0,5.0,0.001
32896,Riverside - Rubidoux,2021-12-01 14:00:00+00:00,33.999449,-117.415831,0.52,,0.033,,0.001,43.0,6.0,0.001
32896,Riverside - Rubidoux,2021-12-01 15:00:00+00:00,33.999449,-117.415831,0.56,,0.036,,0.001,77.0,8.0,0.001
32896,Riverside - Rubidoux,2021-12-01 16:00:00+00:00,33.999449,-117.415831,0.77,,0.036,,0.001,108.0,18.0,0.002
32896,Riverside - Rubidoux,2021-12-01 18:00:00+00:00,33.999449,-117.415831,0.68,,0.04,,0.006,147.0,20.0,0.001
32896,Riverside - Rubidoux,2021-12-01 19:00:00+00:00,33.999449,-117.415831,0.13,,0.013,,0.029,,16.0,0.001
32896,Riverside - Rubidoux,2021-12-01 20:00:00+00:00,33.999449,-117.415831,0.08,,0.004,,0.039,12.0,4.0,0.001
32896,Riverside - Rubidoux,2021-12-02 10:00:00+00:00,33.999449,-117.415831,1.04,,0.042,,0.001,76.0,16.0,0.001
32896,Riverside - Rubidoux,2021-12-02 11:00:00+00:00,33.999449,-117.415831,1.24,,0.04,,0.001,76.0,22.0,0.001
32896,Riverside - Rubidoux,2021-12-02 13:00:00+00:00,33.999449,-117.415831,1.05,,0.034,,0.001,64.0,17.0,0.001
32896,Riverside - Rubidoux,2021-12-02 14:00:00+00:00,33.999449,-117.415831,1.2,,0.035,,0.001,69.0,15.0,0.001
32896,Riverside - Rubidoux,2021-12-02 15:00:00+00:00,33.999449,-117.415831,1.01,,0.036,,0.001,69.0,15.0,0.002
32896,Riverside - Rubidoux,2021-12-02 16:00:00+00:00,33.999449,-117.415831,1.01,,0.033,,0.001,84.0,14.0,0.001
32896,Riverside - Rubidoux,2021-12-03 07:00:00+00:00,33.999449,-117.415831,0.47,,0.025,,0.006,75.0,45.0,0.001
32896,Riverside - Rubidoux,2021-12-03 08:00:00+00:00,33.999449,-117.415831,0.48,,0.024,,0.006,72.0,43.0,0.001
32896,Riverside - Rubidoux,2021-12-03 09:00:00+00:00,33.999449,-117.415831,0.44,,0.025,,0.006,55.0,42.0,0.001
32896,Riverside - Rubidoux,2021-12-03 10:00:00+00:00,33.999449,-117.415831,0.49,,0.025,,0.002,50.0,35.0,0.0
32896,Riverside - Rubidoux,2021-12-03 11:00:00+00:00,33.999449,-117.415831,0.46,,0.027,,0.001,69.0,39.0,0.001
32896,Riverside - Rubidoux,2021-12-03 15:00:00+00:00,33.999449,-117.415831,0.69,,0.036,,0.0,55.0,32.0,0.001
32896,Riverside - Rubidoux,2021-12-04 09:00:00+00:00,33.999449,-117.415831,0.54,,0.025,,0.002,60.0,38.0,0.0
32896,Riverside - Rubidoux,2021-12-04 10:00:00+00:00,33.999449,-117.415831,0.62,,0.024,,0.001,55.0,37.0,0.001
32896,Riverside - Rubidoux,2021-12-04 11:00:00+00:00,33.999449,-117.415831,0.73,,0.025,,0.001,60.0,36.0,0.001
32896,Riverside - Rubidoux,2021-12-04 12:00:00+00:00,33.999449,-117.415831,0.52,,0.028,,0.001,49.0,33.0,0.001
32896,Riverside - Rubidoux,2021-12-04 13:00:00+00:00,33.999449,-117.415831,0.54,,0.028,,0.0,39.0,29.0,0.001
32896,Riverside - Rubidoux,2021-12-04 14:00:00+00:00,33.999449,-117.415831,0.64,,0.026,,0.0,43.0,33.0,0.001
32896,Riverside - Rubidoux,2021-12-04 16:00:00+00:00,33.999449,-117.415831,0.54,,0.025,,0.003,35.0,27.0,0.001
32896,Riverside - Rubidoux,2021-12-04 17:00:00+00:00,33.999449,-117.415831,0.48,,0.019,,0.006,34.0,28.0,0.0
32896,Riverside - Rubidoux,2021-12-05 12:00:00+00:00,33.999449,-117.415831,1.92,,0.024,,0.001,131.0,82.0,0.001
32896,Riverside - Rubidoux,2021-12-05 13:00:00+00:00,33.999449,-117.415831,1.61,,0.029,,0.001,127.0,72.0,0.001
32896,Riverside - Rubidoux,2021-12-05 15:00:00+00:00,33.999449,-117.415831,1.33,,0.03,,0.0,122.0,71.0,0.001
32896,Riverside - Rubidoux,2021-12-05 16:00:00+00:00,33.999449,-117.415831,1.39,,0.026,,0.001,130.0,86.0,0.001
32896,Riverside - Rubidoux,2021-12-06 13:00:00+00:00,33.999449,-117.415831,1.2,,0.036,,0.001,86.0,51.0,0.001
32896,Riverside - Rubidoux,2021-12-06 14:00:00+00:00,33.999449,-117.415831,1.36,,0.035,,0.001,89.0,47.0,0.001
32896,Riverside - Rubidoux,2021-12-06 15:00:00+00:00,33.999449,-117.415831,1.43,,0.036,,0.001,90.0,42.0,0.001
32896,Riverside - Rubidoux,2021-12-06 16:00:00+00:00,33.999449,-117.415831,1.46,,0.036,,0.001,103.0,51.0,0.002
32896,Riverside - Rubidoux,2021-12-07 10:00:00+00:00,33.999449,-117.415831,0.33,,0.016,,0.021,59.0,40.0,0.001
32896,Riverside - Rubidoux,2021-12-07 11:00:00+00:00,33.999449,-117.415831,0.35,,0.021,,0.016,48.0,34.0,0.001
32896,Riverside - Rubidoux,2021-12-07 12:00:00+00:00,33.999449,-117.415831,0.32,,0.023,,0.017,44.0,30.0,0.0
32896,Riverside - Rubidoux,2021-12-07 13:00:00+00:00,33.999449,-117.415831,0.36,,0.026,,0.015,49.0,32.0,0.001
32896,Riverside - Rubidoux,2021-12-07 14:00:00+00:00,33.999449,-117.415831,0.37,,0.027,,0.011,46.0,26.0,0.001
32896,Riverside - Rubidoux,2021-12-07 15:00:00+00:00,33.999449,-117.415831,0.37,,0.031,,0.007,49.0,25.0,0.001
32896,Riverside - Rubidoux,2021-12-08 02:00:00+00:00,33.999449,-117.415831,0.33,,,,,55.0,19.0,0.0
32896,Riverside - Rubidoux,2021-12-08 03:00:00+00:00,33.999449,-117.415831,0.54,,0.028,,0.011,47.0,20.0,0.001
32896,Riverside - Rubidoux,2021-12-08 16:00:00+00:00,33.999449,-117.415831,0.86,,0.024,,0.001,52.0,16.0,0.001
32896,Riverside - Rubidoux,2021-12-09 12:00:00+00:00,33.999449,-117.415831,0.36,,0.018,,0.01,58.0,35.0,0.001
32896,Riverside - Rubidoux,2021-12-09 14:00:00+00:00,33.999449,-117.415831,0.19,,0.011,,0.027,28.0,16.0,0.001
32896,Riverside - Rubidoux,2021-12-09 15:00:00+00:00,33.999449,-117.415831,0.18,,0.012,,0.025,26.0,10.0,0.0
32896,Riverside - Rubidoux,2021-12-09 16:00:00+00:00,33.999449,-117.415831,0.12,,0.008,,0.029,14.0,8.0,0.0
32896,Riverside - Rubidoux,2021-12-10 08:00:00+00:00,33.999449,-117.415831,0.75,,0.026,,0.001,20.0,8.0,0.001
32896,Riverside - Rubidoux,2021-12-10 09:00:00+00:00,33.999449,-117.415831,0.44,,0.026,,0.001,24.0,10.0,0.001
32896,Riverside - Rubidoux,2021-12-10 10:00:00+00:00,33.999449,-117.415831,0.46,,0.022,,0.001,23.0,9.0,0.001
32896,Riverside - Rubidoux,2021-12-10 11:00:00+00:00,33.999449,-117.415831,0.49,,0.023,,0.001,24.0,10.0,0.001
32896,Riverside - Rubidoux,2021-12-10 12:00:00+00:00,33.999449,-117.415831,0.3,,0.021,,0.005,19.0,7.0,0.001
32896,Riverside - Rubidoux,2021-12-10 14:00:00+00:00,33.999449,-117.415831,0.4,,0.025,,0.002,12.0,0.0,0.001
32896,Riverside - Rubidoux,2021-12-10 15:00:00+00:00,33.999449,-117.415831,0.49,,0.027,,0.001,12.0,2.0,0.001
32896,Riverside - Rubidoux,2021-12-10 16:00:00+00:00,33.999449,-117.415831,0.65,,0.025,,0.001,34.0,6.0,0.001
32896,Riverside - Rubidoux,2021-12-10 17:00:00+00:00,33.999449,-117.415831,0.49,,0.027,,0.003,30.0,9.0,0.001
32896,Riverside - Rubidoux,2021-12-10 18:00:00+00:00,33.999449,-117.415831,0.4,,0.026,,0.009,37.0,16.0,0.001
32896,Riverside - Rubidoux,2021-12-10 19:00:00+00:00,33.999449,-117.415831,0.23,,0.016,,0.021,27.0,9.0,0.001
32896,Riverside - Rubidoux,2021-12-10 20:00:00+00:00,33.999449,-117.415831,0.13,,0.008,,0.03,14.0,6.0,
32896,Riverside - Rubidoux,2021-12-11 02:00:00+00:00,33.999449,-117.415831,0.61,,0.028,,0.005,40.0,9.0,
32896,Riverside - Rubidoux,2021-12-11 03:00:00+00:00,33.999449,-117.415831,1.04,,0.03,,0.001,41.0,13.0,
32896,Riverside - Rubidoux,2021-12-11 04:00:00+00:00,33.999449,-117.415831,1.13,,0.027,,0.001,,,
32896,Riverside - Rubidoux,2021-12-11 09:00:00+00:00,33.999449,-117.415831,0.44,,0.024,,0.003,33.0,13.0,
32896,Riverside - Rubidoux,2021-12-11 10:00:00+00:00,33.999449,-117.415831,0.43,,,,,29.0,11.0,
32896,Riverside - Rubidoux,2021-12-11 11:00:00+00:00,33.999449,-117.415831,0.26,,,,,17.0,9.0,
32896,Riverside - Rubidoux,2021-12-11 12:00:00+00:00,33.999449,-117.415831,,,,,,16.0,6.0,
32896,Riverside - Rubidoux,2021-12-11 13:00:00+00:00,33.999449,-117.415831,,,,,,15.0,2.0,
32896,Riverside - Rubidoux,2021-12-11 17:00:00+00:00,33.999449,-117.415831,,,,,,19.0,10.0,
32896,Riverside - Rubidoux,2021-12-12 14:00:00+00:00,33.999449,-117.415831,,,,,,33.0,13.0,
32896,Riverside - Rubidoux,2021-12-12 15:00:00+00:00,33.999449,-117.415831,,,,,,32.0,16.0,
32896,Riverside - Rubidoux,2021-12-12 16:00:00+00:00,33.999449,-117.415831,,,,,,38.0,16.0,
32896,Riverside - Rubidoux,2021-12-12 17:00:00+00:00,33.999449,-117.415831,,,,,,34.0,13.0,
32896,Riverside - Rubidoux,2021-12-12 18:00:00+00:00,33.999449,-117.415831,,,,,,25.0,16.0,
32896,Riverside - Rubidoux,2021-12-12 19:00:00+00:00,33.999449,-117.415831,,,,,,23.0,8.0,
32896,Riverside - Rubidoux,2021-12-12 20:00:00+00:00,33.999449,-117.415831,,,,,,24.0,10.0,
32896,Riverside - Rubidoux,2021-12-12 21:00:00+00:00,33.999449,-117.415831,,,,,,34.0,17.0,
32896,Riverside - Rubidoux,2021-12-12 22:00:00+00:00,33.999449,-117.415831,,,,,,18.0,9.0,
32896,Riverside - Rubidoux,2021-12-12 23:00:00+00:00,33.999449,-117.415831,,,,,,22.0,9.0,
32896,Riverside - Rubidoux,2021-12-13 00:00:00+00:00,33.999449,-117.415831,,,,,,20.0,9.0,
32896,Riverside - Rubidoux,2021-12-13 01:00:00+00:00,33.999449,-117.415831,,,,,,32.0,9.0,
32896,Riverside - Rubidoux,2021-12-13 02:00:00+00:00,33.999449,-117.415831,,,,,,25.0,10.0,
32896,Riverside - Rubidoux,2021-12-13 03:00:00+00:00,33.999449,-117.415831,,,,,,29.0,12.0,
32896,Riverside - Rubidoux,2021-12-13 04:00:00+00:00,33.999449,-117.415831,,,,,,37.0,14.0,
32896,Riverside - Rubidoux,2021-12-13 05:00:00+00:00,33.999449,-117.415831,,,,,,42.0,21.0,
32896,Riverside - Rubidoux,2021-12-13 06:00:00+00:00,33.999449,-117.415831,,,,,,46.0,28.0,
32896,Riverside - Rubidoux,2021-12-13 07:00:00+00:00,33.999449,-117.415831,,,,,,65.0,38.0,
32896,Riverside - Rubidoux,2021-12-13 08:00:00+00:00,33.999449,-117.415831,,,,,,52.0,32.0,
32896,Riverside - Rubidoux,2021-12-14 14:00:00+00:00,33.999449,-117.415831,,,,,,6.0,2.0,
32896,Riverside - Rubidoux,2021-12-14 15:00:00+00:00,33.999449,-117.415831,,,,,,4.0,1.0,
32896,Riverside - Rubidoux,2021-12-14 21:00:00+00:00,33.999449,-117.415831,,,,,,4.0,2.0,
32896,Riverside - Rubidoux,2021-12-14 23:00:00+00:00,33.999449,-117.415831,,,,,,1.0,,
32896,Riverside - Rubidoux,2021-12-15 00:00:00+00:00,33.999449,-117.415831,,,,,,0.0,-2.0,
32896,Riverside - Rubidoux,2021-12-15 01:00:00+00:00,33.999449,-117.415831,,,,,,2.0,,
32896,Riverside - Rubidoux,2021-12-15 03:00:00+00:00,33.999449,-117.415831,,,,,,9.0,0.0,
32896,Riverside - Rubidoux,2021-12-15 08:00:00+00:00,33.999449,-117.415831,,,,,,11.0,4.0,
32896,Riverside - Rubidoux,2021-12-15 09:00:00+00:00,33.999449,-117.415831,,,,,,14.0,6.0,
32896,Riverside - Rubidoux,2021-12-15 10:00:00+00:00,33.999449,-117.415831,,,,,,16.0,6.0,
32896,Riverside - Rubidoux,2021-12-15 11:00:00+00:00,33.999449,-117.415831,,,,,,14.0,8.0,
32896,Riverside - Rubidoux,2021-12-15 12:00:00+00:00,33.999449,-117.415831,,,,,,11.0,7.0,
32896,Riverside - Rubidoux,2021-12-15 16:00:00+00:00,33.999449,-117.415831,,,,,,25.0,13.0,
32896,Riverside - Rubidoux,2021-12-16 06:00:00+00:00,33.999449,-117.415831,,,,,,37.0,15.0,
32896,Riverside - Rubidoux,2021-12-16 07:00:00+00:00,33.999449,-117.415831,,,,,,35.0,17.0,
32896,Riverside - Rubidoux,2021-12-16 08:00:00+00:00,33.999449,-117.415831,,,,,,30.0,12.0,
32896,Riverside - Rubidoux,2021-12-16 09:00:00+00:00,33.999449,-117.415831,,,,,,43.0,22.0,
32896,Riverside - Rubidoux,2021-12-16 15:00:00+00:00,33.999449,-117.415831,,,,,,50.0,17.0,
32896,Riverside - Rubidoux,2021-12-16 16:00:00+00:00,33.999449,-117.415831,,,,,,62.0,14.0,
32896,Riverside - Rubidoux,2021-12-16 18:00:00+00:00,33.999449,-117.415831,,,,,,61.0,17.0,
32896,Riverside - Rubidoux,2021-12-16 23:00:00+00:00,33.999449,-117.415831,,,,,,22.0,10.0,
32896,Riverside - Rubidoux,2021-12-17 05:00:00+00:00,33.999449,-117.415831,,,,,,46.0,17.0,
32896,Riverside - Rubidoux,2021-12-17 06:00:00+00:00,33.999449,-117.415831,,,,,,41.0,23.0,
32896,Riverside - Rubidoux,2021-12-17 11:00:00+00:00,33.999449,-117.415831,,,,,,29.0,14.0,
32896,Riverside - Rubidoux,2021-12-17 13:00:00+00:00,33.999449,-117.415831,,,,,,17.0,-1.0,
32896,Riverside - Rubidoux,2021-12-17 14:00:00+00:00,33.999449,-117.415831,,,,,,23.0,5.0,
32896,Riverside - Rubidoux,2021-12-17 15:00:00+00:00,33.999449,-117.415831,,,,,,13.0,8.0,
32896,Riverside - Rubidoux,2021-12-17 16:00:00+00:00,33.999449,-117.415831,,,,,,10.0,0.0,
32896,Riverside - Rubidoux,2021-12-17 17:00:00+00:00,33.999449,-117.415831,,,,,,19.0,-1.0,
32896,Riverside - Rubidoux,2021-12-17 18:00:00+00:00,33.999449,-117.415831,,,,,,20.0,3.0,
32896,Riverside - Rubidoux,2021-12-17 19:00:00+00:00,33.999449,-117.415831,,,,,,13.0,4.0,
32896,Riverside - Rubidoux,2021-12-17 20:00:00+00:00,33.999449,-117.415831,,,,,,14.0,6.0,
32896,Riverside - Rubidoux,2021-12-17 21:00:00+00:00,33.999449,-117.415831,,,,,,18.0,9.0,
32896,Riverside - Rubidoux,2021-12-18 04:00:00+00:00,33.999449,-117.415831,,,,,,6.0,,
32896,Riverside - Rubidoux,2021-12-18 05:00:00+00:00,33.999449,-117.415831,,,,,,8.0,,
32896,Riverside - Rubidoux,2021-12-18 06:00:00+00:00,33.999449,-117.415831,,,,,,21.0,,
32896,Riverside - Rubidoux,2021-12-18 07:00:00+00:00,33.999449,-117.415831,,,,,,20.0,-1.0,
32896,Riverside - Rubidoux,2021-12-18 08:00:00+00:00,33.999449,-117.415831,,,,,,12.0,0.0,
32896,Riverside - Rubidoux,2021-12-18 09:00:00+00:00,33.999449,-117.415831,,,,,,11.0,-1.0,
32896,Riverside - Rubidoux,2021-12-18 15:00:00+00:00,33.999449,-117.415831,,,,,,9.0,-2.0,
32896,Riverside - Rubidoux,2021-12-18 16:00:00+00:00,33.999449,-117.415831,,,,,,20.0,-2.0,
32896,Riverside - Rubidoux,2021-12-18 17:00:00+00:00,33.999449,-117.415831,,,,,,19.0,1.0,
32896,Riverside - Rubidoux,2021-12-19 16:00:00+00:00,33.999449,-117.415831,,,,,,27.0,11.0,
32896,Riverside - Rubidoux,2021-12-19 17:00:00+00:00,33.999449,-117.415831,,,,,,29.0,13.0,
32896,Riverside - Rubidoux,2021-12-20 15:00:00+00:00,33.999449,-117.415831,,,,,,55.0,22.0,
32896,Riverside - Rubidoux,2021-12-20 17:00:00+00:00,33.999449,-117.415831,,,,,,70.0,16.0,
32896,Riverside - Rubidoux,2021-12-20 18:00:00+00:00,33.999449,-117.415831,,,,,,47.0,14.0,
32896,Riverside - Rubidoux,2021-12-21 16:00:00+00:00,33.999449,-117.415831,,,,,,51.0,5.0,
32896,Riverside - Rubidoux,2021-12-21 17:00:00+00:00,33.999449,-117.415831,,,,,,47.0,6.0,
32896,Riverside - Rubidoux,2021-12-22 16:00:00+00:00,33.999449,-117.415831,,,,,,72.0,14.0,
32896,Riverside - Rubidoux,2021-12-22 17:00:00+00:00,33.999449,-117.415831,,,,,,81.0,19.0,
32896,Riverside - Rubidoux,2021-12-22 18:00:00+00:00,33.999449,-117.415831,,,,,,93.0,28.0,
32896,Riverside - Rubidoux,2021-12-22 19:00:00+00:00,33.999449,-117.415831,,,,,,80.0,29.0,
32896,Riverside - Rubidoux,2021-12-22 20:00:00+00:00,33.999449,-117.415831,,,,,,46.0,22.0,
32896,Riverside - Rubidoux,2021-12-22 21:00:00+00:00,33.999449,-117.415831,,,,,,34.0,17.0,
32896,Riverside - Rubidoux,2021-12-22 22:00:00+00:00,33.999449,-117.415831,,,,,,32.0,15.0,
32896,Riverside - Rubidoux,2021-12-22 23:00:00+00:00,33.999449,-117.415831,,,,,,31.0,12.0,
32896,Riverside - Rubidoux,2021-12-23 00:00:00+00:00,33.999449,-117.415831,,,,,,45.0,12.0,
32896,Riverside - Rubidoux,2021-12-23 02:00:00+00:00,33.999449,-117.415831,,,,,,68.0,25.0,
32896,Riverside - Rubidoux,2021-12-23 03:00:00+00:00,33.999449,-117.415831,,,,,,78.0,33.0,
32896,Riverside - Rubidoux,2021-12-23 04:00:00+00:00,33.999449,-117.415831,,,,,,72.0,34.0,
32896,Riverside - Rubidoux,2021-12-23 05:00:00+00:00,33.999449,-117.415831,,,,,,77.0,36.0,
32896,Riverside - Rubidoux,2021-12-23 06:00:00+00:00,33.999449,-117.415831,,,,,,78.0,45.0,
32896,Riverside - Rubidoux,2021-12-23 07:00:00+00:00,33.999449,-117.415831,,,,,,71.0,35.0,
32896,Riverside - Rubidoux,2021-12-23 08:00:00+00:00,33.999449,-117.415831,,,,,,74.0,37.0,
32896,Riverside - Rubidoux,2021-12-23 09:00:00+00:00,33.999449,-117.415831,,,,,,70.0,38.0,
32896,Riverside - Rubidoux,2021-12-23 17:00:00+00:00,33.999449,-117.415831,,,,,,34.0,17.0,
32896,Riverside - Rubidoux,2021-12-23 19:00:00+00:00,33.999449,-117.415831,,,,,,15.0,13.0,
32896,Riverside - Rubidoux,2021-12-23 22:00:00+00:00,33.999449,-117.415831,,,,,,10.0,6.0,
32896,Riverside - Rubidoux,2021-12-25 16:00:00+00:00,33.999449,-117.415831,,,,,,13.0,9.0,
32896,Riverside - Rubidoux,2021-12-25 17:00:00+00:00,33.999449,-117.415831,,,,,,16.0,9.0,
32896,Riverside - Rubidoux,2021-12-25 18:00:00+00:00,33.999449,-117.415831,,,,,,14.0,10.0,
32896,Riverside - Rubidoux,2021-12-25 19:00:00+00:00,33.999449,-117.415831,,,,,,18.0,11.0,
32896,Riverside - Rubidoux,2021-12-26 09:00:00+00:00,33.999449,-117.415831,,,,,,8.0,3.0,
32896,Riverside - Rubidoux,2021-12-26 10:00:00+00:00,33.999449,-117.415831,,,,,,6.0,2.0,
32896,Riverside - Rubidoux,2021-12-26 11:00:00+00:00,33.999449,-117.415831,,,,,,6.0,1.0,
32896,Riverside - Rubidoux,2021-12-26 12:00:00+00:00,33.999449,-117.415831,,,,,,5.0,-1.0,
32896,Riverside - Rubidoux,2021-12-26 13:00:00+00:00,33.999449,-117.415831,,,,,,5.0,,
32896,Riverside - Rubidoux,2021-12-26 14:00:00+00:00,33.999449,-117.415831,,,,,,7.0,-2.0,
32896,Riverside - Rubidoux,2021-12-26 16:00:00+00:00,33.999449,-117.415831,,,,,,6.0,5.0,
32896,Riverside - Rubidoux,2021-12-26 17:00:00+00:00,33.999449,-117.415831,,,,,,8.0,3.0,
32896,Riverside - Rubidoux,2021-12-27 06:00:00+00:00,33.999449,-117.415831,,,,,,29.0,7.0,
32896,Riverside - Rubidoux,2021-12-29 03:00:00+00:00,33.999449,-117.415831,,,,,,8.0,6.0,
32896,Riverside - Rubidoux,2021-12-29 16:00:00+00:00,33.999449,-117.415831,,,,,,17.0,16.0,
32896,Riverside - Rubidoux,2021-12-29 20:00:00+00:00,33.999449,-117.415831,,,,,,6.0,0.0,
32896,Riverside - Rubidoux,2021-12-29 21:00:00+00:00,33.999449,-117.415831,,,,,,9.0,3.0,
32896,Riverside - Rubidoux,2021-12-30 17:00:00+00:00,33.999449,-117.415831,,,,,,12.0,4.0,
32896,Riverside - Rubidoux,2021-12-30 20:00:00+00:00,33.999449,-117.415831,,,,,,6.0,1.0,
32896,Riverside - Rubidoux,2021-12-30 21:00:00+00:00,33.999449,-117.415831,,,,,,24.0,,
32896,Riverside - Rubidoux,2021-12-30 22:00:00+00:00,33.999449,-117.415831,,,,,,16.0,,
32896,Riverside - Rubidoux,2023-05-10 15:00:00+00:00,33.999449,-117.415831,,0.0001,,0.0039,,,,
32896,Riverside - Rubidoux,2023-05-10 16:00:00+00:00,33.999449,-117.415831,,0.0002,,0.004,,,,
32896,Riverside - Rubidoux,2023-05-10 17:00:00+00:00,33.999449,-117.415831,,0.0004,,0.0040999999999999,,,,
32896,Riverside - Rubidoux,2023-05-10 18:00:00+00:00,33.999449,-117.415831,,0.0008,,0.0047,,,,
32896,Riverside - Rubidoux,2023-05-10 19:00:00+00:00,33.999449,-117.415831,,0.0007,,0.004,,,,
32896,Riverside - Rubidoux,2023-05-10 20:00:00+00:00,33.999449,-117.415831,,0.0008,,0.004,,,,
32896,Riverside - Rubidoux,2023-05-10 21:00:00+00:00,33.999449,-117.415831,,0.0007,,0.0043,,,,
32896,Riverside - Rubidoux,2023-05-10 22:00:00+00:00,33.999449,-117.415831,,0.0007,,0.0052,,,,
32896,Riverside - Rubidoux,2023-05-10 23:00:00+00:00,33.999449,-117.415831,,0.0005,,0.0043,,,,
32896,Riverside - Rubidoux,2023-05-11 00:00:00+00:00,33.999449,-117.415831,,0.0004,,0.0052,,,,
32896,Riverside - Rubidoux,2023-05-11 01:00:00+00:00,33.999449,-117.415831,,0.0001,,0.0036,,,,
32896,Riverside - Rubidoux,2023-05-11 02:00:00+00:00,33.999449,-117.415831,,0.0001,,0.0034,,,,
32896,Riverside - Rubidoux,2023-05-11 03:00:00+00:00,33.999449,-117.415831,,0.0,,0.0036,,,,
32896,Riverside - Rubidoux,2023-05-11 04:00:00+00:00,33.999449,-117.415831,,0.0,,0.0037,,,,
32896,Riverside - Rubidoux,2023-05-11 05:00:00+00:00,33.999449,-117.415831,,0.0,,0.0044,,,,
32896,Riverside - Rubidoux,2023-05-11 06:00:00+00:00,33.999449,-117.415831,,0.0,,0.0039,,,,
32896,Riverside - Rubidoux,2023-05-11 07:00:00+00:00,33.999449,-117.415831,,0.0,,0.0048,,,,
32896,Riverside - Rubidoux,2023-05-11 08:00:00+00:00,33.999449,-117.415831,,0.0001,,0.0056,,,,
32896,Riverside - Rubidoux,2023-05-11 09:00:00+00:00,33.999449,-117.415831,,0.0,,0.004,,,,
32896,Riverside - Rubidoux,2023-05-11 10:00:00+00:00,33.999449,-117.415831,,0.0,,0.0032,,,,
32896,Riverside - Rubidoux,2023-05-11 11:00:00+00:00,33.999449,-117.415831,,0.0001,,0.0038,,,,
32896,Riverside - Rubidoux,2023-05-11 12:00:00+00:00,33.999449,-117.415831,,0.0001,,0.0026,,,,
32896,Riverside - Rubidoux,2023-05-11 13:00:00+00:00,33.999449,-117.415831,,0.0003,,0.0055,,,,
32896,Riverside - Rubidoux,2023-05-11 14:00:00+00:00,33.999449,-117.415831,,0.0003,,0.0066,,,,
32896,Riverside - Rubidoux,2023-05-11 15:00:00+00:00,33.999449,-117.415831,,0.0007,,0.0074,,,,
32896,Riverside - Rubidoux,2023-05-11 16:00:00+00:00,33.999449,-117.415831,,0.0012,,0.0074,,,,
32896,Riverside - Rubidoux,2023-05-11 17:00:00+00:00,33.999449,-117.415831,,0.0013,,0.0066,,,,
32896,Riverside - Rubidoux,2023-05-11 18:00:00+00:00,33.999449,-117.415831,,0.0009,,0.0047,,,,
32896,Riverside - Rubidoux,2023-05-11 19:00:00+00:00,33.999449,-117.415831,,0.0009,,0.005,,,,
32896,Riverside - Rubidoux,2023-05-11 20:00:00+00:00,33.999449,-117.415831,,0.001,,0.0048,,,,
32896,Riverside - Rubidoux,2023-05-11 21:00:00+00:00,33.999449,-117.415831,,0.0009,,0.0060999999999999,,,,
32896,Riverside - Rubidoux,2023-05-11 22:00:00+00:00,33.999449,-117.415831,,0.0006,,0.0053,,,,
32896,Riverside - Rubidoux,2023-05-11 23:00:00+00:00,33.999449,-117.415831,,0.0003,,0.0039,,,,
32896,Riverside - Rubidoux,2023-05-12 00:00:00+00:00,33.999449,-117.415831,,0.0002,,0.0039,,,,
32896,Riverside - Rubidoux,2023-05-12 01:00:00+00:00,33.999449,-117.415831,,0.0001,,0.0043,,,,
32896,Riverside - Rubidoux,2023-05-12 02:00:00+00:00,33.999449,-117.415831,,0.0001,,0.0048,,,,
32896,Riverside - Rubidoux,2023-05-12 03:00:00+00:00,33.999449,-117.415831,,0.0,,0.0059,,,,
32896,Riverside - Rubidoux,2023-05-12 04:00:00+00:00,33.999449,-117.415831,,0.0,,0.0064,,,,
32896,Riverside - Rubidoux,2023-05-12 05:00:00+00:00,33.999449,-117.415831,,0.0,,0.0066,,,,
32896,Riverside - Rubidoux,2023-05-12 06:00:00+00:00,33.999449,-117.415831,,0.0,,0.0060999999999999,,,,
32896,Riverside - Rubidoux,2023-05-12 07:00:00+00:00,33.999449,-117.415831,,0.0001,,0.006,,,,
32896,Riverside - Rubidoux,2023-05-12 08:00:00+00:00,33.999449,-117.415831,,0.0,,0.007,,,,
32896,Riverside - Rubidoux,2023-05-12 09:00:00+00:00,33.999449,-117.415831,,0.0003,,0.0088,,,,
32896,Riverside - Rubidoux,2023-05-12 10:00:00+00:00,33.999449,-117.415831,,0.0003,,0.0089,,,,
32896,Riverside - Rubidoux,2023-05-12 11:00:00+00:00,33.999449,-117.415831,,0.0021,,0.0184,,,,
32896,Riverside - Rubidoux,2023-05-12 12:00:00+00:00,33.999449,-117.415831,,0.0043,,0.0246,,,,
32896,Riverside - Rubidoux,2023-05-12 13:00:00+00:00,33.999449,-117.415831,,0.0138,,0.0372,,,,
32896,Riverside - Rubidoux,2023-05-12 14:00:00+00:00,33.999449,-117.415831,,0.0308999999999999,,0.0535,,,,
32896,Riverside - Rubidoux,2023-05-12 15:00:00+00:00,33.999449,-117.415831,,0.0048,,0.0175,,,,
32896,Riverside - Rubidoux,2023-05-12 16:00:00+00:00,33.999449,-117.415831,,0.0006,,0.0056,,,,
32896,Riverside - Rubidoux,2023-05-12 17:00:00+00:00,33.999449,-117.415831,,0.0013,,0.0089,,,,
32896,Riverside - Rubidoux,2023-05-12 18:00:00+00:00,33.999449,-117.415831,,0.0022,,0.0105,,,,
32896,Riverside - Rubidoux,2023-05-12 19:00:00+00:00,33.999449,-117.415831,,0.0024,,0.0115,,,,
32896,Riverside - Rubidoux,2023-05-12 20:00:00+00:00,33.999449,-117.415831,,0.0027,,0.0138,,,,
32896,Riverside - Rubidoux,2023-05-12 21:00:00+00:00,33.999449,-117.415831,,0.0011,,0.0093,,,,
32896,Riverside - Rubidoux,2023-05-12 22:00:00+00:00,33.999449,-117.415831,,0.0005,,0.0066,,,,
32896,Riverside - Rubidoux,2023-05-12 23:00:00+00:00,33.999449,-117.415831,,0.0002,,0.0056,,,,
32896,Riverside - Rubidoux,2023-05-13 00:00:00+00:00,33.999449,-117.415831,,0.0001,,0.006,,,,
32896,Riverside - Rubidoux,2023-05-13 01:00:00+00:00,33.999449,-117.415831,,0.0002,,0.0070999999999999,,,,
32896,Riverside - Rubidoux,2023-05-13 02:00:00+00:00,33.999449,-117.415831,,0.0002,,0.0076,,,,
32896,Riverside - Rubidoux,2023-05-13 03:00:00+00:00,33.999449,-117.415831,,0.0,,0.008,,,,
32896,Riverside - Rubidoux,2023-05-13 04:00:00+00:00,33.999449,-117.415831,,0.0,,0.0091,,,,
32896,Riverside - Rubidoux,2023-05-13 05:00:00+00:00,33.999449,-117.415831,,0.0002,,0.0088,,,,
32896,Riverside - Rubidoux,2023-05-13 06:00:00+00:00,33.999449,-117.415831,,0.0,,0.0085,,,,
32896,Riverside - Rubidoux,2023-05-13 07:00:00+00:00,33.999449,-117.415831,,0.0001,,0.01,,,,
32896,Riverside - Rubidoux,2023-05-13 08:00:00+00:00,33.999449,-117.415831,,0.0,,0.0103,,,,
32896,Riverside - Rubidoux,2023-05-13 09:00:00+00:00,33.999449,-117.415831,,0.0001,,0.0075,,,,
32896,Riverside - Rubidoux,2023-05-13 10:00:00+00:00,33.999449,-117.415831,,0.0001,,0.0112,,,,
32896,Riverside - Rubidoux,2023-05-13 11:00:00+00:00,33.999449,-117.415831,,0.0002,,0.009,,,,
32896,Riverside - Rubidoux,2023-05-13 12:00:00+00:00,33.999449,-117.415831,,0.0003,,0.01,,,,
32896,Riverside - Rubidoux,2023-05-13 13:00:00+00:00,33.999449,-117.415831,,0.0008,,0.0114,,,,
32896,Riverside - Rubidoux,2023-05-13 14:00:00+00:00,33.999449,-117.415831,,0.0026,,0.0154,,,,
32896,Riverside - Rubidoux,2023-05-13 15:00:00+00:00,33.999449,-117.415831,,0.007,,0.0223,,,,
32896,Riverside - Rubidoux,2023-05-13 16:00:00+00:00,33.999449,-117.415831,,0.0048,,0.0181,,,,
32896,Riverside - Rubidoux,2023-05-13 17:00:00+00:00,33.999449,-117.415831,,0.0028,,0.0135,,,,
32896,Riverside - Rubidoux,2023-05-13 18:00:00+00:00,33.999449,-117.415831,,0.0022,,0.014,,,,
32896,Riverside - Rubidoux,2023-05-13 19:00:00+00:00,33.999449,-117.415831,,0.001,,0.0104,,,,
32896,Riverside - Rubidoux,2023-05-13 20:00:00+00:00,33.999449,-117.415831,,0.0008,,0.0103,,,,
32896,Riverside - Rubidoux,2023-05-13 21:00:00+00:00,33.999449,-117.415831,,0.0005,,0.0085,,,,
32896,Riverside - Rubidoux,2023-05-13 22:00:00+00:00,33.999449,-117.415831,,0.0002,,0.0069,,,,
32896,Riverside - Rubidoux,2023-05-13 23:00:00+00:00,33.999449,-117.415831,,0.0001,,0.006,,,,
32896,Riverside - Rubidoux,2023-05-14 00:00:00+00:00,33.999449,-117.415831,,0.0,,0.0056,,,,
32896,Riverside - Rubidoux,2023-05-14 01:00:00+00:00,33.999449,-117.415831,,0.0001,,0.0057,,,,
32896,Riverside - Rubidoux,2023-05-14 02:00:00+00:00,33.999449,-117.415831,,0.0001,,0.0054,,,,
32896,Riverside - Rubidoux,2023-05-14 03:00:00+00:00,33.999449,-117.415831,,0.0,,0.0058,,,,
32896,Riverside - Rubidoux,2023-05-14 04:00:00+00:00,33.999449,-117.415831,,0.0,,0.0055,,,,
32896,Riverside - Rubidoux,2023-05-14 05:00:00+00:00,33.999449,-117.415831,,0.0,,0.0062,,,,
32896,Riverside - Rubidoux,2023-05-14 06:00:00+00:00,33.999449,-117.415831,,0.0001,,0.0081,,,,
32896,Riverside - Rubidoux,2023-05-14 07:00:00+00:00,33.999449,-117.415831,,0.0001,,0.0070999999999999,,,,
32896,Riverside - Rubidoux,2023-05-14 08:00:00+00:00,33.999449,-117.415831,,0.0,,0.0064,,,,
32896,Riverside - Rubidoux,2023-05-14 09:00:00+00:00,33.999449,-117.415831,,0.0001,,0.0063,,,,
32896,Riverside - Rubidoux,2023-05-14 10:00:00+00:00,33.999449,-117.415831,,0.0001,,0.0066,,,,
32896,Riverside - Rubidoux,2023-05-14 11:00:00+00:00,33.999449,-117.415831,,0.0001,,0.0056,,,,
32896,Riverside - Rubidoux,2023-05-14 12:00:00+00:00,33.999449,-117.415831,,0.0,,0.0043,,,,
32896,Riverside - Rubidoux,2023-05-14 13:00:00+00:00,33.999449,-117.415831,,0.0001,,0.0049,,,,
32896,Riverside - Rubidoux,2023-05-14 14:00:00+00:00,33.999449,-117.415831,,0.0,,0.0060999999999999,,,,
32896,Riverside - Rubidoux,2023-05-14 15:00:00+00:00,33.999449,-117.415831,,0.0005,,0.008,,,,
32896,Riverside - Rubidoux,2023-05-14 16:00:00+00:00,33.999449,-117.415831,,0.001,,0.009,,,,
32896,Riverside - Rubidoux,2023-05-14 17:00:00+00:00,33.999449,-117.415831,,0.0015,,0.0083,,,,
32896,Riverside - Rubidoux,2023-05-14 18:00:00+00:00,33.999449,-117.415831,,0.0013,,0.008,,,,
32896,Riverside - Rubidoux,2023-05-14 19:00:00+00:00,33.999449,-117.415831,,0.0005,,0.0060999999999999,,,,
32896,Riverside - Rubidoux,2023-05-14 20:00:00+00:00,33.999449,-117.415831,,0.0003,,0.0052,,,,
32896,Riverside - Rubidoux,2023-05-14 21:00:00+00:00,33.999449,-117.415831,,0.0001,,0.0044,,,,
32896,Riverside - Rubidoux,2023-05-14 22:00:00+00:00,33.999449,-117.415831,,0.0001,,0.0037,,,,
32896,Riverside - Rubidoux,2023-05-14 23:00:00+00:00,33.999449,-117.415831,,0.0001,,0.0038,,,,
32896,Riverside - Rubidoux,2023-05-15 00:00:00+00:00,33.999449,-117.415831,,0.0,,0.0036,,,,
32896,Riverside - Rubidoux,2023-05-15 01:00:00+00:00,33.999449,-117.415831,,0.0001,,0.0038,,,,
32896,Riverside - Rubidoux,2023-05-15 02:00:00+00:00,33.999449,-117.415831,,0.0,,0.004,,,,
32896,Riverside - Rubidoux,2023-05-15 03:00:00+00:00,33.999449,-117.415831,,0.0001,,0.0048,,,,
32896,Riverside - Rubidoux,2023-05-15 04:00:00+00:00,33.999449,-117.415831,,0.0,,0.0042,,,,
32896,Riverside - Rubidoux,2023-05-15 05:00:00+00:00,33.999449,-117.415831,,0.0,,0.0043,,,,
32896,Riverside - Rubidoux,2023-05-15 06:00:00+00:00,33.999449,-117.415831,,0.0,,0.0052,,,,
32896,Riverside - Rubidoux,2023-05-15 07:00:00+00:00,33.999449,-117.415831,,0.0001,,0.0057,,,,
32896,Riverside - Rubidoux,2023-05-15 08:00:00+00:00,33.999449,-117.415831,,0.0,,0.0050999999999999,,,,
32896,Riverside - Rubidoux,2023-05-15 09:00:00+00:00,33.999449,-117.415831,,0.0001,,0.0063,,,,
32896,Riverside - Rubidoux,2023-05-15 10:00:00+00:00,33.999449,-117.415831,,0.0,,0.0066,,,,
32896,Riverside - Rubidoux,2023-05-15 11:00:00+00:00,33.999449,-117.415831,,0.0001,,0.0056,,,,
32896,Riverside - Rubidoux,2023-05-15 12:00:00+00:00,33.999449,-117.415831,,0.0,,0.005,,,,
32896,Riverside - Rubidoux,2023-05-15 13:00:00+00:00,33.999449,-117.415831,,0.0003,,0.008,,,,
32896,Riverside - Rubidoux,2023-05-15 14:00:00+00:00,33.999449,-117.415831,,0.0003,,0.0101999999999999,,,,
32896,Riverside - Rubidoux,2023-05-15 15:00:00+00:00,33.999449,-117.415831,,0.001,,0.0106,,,,
32896,Riverside - Rubidoux,2023-05-15 16:00:00+00:00,33.999449,-117.415831,,0.0027,,0.0125,,,,
32896,Riverside - Rubidoux,2023-05-15 17:00:00+00:00,33.999449,-117.415831,,0.0029,,0.0114,,,,
32896,Riverside - Rubidoux,2023-05-15 18:00:00+00:00,33.999449,-117.415831,,0.0032,,0.0139,,,,
32896,Riverside - Rubidoux,2023-05-15 19:00:00+00:00,33.999449,-117.415831,,0.003,,0.015,,,,
32896,Riverside - Rubidoux,2023-05-15 20:00:00+00:00,33.999449,-117.415831,,0.0024,,0.0143,,,,
32896,Riverside - Rubidoux,2023-05-15 21:00:00+00:00,33.999449,-117.415831,,0.0008,,0.0093,,,,
32896,Riverside - Rubidoux,2023-05-15 22:00:00+00:00,33.999449,-117.415831,,0.0004,,0.008,,,,
32896,Riverside - Rubidoux,2023-05-15 23:00:00+00:00,33.999449,-117.415831,,0.0005,,0.0073,,,,
32896,Riverside - Rubidoux,2023-05-16 00:00:00+00:00,33.999449,-117.415831,,0.0002,,0.0066,,,,
32896,Riverside - Rubidoux,2023-05-16 01:00:00+00:00,33.999449,-117.415831,,0.0003,,0.0065,,,,
32896,Riverside - Rubidoux,2023-05-16 02:00:00+00:00,33.999449,-117.415831,,0.0001,,0.006,,,,
32896,Riverside - Rubidoux,2023-05-16 03:00:00+00:00,33.999449,-117.415831,,0.0,,0.006,,,,
32896,Riverside - Rubidoux,2023-05-16 04:00:00+00:00,33.999449,-117.415831,,0.0,,0.0064,,,,
32896,Riverside - Rubidoux,2023-05-16 05:00:00+00:00,33.999449,-117.415831,,0.0,,0.0078,,,,
32896,Riverside - Rubidoux,2023-05-16 06:00:00+00:00,33.999449,-117.415831,,0.0,,0.0084,,,,
32896,Riverside - Rubidoux,2023-05-16 07:00:00+00:00,33.999449,-117.415831,,0.0001,,0.0077,,,,
32896,Riverside - Rubidoux,2023-05-16 08:00:00+00:00,33.999449,-117.415831,,0.0001,,0.0086,,,,
32896,Riverside - Rubidoux,2023-05-16 09:00:00+00:00,33.999449,-117.415831,,0.0002,,0.0087,,,,
32896,Riverside - Rubidoux,2023-05-16 10:00:00+00:00,33.999449,-117.415831,,0.0001,,0.0085,,,,
32896,Riverside - Rubidoux,2023-05-16 11:00:00+00:00,33.999449,-117.415831,,0.0003,,0.0104,,,,
32896,Riverside - Rubidoux,2023-05-16 12:00:00+00:00,33.999449,-117.415831,,0.0003,,0.0109,,,,
32896,Riverside - Rubidoux,2023-05-16 13:00:00+00:00,33.999449,-117.415831,,0.0004,,0.0111,,,,
32896,Riverside - Rubidoux,2023-05-16 14:00:00+00:00,33.999449,-117.415831,,0.0013,,0.0118,,,,
32896,Riverside - Rubidoux,2023-05-16 15:00:00+00:00,33.999449,-117.415831,,0.0060999999999999,,0.0208,,,,
32896,Riverside - Rubidoux,2023-05-16 16:00:00+00:00,33.999449,-117.415831,,0.0075,,0.0216,,,,
32896,Riverside - Rubidoux,2023-05-16 17:00:00+00:00,33.999449,-117.415831,,0.0060999999999999,,0.0185,,,,
32896,Riverside - Rubidoux,2023-05-16 18:00:00+00:00,33.999449,-117.415831,,0.0040999999999999,,0.017,,,,
32896,Riverside - Rubidoux,2023-05-16 19:00:00+00:00,33.999449,-117.415831,,0.0019,,0.0134,,,,
32896,Riverside - Rubidoux,2023-05-16 20:00:00+00:00,33.999449,-117.415831,,0.001,,0.0107,,,,
32896,Riverside - Rubidoux,2023-05-16 21:00:00+00:00,33.999449,-117.415831,,0.0003,,0.0075,,,,
32896,Riverside - Rubidoux,2023-05-16 22:00:00+00:00,33.999449,-117.415831,,0.0003,,0.0078,,,,
32896,Riverside - Rubidoux,2023-05-16 23:00:00+00:00,33.999449,-117.415831,,0.0003,,0.0079,,,,
32896,Riverside - Rubidoux,2023-05-17 00:00:00+00:00,33.999449,-117.415831,,0.0002,,0.008,,,,
32896,Riverside - Rubidoux,2023-05-17 01:00:00+00:00,33.999449,-117.415831,,0.0004,,0.0087,,,,
32896,Riverside - Rubidoux,2023-05-17 02:00:00+00:00,33.999449,-117.415831,,0.0003,,0.0087,,,,
32896,Riverside - Rubidoux,2023-05-17 03:00:00+00:00,33.999449,-117.415831,,0.0001,,0.009,,,,
32896,Riverside - Rubidoux,2023-05-17 04:00:00+00:00,33.999449,-117.415831,,0.0,,0.0093,,,,
32896,Riverside - Rubidoux,2023-05-17 05:00:00+00:00,33.999449,-117.415831,,0.0,,0.01,,,,
32896,Riverside - Rubidoux,2023-05-17 06:00:00+00:00,33.999449,-117.415831,,0.0001,,0.0112,,,,
32896,Riverside - Rubidoux,2023-05-17 07:00:00+00:00,33.999449,-117.415831,,0.0002,,0.0112,,,,
32896,Riverside - Rubidoux,2023-05-17 08:00:00+00:00,33.999449,-117.415831,,0.0002,,0.0116999999999999,,,,
32896,Riverside - Rubidoux,2023-05-17 09:00:00+00:00,33.999449,-117.415831,,0.0003,,0.0108,,,,
32896,Riverside - Rubidoux,2023-05-17 10:00:00+00:00,33.999449,-117.415831,,0.0002,,0.0113,,,,
32896,Riverside - Rubidoux,2023-05-17 11:00:00+00:00,33.999449,-117.415831,,0.0004,,0.0121,,,,
32896,Riverside - Rubidoux,2023-05-17 12:00:00+00:00,33.999449,-117.415831,,0.0004,,0.0109,,,,
32896,Riverside - Rubidoux,2023-05-17 13:00:00+00:00,33.999449,-117.415831,,0.001,,0.0154,,,,
32896,Riverside - Rubidoux,2023-05-17 14:00:00+00:00,33.999449,-117.415831,,0.0046,,0.0189,,,,
32896,Riverside - Rubidoux,2023-05-17 15:00:00+00:00,33.999449,-117.415831,,0.0083,,0.0224,,,,
32896,Riverside - Rubidoux,2023-05-17 16:00:00+00:00,33.999449,-117.415831,,0.0068,,0.0202,,,,
32896,Riverside - Rubidoux,2023-05-17 17:00:00+00:00,33.999449,-117.415831,,0.0062,,0.0206,,,,
32896,Riverside - Rubidoux,2023-05-17 18:00:00+00:00,33.999449,-117.415831,,0.0049,,0.0205,,,,
32896,Riverside - Rubidoux,2023-05-17 19:00:00+00:00,33.999449,-117.415831,,0.0053,,0.0232,,,,
32896,Riverside - Rubidoux,2023-05-17 20:00:00+00:00,33.999449,-117.415831,,0.003,,0.0185,,,,
32896,Riverside - Rubidoux,2023-05-17 21:00:00+00:00,33.999449,-117.415831,,0.0012,,0.0121999999999999,,,,
32896,Riverside - Rubidoux,2023-05-17 22:00:00+00:00,33.999449,-117.415831,,0.0005,,0.0092,,,,
32896,Riverside - Rubidoux,2023-05-17 23:00:00+00:00,33.999449,-117.415831,,0.0004,,0.0088,,,,
32896,Riverside - Rubidoux,2023-05-18 00:00:00+00:00,33.999449,-117.415831,,0.0003,,0.01,,,,
32896,Riverside - Rubidoux,2023-05-18 01:00:00+00:00,33.999449,-117.415831,,0.0003,,0.0088,,,,
32896,Riverside - Rubidoux,2023-05-18 02:00:00+00:00,33.999449,-117.415831,,0.0002,,0.0083,,,,
32896,Riverside - Rubidoux,2023-05-18 03:00:00+00:00,33.999449,-117.415831,,0.0,,0.0085,,,,
32896,Riverside - Rubidoux,2023-05-18 04:00:00+00:00,33.999449,-117.415831,,0.0,,0.0083,,,,
32896,Riverside - Rubidoux,2023-05-18 05:00:00+00:00,33.999449,-117.415831,,0.0001,,0.0085,,,,
32896,Riverside - Rubidoux,2023-05-18 06:00:00+00:00,33.999449,-117.415831,,0.0,,0.0075,,,,
32896,Riverside - Rubidoux,2023-05-18 07:00:00+00:00,33.999449,-117.415831,,0.0002,,0.0081,,,,
32896,Riverside - Rubidoux,2023-05-18 08:00:00+00:00,33.999449,-117.415831,,0.0002,,0.0076,,,,
32896,Riverside - Rubidoux,2023-05-18 09:00:00+00:00,33.999449,-117.415831,,0.0002,,0.006,,,,
32896,Riverside - Rubidoux,2023-05-18 10:00:00+00:00,33.999449,-117.415831,,0.0002,,0.0072,,,,
32896,Riverside - Rubidoux,2023-05-18 11:00:00+00:00,33.999449,-117.415831,,0.0003,,0.0084,,,,
32896,Riverside - Rubidoux,2023-05-18 12:00:00+00:00,33.999449,-117.415831,,0.0005,,0.0087,,,,
32896,Riverside - Rubidoux,2023-05-18 13:00:00+00:00,33.999449,-117.415831,,0.0004,,0.0096999999999999,,,,
32896,Riverside - Rubidoux,2023-05-18 14:00:00+00:00,33.999449,-117.415831,,0.0031,,0.0169,,,,
32896,Riverside - Rubidoux,2023-05-18 15:00:00+00:00,33.999449,-117.415831,,0.0118,,0.0303,,,,
32896,Riverside - Rubidoux,2023-05-18 16:00:00+00:00,33.999449,-117.415831,,0.0048,,0.0157,,,,
32896,Riverside - Rubidoux,2023-05-18 17:00:00+00:00,33.999449,-117.415831,,0.0042,,0.0156,,,,
32896,Riverside - Rubidoux,2023-05-18 18:00:00+00:00,33.999449,-117.415831,,0.0028,,0.0129,,,,
32896,Riverside - Rubidoux,2023-05-18 19:00:00+00:00,33.999449,-117.415831,,0.0021,,0.0113,,,,
32896,Riverside - Rubidoux,2023-05-18 20:00:00+00:00,33.999449,-117.415831,,0.0016,,0.0099,,,,
32896,Riverside - Rubidoux,2023-05-18 21:00:00+00:00,33.999449,-117.415831,,0.001,,0.0081999999999999,,,,
32896,Riverside - Rubidoux,2023-05-18 22:00:00+00:00,33.999449,-117.415831,,0.0006,,0.0075,,,,
32896,Riverside - Rubidoux,2023-05-18 23:00:00+00:00,33.999449,-117.415831,,0.0004,,0.0073,,,,
32896,Riverside - Rubidoux,2023-05-19 00:00:00+00:00,33.999449,-117.415831,,0.0004,,0.0066,,,,
32896,Riverside - Rubidoux,2023-05-19 01:00:00+00:00,33.999449,-117.415831,,0.0002,,0.0060999999999999,,,,
32896,Riverside - Rubidoux,2023-05-19 02:00:00+00:00,33.999449,-117.415831,,0.0001,,0.0058,,,,
32896,Riverside - Rubidoux,2023-05-19 03:00:00+00:00,33.999449,-117.415831,,0.0,,0.0058,,,,
32896,Riverside - Rubidoux,2023-05-19 04:00:00+00:00,33.999449,-117.415831,,0.0,,0.0064,,,,
32896,Riverside - Rubidoux,2023-05-19 05:00:00+00:00,33.999449,-117.415831,,0.0,,0.0070999999999999,,,,
32896,Riverside - Rubidoux,2023-05-19 06:00:00+00:00,33.999449,-117.415831,,0.0,,0.0075,,,,
32896,Riverside - Rubidoux,2023-05-19 07:00:00+00:00,33.999449,-117.415831,,0.0001,,0.0070999999999999,,,,
32896,Riverside - Rubidoux,2023-05-19 08:00:00+00:00,33.999449,-117.415831,,0.0,,0.0073,,,,
32896,Riverside - Rubidoux,2023-05-19 09:00:00+00:00,33.999449,-117.415831,,0.0002,,0.0073,,,,
32896,Riverside - Rubidoux,2023-05-19 10:00:00+00:00,33.999449,-117.415831,,0.0002,,0.0079,,,,
32896,Riverside - Rubidoux,2023-05-19 11:00:00+00:00,33.999449,-117.415831,,0.0001,,0.0070999999999999,,,,
32896,Riverside - Rubidoux,2023-05-19 12:00:00+00:00,33.999449,-117.415831,,0.0001,,0.008,,,,
32896,Riverside - Rubidoux,2023-05-19 13:00:00+00:00,33.999449,-117.415831,,0.0001,,0.0075,,,,
32896,Riverside - Rubidoux,2023-05-19 14:00:00+00:00,33.999449,-117.415831,,0.0004,,0.0092,,,,
32896,Riverside - Rubidoux,2023-05-19 15:00:00+00:00,33.999449,-117.415831,,0.001,,0.0123,,,,
32896,Riverside - Rubidoux,2023-05-19 16:00:00+00:00,33.999449,-117.415831,,0.002,,0.0141,,,,
32896,Riverside - Rubidoux,2023-05-19 17:00:00+00:00,33.999449,-117.415831,,0.0035,,0.0158,,,,
32896,Riverside - Rubidoux,2023-05-19 18:00:00+00:00,33.999449,-117.415831,,0.0023,,0.0111,,,,
32896,Riverside - Rubidoux,2023-05-19 19:00:00+00:00,33.999449,-117.415831,,0.0016,,0.0083,,,,
32896,Riverside - Rubidoux,2023-05-19 20:00:00+00:00,33.999449,-117.415831,,0.0013,,0.0081999999999999,,,,
32896,Riverside - Rubidoux,2023-05-19 21:00:00+00:00,33.999449,-117.415831,,0.0012,,0.0093,,,,
32896,Riverside - Rubidoux,2023-05-19 22:00:00+00:00,33.999449,-117.415831,,0.0007,,0.0086,,,,
32896,Riverside - Rubidoux,2023-05-19 23:00:00+00:00,33.999449,-117.415831,,0.0007,,0.0076,,,,
32896,Riverside - Rubidoux,2023-05-20 00:00:00+00:00,33.999449,-117.415831,,0.0005,,0.0068,,,,
32896,Riverside - Rubidoux,2023-05-20 01:00:00+00:00,33.999449,-117.415831,,0.0004,,0.0064,,,,
32896,Riverside - Rubidoux,2023-05-20 02:00:00+00:00,33.999449,-117.415831,,0.0002,,0.0068,,,,
32896,Riverside - Rubidoux,2023-05-20 03:00:00+00:00,33.999449,-117.415831,,0.0,,0.0075,,,,
32896,Riverside - Rubidoux,2023-05-20 04:00:00+00:00,33.999449,-117.415831,,0.0,,0.0075,,,,
32896,Riverside - Rubidoux,2023-05-20 05:00:00+00:00,33.999449,-117.415831,,0.0,,0.0079,,,,
32896,Riverside - Rubidoux,2023-05-20 06:00:00+00:00,33.999449,-117.415831,,0.0001,,0.0079,,,,
32896,Riverside - Rubidoux,2023-05-20 07:00:00+00:00,33.999449,-117.415831,,0.0001,,0.0073,,,,
32896,Riverside - Rubidoux,2023-05-20 08:00:00+00:00,33.999449,-117.415831,,0.0,,0.007,,,,
32896,Riverside - Rubidoux,2023-05-20 09:00:00+00:00,33.999449,-117.415831,,0.0001,,0.0065,,,,
32896,Riverside - Rubidoux,2023-05-20 10:00:00+00:00,33.999449,-117.415831,,0.0001,,0.0064,,,,
32896,Riverside - Rubidoux,2023-05-20 11:00:00+00:00,33.999449,-117.415831,,0.0001,,0.0067,,,,
32896,Riverside - Rubidoux,2023-05-20 12:00:00+00:00,33.999449,-117.415831,,0.0001,,0.0067,,,,
32896,Riverside - Rubidoux,2023-05-20 13:00:00+00:00,33.999449,-117.415831,,0.0002,,0.0067,,,,
32896,Riverside - Rubidoux,2023-05-20 14:00:00+00:00,33.999449,-117.415831,,0.0001,,0.0058,,,,
32896,Riverside - Rubidoux,2023-05-20 15:00:00+00:00,33.999449,-117.415831,,0.0011,,0.0096,,,,
32896,Riverside - Rubidoux,2023-05-20 16:00:00+00:00,33.999449,-117.415831,,0.002,,0.0108,,,,
32896,Riverside - Rubidoux,2023-05-20 17:00:00+00:00,33.999449,-117.415831,,0.0028,,0.0129,,,,
32896,Riverside - Rubidoux,2023-05-20 18:00:00+00:00,33.999449,-117.415831,,0.0023,,0.0123,,,,
32896,Riverside - Rubidoux,2023-05-20 19:00:00+00:00,33.999449,-117.415831,,0.0019,,0.0123,,,,
32896,Riverside - Rubidoux,2023-05-20 20:00:00+00:00,33.999449,-117.415831,,0.0008,,0.0093,,,,
32896,Riverside - Rubidoux,2023-05-20 21:00:00+00:00,33.999449,-117.415831,,0.0002,,0.0057,,,,
32896,Riverside - Rubidoux,2023-05-20 22:00:00+00:00,33.999449,-117.415831,,0.0001,,0.0055,,,,
32896,Riverside - Rubidoux,2023-05-20 23:00:00+00:00,33.999449,-117.415831,,0.0001,,0.0055,,,,
32896,Riverside - Rubidoux,2023-05-21 00:00:00+00:00,33.999449,-117.415831,,0.0001,,0.0058,,,,
32896,Riverside - Rubidoux,2023-05-21 01:00:00+00:00,33.999449,-117.415831,,0.0001,,0.0053,,,,
32896,Riverside - Rubidoux,2023-05-21 02:00:00+00:00,33.999449,-117.415831,,0.0,,0.0050999999999999,,,,
32896,Riverside - Rubidoux,2023-05-21 03:00:00+00:00,33.999449,-117.415831,,0.0,,0.0054,,,,
32896,Riverside - Rubidoux,2023-05-21 04:00:00+00:00,33.999449,-117.415831,,0.0,,0.0056,,,,
32896,Riverside - Rubidoux,2023-05-21 05:00:00+00:00,33.999449,-117.415831,,0.0,,0.0056,,,,
32896,Riverside - Rubidoux,2023-05-21 06:00:00+00:00,33.999449,-117.415831,,0.0,,0.0068,,,,
32896,Riverside - Rubidoux,2023-05-21 07:00:00+00:00,33.999449,-117.415831,,0.0,,0.0060999999999999,,,,
32896,Riverside - Rubidoux,2023-05-21 08:00:00+00:00,33.999449,-117.415831,,0.0,,0.0064,,,,
32896,Riverside - Rubidoux,2023-05-21 09:00:00+00:00,33.999449,-117.415831,,0.0001,,0.0063,,,,
32896,Riverside - Rubidoux,2023-05-21 10:00:00+00:00,33.999449,-117.415831,,0.0001,,0.0056,,,,
32896,Riverside - Rubidoux,2023-05-21 11:00:00+00:00,33.999449,-117.415831,,0.0001,,0.0050999999999999,,,,
32896,Riverside - Rubidoux,2023-05-21 12:00:00+00:00,33.999449,-117.415831,,0.0001,,0.0049,,,,
32896,Riverside - Rubidoux,2023-05-21 13:00:00+00:00,33.999449,-117.415831,,0.0001,,0.0044,,,,
32896,Riverside - Rubidoux,2023-05-21 14:00:00+00:00,33.999449,-117.415831,,0.0001,,0.0044,,,,
32896,Riverside - Rubidoux,2023-05-21 15:00:00+00:00,33.999449,-117.415831,,0.0005,,0.0055,,,,
32896,Riverside - Rubidoux,2023-05-21 16:00:00+00:00,33.999449,-117.415831,,0.0006,,0.0067,,,,
32896,Riverside - Rubidoux,2023-05-21 17:00:00+00:00,33.999449,-117.415831,,0.0009,,0.0066,,,,
32896,Riverside - Rubidoux,2023-05-21 18:00:00+00:00,33.999449,-117.415831,,0.0008,,0.0068,,,,
32896,Riverside - Rubidoux,2023-05-21 19:00:00+00:00,33.999449,-117.415831,,0.0007,,0.0074,,,,
32896,Riverside - Rubidoux,2023-05-21 20:00:00+00:00,33.999449,-117.415831,,0.0006,,0.008,,,,
32896,Riverside - Rubidoux,2023-05-21 21:00:00+00:00,33.999449,-117.415831,,0.0004,,0.0076,,,,
32896,Riverside - Rubidoux,2023-05-21 22:00:00+00:00,33.999449,-117.415831,,0.0001,,0.0072,,,,
32896,Riverside - Rubidoux,2023-05-21 23:00:00+00:00,33.999449,-117.415831,,0.0001,,0.0054,,,,
32896,Riverside - Rubidoux,2023-05-22 00:00:00+00:00,33.999449,-117.415831,,0.0001,,0.0044,,,,
32896,Riverside - Rubidoux,2023-05-22 01:00:00+00:00,33.999449,-117.415831,,0.0001,,0.0045,,,,
32896,Riverside - Rubidoux,2023-05-22 02:00:00+00:00,33.999449,-117.415831,,0.0001,,0.0050999999999999,,,,
32896,Riverside - Rubidoux,2023-05-22 03:00:00+00:00,33.999449,-117.415831,,0.0001,,0.007,,,,
32896,Riverside - Rubidoux,2023-05-22 04:00:00+00:00,33.999449,-117.415831,,0.0,,0.0060999999999999,,,,
32896,Riverside - Rubidoux,2023-05-22 05:00:00+00:00,33.999449,-117.415831,,0.0,,0.0056,,,,
32896,Riverside - Rubidoux,2023-05-22 06:00:00+00:00,33.999449,-117.415831,,0.0,,0.0055,,,,
32896,Riverside - Rubidoux,2023-05-22 07:00:00+00:00,33.999449,-117.415831,,0.0,,0.0060999999999999,,,,
32896,Riverside - Rubidoux,2023-05-22 08:00:00+00:00,33.999449,-117.415831,,0.0,,0.0066,,,,
32896,Riverside - Rubidoux,2023-05-22 09:00:00+00:00,33.999449,-117.415831,,0.0001,,0.0056,,,,
32896,Riverside - Rubidoux,2023-05-22 10:00:00+00:00,33.999449,-117.415831,,0.0,,0.0055,,,,
32896,Riverside - Rubidoux,2023-05-22 11:00:00+00:00,33.999449,-117.415831,,0.0,,0.0052,,,,
32896,Riverside - Rubidoux,2023-05-22 12:00:00+00:00,33.999449,-117.415831,,0.0001,,0.0056,,,,
32896,Riverside - Rubidoux,2023-05-22 13:00:00+00:00,33.999449,-117.415831,,0.0005,,0.007,,,,
32896,Riverside - Rubidoux,2023-05-22 14:00:00+00:00,33.999449,-117.415831,,0.0004,,0.0066,,,,
32896,Riverside - Rubidoux,2023-05-22 15:00:00+00:00,33.999449,-117.415831,,0.0007,,0.0085,,,,
32896,Riverside - Rubidoux,2023-05-22 16:00:00+00:00,33.999449,-117.415831,,0.0015,,0.0115,,,,
32896,Riverside - Rubidoux,2023-05-22 17:00:00+00:00,33.999449,-117.415831,,0.0026,,0.0121,,,,
32896,Riverside - Rubidoux,2023-05-22 18:00:00+00:00,33.999449,-117.415831,,0.0031,,0.0121999999999999,,,,
32896,Riverside - Rubidoux,2023-05-22 19:00:00+00:00,33.999449,-117.415831,,0.0033,,0.0145,,,,
32896,Riverside - Rubidoux,2023-05-22 20:00:00+00:00,33.999449,-117.415831,,0.0014,,0.0104,,,,
32896,Riverside - Rubidoux,2023-05-22 21:00:00+00:00,33.999449,-117.415831,,0.0004,,0.0064,,,,
32896,Riverside - Rubidoux,2023-05-22 22:00:00+00:00,33.999449,-117.415831,,0.0005,,0.0076,,,,
32896,Riverside - Rubidoux,2023-05-22 23:00:00+00:00,33.999449,-117.415831,,0.0003,,0.0069,,,,
32896,Riverside - Rubidoux,2023-05-23 00:00:00+00:00,33.999449,-117.415831,,0.0004,,0.0067,,,,
32896,Riverside - Rubidoux,2023-05-23 01:00:00+00:00,33.999449,-117.415831,,0.0004,,0.0070999999999999,,,,
32896,Riverside - Rubidoux,2023-05-23 02:00:00+00:00,33.999449,-117.415831,,0.0002,,0.0066,,,,
32896,Riverside - Rubidoux,2023-05-23 03:00:00+00:00,33.999449,-117.415831,,0.0,,0.007,,,,
32896,Riverside - Rubidoux,2023-05-23 04:00:00+00:00,33.999449,-117.415831,,0.0001,,0.0076,,,,
32896,Riverside - Rubidoux,2023-05-23 05:00:00+00:00,33.999449,-117.415831,,0.0,,0.0076,,,,
32896,Riverside - Rubidoux,2023-05-23 06:00:00+00:00,33.999449,-117.415831,,0.0,,0.0079,,,,
32896,Riverside - Rubidoux,2023-05-23 07:00:00+00:00,33.999449,-117.415831,,0.0001,,0.0075,,,,
32896,Riverside - Rubidoux,2023-05-23 08:00:00+00:00,33.999449,-117.415831,,0.0,,0.0065,,,,
32896,Riverside - Rubidoux,2023-05-23 09:00:00+00:00,33.999449,-117.415831,,0.0,,0.0043,,,,
32896,Riverside - Rubidoux,2023-05-23 10:00:00+00:00,33.999449,-117.415831,,0.0,,0.0037,,,,
32896,Riverside - Rubidoux,2023-05-23 11:00:00+00:00,33.999449,-117.415831,,0.0,,0.0034,,,,
32896,Riverside - Rubidoux,2023-05-23 12:00:00+00:00,33.999449,-117.415831,,0.0,,0.0033,,,,
32896,Riverside - Rubidoux,2023-05-23 13:00:00+00:00,33.999449,-117.415831,,0.0001,,0.0070999999999999,,,,
32896,Riverside - Rubidoux,2023-05-23 14:00:00+00:00,33.999449,-117.415831,,0.0003,,0.0109,,,,
32896,Riverside - Rubidoux,2023-05-23 15:00:00+00:00,33.999449,-117.415831,,0.0012,,0.0113,,,,
32896,Riverside - Rubidoux,2023-05-23 16:00:00+00:00,33.999449,-117.415831,,0.001,,0.0098,,,,
32896,Riverside - Rubidoux,2023-05-23 17:00:00+00:00,33.999449,-117.415831,,0.0009,,0.0085,,,,
32896,Riverside - Rubidoux,2023-05-23 18:00:00+00:00,33.999449,-117.415831,,0.0011,,0.0088,,,,
32896,Riverside - Rubidoux,2023-05-23 20:00:00+00:00,33.999449,-117.415831,,0.0009,,0.0062,,,,
32896,Riverside - Rubidoux,2023-05-23 21:00:00+00:00,33.999449,-117.415831,,0.0014,,0.0076,,,,
32896,Riverside - Rubidoux,2023-05-23 22:00:00+00:00,33.999449,-117.415831,,0.0016,,0.0089,,,,
32896,Riverside - Rubidoux,2023-05-23 23:00:00+00:00,33.999449,-117.415831,,0.001,,0.0066,,,,
32896,Riverside - Rubidoux,2023-05-24 00:00:00+00:00,33.999449,-117.415831,,0.0009,,0.0064,,,,
32896,Riverside - Rubidoux,2023-05-24 01:00:00+00:00,33.999449,-117.415831,,0.0007,,0.0060999999999999,,,,
32896,Riverside - Rubidoux,2023-05-24 02:00:00+00:00,33.999449,-117.415831,,0.0003,,0.0058,,,,
32896,Riverside - Rubidoux,2023-05-24 03:00:00+00:00,33.999449,-117.415831,,0.0001,,0.0057,,,,
32896,Riverside - Rubidoux,2023-05-24 04:00:00+00:00,33.999449,-117.415831,,0.0,,0.0055,,,,
32896,Riverside - Rubidoux,2023-05-24 05:00:00+00:00,33.999449,-117.415831,,0.0001,,0.0050999999999999,,,,
32896,Riverside - Rubidoux,2023-05-24 06:00:00+00:00,33.999449,-117.415831,,0.0001,,0.005,,,,
32896,Riverside - Rubidoux,2023-05-24 07:00:00+00:00,33.999449,-117.415831,,0.0,,0.0046,,,,
32896,Riverside - Rubidoux,2023-05-24 08:00:00+00:00,33.999449,-117.415831,,0.0,,0.0054,,,,
32896,Riverside - Rubidoux,2023-05-24 09:00:00+00:00,33.999449,-117.415831,,0.0,,0.0045,,,,
32896,Riverside - Rubidoux,2023-05-24 10:00:00+00:00,33.999449,-117.415831,,0.0001,,0.0046,,,,
32896,Riverside - Rubidoux,2023-05-24 11:00:00+00:00,33.999449,-117.415831,,0.0001,,0.0048,,,,
32896,Riverside - Rubidoux,2023-05-24 12:00:00+00:00,33.999449,-117.415831,,0.0,,0.0048,,,,
32896,Riverside - Rubidoux,2023-05-24 13:00:00+00:00,33.999449,-117.415831,,0.0001,,0.0059,,,,
32896,Riverside - Rubidoux,2023-05-24 14:00:00+00:00,33.999449,-117.415831,,0.0002,,0.0077,,,,
32896,Riverside - Rubidoux,2023-05-24 15:00:00+00:00,33.999449,-117.415831,,0.0008,,0.0115,,,,
32896,Riverside - Rubidoux,2023-05-24 16:00:00+00:00,33.999449,-117.415831,,0.0012,,0.0105,,,,
32896,Riverside - Rubidoux,2023-05-24 17:00:00+00:00,33.999449,-117.415831,,0.0026,,0.0129,,,,
32896,Riverside - Rubidoux,2023-05-24 18:00:00+00:00,33.999449,-117.415831,,0.0031,,0.011,,,,
32896,Riverside - Rubidoux,2023-05-24 19:00:00+00:00,33.999449,-117.415831,,0.0023,,0.0077,,,,
32896,Riverside - Rubidoux,2023-05-24 20:00:00+00:00,33.999449,-117.415831,,0.0007,,0.0040999999999999,,,,
32896,Riverside - Rubidoux,2023-05-24 21:00:00+00:00,33.999449,-117.415831,,0.0004,,0.004,,,,
32896,Riverside - Rubidoux,2023-05-24 22:00:00+00:00,33.999449,-117.415831,,0.0018,,0.0068,,,,
32896,Riverside - Rubidoux,2023-05-24 23:00:00+00:00,33.999449,-117.415831,,0.0005,,0.0047,,,,
32896,Riverside - Rubidoux,2023-05-25 00:00:00+00:00,33.999449,-117.415831,,0.0003,,0.004,,,,
32896,Riverside - Rubidoux,2023-05-25 01:00:00+00:00,33.999449,-117.415831,,0.0003,,0.0037,,,,
32896,Riverside - Rubidoux,2023-05-25 02:00:00+00:00,33.999449,-117.415831,,0.0001,,0.0038,,,,
32896,Riverside - Rubidoux,2023-05-25 03:00:00+00:00,33.999449,-117.415831,,0.0,,0.0038,,,,
32896,Riverside - Rubidoux,2023-05-25 04:00:00+00:00,33.999449,-117.415831,,0.0,,0.0044,,,,
32896,Riverside - Rubidoux,2023-05-25 05:00:00+00:00,33.999449,-117.415831,,0.0,,0.0044,,,,
32896,Riverside - Rubidoux,2023-05-25 06:00:00+00:00,33.999449,-117.415831,,0.0,,0.0049,,,,
32896,Riverside - Rubidoux,2023-05-25 07:00:00+00:00,33.999449,-117.415831,,0.0,,0.0055,,,,
32896,Riverside - Rubidoux,2023-05-25 08:00:00+00:00,33.999449,-117.415831,,0.0,,0.0034,,,,
32896,Riverside - Rubidoux,2023-05-25 09:00:00+00:00,33.999449,-117.415831,,0.0,,0.0032,,,,
32896,Riverside - Rubidoux,2023-05-25 10:00:00+00:00,33.999449,-117.415831,,0.0,,0.0035,,,,
32896,Riverside - Rubidoux,2023-05-25 11:00:00+00:00,33.999449,-117.415831,,0.0,,0.005,,,,
32896,Riverside - Rubidoux,2023-05-25 12:00:00+00:00,33.999449,-117.415831,,0.0,,0.0043,,,,
32896,Riverside - Rubidoux,2023-05-25 13:00:00+00:00,33.999449,-117.415831,,0.0,,0.0065,,,,
32896,Riverside - Rubidoux,2023-05-25 14:00:00+00:00,33.999449,-117.415831,,0.0001,,0.0073,,,,
32896,Riverside - Rubidoux,2023-05-25 15:00:00+00:00,33.999449,-117.415831,,0.0009,,0.0095,,,,
32896,Riverside - Rubidoux,2023-05-25 16:00:00+00:00,33.999449,-117.415831,,0.0011,,0.0104,,,,
32896,Riverside - Rubidoux,2023-05-25 17:00:00+00:00,33.999449,-117.415831,,0.0007,,0.0065,,,,
32896,Riverside - Rubidoux,2023-05-25 18:00:00+00:00,33.999449,-117.415831,,0.0002,,0.0034,,,,
32896,Riverside - Rubidoux,2023-05-25 19:00:00+00:00,33.999449,-117.415831,,0.0003,,0.0033,,,,
32896,Riverside - Rubidoux,2023-05-25 20:00:00+00:00,33.999449,-117.415831,,0.0006,,0.0039,,,,
32896,Riverside - Rubidoux,2023-05-25 21:00:00+00:00,33.999449,-117.415831,,0.0003,,0.0032,,,,
32896,Riverside - Rubidoux,2023-05-25 22:00:00+00:00,33.999449,-117.415831,,0.0003,,0.0036,,,,
32896,Riverside - Rubidoux,2023-05-25 23:00:00+00:00,33.999449,-117.415831,,0.0002,,0.0033,,,,
32896,Riverside - Rubidoux,2023-05-26 00:00:00+00:00,33.999449,-117.415831,,0.0003,,0.0034,,,,
32896,Riverside - Rubidoux,2023-05-26 01:00:00+00:00,33.999449,-117.415831,,0.0004,,0.0036,,,,
32896,Riverside - Rubidoux,2023-05-26 02:00:00+00:00,33.999449,-117.415831,,0.0003,,0.0040999999999999,,,,
32896,Riverside - Rubidoux,2023-05-26 03:00:00+00:00,33.999449,-117.415831,,0.0001,,0.0044,,,,
32896,Riverside - Rubidoux,2023-05-26 04:00:00+00:00,33.999449,-117.415831,,0.0,,0.0043,,,,
32896,Riverside - Rubidoux,2023-05-26 05:00:00+00:00,33.999449,-117.415831,,0.0,,0.0043,,,,
32896,Riverside - Rubidoux,2023-05-26 06:00:00+00:00,33.999449,-117.415831,,0.0,,0.0044,,,,
32896,Riverside - Rubidoux,2023-05-26 07:00:00+00:00,33.999449,-117.415831,,0.0,,0.0043,,,,
32896,Riverside - Rubidoux,2023-05-26 08:00:00+00:00,33.999449,-117.415831,,0.0,,0.0046,,,,
32896,Riverside - Rubidoux,2023-05-26 09:00:00+00:00,33.999449,-117.415831,,0.0001,,0.0047,,,,
32896,Riverside - Rubidoux,2023-05-26 10:00:00+00:00,33.999449,-117.415831,,0.0,,0.005,,,,
32896,Riverside - Rubidoux,2023-05-26 11:00:00+00:00,33.999449,-117.415831,,0.0,,0.004,,,,
32896,Riverside - Rubidoux,2023-05-26 12:00:00+00:00,33.999449,-117.415831,,0.0,,0.0034,,,,
32896,Riverside - Rubidoux,2023-05-26 13:00:00+00:00,33.999449,-117.415831,,0.0,,0.0027,,,,
32896,Riverside - Rubidoux,2023-05-26 14:00:00+00:00,33.999449,-117.415831,,0.0,,0.0029,,,,
32896,Riverside - Rubidoux,2023-05-26 15:00:00+00:00,33.999449,-117.415831,,0.0002,,0.0032,,,,
32896,Riverside - Rubidoux,2023-05-26 16:00:00+00:00,33.999449,-117.415831,,0.0005,,0.0037,,,,
32896,Riverside - Rubidoux,2023-05-26 17:00:00+00:00,33.999449,-117.415831,,0.0005,,0.0032,,,,
32896,Riverside - Rubidoux,2023-05-26 18:00:00+00:00,33.999449,-117.415831,,0.0007,,0.0039,,,,
32896,Riverside - Rubidoux,2023-05-26 19:00:00+00:00,33.999449,-117.415831,,0.0003,,0.0035,,,,
32896,Riverside - Rubidoux,2023-05-26 20:00:00+00:00,33.999449,-117.415831,,0.0005,,0.0043,,,,
32896,Riverside - Rubidoux,2023-05-26 21:00:00+00:00,33.999449,-117.415831,,0.0009,,0.0066,,,,
32896,Riverside - Rubidoux,2023-05-26 22:00:00+00:00,33.999449,-117.415831,,0.0008,,0.0066,,,,
32896,Riverside - Rubidoux,2023-05-26 23:00:00+00:00,33.999449,-117.415831,,0.0005,,0.0058,,,,
32896,Riverside - Rubidoux,2023-05-27 00:00:00+00:00,33.999449,-117.415831,,0.0004,,0.0058,,,,
32896,Riverside - Rubidoux,2023-05-27 01:00:00+00:00,33.999449,-117.415831,,0.0004,,0.0050999999999999,,,,
32896,Riverside - Rubidoux,2023-05-27 02:00:00+00:00,33.999449,-117.415831,,0.0002,,0.0046,,,,
32896,Riverside - Rubidoux,2023-05-27 03:00:00+00:00,33.999449,-117.415831,,0.0001,,0.0047,,,,
32896,Riverside - Rubidoux,2023-05-27 04:00:00+00:00,33.999449,-117.415831,,0.0001,,0.0059,,,,
32896,Riverside - Rubidoux,2023-05-27 05:00:00+00:00,33.999449,-117.415831,,0.0001,,0.0073,,,,
32896,Riverside - Rubidoux,2023-05-27 06:00:00+00:00,33.999449,-117.415831,,0.0001,,0.0075,,,,
32896,Riverside - Rubidoux,2023-05-27 07:00:00+00:00,33.999449,-117.415831,,0.0001,,0.0065,,,,
32896,Riverside - Rubidoux,2023-05-27 08:00:00+00:00,33.999449,-117.415831,,0.0,,0.0068,,,,
32896,Riverside - Rubidoux,2023-05-27 09:00:00+00:00,33.999449,-117.415831,,0.0001,,0.0076,,,,
32896,Riverside - Rubidoux,2023-05-27 10:00:00+00:00,33.999449,-117.415831,,0.0001,,0.0079,,,,
32896,Riverside - Rubidoux,2023-05-27 11:00:00+00:00,33.999449,-117.415831,,0.0,,0.009,,,,
32896,Riverside - Rubidoux,2023-05-27 12:00:00+00:00,33.999449,-117.415831,,0.0,,0.0072,,,,
32896,Riverside - Rubidoux,2023-05-27 13:00:00+00:00,33.999449,-117.415831,,0.0002,,0.0055,,,,
32896,Riverside - Rubidoux,2023-05-27 14:00:00+00:00,33.999449,-117.415831,,0.0001,,0.0047,,,,
32896,Riverside - Rubidoux,2023-05-27 15:00:00+00:00,33.999449,-117.415831,,0.0006,,0.0050999999999999,,,,
32896,Riverside - Rubidoux,2023-05-27 16:00:00+00:00,33.999449,-117.415831,,0.0005,,0.004,,,,
32896,Riverside - Rubidoux,2023-05-27 17:00:00+00:00,33.999449,-117.415831,,0.0006,,0.0043,,,,
32896,Riverside - Rubidoux,2023-05-27 18:00:00+00:00,33.999449,-117.415831,,0.0004,,0.0040999999999999,,,,
32896,Riverside - Rubidoux,2023-05-27 19:00:00+00:00,33.999449,-117.415831,,0.0004,,0.004,,,,
32896,Riverside - Rubidoux,2023-05-27 20:00:00+00:00,33.999449,-117.415831,,0.0003,,0.004,,,,
32896,Riverside - Rubidoux,2023-05-27 21:00:00+00:00,33.999449,-117.415831,,0.0003,,0.0040999999999999,,,,
32896,Riverside - Rubidoux,2023-05-27 22:00:00+00:00,33.999449,-117.415831,,0.0002,,0.0036,,,,
32896,Riverside - Rubidoux,2023-05-27 23:00:00+00:00,33.999449,-117.415831,,0.0,,0.0038,,,,
32896,Riverside - Rubidoux,2023-05-28 00:00:00+00:00,33.999449,-117.415831,,0.0001,,0.004,,,,
32896,Riverside - Rubidoux,2023-05-28 01:00:00+00:00,33.999449,-117.415831,,0.0002,,0.004,,,,
32896,Riverside - Rubidoux,2023-05-28 02:00:00+00:00,33.999449,-117.415831,,0.0001,,0.0040999999999999,,,,
32896,Riverside - Rubidoux,2023-05-28 03:00:00+00:00,33.999449,-117.415831,,0.0001,,0.0040999999999999,,,,
32896,Riverside - Rubidoux,2023-05-28 04:00:00+00:00,33.999449,-117.415831,,0.0,,0.0049,,,,
32896,Riverside - Rubidoux,2023-05-28 05:00:00+00:00,33.999449,-117.415831,,0.0,,0.0048,,,,
32896,Riverside - Rubidoux,2023-05-28 06:00:00+00:00,33.999449,-117.415831,,0.0,,0.0046,,,,
32896,Riverside - Rubidoux,2023-05-28 07:00:00+00:00,33.999449,-117.415831,,0.0,,0.0055,,,,
32896,Riverside - Rubidoux,2023-05-28 08:00:00+00:00,33.999449,-117.415831,,0.0,,0.0063,,,,
32896,Riverside - Rubidoux,2023-05-28 09:00:00+00:00,33.999449,-117.415831,,0.0001,,0.0059,,,,
32896,Riverside - Rubidoux,2023-05-28 10:00:00+00:00,33.999449,-117.415831,,0.0001,,0.0057,,,,
32896,Riverside - Rubidoux,2023-05-28 11:00:00+00:00,33.999449,-117.415831,,0.0001,,0.0064,,,,
32896,Riverside - Rubidoux,2023-05-28 12:00:00+00:00,33.999449,-117.415831,,0.0,,0.0077,,,,
32896,Riverside - Rubidoux,2023-05-28 13:00:00+00:00,33.999449,-117.415831,,0.0002,,0.0067,,,,
32896,Riverside - Rubidoux,2023-05-28 14:00:00+00:00,33.999449,-117.415831,,0.0003,,0.0068,,,,
32896,Riverside - Rubidoux,2023-05-28 15:00:00+00:00,33.999449,-117.415831,,0.0003,,0.0069,,,,
32896,Riverside - Rubidoux,2023-05-28 16:00:00+00:00,33.999449,-117.415831,,0.0003,,0.0055,,,,
32896,Riverside - Rubidoux,2023-05-28 17:00:00+00:00,33.999449,-117.415831,,0.0,,0.004,,,,
32896,Riverside - Rubidoux,2023-05-28 18:00:00+00:00,33.999449,-117.415831,,0.0002,,0.0040999999999999,,,,
32896,Riverside - Rubidoux,2023-05-28 19:00:00+00:00,33.999449,-117.415831,,0.0005,,0.005,,,,
32896,Riverside - Rubidoux,2023-05-28 20:00:00+00:00,33.999449,-117.415831,,0.0005,,0.0052,,,,
32896,Riverside - Rubidoux,2023-05-28 21:00:00+00:00,33.999449,-117.415831,,0.0003,,0.0045,,,,
32896,Riverside - Rubidoux,2023-05-28 22:00:00+00:00,33.999449,-117.415831,,0.0002,,0.004,,,,
32896,Riverside - Rubidoux,2023-05-28 23:00:00+00:00,33.999449,-117.415831,,0.0002,,0.0037,,,,
32896,Riverside - Rubidoux,2023-05-29 00:00:00+00:00,33.999449,-117.415831,,0.0002,,0.0032,,,,
32896,Riverside - Rubidoux,2023-05-29 01:00:00+00:00,33.999449,-117.415831,,0.0003,,0.0036,,,,
32896,Riverside - Rubidoux,2023-05-29 02:00:00+00:00,33.999449,-117.415831,,0.0002,,0.0039,,,,
32896,Riverside - Rubidoux,2023-05-29 03:00:00+00:00,33.999449,-117.415831,,0.0001,,0.0052,,,,
32896,Riverside - Rubidoux,2023-05-29 04:00:00+00:00,33.999449,-117.415831,,0.0,,0.0052,,,,
32896,Riverside - Rubidoux,2023-05-29 05:00:00+00:00,33.999449,-117.415831,,0.0,,0.0053,,,,
32896,Riverside - Rubidoux,2023-05-29 06:00:00+00:00,33.999449,-117.415831,,0.0,,0.0055,,,,
32896,Riverside - Rubidoux,2023-05-29 07:00:00+00:00,33.999449,-117.415831,,0.0,,0.0045,,,,
32896,Riverside - Rubidoux,2023-05-29 08:00:00+00:00,33.999449,-117.415831,,0.0,,0.0048,,,,
32896,Riverside - Rubidoux,2023-05-29 09:00:00+00:00,33.999449,-117.415831,,0.0001,,0.0048,,,,
32896,Riverside - Rubidoux,2023-05-29 10:00:00+00:00,33.999449,-117.415831,,0.0,,0.0043,,,,
32896,Riverside - Rubidoux,2023-05-29 11:00:00+00:00,33.999449,-117.415831,,0.0,,0.0038,,,,
32896,Riverside - Rubidoux,2023-05-29 12:00:00+00:00,33.999449,-117.415831,,0.0,,0.0049,,,,
32896,Riverside - Rubidoux,2023-05-29 13:00:00+00:00,33.999449,-117.415831,,0.0,,0.0040999999999999,,,,
32896,Riverside - Rubidoux,2023-05-29 14:00:00+00:00,33.999449,-117.415831,,0.0,,0.003,,,,
32896,Riverside - Rubidoux,2023-05-29 15:00:00+00:00,33.999449,-117.415831,,0.0001,,0.0034,,,,
32896,Riverside - Rubidoux,2023-05-29 16:00:00+00:00,33.999449,-117.415831,,0.0002,,0.0034,,,,
32896,Riverside - Rubidoux,2023-05-29 17:00:00+00:00,33.999449,-117.415831,,0.0003,,0.003,,,,
32896,Riverside - Rubidoux,2023-05-29 18:00:00+00:00,33.999449,-117.415831,,0.0003,,0.0027,,,,
32896,Riverside - Rubidoux,2023-05-29 19:00:00+00:00,33.999449,-117.415831,,0.0002,,0.0025,,,,
32896,Riverside - Rubidoux,2023-05-29 20:00:00+00:00,33.999449,-117.415831,,0.0002,,0.0025,,,,
32896,Riverside - Rubidoux,2023-05-29 21:00:00+00:00,33.999449,-117.415831,,0.0001,,0.0024,,,,
32896,Riverside - Rubidoux,2023-05-29 22:00:00+00:00,33.999449,-117.415831,,0.0,,0.0024,,,,
32896,Riverside - Rubidoux,2023-05-30 00:00:00+00:00,33.999449,-117.415831,,0.0002,,0.0027,,,,
32896,Riverside - Rubidoux,2023-05-30 01:00:00+00:00,33.999449,-117.415831,,0.0001,,0.0025,,,,
32896,Riverside - Rubidoux,2023-05-30 02:00:00+00:00,33.999449,-117.415831,,0.0,,0.0027,,,,
32896,Riverside - Rubidoux,2023-05-30 04:00:00+00:00,33.999449,-117.415831,,0.0,,0.0043,,,,
32896,Riverside - Rubidoux,2023-05-30 05:00:00+00:00,33.999449,-117.415831,,0.0,,0.0037,,,,
32896,Riverside - Rubidoux,2023-05-30 06:00:00+00:00,33.999449,-117.415831,,0.0,,0.004,,,,
32896,Riverside - Rubidoux,2023-05-30 07:00:00+00:00,33.999449,-117.415831,,0.0,,0.0033,,,,
32896,Riverside - Rubidoux,2023-05-30 08:00:00+00:00,33.999449,-117.415831,,0.0,,0.0031,,,,
32896,Riverside - Rubidoux,2023-05-30 09:00:00+00:00,33.999449,-117.415831,,0.0,,0.003,,,,
32896,Riverside - Rubidoux,2023-05-30 10:00:00+00:00,33.999449,-117.415831,,0.0,,0.0032,,,,
32896,Riverside - Rubidoux,2023-05-30 11:00:00+00:00,33.999449,-117.415831,,0.0,,0.0036,,,,
32896,Riverside - Rubidoux,2023-05-30 12:00:00+00:00,33.999449,-117.415831,,0.0,,0.0050999999999999,,,,
32896,Riverside - Rubidoux,2023-05-30 13:00:00+00:00,33.999449,-117.415831,,0.0001,,0.0054,,,,
32896,Riverside - Rubidoux,2023-05-30 14:00:00+00:00,33.999449,-117.415831,,0.0004,,0.0081,,,,
32896,Riverside - Rubidoux,2023-05-30 15:00:00+00:00,33.999449,-117.415831,,0.0009,,0.0099,,,,
32896,Riverside - Rubidoux,2023-05-30 16:00:00+00:00,33.999449,-117.415831,,0.002,,0.0107,,,,
32896,Riverside - Rubidoux,2023-05-30 17:00:00+00:00,33.999449,-117.415831,,0.0008,,0.0048,,,,
32896,Riverside - Rubidoux,2023-05-30 18:00:00+00:00,33.999449,-117.415831,,0.0002,,0.0029,,,,
32896,Riverside - Rubidoux,2023-05-30 19:00:00+00:00,33.999449,-117.415831,,0.0003,,0.0033,,,,
32896,Riverside - Rubidoux,2023-05-30 20:00:00+00:00,33.999449,-117.415831,,0.0004,,0.004,,,,
32896,Riverside - Rubidoux,2023-05-30 21:00:00+00:00,33.999449,-117.415831,,0.0006,,0.0042,,,,
32896,Riverside - Rubidoux,2023-05-30 22:00:00+00:00,33.999449,-117.415831,,0.0011,,0.0053,,,,
32896,Riverside - Rubidoux,2023-05-30 23:00:00+00:00,33.999449,-117.415831,,0.001,,0.0057,,,,
32896,Riverside - Rubidoux,2023-05-31 00:00:00+00:00,33.999449,-117.415831,,0.0008,,0.0053,,,,
32896,Riverside - Rubidoux,2023-05-31 01:00:00+00:00,33.999449,-117.415831,,0.0004,,0.0042,,,,
32896,Riverside - Rubidoux,2023-05-31 02:00:00+00:00,33.999449,-117.415831,,0.0001,,0.0034,,,,
32896,Riverside - Rubidoux,2023-05-31 03:00:00+00:00,33.999449,-117.415831,,0.0,,0.0028,,,,
32896,Riverside - Rubidoux,2023-05-31 04:00:00+00:00,33.999449,-117.415831,,0.0,,0.0035,,,,
32896,Riverside - Rubidoux,2023-05-31 05:00:00+00:00,33.999449,-117.415831,,0.0,,0.0031,,,,
32896,Riverside - Rubidoux,2023-05-31 06:00:00+00:00,33.999449,-117.415831,,0.0,,0.0032,,,,
32896,Riverside - Rubidoux,2023-05-31 07:00:00+00:00,33.999449,-117.415831,,0.0,,0.0047,,,,
32896,Riverside - Rubidoux,2023-05-31 08:00:00+00:00,33.999449,-117.415831,,0.0,,0.0035,,,,
32896,Riverside - Rubidoux,2023-05-31 09:00:00+00:00,33.999449,-117.415831,,0.0,,0.0035,,,,
32896,Riverside - Rubidoux,2023-05-31 10:00:00+00:00,33.999449,-117.415831,,0.0,,0.0036,,,,
32896,Riverside - Rubidoux,2023-05-31 11:00:00+00:00,33.999449,-117.415831,,0.0,,0.0036,,,,
32896,Riverside - Rubidoux,2023-05-31 12:00:00+00:00,33.999449,-117.415831,,0.0,,0.0036,,,,
32896,Riverside - Rubidoux,2023-05-31 13:00:00+00:00,33.999449,-117.415831,,0.0,,0.0050999999999999,,,,
32896,Riverside - Rubidoux,2023-05-31 14:00:00+00:00,33.999449,-117.415831,,0.0003,,0.0067,,,,
32896,Riverside - Rubidoux,2023-05-31 15:00:00+00:00,33.999449,-117.415831,,0.0002,,0.0040999999999999,,,,
32896,Riverside - Rubidoux,2023-05-31 16:00:00+00:00,33.999449,-117.415831,,0.0004,,0.0039,,,,
32896,Riverside - Rubidoux,2023-05-31 17:00:00+00:00,33.999449,-117.415831,,0.0004,,0.0025,,,,
32896,Riverside - Rubidoux,2023-05-31 18:00:00+00:00,33.999449,-117.415831,,0.0009,,0.0048,,,,
32896,Riverside - Rubidoux,2023-05-31 19:00:00+00:00,33.999449,-117.415831,,0.0009,,0.0048,,,,
32896,Riverside - Rubidoux,2023-05-31 20:00:00+00:00,33.999449,-117.415831,,0.0008,,0.0052,,,,
32896,Riverside - Rubidoux,2023-05-31 21:00:00+00:00,33.999449,-117.415831,,0.0009,,0.0063,,,,
32896,Riverside - Rubidoux,2023-05-31 22:00:00+00:00,33.999449,-117.415831,,0.0011,,0.006,,,,
32896,Riverside - Rubidoux,2023-05-31 23:00:00+00:00,33.999449,-117.415831,,0.0006,,0.0042,,,,
32896,Riverside - Rubidoux,2023-06-01 00:00:00+00:00,33.999449,-117.415831,,0.0005,,0.0043,,,,
32896,Riverside - Rubidoux,2023-06-01 01:00:00+00:00,33.999449,-117.415831,,0.0002,,0.0043,,,,
32896,Riverside - Rubidoux,2023-06-01 02:00:00+00:00,33.999449,-117.415831,,0.0001,,0.005,,,,
32896,Riverside - Rubidoux,2023-06-01 03:00:00+00:00,33.999449,-117.415831,,0.0,,0.0072,,,,
32896,Riverside - Rubidoux,2023-06-01 04:00:00+00:00,33.999449,-117.415831,,0.0,,0.0076,,,,
32896,Riverside - Rubidoux,2023-06-01 05:00:00+00:00,33.999449,-117.415831,,0.0,,0.0059,,,,
32896,Riverside - Rubidoux,2023-06-01 06:00:00+00:00,33.999449,-117.415831,,0.0001,,0.0052,,,,
32896,Riverside - Rubidoux,2023-06-01 07:00:00+00:00,33.999449,-117.415831,,0.0,,0.0038,,,,
32896,Riverside - Rubidoux,2023-06-01 08:00:00+00:00,33.999449,-117.415831,,0.0,,0.0038,,,,
32896,Riverside - Rubidoux,2023-06-01 09:00:00+00:00,33.999449,-117.415831,,0.0,,0.0054,,,,
32896,Riverside - Rubidoux,2023-06-01 10:00:00+00:00,33.999449,-117.415831,,0.0001,,0.0095,,,,
32896,Riverside - Rubidoux,2023-06-01 11:00:00+00:00,33.999449,-117.415831,,0.0001,,0.0105,,,,
32896,Riverside - Rubidoux,2023-06-01 12:00:00+00:00,33.999449,-117.415831,,0.0001,,0.0075,,,,
32896,Riverside - Rubidoux,2023-06-01 13:00:00+00:00,33.999449,-117.415831,,0.0005,,0.0085,,,,
32896,Riverside - Rubidoux,2023-06-01 14:00:00+00:00,33.999449,-117.415831,,0.0006,,0.0101,,,,
32896,Riverside - Rubidoux,2023-06-01 15:00:00+00:00,33.999449,-117.415831,,0.0013,,0.0109,,,,
32896,Riverside - Rubidoux,2023-06-01 16:00:00+00:00,33.999449,-117.415831,,0.0009,,0.0074,,,,
32896,Riverside - Rubidoux,2023-06-01 17:00:00+00:00,33.999449,-117.415831,,0.0009,,0.0062,,,,
32896,Riverside - Rubidoux,2023-06-01 21:00:00+00:00,33.999449,-117.415831,,0.001,,0.0060999999999999,,,,
32896,Riverside - Rubidoux,2023-06-01 22:00:00+00:00,33.999449,-117.415831,,0.0007,,0.0065,,,,
32896,Riverside - Rubidoux,2023-06-01 23:00:00+00:00,33.999449,-117.415831,,0.0006,,0.0059,,,,
32896,Riverside - Rubidoux,2023-06-02 00:00:00+00:00,33.999449,-117.415831,,0.0003,,0.005,,,,
32896,Riverside - Rubidoux,2023-06-02 01:00:00+00:00,33.999449,-117.415831,,0.0002,,0.0048,,,,
32896,Riverside - Rubidoux,2023-06-02 02:00:00+00:00,33.999449,-117.415831,,0.0001,,0.0045,,,,
32896,Riverside - Rubidoux,2023-06-02 03:00:00+00:00,33.999449,-117.415831,,0.0,,0.0047,,,,
32896,Riverside - Rubidoux,2023-06-02 04:00:00+00:00,33.999449,-117.415831,,0.0,,0.0043,,,,
32896,Riverside - Rubidoux,2023-06-02 05:00:00+00:00,33.999449,-117.415831,,0.0,,0.0043,,,,
32896,Riverside - Rubidoux,2023-06-02 06:00:00+00:00,33.999449,-117.415831,,0.0,,0.0043,,,,
32896,Riverside - Rubidoux,2023-06-02 07:00:00+00:00,33.999449,-117.415831,,0.0001,,0.0045,,,,
32896,Riverside - Rubidoux,2023-06-02 08:00:00+00:00,33.999449,-117.415831,,0.0,,0.005,,,,
32896,Riverside - Rubidoux,2023-06-02 09:00:00+00:00,33.999449,-117.415831,,0.0,,0.0040999999999999,,,,
32896,Riverside - Rubidoux,2023-06-02 10:00:00+00:00,33.999449,-117.415831,,0.0,,0.0043,,,,
32896,Riverside - Rubidoux,2023-06-02 11:00:00+00:00,33.999449,-117.415831,,0.0002,,0.0081,,,,
32896,Riverside - Rubidoux,2023-06-02 12:00:00+00:00,33.999449,-117.415831,,0.0001,,0.0086,,,,
32896,Riverside - Rubidoux,2023-06-02 13:00:00+00:00,33.999449,-117.415831,,0.0002,,0.0079,,,,
32896,Riverside - Rubidoux,2023-06-02 14:00:00+00:00,33.999449,-117.415831,,0.0003,,0.0096999999999999,,,,
32896,Riverside - Rubidoux,2023-06-02 15:00:00+00:00,33.999449,-117.415831,,0.0009,,0.0123,,,,
32896,Riverside - Rubidoux,2023-06-02 16:00:00+00:00,33.999449,-117.415831,,0.0014,,0.0114,,,,
32896,Riverside - Rubidoux,2023-06-02 17:00:00+00:00,33.999449,-117.415831,,0.0028,,0.0130999999999999,,,,
32896,Riverside - Rubidoux,2023-06-02 18:00:00+00:00,33.999449,-117.415831,,0.001,,0.0065,,,,
32896,Riverside - Rubidoux,2023-06-02 19:00:00+00:00,33.999449,-117.415831,,0.001,,0.006,,,,
32896,Riverside - Rubidoux,2023-06-02 20:00:00+00:00,33.999449,-117.415831,,0.0007,,0.0053,,,,
32896,Riverside - Rubidoux,2023-06-02 21:00:00+00:00,33.999449,-117.415831,,0.0002,,0.0044,,,,
32896,Riverside - Rubidoux,2023-06-02 22:00:00+00:00,33.999449,-117.415831,,0.0002,,0.0045,,,,
32896,Riverside - Rubidoux,2023-06-02 23:00:00+00:00,33.999449,-117.415831,,0.0002,,0.0044,,,,
32896,Riverside - Rubidoux,2023-06-03 00:00:00+00:00,33.999449,-117.415831,,0.0001,,0.0045,,,,
32896,Riverside - Rubidoux,2023-06-03 01:00:00+00:00,33.999449,-117.415831,,0.0002,,0.0053,,,,
32896,Riverside - Rubidoux,2023-06-03 02:00:00+00:00,33.999449,-117.415831,,0.0002,,0.0055,,,,
32896,Riverside - Rubidoux,2023-06-03 03:00:00+00:00,33.999449,-117.415831,,0.0,,0.0055,,,,
32896,Riverside - Rubidoux,2023-06-03 04:00:00+00:00,33.999449,-117.415831,,0.0,,0.0065,,,,
32896,Riverside - Rubidoux,2023-06-03 05:00:00+00:00,33.999449,-117.415831,,0.0,,0.0065,,,,
32896,Riverside - Rubidoux,2023-06-03 06:00:00+00:00,33.999449,-117.415831,,0.0,,0.0064,,,,
32896,Riverside - Rubidoux,2023-06-03 07:00:00+00:00,33.999449,-117.415831,,0.0001,,0.0091,,,,
32896,Riverside - Rubidoux,2023-06-03 08:00:00+00:00,33.999449,-117.415831,,0.0001,,0.0092,,,,
32896,Riverside - Rubidoux,2023-06-03 09:00:00+00:00,33.999449,-117.415831,,0.0003,,0.0098,,,,
32896,Riverside - Rubidoux,2023-06-03 10:00:00+00:00,33.999449,-117.415831,,0.0001,,0.0108,,,,
32896,Riverside - Rubidoux,2023-06-03 11:00:00+00:00,33.999449,-117.415831,,0.0032,,0.0275,,,,
32896,Riverside - Rubidoux,2023-06-03 12:00:00+00:00,33.999449,-117.415831,,0.0027,,0.0265,,,,
32896,Riverside - Rubidoux,2023-06-03 13:00:00+00:00,33.999449,-117.415831,,0.0027,,0.0212,,,,
32896,Riverside - Rubidoux,2023-06-03 14:00:00+00:00,33.999449,-117.415831,,0.0108,,0.032,,,,
32896,Riverside - Rubidoux,2023-06-03 15:00:00+00:00,33.999449,-117.415831,,0.0095,,0.0246,,,,
32896,Riverside - Rubidoux,2023-06-03 16:00:00+00:00,33.999449,-117.415831,,0.0032,,0.0127,,,,
32896,Riverside - Rubidoux,2023-06-03 17:00:00+00:00,33.999449,-117.415831,,0.0009,,0.0064,,,,
32896,Riverside - Rubidoux,2023-06-03 18:00:00+00:00,33.999449,-117.415831,,0.0007,,0.006,,,,
32896,Riverside - Rubidoux,2023-06-03 19:00:00+00:00,33.999449,-117.415831,,0.0004,,0.0052,,,,
32896,Riverside - Rubidoux,2023-06-03 20:00:00+00:00,33.999449,-117.415831,,0.0003,,0.0047,,,,
32896,Riverside - Rubidoux,2023-06-03 21:00:00+00:00,33.999449,-117.415831,,0.0003,,0.0048,,,,
32896,Riverside - Rubidoux,2023-06-03 22:00:00+00:00,33.999449,-117.415831,,0.0002,,0.0045,,,,
32896,Riverside - Rubidoux,2023-06-03 23:00:00+00:00,33.999449,-117.415831,,0.0001,,0.0046,,,,
32896,Riverside - Rubidoux,2023-06-04 00:00:00+00:00,33.999449,-117.415831,,0.0001,,0.0047,,,,
32896,Riverside - Rubidoux,2023-06-04 01:00:00+00:00,33.999449,-117.415831,,0.0002,,0.0044,,,,
32896,Riverside - Rubidoux,2023-06-04 02:00:00+00:00,33.999449,-117.415831,,0.0001,,0.0040999999999999,,,,
32896,Riverside - Rubidoux,2023-06-04 03:00:00+00:00,33.999449,-117.415831,,0.0,,0.0043,,,,
32896,Riverside - Rubidoux,2023-06-04 04:00:00+00:00,33.999449,-117.415831,,0.0,,0.0049,,,,
32896,Riverside - Rubidoux,2023-06-04 05:00:00+00:00,33.999449,-117.415831,,0.0,,0.0046,,,,
32896,Riverside - Rubidoux,2023-06-04 06:00:00+00:00,33.999449,-117.415831,,0.0,,0.0048,,,,
32896,Riverside - Rubidoux,2023-06-04 07:00:00+00:00,33.999449,-117.415831,,0.0001,,0.0045,,,,
32896,Riverside - Rubidoux,2023-06-04 08:00:00+00:00,33.999449,-117.415831,,0.0001,,0.0054,,,,
32896,Riverside - Rubidoux,2023-06-04 09:00:00+00:00,33.999449,-117.415831,,0.0,,0.0067,,,,
32896,Riverside - Rubidoux,2023-06-04 10:00:00+00:00,33.999449,-117.415831,,0.0,,0.0069,,,,
32896,Riverside - Rubidoux,2023-06-04 11:00:00+00:00,33.999449,-117.415831,,0.0001,,0.0059,,,,
32896,Riverside - Rubidoux,2023-06-04 12:00:00+00:00,33.999449,-117.415831,,0.0,,0.0053,,,,
32896,Riverside - Rubidoux,2023-06-04 13:00:00+00:00,33.999449,-117.415831,,0.0001,,0.0057,,,,
32896,Riverside - Rubidoux,2023-06-04 14:00:00+00:00,33.999449,-117.415831,,0.0,,0.0058,,,,
32896,Riverside - Rubidoux,2023-06-04 15:00:00+00:00,33.999449,-117.415831,,0.0003,,0.0073,,,,
32896,Riverside - Rubidoux,2023-06-04 16:00:00+00:00,33.999449,-117.415831,,0.0005,,0.0072,,,,
32896,Riverside - Rubidoux,2023-06-04 17:00:00+00:00,33.999449,-117.415831,,0.0007,,0.0065,,,,
32896,Riverside - Rubidoux,2023-06-04 18:00:00+00:00,33.999449,-117.415831,,0.001,,0.0067,,,,
32896,Riverside - Rubidoux,2023-06-04 19:00:00+00:00,33.999449,-117.415831,,0.0004,,0.0046,,,,
32896,Riverside - Rubidoux,2023-06-04 20:00:00+00:00,33.999449,-117.415831,,0.0002,,0.0043,,,,
32896,Riverside - Rubidoux,2023-06-04 21:00:00+00:00,33.999449,-117.415831,,0.0002,,0.0044,,,,
32896,Riverside - Rubidoux,2023-06-04 22:00:00+00:00,33.999449,-117.415831,,0.0002,,0.0043,,,,
32896,Riverside - Rubidoux,2023-06-04 23:00:00+00:00,33.999449,-117.415831,,0.0002,,0.005,,,,
32896,Riverside - Rubidoux,2023-06-05 00:00:00+00:00,33.999449,-117.415831,,0.0002,,0.0055,,,,
32896,Riverside - Rubidoux,2023-06-05 01:00:00+00:00,33.999449,-117.415831,,0.0001,,0.0049,,,,
32896,Riverside - Rubidoux,2023-06-05 02:00:00+00:00,33.999449,-117.415831,,0.0001,,0.0048,,,,
32896,Riverside - Rubidoux,2023-06-05 03:00:00+00:00,33.999449,-117.415831,,0.0,,0.0043,,,,
32896,Riverside - Rubidoux,2023-06-05 04:00:00+00:00,33.999449,-117.415831,,0.0,,0.004,,,,
32896,Riverside - Rubidoux,2023-06-05 05:00:00+00:00,33.999449,-117.415831,,0.0,,0.0042,,,,
32896,Riverside - Rubidoux,2023-06-05 06:00:00+00:00,33.999449,-117.415831,,0.0,,0.0042,,,,
32896,Riverside - Rubidoux,2023-06-05 07:00:00+00:00,33.999449,-117.415831,,0.0,,0.0046,,,,
32896,Riverside - Rubidoux,2023-06-05 08:00:00+00:00,33.999449,-117.415831,,0.0,,0.0044,,,,
32896,Riverside - Rubidoux,2023-06-05 09:00:00+00:00,33.999449,-117.415831,,0.0,,0.0044,,,,
32896,Riverside - Rubidoux,2023-06-05 10:00:00+00:00,33.999449,-117.415831,,0.0,,0.0040999999999999,,,,
32896,Riverside - Rubidoux,2023-06-05 11:00:00+00:00,33.999449,-117.415831,,0.0001,,0.0037,,,,
32896,Riverside - Rubidoux,2023-06-05 12:00:00+00:00,33.999449,-117.415831,,0.0001,,0.0047,,,,
32896,Riverside - Rubidoux,2023-06-05 13:00:00+00:00,33.999449,-117.415831,,0.0001,,0.0059,,,,
32896,Riverside - Rubidoux,2023-06-05 14:00:00+00:00,33.999449,-117.415831,,0.0002,,0.0092,,,,
32896,Riverside - Rubidoux,2023-06-05 15:00:00+00:00,33.999449,-117.415831,,0.0001,,0.0050999999999999,,,,
32896,Riverside - Rubidoux,2023-06-05 16:00:00+00:00,33.999449,-117.415831,,0.0005,,0.0066,,,,
32896,Riverside - Rubidoux,2023-06-05 17:00:00+00:00,33.999449,-117.415831,,0.0011,,0.01,,,,
32896,Riverside - Rubidoux,2023-06-05 18:00:00+00:00,33.999449,-117.415831,,0.0015,,0.0086,,,,
32896,Riverside - Rubidoux,2023-06-05 19:00:00+00:00,33.999449,-117.415831,,0.0019,,0.0087,,,,
32896,Riverside - Rubidoux,2023-06-05 20:00:00+00:00,33.999449,-117.415831,,0.0013,,0.0067,,,,
32896,Riverside - Rubidoux,2023-06-05 21:00:00+00:00,33.999449,-117.415831,,0.0009,,0.0059,,,,
32896,Riverside - Rubidoux,2023-06-05 22:00:00+00:00,33.999449,-117.415831,,0.0009,,0.006,,,,
32896,Riverside - Rubidoux,2023-06-05 23:00:00+00:00,33.999449,-117.415831,,0.0007,,0.0054,,,,
32896,Riverside - Rubidoux,2023-06-06 00:00:00+00:00,33.999449,-117.415831,,0.0003,,0.0035,,,,
32896,Riverside - Rubidoux,2023-06-06 01:00:00+00:00,33.999449,-117.415831,,0.0003,,0.0036,,,,
32896,Riverside - Rubidoux,2023-06-06 02:00:00+00:00,33.999449,-117.415831,,0.0003,,0.0045,,,,
32896,Riverside - Rubidoux,2023-06-06 03:00:00+00:00,33.999449,-117.415831,,0.0,,0.0032,,,,
32896,Riverside - Rubidoux,2023-06-06 04:00:00+00:00,33.999449,-117.415831,,0.0,,0.0036,,,,
32896,Riverside - Rubidoux,2023-06-06 05:00:00+00:00,33.999449,-117.415831,,0.0,,0.0033,,,,
32896,Riverside - Rubidoux,2023-06-06 06:00:00+00:00,33.999449,-117.415831,,0.0,,0.0034,,,,
32896,Riverside - Rubidoux,2023-06-06 07:00:00+00:00,33.999449,-117.415831,,0.0001,,0.0040999999999999,,,,
32896,Riverside - Rubidoux,2023-06-06 08:00:00+00:00,33.999449,-117.415831,,0.0,,0.0046,,,,
32896,Riverside - Rubidoux,2023-06-06 09:00:00+00:00,33.999449,-117.415831,,0.0,,0.0042,,,,
32896,Riverside - Rubidoux,2023-06-06 10:00:00+00:00,33.999449,-117.415831,,0.0,,0.003,,,,
32896,Riverside - Rubidoux,2023-06-06 11:00:00+00:00,33.999449,-117.415831,,0.0,,0.0032,,,,
32896,Riverside - Rubidoux,2023-06-06 12:00:00+00:00,33.999449,-117.415831,,0.0,,0.0033,,,,
32896,Riverside - Rubidoux,2023-06-06 13:00:00+00:00,33.999449,-117.415831,,0.0001,,0.0057,,,,
32896,Riverside - Rubidoux,2023-06-06 14:00:00+00:00,33.999449,-117.415831,,0.0001,,0.0063,,,,
32896,Riverside - Rubidoux,2023-06-06 15:00:00+00:00,33.999449,-117.415831,,0.0002,,0.0069,,,,
32896,Riverside - Rubidoux,2023-06-06 16:00:00+00:00,33.999449,-117.415831,,0.0006,,0.0076,,,,
32896,Riverside - Rubidoux,2023-06-06 17:00:00+00:00,33.999449,-117.415831,,0.0007,,0.0059,,,,
32896,Riverside - Rubidoux,2023-06-06 18:00:00+00:00,33.999449,-117.415831,,0.0007,,0.0044,,,,
32896,Riverside - Rubidoux,2023-06-06 19:00:00+00:00,33.999449,-117.415831,,0.0003,,0.0028,,,,
32896,Riverside - Rubidoux,2023-06-06 20:00:00+00:00,33.999449,-117.415831,,0.0002,,0.0022,,,,
32896,Riverside - Rubidoux,2023-06-06 21:00:00+00:00,33.999449,-117.415831,,0.0002,,0.0024,,,,
32896,Riverside - Rubidoux,2023-06-06 22:00:00+00:00,33.999449,-117.415831,,0.0004,,0.0029,,,,
32896,Riverside - Rubidoux,2023-06-06 23:00:00+00:00,33.999449,-117.415831,,0.0002,,0.0025,,,,
32896,Riverside - Rubidoux,2023-06-07 00:00:00+00:00,33.999449,-117.415831,,0.0001,,0.0026,,,,
32896,Riverside - Rubidoux,2023-06-07 01:00:00+00:00,33.999449,-117.415831,,0.0002,,0.0029,,,,
32896,Riverside - Rubidoux,2023-06-07 02:00:00+00:00,33.999449,-117.415831,,0.0002,,0.0027,,,,
32896,Riverside - Rubidoux,2023-06-07 03:00:00+00:00,33.999449,-117.415831,,0.0,,0.0032,,,,
32896,Riverside - Rubidoux,2023-06-07 04:00:00+00:00,33.999449,-117.415831,,0.0,,0.0034,,,,
32896,Riverside - Rubidoux,2023-06-07 05:00:00+00:00,33.999449,-117.415831,,0.0,,0.0033,,,,
32896,Riverside - Rubidoux,2023-06-07 06:00:00+00:00,33.999449,-117.415831,,0.0,,0.0037,,,,
32896,Riverside - Rubidoux,2023-06-07 07:00:00+00:00,33.999449,-117.415831,,0.0,,0.0028,,,,
32896,Riverside - Rubidoux,2023-06-07 08:00:00+00:00,33.999449,-117.415831,,0.0,,0.0039,,,,
32896,Riverside - Rubidoux,2023-06-07 09:00:00+00:00,33.999449,-117.415831,,0.0,,0.0028,,,,
32896,Riverside - Rubidoux,2023-06-07 10:00:00+00:00,33.999449,-117.415831,,0.0,,0.0035,,,,
32896,Riverside - Rubidoux,2023-06-07 11:00:00+00:00,33.999449,-117.415831,,0.0,,0.0033,,,,
32896,Riverside - Rubidoux,2023-06-07 12:00:00+00:00,33.999449,-117.415831,,0.0,,0.0032,,,,
32896,Riverside - Rubidoux,2023-06-07 13:00:00+00:00,33.999449,-117.415831,,0.0001,,0.0068,,,,
32896,Riverside - Rubidoux,2023-06-07 14:00:00+00:00,33.999449,-117.415831,,0.0005,,0.0101,,,,
32896,Riverside - Rubidoux,2023-06-07 15:00:00+00:00,33.999449,-117.415831,,0.001,,0.01,,,,
32896,Riverside - Rubidoux,2023-06-07 16:00:00+00:00,33.999449,-117.415831,,0.0013,,0.0098,,,,
32896,Riverside - Rubidoux,2023-06-07 17:00:00+00:00,33.999449,-117.415831,,0.0012,,0.0062,,,,
32896,Riverside - Rubidoux,2023-06-07 18:00:00+00:00,33.999449,-117.415831,,0.0008,,0.0046,,,,
32896,Riverside - Rubidoux,2023-06-07 19:00:00+00:00,33.999449,-117.415831,,0.0006,,0.0034,,,,
32896,Riverside - Rubidoux,2023-06-07 20:00:00+00:00,33.999449,-117.415831,,0.0004,,0.0031,,,,
32896,Riverside - Rubidoux,2023-06-07 21:00:00+00:00,33.999449,-117.415831,,0.0002,,0.0024,,,,
32896,Riverside - Rubidoux,2023-06-07 22:00:00+00:00,33.999449,-117.415831,,0.0003,,0.0027,,,,
32896,Riverside - Rubidoux,2023-06-07 23:00:00+00:00,33.999449,-117.415831,,0.0003,,0.0032,,,,
32896,Riverside - Rubidoux,2023-06-08 00:00:00+00:00,33.999449,-117.415831,,0.0001,,0.0027,,,,
32896,Riverside - Rubidoux,2023-06-08 01:00:00+00:00,33.999449,-117.415831,,0.0001,,0.0027,,,,
32896,Riverside - Rubidoux,2023-06-08 02:00:00+00:00,33.999449,-117.415831,,0.0001,,0.0033,,,,
32896,Riverside - Rubidoux,2023-06-08 03:00:00+00:00,33.999449,-117.415831,,0.0,,0.0038,,,,
32896,Riverside - Rubidoux,2023-06-08 04:00:00+00:00,33.999449,-117.415831,,0.0,,0.0047,,,,
32896,Riverside - Rubidoux,2023-06-08 05:00:00+00:00,33.999449,-117.415831,,0.0,,0.0050999999999999,,,,
32896,Riverside - Rubidoux,2023-06-08 06:00:00+00:00,33.999449,-117.415831,,0.0,,0.0060999999999999,,,,
32896,Riverside - Rubidoux,2023-06-08 07:00:00+00:00,33.999449,-117.415831,,0.0,,0.0078,,,,
32896,Riverside - Rubidoux,2023-06-08 08:00:00+00:00,33.999449,-117.415831,,0.0,,0.0111,,,,
32896,Riverside - Rubidoux,2023-06-08 09:00:00+00:00,33.999449,-117.415831,,0.0002,,0.0101999999999999,,,,
32896,Riverside - Rubidoux,2023-06-08 10:00:00+00:00,33.999449,-117.415831,,0.0003,,0.0113,,,,
32896,Riverside - Rubidoux,2023-06-08 11:00:00+00:00,33.999449,-117.415831,,0.0003,,0.0111,,,,
32896,Riverside - Rubidoux,2023-06-08 12:00:00+00:00,33.999449,-117.415831,,0.0059,,0.0283,,,,
32896,Riverside - Rubidoux,2023-06-08 13:00:00+00:00,33.999449,-117.415831,,0.0016,,0.0141999999999999,,,,
32896,Riverside - Rubidoux,2023-06-08 14:00:00+00:00,33.999449,-117.415831,,0.0022,,0.0134,,,,
32896,Riverside - Rubidoux,2023-06-08 15:00:00+00:00,33.999449,-117.415831,,0.002,,0.0099,,,,
32896,Riverside - Rubidoux,2023-06-08 16:00:00+00:00,33.999449,-117.415831,,0.0014,,0.0076,,,,
32896,Riverside - Rubidoux,2023-06-08 17:00:00+00:00,33.999449,-117.415831,,0.0013,,0.0077,,,,
32896,Riverside - Rubidoux,2023-06-08 18:00:00+00:00,33.999449,-117.415831,,0.001,,0.0066,,,,
32896,Riverside - Rubidoux,2023-06-08 19:00:00+00:00,33.999449,-117.415831,,0.0019,,0.0081999999999999,,,,
32896,Riverside - Rubidoux,2023-06-08 20:00:00+00:00,33.999449,-117.415831,,0.0015,,0.008,,,,
32896,Riverside - Rubidoux,2023-06-08 21:00:00+00:00,33.999449,-117.415831,,0.001,,0.0062,,,,
32896,Riverside - Rubidoux,2023-06-08 22:00:00+00:00,33.999449,-117.415831,,0.0007,,0.0057,,,,
32896,Riverside - Rubidoux,2023-06-08 23:00:00+00:00,33.999449,-117.415831,,0.0003,,0.0050999999999999,,,,
32896,Riverside - Rubidoux,2023-06-09 00:00:00+00:00,33.999449,-117.415831,,0.0004,,0.0060999999999999,,,,
32896,Riverside - Rubidoux,2023-06-09 01:00:00+00:00,33.999449,-117.415831,,0.0002,,0.005,,,,
32896,Riverside - Rubidoux,2023-06-09 02:00:00+00:00,33.999449,-117.415831,,0.0001,,0.0047,,,,
32896,Riverside - Rubidoux,2023-06-09 03:00:00+00:00,33.999449,-117.415831,,0.0001,,0.0048,,,,
32896,Riverside - Rubidoux,2023-06-09 04:00:00+00:00,33.999449,-117.415831,,0.0,,0.0049,,,,
32896,Riverside - Rubidoux,2023-06-09 05:00:00+00:00,33.999449,-117.415831,,0.0,,0.0054,,,,
32896,Riverside - Rubidoux,2023-06-09 06:00:00+00:00,33.999449,-117.415831,,0.0,,0.0065,,,,
32896,Riverside - Rubidoux,2023-06-09 07:00:00+00:00,33.999449,-117.415831,,0.0001,,0.0066,,,,
32896,Riverside - Rubidoux,2023-06-09 08:00:00+00:00,33.999449,-117.415831,,0.0,,0.0078,,,,
32896,Riverside - Rubidoux,2023-06-09 09:00:00+00:00,33.999449,-117.415831,,0.0,,0.0068,,,,
32896,Riverside - Rubidoux,2023-06-09 10:00:00+00:00,33.999449,-117.415831,,0.0001,,0.01,,,,
32896,Riverside - Rubidoux,2023-06-09 11:00:00+00:00,33.999449,-117.415831,,0.0001,,0.0088,,,,
32896,Riverside - Rubidoux,2023-06-09 12:00:00+00:00,33.999449,-117.415831,,0.0,,0.0074,,,,
32896,Riverside - Rubidoux,2023-06-09 13:00:00+00:00,33.999449,-117.415831,,0.0002,,0.0066,,,,
32896,Riverside - Rubidoux,2023-06-09 14:00:00+00:00,33.999449,-117.415831,,0.0002,,0.0063,,,,
32896,Riverside - Rubidoux,2023-06-09 15:00:00+00:00,33.999449,-117.415831,,0.0003,,0.0056,,,,
32896,Riverside - Rubidoux,2023-06-09 16:00:00+00:00,33.999449,-117.415831,,0.0005,,0.0056,,,,
32896,Riverside - Rubidoux,2023-06-09 17:00:00+00:00,33.999449,-117.415831,,0.0008,,0.006,,,,
32896,Riverside - Rubidoux,2023-06-09 18:00:00+00:00,33.999449,-117.415831,,0.0005,,0.0047,,,,
32896,Riverside - Rubidoux,2023-06-09 19:00:00+00:00,33.999449,-117.415831,,0.0006,,0.005,,,,
32896,Riverside - Rubidoux,2023-06-09 20:00:00+00:00,33.999449,-117.415831,,0.0007,,0.0057,,,,
32896,Riverside - Rubidoux,2023-06-09 21:00:00+00:00,33.999449,-117.415831,,0.0008,,0.0059,,,,
32896,Riverside - Rubidoux,2023-06-09 22:00:00+00:00,33.999449,-117.415831,,0.0009,,0.0067,,,,
32896,Riverside - Rubidoux,2023-06-09 23:00:00+00:00,33.999449,-117.415831,,0.0007,,0.0065,,,,
32896,Riverside - Rubidoux,2023-06-10 00:00:00+00:00,33.999449,-117.415831,,0.001,,0.0086,,,,
32896,Riverside - Rubidoux,2023-06-10 01:00:00+00:00,33.999449,-117.415831,,0.0011,,0.0096999999999999,,,,
32896,Riverside - Rubidoux,2023-06-10 02:00:00+00:00,33.999449,-117.415831,,0.0005,,0.0081,,,,
32896,Riverside - Rubidoux,2023-06-10 03:00:00+00:00,33.999449,-117.415831,,0.0001,,0.0070999999999999,,,,
32896,Riverside - Rubidoux,2023-06-10 04:00:00+00:00,33.999449,-117.415831,,0.0,,0.0068,,,,
32896,Riverside - Rubidoux,2023-06-10 05:00:00+00:00,33.999449,-117.415831,,0.0,,0.0062,,,,
32896,Riverside - Rubidoux,2023-06-10 06:00:00+00:00,33.999449,-117.415831,,0.0,,0.0063,,,,
32896,Riverside - Rubidoux,2023-06-10 07:00:00+00:00,33.999449,-117.415831,,0.0,,0.0069,,,,
32896,Riverside - Rubidoux,2023-06-10 08:00:00+00:00,33.999449,-117.415831,,0.0,,0.0072,,,,
32896,Riverside - Rubidoux,2023-06-10 09:00:00+00:00,33.999449,-117.415831,,0.0002,,0.0076,,,,
32896,Riverside - Rubidoux,2023-06-10 10:00:00+00:00,33.999449,-117.415831,,0.0001,,0.0074,,,,
32896,Riverside - Rubidoux,2023-06-10 11:00:00+00:00,33.999449,-117.415831,,0.0001,,0.0058,,,,
32896,Riverside - Rubidoux,2023-06-10 12:00:00+00:00,33.999449,-117.415831,,0.0,,0.0049,,,,
32896,Riverside - Rubidoux,2023-06-10 13:00:00+00:00,33.999449,-117.415831,,0.0002,,0.0058,,,,
32896,Riverside - Rubidoux,2023-06-10 14:00:00+00:00,33.999449,-117.415831,,0.0001,,0.0048,,,,
32896,Riverside - Rubidoux,2023-06-10 15:00:00+00:00,33.999449,-117.415831,,0.0004,,0.0065,,,,
32896,Riverside - Rubidoux,2023-06-10 16:00:00+00:00,33.999449,-117.415831,,0.0003,,0.0053,,,,
32896,Riverside - Rubidoux,2023-06-10 17:00:00+00:00,33.999449,-117.415831,,0.0006,,0.006,,,,
32896,Riverside - Rubidoux,2023-06-10 18:00:00+00:00,33.999449,-117.415831,,0.001,,0.0069,,,,
32896,Riverside - Rubidoux,2023-06-10 19:00:00+00:00,33.999449,-117.415831,,0.0006,,0.0065,,,,
32896,Riverside - Rubidoux,2023-06-10 20:00:00+00:00,33.999449,-117.415831,,0.0009,,0.0064,,,,
32896,Riverside - Rubidoux,2023-06-10 21:00:00+00:00,33.999449,-117.415831,,0.0009,,0.0070999999999999,,,,
32896,Riverside - Rubidoux,2023-06-10 22:00:00+00:00,33.999449,-117.415831,,0.0002,,0.0046,,,,
32896,Riverside - Rubidoux,2023-06-10 23:00:00+00:00,33.999449,-117.415831,,0.0003,,0.0049,,,,
32896,Riverside - Rubidoux,2023-06-11 00:00:00+00:00,33.999449,-117.415831,,0.0002,,0.0043,,,,
32896,Riverside - Rubidoux,2023-06-11 01:00:00+00:00,33.999449,-117.415831,,0.0,,0.0042,,,,
32896,Riverside - Rubidoux,2023-06-11 02:00:00+00:00,33.999449,-117.415831,,0.0001,,0.0042,,,,
32896,Riverside - Rubidoux,2023-06-11 03:00:00+00:00,33.999449,-117.415831,,0.0001,,0.0037,,,,
32896,Riverside - Rubidoux,2023-06-11 04:00:00+00:00,33.999449,-117.415831,,0.0,,0.0037,,,,
32896,Riverside - Rubidoux,2023-06-11 05:00:00+00:00,33.999449,-117.415831,,-0.0001,,0.0037,,,,
32896,Riverside - Rubidoux,2023-06-11 06:00:00+00:00,33.999449,-117.415831,,0.0,,0.003,,,,
32896,Riverside - Rubidoux,2023-06-11 07:00:00+00:00,33.999449,-117.415831,,0.0,,0.003,,,,
32896,Riverside - Rubidoux,2023-06-11 08:00:00+00:00,33.999449,-117.415831,,0.0,,0.0027,,,,
32896,Riverside - Rubidoux,2023-06-11 09:00:00+00:00,33.999449,-117.415831,,0.0,,0.0021,,,,
32896,Riverside - Rubidoux,2023-06-11 10:00:00+00:00,33.999449,-117.415831,,0.0,,0.0022,,,,
32896,Riverside - Rubidoux,2023-06-11 11:00:00+00:00,33.999449,-117.415831,,0.0,,0.0018,,,,
32896,Riverside - Rubidoux,2023-06-11 12:00:00+00:00,33.999449,-117.415831,,0.0,,0.0021,,,,
32896,Riverside - Rubidoux,2023-06-11 13:00:00+00:00,33.999449,-117.415831,,0.0001,,0.003,,,,
32896,Riverside - Rubidoux,2023-06-11 14:00:00+00:00,33.999449,-117.415831,,0.0,,0.0037,,,,
32896,Riverside - Rubidoux,2023-06-11 15:00:00+00:00,33.999449,-117.415831,,0.0002,,0.0047,,,,
32896,Riverside - Rubidoux,2023-06-11 16:00:00+00:00,33.999449,-117.415831,,0.0001,,0.0025,,,,
32896,Riverside - Rubidoux,2023-06-11 17:00:00+00:00,33.999449,-117.415831,,0.0005,,0.0040999999999999,,,,
32896,Riverside - Rubidoux,2023-06-11 18:00:00+00:00,33.999449,-117.415831,,0.0009,,0.005,,,,
32896,Riverside - Rubidoux,2023-06-11 19:00:00+00:00,33.999449,-117.415831,,0.0006,,0.0036,,,,
32896,Riverside - Rubidoux,2023-06-11 20:00:00+00:00,33.999449,-117.415831,,0.0005,,0.0034,,,,
32896,Riverside - Rubidoux,2023-06-11 21:00:00+00:00,33.999449,-117.415831,,0.0003,,0.0028,,,,
32896,Riverside - Rubidoux,2023-06-11 22:00:00+00:00,33.999449,-117.415831,,0.0002,,0.0018,,,,
32896,Riverside - Rubidoux,2023-06-11 23:00:00+00:00,33.999449,-117.415831,,0.0001,,0.0018,,,,
32896,Riverside - Rubidoux,2023-06-12 00:00:00+00:00,33.999449,-117.415831,,0.0001,,0.0018,,,,
32896,Riverside - Rubidoux,2023-06-12 01:00:00+00:00,33.999449,-117.415831,,0.0001,,0.0018,,,,
32896,Riverside - Rubidoux,2023-06-12 02:00:00+00:00,33.999449,-117.415831,,0.0001,,0.0024,,,,
32896,Riverside - Rubidoux,2023-06-12 03:00:00+00:00,33.999449,-117.415831,,0.0001,,0.0028,,,,
32896,Riverside - Rubidoux,2023-06-12 04:00:00+00:00,33.999449,-117.415831,,0.0,,0.0025,,,,
32896,Riverside - Rubidoux,2023-06-12 05:00:00+00:00,33.999449,-117.415831,,0.0,,0.0027,,,,
32896,Riverside - Rubidoux,2023-06-12 06:00:00+00:00,33.999449,-117.415831,,0.0,,0.0023,,,,
32896,Riverside - Rubidoux,2023-06-12 07:00:00+00:00,33.999449,-117.415831,,0.0,,0.0021,,,,
32896,Riverside - Rubidoux,2023-06-12 08:00:00+00:00,33.999449,-117.415831,,0.0,,0.0023,,,,
32896,Riverside - Rubidoux,2023-06-12 09:00:00+00:00,33.999449,-117.415831,,0.0001,,0.0024,,,,
32896,Riverside - Rubidoux,2023-06-12 10:00:00+00:00,33.999449,-117.415831,,0.0,,0.0029,,,,
32896,Riverside - Rubidoux,2023-06-12 11:00:00+00:00,33.999449,-117.415831,,0.0,,0.0023,,,,
32896,Riverside - Rubidoux,2023-06-12 12:00:00+00:00,33.999449,-117.415831,,0.0,,0.0025,,,,
32896,Riverside - Rubidoux,2023-06-12 13:00:00+00:00,33.999449,-117.415831,,0.0,,0.0023,,,,
32896,Riverside - Rubidoux,2023-06-12 14:00:00+00:00,33.999449,-117.415831,,0.0,,0.0034,,,,
32896,Riverside - Rubidoux,2023-06-12 15:00:00+00:00,33.999449,-117.415831,,0.0003,,0.0045,,,,
32896,Riverside - Rubidoux,2023-06-12 16:00:00+00:00,33.999449,-117.415831,,0.0008,,0.0062,,,,
32896,Riverside - Rubidoux,2023-06-12 17:00:00+00:00,33.999449,-117.415831,,0.001,,0.0050999999999999,,,,
32896,Riverside - Rubidoux,2023-06-12 18:00:00+00:00,33.999449,-117.415831,,0.0004,,0.0027,,,,
32896,Riverside - Rubidoux,2023-06-12 19:00:00+00:00,33.999449,-117.415831,,0.0004,,0.0027,,,,
32896,Riverside - Rubidoux,2023-06-12 20:00:00+00:00,33.999449,-117.415831,,0.0003,,0.0032,,,,
32896,Riverside - Rubidoux,2023-06-12 21:00:00+00:00,33.999449,-117.415831,,0.0005,,0.0042,,,,
32896,Riverside - Rubidoux,2023-06-12 22:00:00+00:00,33.999449,-117.415831,,0.0009,,0.0072,,,,
32896,Riverside - Rubidoux,2023-06-12 23:00:00+00:00,33.999449,-117.415831,,0.0004,,0.0052,,,,
32896,Riverside - Rubidoux,2023-06-13 00:00:00+00:00,33.999449,-117.415831,,0.0006,,0.0065,,,,
32896,Riverside - Rubidoux,2023-06-13 01:00:00+00:00,33.999449,-117.415831,,0.0006,,0.0063,,,,
32896,Riverside - Rubidoux,2023-06-13 02:00:00+00:00,33.999449,-117.415831,,0.0002,,0.0056,,,,
32896,Riverside - Rubidoux,2023-06-13 03:00:00+00:00,33.999449,-117.415831,,0.0002,,0.0057,,,,
32896,Riverside - Rubidoux,2023-06-13 04:00:00+00:00,33.999449,-117.415831,,0.0001,,0.0060999999999999,,,,
32896,Riverside - Rubidoux,2023-06-13 05:00:00+00:00,33.999449,-117.415831,,0.0001,,0.0053,,,,
32896,Riverside - Rubidoux,2023-06-13 06:00:00+00:00,33.999449,-117.415831,,0.0,,0.0047,,,,
32896,Riverside - Rubidoux,2023-06-13 07:00:00+00:00,33.999449,-117.415831,,0.0,,0.0044,,,,
32896,Riverside - Rubidoux,2023-06-13 08:00:00+00:00,33.999449,-117.415831,,0.0,,0.0049,,,,
32896,Riverside - Rubidoux,2023-06-13 09:00:00+00:00,33.999449,-117.415831,,0.0,,0.0039,,,,
32896,Riverside - Rubidoux,2023-06-13 10:00:00+00:00,33.999449,-117.415831,,0.0,,0.004,,,,
32896,Riverside - Rubidoux,2023-06-13 11:00:00+00:00,33.999449,-117.415831,,0.0,,0.0048,,,,
32896,Riverside - Rubidoux,2023-06-13 12:00:00+00:00,33.999449,-117.415831,,0.0,,0.0056,,,,
32896,Riverside - Rubidoux,2023-06-13 13:00:00+00:00,33.999449,-117.415831,,0.0002,,0.0065,,,,
32896,Riverside - Rubidoux,2023-06-13 14:00:00+00:00,33.999449,-117.415831,,0.0011,,0.0096,,,,
32896,Riverside - Rubidoux,2023-06-13 15:00:00+00:00,33.999449,-117.415831,,0.0013,,0.0109,,,,
32896,Riverside - Rubidoux,2023-06-13 16:00:00+00:00,33.999449,-117.415831,,0.0015,,0.0091,,,,
32896,Riverside - Rubidoux,2023-06-13 17:00:00+00:00,33.999449,-117.415831,,0.0013,,0.0072,,,,
32896,Riverside - Rubidoux,2023-06-13 18:00:00+00:00,33.999449,-117.415831,,0.0013,,0.0079,,,,
32896,Riverside - Rubidoux,2023-06-13 21:00:00+00:00,33.999449,-117.415831,,0.0014,,0.0078,,,,
32896,Riverside - Rubidoux,2023-06-13 22:00:00+00:00,33.999449,-117.415831,,0.0007,,0.0056,,,,
32896,Riverside - Rubidoux,2023-06-13 23:00:00+00:00,33.999449,-117.415831,,0.0002,,0.0040999999999999,,,,
32896,Riverside - Rubidoux,2023-06-14 00:00:00+00:00,33.999449,-117.415831,,0.0003,,0.0049,,,,
32896,Riverside - Rubidoux,2023-06-14 01:00:00+00:00,33.999449,-117.415831,,0.0004,,0.0062,,,,
32896,Riverside - Rubidoux,2023-06-14 02:00:00+00:00,33.999449,-117.415831,,0.0002,,0.0067,,,,
32896,Riverside - Rubidoux,2023-06-14 03:00:00+00:00,33.999449,-117.415831,,0.0001,,0.0066,,,,
32896,Riverside - Rubidoux,2023-06-14 04:00:00+00:00,33.999449,-117.415831,,0.0,,0.0067,,,,
32896,Riverside - Rubidoux,2023-06-14 05:00:00+00:00,33.999449,-117.415831,,0.0,,0.006,,,,
32896,Riverside - Rubidoux,2023-06-14 06:00:00+00:00,33.999449,-117.415831,,0.0,,0.0068,,,,
32896,Riverside - Rubidoux,2023-06-14 07:00:00+00:00,33.999449,-117.415831,,0.0001,,0.0070999999999999,,,,
32896,Riverside - Rubidoux,2023-06-14 08:00:00+00:00,33.999449,-117.415831,,0.0,,0.0075,,,,
32896,Riverside - Rubidoux,2023-06-14 09:00:00+00:00,33.999449,-117.415831,,0.0001,,0.0083,,,,
32896,Riverside - Rubidoux,2023-06-14 10:00:00+00:00,33.999449,-117.415831,,0.0003,,0.0096999999999999,,,,
32896,Riverside - Rubidoux,2023-06-14 11:00:00+00:00,33.999449,-117.415831,,0.0001,,0.0083,,,,
32896,Riverside - Rubidoux,2023-06-14 12:00:00+00:00,33.999449,-117.415831,,0.0001,,0.0074,,,,
32896,Riverside - Rubidoux,2023-06-14 13:00:00+00:00,33.999449,-117.415831,,0.0002,,0.0073,,,,
32896,Riverside - Rubidoux,2023-06-14 14:00:00+00:00,33.999449,-117.415831,,0.0005,,0.0088,,,,
32896,Riverside - Rubidoux,2023-06-14 15:00:00+00:00,33.999449,-117.415831,,0.0007,,0.0087,,,,
32896,Riverside - Rubidoux,2023-06-14 16:00:00+00:00,33.999449,-117.415831,,0.0008,,0.0076,,,,
32896,Riverside - Rubidoux,2023-06-14 17:00:00+00:00,33.999449,-117.415831,,0.001,,0.0070999999999999,,,,
32896,Riverside - Rubidoux,2023-06-14 18:00:00+00:00,33.999449,-117.415831,,0.0005,,0.0047,,,,
32896,Riverside - Rubidoux,2023-06-14 19:00:00+00:00,33.999449,-117.415831,,0.0003,,0.0042,,,,
32896,Riverside - Rubidoux,2023-06-14 20:00:00+00:00,33.999449,-117.415831,,0.0008,,0.0058,,,,
32896,Riverside - Rubidoux,2023-06-14 21:00:00+00:00,33.999449,-117.415831,,0.0009,,0.0060999999999999,,,,
32896,Riverside - Rubidoux,2023-06-14 22:00:00+00:00,33.999449,-117.415831,,0.0007,,0.0063,,,,
32896,Riverside - Rubidoux,2023-06-14 23:00:00+00:00,33.999449,-117.415831,,0.0007,,0.0063,,,,
32896,Riverside - Rubidoux,2023-06-15 00:00:00+00:00,33.999449,-117.415831,,0.0009,,0.0083,,,,
32896,Riverside - Rubidoux,2023-06-15 01:00:00+00:00,33.999449,-117.415831,,0.0011,,0.0101,,,,
32896,Riverside - Rubidoux,2023-06-15 02:00:00+00:00,33.999449,-117.415831,,0.0007,,0.0101999999999999,,,,
32896,Riverside - Rubidoux,2023-06-15 03:00:00+00:00,33.999449,-117.415831,,0.0001,,0.01,,,,
32896,Riverside - Rubidoux,2023-06-15 04:00:00+00:00,33.999449,-117.415831,,0.0,,0.0125,,,,
32896,Riverside - Rubidoux,2023-06-15 05:00:00+00:00,33.999449,-117.415831,,0.0,,0.0107,,,,
32896,Riverside - Rubidoux,2023-06-15 06:00:00+00:00,33.999449,-117.415831,,0.0,,0.0081,,,,
32896,Riverside - Rubidoux,2023-06-15 07:00:00+00:00,33.999449,-117.415831,,0.0001,,0.0074,,,,
32896,Riverside - Rubidoux,2023-06-15 08:00:00+00:00,33.999449,-117.415831,,0.0,,0.0057,,,,
32896,Riverside - Rubidoux,2023-06-15 09:00:00+00:00,33.999449,-117.415831,,0.0002,,0.0059,,,,
32896,Riverside - Rubidoux,2023-06-15 10:00:00+00:00,33.999449,-117.415831,,0.0,,0.0064,,,,
32896,Riverside - Rubidoux,2023-06-15 11:00:00+00:00,33.999449,-117.415831,,0.0,,0.0088,,,,
32896,Riverside - Rubidoux,2023-06-15 12:00:00+00:00,33.999449,-117.415831,,0.0,,0.0085,,,,
32896,Riverside - Rubidoux,2023-06-15 13:00:00+00:00,33.999449,-117.415831,,0.0,,0.0068,,,,
32896,Riverside - Rubidoux,2023-06-15 14:00:00+00:00,33.999449,-117.415831,,0.0001,,0.0049,,,,
32896,Riverside - Rubidoux,2023-06-15 15:00:00+00:00,33.999449,-117.415831,,0.0003,,0.0063,,,,
32896,Riverside - Rubidoux,2023-06-15 16:00:00+00:00,33.999449,-117.415831,,0.0008,,0.0075,,,,
32896,Riverside - Rubidoux,2023-06-15 17:00:00+00:00,33.999449,-117.415831,,0.0012,,0.0089,,,,
32896,Riverside - Rubidoux,2023-06-15 18:00:00+00:00,33.999449,-117.415831,,0.0016,,0.0072,,,,
32896,Riverside - Rubidoux,2023-06-15 19:00:00+00:00,33.999449,-117.415831,,0.0008,,0.0057,,,,
32896,Riverside - Rubidoux,2023-06-15 20:00:00+00:00,33.999449,-117.415831,,0.0006,,0.0050999999999999,,,,
32896,Riverside - Rubidoux,2023-06-15 21:00:00+00:00,33.999449,-117.415831,,0.0007,,0.0050999999999999,,,,
32896,Riverside - Rubidoux,2023-06-15 22:00:00+00:00,33.999449,-117.415831,,0.0006,,0.0052,,,,
32896,Riverside - Rubidoux,2023-06-15 23:00:00+00:00,33.999449,-117.415831,,0.0009,,0.0066,,,,
32896,Riverside - Rubidoux,2023-06-16 00:00:00+00:00,33.999449,-117.415831,,0.0008,,0.0072,,,,
32896,Riverside - Rubidoux,2023-06-16 01:00:00+00:00,33.999449,-117.415831,,0.0005,,0.006,,,,
32896,Riverside - Rubidoux,2023-06-16 02:00:00+00:00,33.999449,-117.415831,,0.0002,,0.0054,,,,
32896,Riverside - Rubidoux,2023-06-16 03:00:00+00:00,33.999449,-117.415831,,0.0,,0.005,,,,
32896,Riverside - Rubidoux,2023-06-16 04:00:00+00:00,33.999449,-117.415831,,0.0,,0.0058,,,,
32896,Riverside - Rubidoux,2023-06-16 05:00:00+00:00,33.999449,-117.415831,,0.0,,0.0057,,,,
32896,Riverside - Rubidoux,2023-06-16 06:00:00+00:00,33.999449,-117.415831,,0.0,,0.0063,,,,
32896,Riverside - Rubidoux,2023-06-16 07:00:00+00:00,33.999449,-117.415831,,0.0001,,0.0098,,,,
32896,Riverside - Rubidoux,2023-06-16 08:00:00+00:00,33.999449,-117.415831,,0.0001,,0.0077,,,,
32896,Riverside - Rubidoux,2023-06-16 09:00:00+00:00,33.999449,-117.415831,,0.0001,,0.0081,,,,
32896,Riverside - Rubidoux,2023-06-16 10:00:00+00:00,33.999449,-117.415831,,0.0001,,0.0088,,,,
32896,Riverside - Rubidoux,2023-06-16 11:00:00+00:00,33.999449,-117.415831,,0.0002,,0.0077,,,,
32896,Riverside - Rubidoux,2023-06-16 12:00:00+00:00,33.999449,-117.415831,,0.0002,,0.0077,,,,
32896,Riverside - Rubidoux,2023-06-16 13:00:00+00:00,33.999449,-117.415831,,0.0002,,0.0084,,,,
32896,Riverside - Rubidoux,2023-06-16 14:00:00+00:00,33.999449,-117.415831,,0.0004,,0.0095,,,,
32896,Riverside - Rubidoux,2023-06-16 15:00:00+00:00,33.999449,-117.415831,,0.0011,,0.0123,,,,
32896,Riverside - Rubidoux,2023-06-16 16:00:00+00:00,33.999449,-117.415831,,0.0015,,0.0113,,,,
32896,Riverside - Rubidoux,2023-06-16 17:00:00+00:00,33.999449,-117.415831,,0.0015,,0.0085,,,,
32896,Riverside - Rubidoux,2023-06-16 18:00:00+00:00,33.999449,-117.415831,,0.0008,,0.0059,,,,
32896,Riverside - Rubidoux,2023-06-16 19:00:00+00:00,33.999449,-117.415831,,0.0015,,0.0078,,,,
32896,Riverside - Rubidoux,2023-06-16 20:00:00+00:00,33.999449,-117.415831,,0.0015,,0.0085,,,,
32896,Riverside - Rubidoux,2023-06-16 21:00:00+00:00,33.999449,-117.415831,,0.0016,,0.0103,,,,
32896,Riverside - Rubidoux,2023-06-16 23:00:00+00:00,33.999449,-117.415831,,0.0007,,0.0076,,,,
32896,Riverside - Rubidoux,2023-06-17 00:00:00+00:00,33.999449,-117.415831,,0.0004,,0.0062,,,,
32896,Riverside - Rubidoux,2023-06-17 01:00:00+00:00,33.999449,-117.415831,,0.0003,,0.008,,,,
32896,Riverside - Rubidoux,2023-06-17 02:00:00+00:00,33.999449,-117.415831,,0.0002,,0.0083,,,,
32896,Riverside - Rubidoux,2023-06-17 03:00:00+00:00,33.999449,-117.415831,,0.0,,0.0078,,,,
32896,Riverside - Rubidoux,2023-06-17 04:00:00+00:00,33.999449,-117.415831,,0.0001,,0.0078,,,,
32896,Riverside - Rubidoux,2023-06-17 05:00:00+00:00,33.999449,-117.415831,,0.0,,0.0078,,,,
32896,Riverside - Rubidoux,2023-06-17 06:00:00+00:00,33.999449,-117.415831,,0.0,,0.0091,,,,
32896,Riverside - Rubidoux,2023-06-17 07:00:00+00:00,33.999449,-117.415831,,0.0001,,0.0075,,,,
32896,Riverside - Rubidoux,2023-06-17 08:00:00+00:00,33.999449,-117.415831,,0.0,,0.0081999999999999,,,,
32896,Riverside - Rubidoux,2023-06-17 09:00:00+00:00,33.999449,-117.415831,,0.0001,,0.009,,,,
32896,Riverside - Rubidoux,2023-06-17 10:00:00+00:00,33.999449,-117.415831,,0.0001,,0.0118,,,,
32896,Riverside - Rubidoux,2023-06-17 11:00:00+00:00,33.999449,-117.415831,,0.0003,,0.0107,,,,
32896,Riverside - Rubidoux,2023-06-17 12:00:00+00:00,33.999449,-117.415831,,0.0003,,0.0105,,,,
32896,Riverside - Rubidoux,2023-06-17 13:00:00+00:00,33.999449,-117.415831,,0.0005,,0.0121999999999999,,,,
32896,Riverside - Rubidoux,2023-06-17 14:00:00+00:00,33.999449,-117.415831,,0.0023,,0.0155,,,,
32896,Riverside - Rubidoux,2023-06-17 15:00:00+00:00,33.999449,-117.415831,,0.0053,,0.0186999999999999,,,,
32896,Riverside - Rubidoux,2023-06-17 16:00:00+00:00,33.999449,-117.415831,,0.0064,,0.0211,,,,
32896,Riverside - Rubidoux,2023-06-17 17:00:00+00:00,33.999449,-117.415831,,0.0032,,0.0152,,,,
32896,Riverside - Rubidoux,2023-06-17 18:00:00+00:00,33.999449,-117.415831,,0.0011,,0.0089,,,,
32896,Riverside - Rubidoux,2023-06-17 19:00:00+00:00,33.999449,-117.415831,,0.0003,,0.0052,,,,
32896,Riverside - Rubidoux,2023-06-17 20:00:00+00:00,33.999449,-117.415831,,0.0001,,0.0046,,,,
32896,Riverside - Rubidoux,2023-06-17 21:00:00+00:00,33.999449,-117.415831,,0.0,,0.0043,,,,
32896,Riverside - Rubidoux,2023-06-17 22:00:00+00:00,33.999449,-117.415831,,0.0,,0.0039,,,,
32896,Riverside - Rubidoux,2023-06-17 23:00:00+00:00,33.999449,-117.415831,,0.0001,,0.0046,,,,
32896,Riverside - Rubidoux,2023-06-18 00:00:00+00:00,33.999449,-117.415831,,0.0001,,0.0050999999999999,,,,
32896,Riverside - Rubidoux,2023-06-18 01:00:00+00:00,33.999449,-117.415831,,0.0001,,0.0043,,,,
32896,Riverside - Rubidoux,2023-06-18 02:00:00+00:00,33.999449,-117.415831,,0.0,,0.0037,,,,
32896,Riverside - Rubidoux,2023-06-18 03:00:00+00:00,33.999449,-117.415831,,0.0,,0.0046,,,,
32896,Riverside - Rubidoux,2023-06-18 04:00:00+00:00,33.999449,-117.415831,,0.0,,0.0056,,,,
32896,Riverside - Rubidoux,2023-06-18 05:00:00+00:00,33.999449,-117.415831,,0.0,,0.0065,,,,
32896,Riverside - Rubidoux,2023-06-18 06:00:00+00:00,33.999449,-117.415831,,0.0,,0.0070999999999999,,,,
32896,Riverside - Rubidoux,2023-06-18 07:00:00+00:00,33.999449,-117.415831,,0.0,,0.0067,,,,
32896,Riverside - Rubidoux,2023-06-18 08:00:00+00:00,33.999449,-117.415831,,0.0001,,0.0063,,,,
32896,Riverside - Rubidoux,2023-06-18 09:00:00+00:00,33.999449,-117.415831,,0.0001,,0.0062,,,,
32896,Riverside - Rubidoux,2023-06-18 10:00:00+00:00,33.999449,-117.415831,,0.0001,,0.0050999999999999,,,,
32896,Riverside - Rubidoux,2023-06-18 11:00:00+00:00,33.999449,-117.415831,,0.0001,,0.0058,,,,
32896,Riverside - Rubidoux,2023-06-18 12:00:00+00:00,33.999449,-117.415831,,0.0001,,0.0069,,,,
32896,Riverside - Rubidoux,2023-06-18 13:00:00+00:00,33.999449,-117.415831,,0.0004,,0.0084,,,,
32896,Riverside - Rubidoux,2023-06-18 14:00:00+00:00,33.999449,-117.415831,,0.001,,0.0098,,,,
32896,Riverside - Rubidoux,2023-06-18 15:00:00+00:00,33.999449,-117.415831,,0.0022,,0.0106,,,,
32896,Riverside - Rubidoux,2023-06-18 16:00:00+00:00,33.999449,-117.415831,,0.0033,,0.0108,,,,
32896,Riverside - Rubidoux,2023-06-18 17:00:00+00:00,33.999449,-117.415831,,0.0019,,0.008,,,,
32896,Riverside - Rubidoux,2023-06-18 18:00:00+00:00,33.999449,-117.415831,,0.0007,,0.0053,,,,
32896,Riverside - Rubidoux,2023-06-18 19:00:00+00:00,33.999449,-117.415831,,0.0003,,0.0042,,,,
32896,Riverside - Rubidoux,2023-06-18 20:00:00+00:00,33.999449,-117.415831,,0.0001,,0.0034,,,,
32896,Riverside - Rubidoux,2023-06-18 21:00:00+00:00,33.999449,-117.415831,,0.0,,0.0028,,,,
32896,Riverside - Rubidoux,2023-06-18 22:00:00+00:00,33.999449,-117.415831,,0.0001,,0.0023,,,,
32896,Riverside - Rubidoux,2023-06-18 23:00:00+00:00,33.999449,-117.415831,,0.0,,0.0022,,,,
32896,Riverside - Rubidoux,2023-06-19 00:00:00+00:00,33.999449,-117.415831,,0.0,,0.0021,,,,
32896,Riverside - Rubidoux,2023-06-19 01:00:00+00:00,33.999449,-117.415831,,0.0001,,0.0024,,,,
32896,Riverside - Rubidoux,2023-06-19 02:00:00+00:00,33.999449,-117.415831,,0.0001,,0.0027,,,,
32896,Riverside - Rubidoux,2023-06-19 03:00:00+00:00,33.999449,-117.415831,,0.0001,,0.0035,,,,
32896,Riverside - Rubidoux,2023-06-19 04:00:00+00:00,33.999449,-117.415831,,0.0,,0.0035,,,,
32896,Riverside - Rubidoux,2023-06-19 05:00:00+00:00,33.999449,-117.415831,,0.0,,0.0035,,,,
32896,Riverside - Rubidoux,2023-06-19 06:00:00+00:00,33.999449,-117.415831,,0.0,,0.0036,,,,
32896,Riverside - Rubidoux,2023-06-19 07:00:00+00:00,33.999449,-117.415831,,0.0001,,0.0047,,,,
32896,Riverside - Rubidoux,2023-06-19 08:00:00+00:00,33.999449,-117.415831,,0.0,,0.0046,,,,
32896,Riverside - Rubidoux,2023-06-19 09:00:00+00:00,33.999449,-117.415831,,0.0001,,0.0034,,,,
32896,Riverside - Rubidoux,2023-06-19 10:00:00+00:00,33.999449,-117.415831,,0.0,,0.0037,,,,
32896,Riverside - Rubidoux,2023-06-19 11:00:00+00:00,33.999449,-117.415831,,0.0,,0.0047,,,,
32896,Riverside - Rubidoux,2023-06-19 12:00:00+00:00,33.999449,-117.415831,,0.0,,0.0043,,,,
32896,Riverside - Rubidoux,2023-06-19 13:00:00+00:00,33.999449,-117.415831,,0.0001,,0.0038,,,,
32896,Riverside - Rubidoux,2023-06-19 14:00:00+00:00,33.999449,-117.415831,,0.0001,,0.0044,,,,
32896,Riverside - Rubidoux,2023-06-19 15:00:00+00:00,33.999449,-117.415831,,0.0004,,0.0055,,,,
32896,Riverside - Rubidoux,2023-06-19 16:00:00+00:00,33.999449,-117.415831,,0.0007,,0.0057,,,,
32896,Riverside - Rubidoux,2023-06-19 17:00:00+00:00,33.999449,-117.415831,,0.0009,,0.0040999999999999,,,,
32896,Riverside - Rubidoux,2023-06-19 18:00:00+00:00,33.999449,-117.415831,,0.0007,,0.004,,,,
32896,Riverside - Rubidoux,2023-06-19 19:00:00+00:00,33.999449,-117.415831,,0.0007,,0.0046,,,,
32896,Riverside - Rubidoux,2023-06-19 20:00:00+00:00,33.999449,-117.415831,,0.0004,,0.0037,,,,
32896,Riverside - Rubidoux,2023-06-19 21:00:00+00:00,33.999449,-117.415831,,0.0003,,0.0032,,,,
32896,Riverside - Rubidoux,2023-06-19 22:00:00+00:00,33.999449,-117.415831,,0.0004,,0.0036,,,,
32896,Riverside - Rubidoux,2023-06-19 23:00:00+00:00,33.999449,-117.415831,,0.0004,,0.004,,,,
32896,Riverside - Rubidoux,2023-06-20 00:00:00+00:00,33.999449,-117.415831,,0.0004,,0.0043,,,,
32896,Riverside - Rubidoux,2023-06-20 01:00:00+00:00,33.999449,-117.415831,,0.0002,,0.0035,,,,
32896,Riverside - Rubidoux,2023-06-20 02:00:00+00:00,33.999449,-117.415831,,0.0,,0.0033,,,,
32896,Riverside - Rubidoux,2023-06-20 03:00:00+00:00,33.999449,-117.415831,,0.0,,0.0034,,,,
32896,Riverside - Rubidoux,2023-06-20 04:00:00+00:00,33.999449,-117.415831,,0.0,,0.0037,,,,
32896,Riverside - Rubidoux,2023-06-20 05:00:00+00:00,33.999449,-117.415831,,0.0,,0.004,,,,
32896,Riverside - Rubidoux,2023-06-20 06:00:00+00:00,33.999449,-117.415831,,0.0,,0.0037,,,,
32896,Riverside - Rubidoux,2023-06-20 07:00:00+00:00,33.999449,-117.415831,,0.0,,0.0044,,,,
32896,Riverside - Rubidoux,2023-06-20 08:00:00+00:00,33.999449,-117.415831,,0.0001,,0.0049,,,,
32896,Riverside - Rubidoux,2023-06-20 09:00:00+00:00,33.999449,-117.415831,,0.0,,0.0048,,,,
32896,Riverside - Rubidoux,2023-06-20 10:00:00+00:00,33.999449,-117.415831,,0.0001,,0.0055,,,,
32896,Riverside - Rubidoux,2023-06-20 11:00:00+00:00,33.999449,-117.415831,,0.0002,,0.01,,,,
32896,Riverside - Rubidoux,2023-06-20 12:00:00+00:00,33.999449,-117.415831,,0.0001,,0.0077,,,,
32896,Riverside - Rubidoux,2023-06-20 13:00:00+00:00,33.999449,-117.415831,,0.0006,,0.0077,,,,
32896,Riverside - Rubidoux,2023-06-20 14:00:00+00:00,33.999449,-117.415831,,0.0004,,0.0067,,,,
32896,Riverside - Rubidoux,2023-06-20 15:00:00+00:00,33.999449,-117.415831,,0.0006,,0.0053,,,,
32896,Riverside - Rubidoux,2023-06-20 16:00:00+00:00,33.999449,-117.415831,,0.0018,,0.0081999999999999,,,,
32896,Riverside - Rubidoux,2023-06-20 17:00:00+00:00,33.999449,-117.415831,,0.0012,,0.0064,,,,
32896,Riverside - Rubidoux,2023-06-20 18:00:00+00:00,33.999449,-117.415831,,0.0007,,0.0052,,,,
32896,Riverside - Rubidoux,2023-06-20 19:00:00+00:00,33.999449,-117.415831,,0.0004,,0.0047,,,,
32896,Riverside - Rubidoux,2023-06-20 20:00:00+00:00,33.999449,-117.415831,,0.0001,,0.0035,,,,
32896,Riverside - Rubidoux,2023-06-20 21:00:00+00:00,33.999449,-117.415831,,0.0,,0.0033,,,,
32896,Riverside - Rubidoux,2023-06-20 22:00:00+00:00,33.999449,-117.415831,,0.0002,,0.0037,,,,
32896,Riverside - Rubidoux,2023-06-20 23:00:00+00:00,33.999449,-117.415831,,0.0001,,0.0039,,,,
32896,Riverside - Rubidoux,2023-06-21 00:00:00+00:00,33.999449,-117.415831,,0.0,,0.0042,,,,
32896,Riverside - Rubidoux,2023-06-21 01:00:00+00:00,33.999449,-117.415831,,0.0001,,0.0047,,,,
32896,Riverside - Rubidoux,2023-06-21 02:00:00+00:00,33.999449,-117.415831,,0.0,,0.0049,,,,
32896,Riverside - Rubidoux,2023-06-21 03:00:00+00:00,33.999449,-117.415831,,0.0,,0.0048,,,,
32896,Riverside - Rubidoux,2023-06-21 04:00:00+00:00,33.999449,-117.415831,,-0.0001,,0.0064,,,,
32896,Riverside - Rubidoux,2023-06-21 05:00:00+00:00,33.999449,-117.415831,,0.0,,0.0066,,,,
32896,Riverside - Rubidoux,2023-06-21 06:00:00+00:00,33.999449,-117.415831,,0.0,,0.0063,,,,
32896,Riverside - Rubidoux,2023-06-21 07:00:00+00:00,33.999449,-117.415831,,0.0,,0.0081999999999999,,,,
32896,Riverside - Rubidoux,2023-06-21 08:00:00+00:00,33.999449,-117.415831,,0.0,,0.0083,,,,
32896,Riverside - Rubidoux,2023-06-21 09:00:00+00:00,33.999449,-117.415831,,0.0016,,0.0243,,,,
32896,Riverside - Rubidoux,2023-06-21 10:00:00+00:00,33.999449,-117.415831,,0.0007,,0.0202,,,,
32896,Riverside - Rubidoux,2023-06-21 11:00:00+00:00,33.999449,-117.415831,,0.0002,,0.0112,,,,
32896,Riverside - Rubidoux,2023-06-21 12:00:00+00:00,33.999449,-117.415831,,0.011,,0.0325,,,,
32896,Riverside - Rubidoux,2023-06-21 13:00:00+00:00,33.999449,-117.415831,,0.0304,,0.0581,,,,
32896,Riverside - Rubidoux,2023-06-21 14:00:00+00:00,33.999449,-117.415831,,0.0366,,0.0582,,,,
32896,Riverside - Rubidoux,2023-06-21 15:00:00+00:00,33.999449,-117.415831,,0.0305,,0.0574,,,,
